id,fecha,modulo,descripcion,rol_usuario,sede,caracteristica_iso,rnf_relacionado,justificacion
1001,2025-01-01,Portal Citas,Usuario no logra agendar tras 2 intentos,Paciente,Quito,Satisfacción,RNF-02 (Pasos del Portal),"Incapacidad del usuario de lograr su meta tras múltiples intentos, violando el RNF-02 y provocando un alto nivel de frustración."
1002,2025-01-02,HCE,Orden medica no se sincroniza con el modulo de farmacia,Medico,Guayaquil,Efectividad,Integración Funcional,Error de integración funcional que impide la sincronización y actualización del registro médico entre módulos del HIS.
1003,2025-01-03,Portal Citas,Doble reserva de un mismo cupo por dos pacientes distintos,Paciente,Cuenca,Libertad de Riesgo,RNF-03 (Errores de Facturación),"Doble agendamiento de un mismo cupo que genera sobreventa de citas, colapso de agenda de especialistas y multas o insatisfacción comercial."
1004,2025-01-04,HCE,Signos vitales registrados por enfermeria no aparecen en la HCE del medico,Medico,Ambato,Efectividad,Integración de Datos,Falla de funcionalidad en el módulo HCE que impide al usuario completar sus tareas de manera precisa y completa.
1005,2025-01-05,Portal Citas,Tiempo de espera en el portal supera los 18s en horas pico,Paciente,Manta,Eficiencia,Eficiencia Operativa,"El sistema presenta tiempos de respuesta elevados que consumen recursos de tiempo innecesarios, degradando la eficiencia del usuario en sus tareas."
1006,2025-01-06,HCE,Firma electronica del medico no se valida al cerrar la consulta,Medico,Quito,Efectividad,Funcionalidad,Falla de funcionalidad en el módulo HCE que impide al usuario completar sus tareas de manera precisa y completa.
1007,2025-01-07,Telemedicina,El medico no puede compartir pantalla con resultados de examenes,Paciente,Guayaquil,Efectividad,Funcionalidad,Falla de funcionalidad en el módulo Telemedicina que impide al usuario completar sus tareas de manera precisa y completa.
1008,2025-01-08,Telemedicina,La sesion se cierra automaticamente antes de terminar la consulta,Paciente,Cuenca,Efectividad,Funcionalidad,Falla de funcionalidad en el módulo Telemedicina que impide al usuario completar sus tareas de manera precisa y completa.
1009,2025-01-09,Imagenologia,El informe radiologico no se adjunta automaticamente a la HCE,Radiologo,Ambato,Efectividad,Funcionalidad,Falla de funcionalidad en el módulo Imagenologia que impide al usuario completar sus tareas de manera precisa y completa.
1010,2025-01-10,Portal Citas,Cancelacion de cita no libera el cupo en el calendario,Paciente,Manta,Efectividad,Funcionalidad,Falla de funcionalidad en el módulo Portal Citas que impide al usuario completar sus tareas de manera precisa y completa.
1011,2025-01-11,Reportes Gerenciales,Discrepancia entre el reporte financiero y el modulo de facturacion,Gerencia,Quito,Libertad de Riesgo,RNF-03 (Errores de Facturación),"Discrepancia contable entre reportes directivos y facturación real, afectando las decisiones del negocio y la integridad de las auditorías."
1012,2025-01-12,Portal Citas,El pago del bono de consulta no se refleja tras completarlo,Paciente,Guayaquil,Libertad de Riesgo,RNF-03 (Errores de Facturación),Inconsistencia financiera en los cobros o transacciones del sistema que infringe las normativas contables y expone al hospital a pérdidas económicas.
1013,2025-01-13,Telemedicina,Audio desincronizado durante la teleconsulta,Paciente,Cuenca,Satisfacción,RNF-05 (Disponibilidad de llamada),Mala experiencia sensorial e interactiva durante la teleconsulta que impacta el RNF-05 y la percepción de calidad del servicio.
1014,2025-01-14,HCE,Receta electronica se genera con la dosis incorrecta tras guardar,Medico,Ambato,Libertad de Riesgo,Seguridad Clínica,"Riesgo extremo de salud para el paciente al guardar dosis farmacológicas erróneas en la receta electrónica, pudiendo causar sobredosis o inefectividad clínica."
1015,2025-01-15,Laboratorio,Retraso de 14s en la disponibilidad de resultados criticos,Tecnico Laboratorio,Manta,Eficiencia,Eficiencia Operativa,"El sistema presenta tiempos de respuesta elevados que consumen recursos de tiempo innecesarios, degradando la eficiencia del usuario en sus tareas."
1016,2025-01-16,HCE,Historial de alergias no carga al abrir la ficha del paciente,Medico,Quito,Libertad de Riesgo,Seguridad Clínica,"Falla crítica que expone la seguridad del paciente al omitir información vital de alergias, con un alto riesgo de shock anafiláctico o mala praxis."
1017,2025-01-17,Portal Citas,Filtro de especialidad medica no devuelve resultados,Paciente,Guayaquil,Efectividad,Funcionalidad,Falla de funcionalidad en el módulo Portal Citas que impide al usuario completar sus tareas de manera precisa y completa.
1018,2025-01-18,Laboratorio,El sistema no permite adjuntar el reporte en PDF del laboratorio externo,Tecnico Laboratorio,Cuenca,Efectividad,Funcionalidad,Restricción de funcionalidad que impide al usuario realizar una acción requerida para completar su tarea.
1019,2025-01-19,Laboratorio,Orden de laboratorio duplicada tras reintentar el envio,Tecnico Laboratorio,Ambato,Efectividad,Funcionalidad,Falla de funcionalidad en el módulo Laboratorio que impide al usuario completar sus tareas de manera precisa y completa.
1020,2025-01-20,HCE,Datos de otro paciente visibles brevemente al abrir un expediente,Medico,Manta,Libertad de Riesgo,Seguridad Clínica,"Fuga de información y violación de la confidencialidad médica (HIPAA/Ley de Protección de Datos), exponiendo datos de otros pacientes."
1021,2025-01-21,HCE,Perdida de la nota de evolucion tras un cierre inesperado de sesion,Medico,Quito,Efectividad,Funcionalidad,Falla de funcionalidad en el módulo HCE que impide al usuario completar sus tareas de manera precisa y completa.
1022,2025-01-22,Imagenologia,Perdida de calidad en las imagenes al ser visualizadas desde la app,Radiologo,Guayaquil,Satisfacción,Usabilidad,Degradación visual que afecta la comodidad y confianza de los médicos al visualizar estudios clínicos desde la app móvil.
1023,2025-01-23,HCE,El sistema se congela al adjuntar resultados de laboratorio a la HCE,Medico,Cuenca,Efectividad,Funcionalidad,Falla de funcionalidad en el módulo HCE que impide al usuario completar sus tareas de manera precisa y completa.
1024,2025-01-24,HCE,Signos vitales registrados por enfermeria no aparecen en la HCE del medico,Medico,Ambato,Efectividad,Integración de Datos,Falla de funcionalidad en el módulo HCE que impide al usuario completar sus tareas de manera precisa y completa.
1025,2025-01-25,Imagenologia,El informe radiologico no se adjunta automaticamente a la HCE,Radiologo,Manta,Efectividad,Funcionalidad,Falla de funcionalidad en el módulo Imagenologia que impide al usuario completar sus tareas de manera precisa y completa.
1026,2025-01-26,Portal Citas,Filtro de especialidad medica no devuelve resultados,Paciente,Quito,Efectividad,Funcionalidad,Falla de funcionalidad en el módulo Portal Citas que impide al usuario completar sus tareas de manera precisa y completa.
1027,2025-01-27,Reportes Gerenciales,El reporte de ocupacion hospitalaria no se actualiza automaticamente,Gerencia,Guayaquil,Efectividad,Funcionalidad,Inconsistencia en la actualización de datos que impide la visualización correcta de información operativa reciente.
1028,2025-01-28,Farmacia,Alerta de vencimiento de lote no se muestra en el modulo,Farmacia,Cuenca,Libertad de Riesgo,Seguridad Clínica,Omitir la alerta de vencimiento de lotes farmacéuticos puede llevar a la administración de medicamentos caducados a los pacientes.
1029,2025-01-29,Portal Citas,Error al reagendar una cita previamente confirmada,Paciente,Ambato,Efectividad,Funcionalidad,Falla de funcionalidad en el módulo Portal Citas que impide al usuario completar sus tareas de manera precisa y completa.
1030,2025-01-30,Facturacion,Factura generada con el nombre del paciente incorrecto,Admision,Manta,Efectividad,Funcionalidad,Falla de funcionalidad en el módulo Facturacion que impide al usuario completar sus tareas de manera precisa y completa.
1031,2025-01-31,Telemedicina,La sesion se cierra automaticamente antes de terminar la consulta,Paciente,Quito,Efectividad,Funcionalidad,Falla de funcionalidad en el módulo Telemedicina que impide al usuario completar sus tareas de manera precisa y completa.
1032,2025-02-01,Facturacion,Reintento de transaccion genera doble cobro en la tarjeta,Admision,Guayaquil,Libertad de Riesgo,RNF-03 (Errores de Facturación),"Violación del requerimiento no funcional RNF-03 de facturación; genera cobros indebidos en las tarjetas del cliente, comprometiendo la confianza y el riesgo financiero."
1033,2025-02-02,Farmacia,El sistema bloquea la dispensacion sin mostrar el motivo,Farmacia,Cuenca,Satisfacción,Usabilidad,La falta de mensajes informativos claros y feedback del sistema incrementa la incertidumbre y frustración del operario farmacéutico.
1034,2025-02-03,HCE,Orden medica no se sincroniza con el modulo de farmacia,Medico,Ambato,Efectividad,Integración Funcional,Error de integración funcional que impide la sincronización y actualización del registro médico entre módulos del HIS.
1035,2025-02-04,App Movil,Consumo elevado de datos moviles al abrir el modulo de citas,Paciente,Manta,Cobertura de Contexto,Portabilidad,"Consumo excesivo de ancho de banda móvil, lo que restringe el uso eficiente del sistema en redes celulares de datos (fuera de la intranet del hospital)."
1036,2025-02-05,HCE,Consulta anterior no se muestra en el resumen de antecedentes,Medico,Quito,Efectividad,Funcionalidad,Falla de funcionalidad en el módulo HCE que impide al usuario completar sus tareas de manera precisa y completa.
1037,2025-02-06,Facturacion,Reembolso aprobado no se refleja en el estado de cuenta,Admision,Guayaquil,Libertad de Riesgo,RNF-03 (Errores de Facturación),"Fallas en la aplicación de notas de crédito o reembolsos que distorsionan los estados de cuenta, arriesgando multas tributarias e inconformidad legal."
1038,2025-02-07,Farmacia,Alerta de vencimiento de lote no se muestra en el modulo,Farmacia,Cuenca,Libertad de Riesgo,Seguridad Clínica,Omitir la alerta de vencimiento de lotes farmacéuticos puede llevar a la administración de medicamentos caducados a los pacientes.
1039,2025-02-08,Telemedicina,El chat de la consulta no permite enviar imagenes,Paciente,Ambato,Efectividad,Funcionalidad,Restricción de funcionalidad que impide al usuario realizar una acción requerida para completar su tarea.
1040,2025-02-09,HCE,Consulta anterior no se muestra en el resumen de antecedentes,Medico,Manta,Efectividad,Funcionalidad,Falla de funcionalidad en el módulo HCE que impide al usuario completar sus tareas de manera precisa y completa.
1041,2025-02-10,Facturacion,Factura generada con el nombre del paciente incorrecto,Admision,Quito,Efectividad,Funcionalidad,Falla de funcionalidad en el módulo Facturacion que impide al usuario completar sus tareas de manera precisa y completa.
1042,2025-02-11,Portal Citas,El sistema no envia la confirmacion por correo electronico,Paciente,Guayaquil,Efectividad,Funcionalidad,Falla funcional que impide completar la tarea de confirmación de cita al paciente por canal de correo electrónico.
1043,2025-02-12,App Movil,Consumo elevado de datos moviles al abrir el modulo de citas,Paciente,Cuenca,Cobertura de Contexto,Portabilidad,"Consumo excesivo de ancho de banda móvil, lo que restringe el uso eficiente del sistema en redes celulares de datos (fuera de la intranet del hospital)."
1044,2025-02-13,App Movil,El inicio de sesion con biometria falla de forma intermitente,Paciente,Ambato,Satisfacción,Usabilidad,La inestabilidad en el inicio biométrico genera frustración y reduce la confianza y comodidad del usuario al acceder al aplicativo móvil.
1045,2025-02-14,HCE,Signos vitales registrados por enfermeria no aparecen en la HCE del medico,Medico,Manta,Efectividad,Integración de Datos,Falla de funcionalidad en el módulo HCE que impide al usuario completar sus tareas de manera precisa y completa.
1046,2025-02-15,HCE,El sistema se congela al adjuntar resultados de laboratorio a la HCE,Medico,Quito,Efectividad,Funcionalidad,Falla de funcionalidad en el módulo HCE que impide al usuario completar sus tareas de manera precisa y completa.
1047,2025-02-16,Facturacion,Error de calculo en el copago del seguro medico,Admision,Guayaquil,Libertad de Riesgo,RNF-03 (Errores de Facturación),"Errores en el cálculo del copago de seguros o discrepancias de montos facturados, induciendo a pérdidas financieras o reclamaciones legales."
1048,2025-02-17,Portal Citas,Sesion expira antes de finalizar el proceso de agendamiento,Paciente,Cuenca,Satisfacción,Usabilidad,"Mala experiencia de usuario que interrumpe de forma prematura el proceso de compra/agendamiento, forzando a repetir pasos."
1049,2025-02-18,Facturacion,Discrepancia entre el monto facturado y el detalle de servicios,Admision,Ambato,Libertad de Riesgo,RNF-03 (Errores de Facturación),"Errores en el cálculo del copago de seguros o discrepancias de montos facturados, induciendo a pérdidas financieras o reclamaciones legales."
1050,2025-02-19,Farmacia,Receta electronica llega incompleta desde el modulo de HCE,Farmacia,Manta,Efectividad,Funcionalidad,Falla de funcionalidad en el módulo Farmacia que impide al usuario completar sus tareas de manera precisa y completa.
1051,2025-02-20,HCE,Receta electronica se genera con la dosis incorrecta tras guardar,Medico,Quito,Libertad de Riesgo,Seguridad Clínica,"Riesgo extremo de salud para el paciente al guardar dosis farmacológicas erróneas en la receta electrónica, pudiendo causar sobredosis o inefectividad clínica."
1052,2025-02-21,HCE,Alerta de interaccion medicamentosa no se despliega correctamente,Medico,Guayaquil,Libertad de Riesgo,Seguridad Clínica,El fallo en el despliegue de alertas de interacción farmacológica pone en riesgo inminente la salud del paciente ante combinaciones letales.
1053,2025-02-22,Telemedicina,El chat de la consulta no permite enviar imagenes,Paciente,Cuenca,Efectividad,Funcionalidad,Restricción de funcionalidad que impide al usuario realizar una acción requerida para completar su tarea.
1054,2025-02-23,Portal Citas,Notificacion de recordatorio de cita llega con la fecha incorrecta,Paciente,Ambato,Efectividad,Funcionalidad,Falla de funcionalidad en el módulo Portal Citas que impide al usuario completar sus tareas de manera precisa y completa.
1055,2025-02-24,Reportes Gerenciales,Discrepancia entre el reporte financiero y el modulo de facturacion,Gerencia,Manta,Libertad de Riesgo,RNF-03 (Errores de Facturación),"Discrepancia contable entre reportes directivos y facturación real, afectando las decisiones del negocio y la integridad de las auditorías."
1056,2025-02-25,Farmacia,Tiempo de respuesta del modulo de farmacia supera los 31s,Farmacia,Quito,Eficiencia,Eficiencia Operativa,"El sistema presenta tiempos de respuesta elevados que consumen recursos de tiempo innecesarios, degradando la eficiencia del usuario en sus tareas."
1057,2025-02-26,Portal Citas,"Formulario confuso, abandono de registro antes de completar la cita",Paciente,Guayaquil,Satisfacción,RNF-02 (Pasos del Portal),"Diseño de interfaz de usuario confuso que provoca el abandono del registro, afectando la métrica de satisfacción y facilidad de uso percibida."
1058,2025-02-27,Reportes Gerenciales,El reporte de ocupacion hospitalaria no se actualiza automaticamente,Gerencia,Cuenca,Efectividad,Funcionalidad,Inconsistencia en la actualización de datos que impide la visualización correcta de información operativa reciente.
1059,2025-02-28,Portal Citas,Tiempo de espera en el portal supera los 21s en horas pico,Paciente,Ambato,Eficiencia,Eficiencia Operativa,"El sistema presenta tiempos de respuesta elevados que consumen recursos de tiempo innecesarios, degradando la eficiencia del usuario en sus tareas."
1060,2025-03-01,Facturacion,Error de calculo en el copago del seguro medico,Admision,Manta,Libertad de Riesgo,RNF-03 (Errores de Facturación),"Errores en el cálculo del copago de seguros o discrepancias de montos facturados, induciendo a pérdidas financieras o reclamaciones legales."
1061,2025-03-02,Portal Citas,Usuario no logra agendar tras 2 intentos,Paciente,Quito,Satisfacción,RNF-02 (Pasos del Portal),"Incapacidad del usuario de lograr su meta tras múltiples intentos, violando el RNF-02 y provocando un alto nivel de frustración."
1062,2025-03-03,HCE,Tiempo de carga de la ficha clinica supera los 23s en horas pico,Medico,Guayaquil,Eficiencia,Eficiencia Operativa,La latencia en horas pico para abrir la ficha clínica perjudica la productividad del médico durante la consulta.
1063,2025-03-04,Portal Citas,Error al reagendar una cita previamente confirmada,Paciente,Cuenca,Efectividad,Funcionalidad,Falla de funcionalidad en el módulo Portal Citas que impide al usuario completar sus tareas de manera precisa y completa.
1064,2025-03-05,Farmacia,Error al registrar la dispensacion de un medicamento controlado,Farmacia,Ambato,Libertad de Riesgo,Seguridad Clínica,"Error en el registro de medicamentos regulados, lo que genera riesgos legales, regulatorios y de seguridad en el control de sustancias psicotrópicas."
1065,2025-03-06,Imagenologia,El informe radiologico no se adjunta automaticamente a la HCE,Radiologo,Manta,Efectividad,Funcionalidad,Falla de funcionalidad en el módulo Imagenologia que impide al usuario completar sus tareas de manera precisa y completa.
1066,2025-03-07,Telemedicina,Videollamada se corta a los 4 minutos,Paciente,Quito,Cobertura de Contexto,RNF-05 (Disponibilidad de llamada),"Falta de resiliencia del canal de comunicación ante variaciones en la conectividad del usuario, interrumpiendo la sesión de teleconsulta en producción."
1067,2025-03-08,HCE,Orden medica no se sincroniza con el modulo de farmacia,Medico,Guayaquil,Efectividad,Integración Funcional,Error de integración funcional que impide la sincronización y actualización del registro médico entre módulos del HIS.
1068,2025-03-09,App Movil,Version desactualizada del app impide iniciar sesion,Paciente,Cuenca,Cobertura de Contexto,Portabilidad,Incompatibilidad y falta de robustez del sistema cuando se ejecuta en el contexto de sistemas cliente que no cuentan con la última versión de software.
1069,2025-03-10,Reportes Gerenciales,Discrepancia entre el reporte financiero y el modulo de facturacion,Gerencia,Ambato,Libertad de Riesgo,RNF-03 (Errores de Facturación),"Discrepancia contable entre reportes directivos y facturación real, afectando las decisiones del negocio y la integridad de las auditorías."
1070,2025-03-11,App Movil,La app no permite actualizar el numero de contacto del paciente,Paciente,Manta,Efectividad,Funcionalidad,Restricción de funcionalidad que impide al usuario realizar una acción requerida para completar su tarea.
1071,2025-03-12,HCE,Receta electronica se genera con la dosis incorrecta tras guardar,Medico,Quito,Libertad de Riesgo,Seguridad Clínica,"Riesgo extremo de salud para el paciente al guardar dosis farmacológicas erróneas en la receta electrónica, pudiendo causar sobredosis o inefectividad clínica."
1072,2025-03-13,Farmacia,Alerta de vencimiento de lote no se muestra en el modulo,Farmacia,Guayaquil,Libertad de Riesgo,Seguridad Clínica,Omitir la alerta de vencimiento de lotes farmacéuticos puede llevar a la administración de medicamentos caducados a los pacientes.
1073,2025-03-14,Portal Citas,Sesion expira antes de finalizar el proceso de agendamiento,Paciente,Cuenca,Satisfacción,Usabilidad,"Mala experiencia de usuario que interrumpe de forma prematura el proceso de compra/agendamiento, forzando a repetir pasos."
1074,2025-03-15,Imagenologia,El informe radiologico no se adjunta automaticamente a la HCE,Radiologo,Ambato,Efectividad,Funcionalidad,Falla de funcionalidad en el módulo Imagenologia que impide al usuario completar sus tareas de manera precisa y completa.
1075,2025-03-16,HCE,Orden medica no se sincroniza con el modulo de farmacia,Medico,Manta,Efectividad,Integración Funcional,Error de integración funcional que impide la sincronización y actualización del registro médico entre módulos del HIS.
1076,2025-03-17,HCE,Signos vitales registrados por enfermeria no aparecen en la HCE del medico,Medico,Quito,Efectividad,Integración de Datos,Falla de funcionalidad en el módulo HCE que impide al usuario completar sus tareas de manera precisa y completa.
1077,2025-03-18,Portal Citas,Sesion expira antes de finalizar el proceso de agendamiento,Paciente,Guayaquil,Satisfacción,Usabilidad,"Mala experiencia de usuario que interrumpe de forma prematura el proceso de compra/agendamiento, forzando a repetir pasos."
1078,2025-03-19,Portal Citas,Filtro de especialidad medica no devuelve resultados,Paciente,Cuenca,Efectividad,Funcionalidad,Falla de funcionalidad en el módulo Portal Citas que impide al usuario completar sus tareas de manera precisa y completa.
1079,2025-03-20,Telemedicina,El medico no puede compartir pantalla con resultados de examenes,Paciente,Ambato,Efectividad,Funcionalidad,Falla de funcionalidad en el módulo Telemedicina que impide al usuario completar sus tareas de manera precisa y completa.
1080,2025-03-21,HCE,Signos vitales registrados por enfermeria no aparecen en la HCE del medico,Medico,Manta,Efectividad,Integración de Datos,Falla de funcionalidad en el módulo HCE que impide al usuario completar sus tareas de manera precisa y completa.
1081,2025-03-22,HCE,El campo de diagnostico CIE-10 no permite busqueda por texto,Medico,Quito,Efectividad,Funcionalidad,Restricción de funcionalidad que impide al usuario realizar una acción requerida para completar su tarea.
1082,2025-03-23,Telemedicina,Videollamada se corta a los 5 minutos,Paciente,Guayaquil,Cobertura de Contexto,RNF-05 (Disponibilidad de llamada),"Falta de resiliencia del canal de comunicación ante variaciones en la conectividad del usuario, interrumpiendo la sesión de teleconsulta en producción."
1083,2025-03-24,Farmacia,El sistema no descuenta automaticamente el medicamento dispensado,Farmacia,Cuenca,Efectividad,Funcionalidad,Falla de funcionalidad en el módulo Farmacia que impide al usuario completar sus tareas de manera precisa y completa.
1084,2025-03-25,App Movil,Resultados de examenes no se visualizan en formato PDF,Paciente,Ambato,Efectividad,Funcionalidad,Falla de funcionalidad en el módulo App Movil que impide al usuario completar sus tareas de manera precisa y completa.
1085,2025-03-26,Reportes Gerenciales,El dashboard de indicadores no refleja los datos del ultimo cierre,Gerencia,Manta,Efectividad,Funcionalidad,Inconsistencia en la actualización de datos que impide la visualización correcta de información operativa reciente.
1086,2025-03-27,Farmacia,Alerta de vencimiento de lote no se muestra en el modulo,Farmacia,Quito,Libertad de Riesgo,Seguridad Clínica,Omitir la alerta de vencimiento de lotes farmacéuticos puede llevar a la administración de medicamentos caducados a los pacientes.
1087,2025-03-28,Farmacia,Alerta de vencimiento de lote no se muestra en el modulo,Farmacia,Guayaquil,Libertad de Riesgo,Seguridad Clínica,Omitir la alerta de vencimiento de lotes farmacéuticos puede llevar a la administración de medicamentos caducados a los pacientes.
1088,2025-03-29,Facturacion,Retraso de 18s al procesar el pago con tarjeta de credito,Admision,Cuenca,Eficiencia,Eficiencia Operativa,El procesamiento lento del cobro con tarjeta retrasa el flujo de caja y la atención administrativa de admisión.
1089,2025-03-30,Portal Citas,"Formulario confuso, abandono de registro antes de completar la cita",Paciente,Ambato,Satisfacción,RNF-02 (Pasos del Portal),"Diseño de interfaz de usuario confuso que provoca el abandono del registro, afectando la métrica de satisfacción y facilidad de uso percibida."
1090,2025-03-31,Imagenologia,Las imagenes de rayos X no cargan en el visor DICOM,Radiologo,Manta,Efectividad,Funcionalidad,Falla de funcionalidad en el módulo Imagenologia que impide al usuario completar sus tareas de manera precisa y completa.
1091,2025-04-01,HCE,El sistema se congela al adjuntar resultados de laboratorio a la HCE,Medico,Quito,Efectividad,Funcionalidad,Falla de funcionalidad en el módulo HCE que impide al usuario completar sus tareas de manera precisa y completa.
1092,2025-04-02,Portal Citas,Tiempo de espera en el portal supera los 12s en horas pico,Paciente,Guayaquil,Eficiencia,Eficiencia Operativa,"El sistema presenta tiempos de respuesta elevados que consumen recursos de tiempo innecesarios, degradando la eficiencia del usuario en sus tareas."
1093,2025-04-03,HCE,Datos de otro paciente visibles brevemente al abrir un expediente,Medico,Cuenca,Libertad de Riesgo,Seguridad Clínica,"Fuga de información y violación de la confidencialidad médica (HIPAA/Ley de Protección de Datos), exponiendo datos de otros pacientes."
1094,2025-04-04,Facturacion,El modulo de facturacion se cae durante el cierre de caja,Admision,Ambato,Efectividad,Funcionalidad,Falla de funcionalidad en el módulo Facturacion que impide al usuario completar sus tareas de manera precisa y completa.
1095,2025-04-05,HCE,Consulta anterior no se muestra en el resumen de antecedentes,Medico,Manta,Efectividad,Funcionalidad,Falla de funcionalidad en el módulo HCE que impide al usuario completar sus tareas de manera precisa y completa.
1096,2025-04-06,HCE,Alerta de interaccion medicamentosa no se despliega correctamente,Medico,Quito,Libertad de Riesgo,Seguridad Clínica,El fallo en el despliegue de alertas de interacción farmacológica pone en riesgo inminente la salud del paciente ante combinaciones letales.
1097,2025-04-07,HCE,Signos vitales registrados por enfermeria no aparecen en la HCE del medico,Medico,Guayaquil,Efectividad,Integración de Datos,Falla de funcionalidad en el módulo HCE que impide al usuario completar sus tareas de manera precisa y completa.
1098,2025-04-08,Farmacia,Inventario del sistema no coincide con el stock fisico del insumo,Farmacia,Cuenca,Efectividad,Funcionalidad,Falla de funcionalidad en el módulo Farmacia que impide al usuario completar sus tareas de manera precisa y completa.
1099,2025-04-09,Portal Citas,El sistema no envia la confirmacion por correo electronico,Paciente,Ambato,Efectividad,Funcionalidad,Falla funcional que impide completar la tarea de confirmación de cita al paciente por canal de correo electrónico.
1100,2025-04-10,App Movil,Version desactualizada del app impide iniciar sesion,Paciente,Manta,Cobertura de Contexto,Portabilidad,Incompatibilidad y falta de robustez del sistema cuando se ejecuta en el contexto de sistemas cliente que no cuentan con la última versión de software.
1101,2025-04-11,HCE,Consulta anterior no se muestra en el resumen de antecedentes,Medico,Quito,Efectividad,Funcionalidad,Falla de funcionalidad en el módulo HCE que impide al usuario completar sus tareas de manera precisa y completa.
1102,2025-04-12,Facturacion,El modulo de facturacion se cae durante el cierre de caja,Admision,Guayaquil,Efectividad,Funcionalidad,Falla de funcionalidad en el módulo Facturacion que impide al usuario completar sus tareas de manera precisa y completa.
1103,2025-04-13,Portal Citas,El portal muestra disponibilidad para un horario ya ocupado,Paciente,Cuenca,Efectividad,Funcionalidad,Falla de funcionalidad en el módulo Portal Citas que impide al usuario completar sus tareas de manera precisa y completa.
1104,2025-04-14,Telemedicina,El chat de la consulta no permite enviar imagenes,Paciente,Ambato,Efectividad,Funcionalidad,Restricción de funcionalidad que impide al usuario realizar una acción requerida para completar su tarea.
1105,2025-04-15,Laboratorio,Retraso de 33s en la disponibilidad de resultados criticos,Tecnico Laboratorio,Manta,Eficiencia,Eficiencia Operativa,"El sistema presenta tiempos de respuesta elevados que consumen recursos de tiempo innecesarios, degradando la eficiencia del usuario en sus tareas."
1106,2025-04-16,Portal Citas,Cita agendada no aparece reflejada en el calendario del especialista,Paciente,Quito,Efectividad,Funcionalidad,Falla de funcionalidad en el módulo Portal Citas que impide al usuario completar sus tareas de manera precisa y completa.
1107,2025-04-17,Portal Citas,El pago del bono de consulta no se refleja tras completarlo,Paciente,Guayaquil,Libertad de Riesgo,RNF-03 (Errores de Facturación),Inconsistencia financiera en los cobros o transacciones del sistema que infringe las normativas contables y expone al hospital a pérdidas económicas.
1108,2025-04-18,Portal Citas,El sistema no envia la confirmacion por correo electronico,Paciente,Cuenca,Efectividad,Funcionalidad,Falla funcional que impide completar la tarea de confirmación de cita al paciente por canal de correo electrónico.
1109,2025-04-19,Telemedicina,El medico no puede compartir pantalla con resultados de examenes,Paciente,Ambato,Efectividad,Funcionalidad,Falla de funcionalidad en el módulo Telemedicina que impide al usuario completar sus tareas de manera precisa y completa.
1110,2025-04-20,Laboratorio,Retraso de 18s en la disponibilidad de resultados criticos,Tecnico Laboratorio,Manta,Eficiencia,Eficiencia Operativa,"El sistema presenta tiempos de respuesta elevados que consumen recursos de tiempo innecesarios, degradando la eficiencia del usuario en sus tareas."
1111,2025-04-21,HCE,Alerta de interaccion medicamentosa no se despliega correctamente,Medico,Quito,Libertad de Riesgo,Seguridad Clínica,El fallo en el despliegue de alertas de interacción farmacológica pone en riesgo inminente la salud del paciente ante combinaciones letales.
1112,2025-04-22,HCE,Alerta de interaccion medicamentosa no se despliega correctamente,Medico,Guayaquil,Libertad de Riesgo,Seguridad Clínica,El fallo en el despliegue de alertas de interacción farmacológica pone en riesgo inminente la salud del paciente ante combinaciones letales.
1113,2025-04-23,App Movil,Notificaciones push no llegan pese a estar activadas,Paciente,Cuenca,Efectividad,Funcionalidad,Falla de funcionalidad en el módulo App Movil que impide al usuario completar sus tareas de manera precisa y completa.
1114,2025-04-24,App Movil,Resultados de examenes no se visualizan en formato PDF,Paciente,Ambato,Efectividad,Funcionalidad,Falla de funcionalidad en el módulo App Movil que impide al usuario completar sus tareas de manera precisa y completa.
1115,2025-04-25,Imagenologia,Perdida de calidad en las imagenes al ser visualizadas desde la app,Radiologo,Manta,Satisfacción,Usabilidad,Degradación visual que afecta la comodidad y confianza de los médicos al visualizar estudios clínicos desde la app móvil.
1116,2025-04-26,Portal Citas,El portal muestra disponibilidad para un horario ya ocupado,Paciente,Quito,Efectividad,Funcionalidad,Falla de funcionalidad en el módulo Portal Citas que impide al usuario completar sus tareas de manera precisa y completa.
1117,2025-04-27,Portal Citas,El sistema no envia la confirmacion por correo electronico,Paciente,Guayaquil,Efectividad,Funcionalidad,Falla funcional que impide completar la tarea de confirmación de cita al paciente por canal de correo electrónico.
1118,2025-04-28,HCE,El campo de diagnostico CIE-10 no permite busqueda por texto,Medico,Cuenca,Efectividad,Funcionalidad,Restricción de funcionalidad que impide al usuario realizar una acción requerida para completar su tarea.
1119,2025-04-29,HCE,Orden medica no se sincroniza con el modulo de farmacia,Medico,Ambato,Efectividad,Integración Funcional,Error de integración funcional que impide la sincronización y actualización del registro médico entre módulos del HIS.
1120,2025-04-30,Facturacion,Nota de credito no se aplica al saldo pendiente del paciente,Admision,Manta,Libertad de Riesgo,RNF-03 (Errores de Facturación),"Fallas en la aplicación de notas de crédito o reembolsos que distorsionan los estados de cuenta, arriesgando multas tributarias e inconformidad legal."
1121,2025-05-01,App Movil,Resultados de examenes no se visualizan en formato PDF,Paciente,Quito,Efectividad,Funcionalidad,Falla de funcionalidad en el módulo App Movil que impide al usuario completar sus tareas de manera precisa y completa.
1122,2025-05-02,HCE,Alerta de interaccion medicamentosa no se despliega correctamente,Medico,Guayaquil,Libertad de Riesgo,Seguridad Clínica,El fallo en el despliegue de alertas de interacción farmacológica pone en riesgo inminente la salud del paciente ante combinaciones letales.
1123,2025-05-03,Facturacion,Discrepancia entre el monto facturado y el detalle de servicios,Admision,Cuenca,Libertad de Riesgo,RNF-03 (Errores de Facturación),"Errores en el cálculo del copago de seguros o discrepancias de montos facturados, induciendo a pérdidas financieras o reclamaciones legales."
1124,2025-05-04,Imagenologia,Las imagenes de rayos X no cargan en el visor DICOM,Radiologo,Ambato,Efectividad,Funcionalidad,Falla de funcionalidad en el módulo Imagenologia que impide al usuario completar sus tareas de manera precisa y completa.
1125,2025-05-05,HCE,Datos de otro paciente visibles brevemente al abrir un expediente,Medico,Manta,Libertad de Riesgo,Seguridad Clínica,"Fuga de información y violación de la confidencialidad médica (HIPAA/Ley de Protección de Datos), exponiendo datos de otros pacientes."
1126,2025-05-06,Farmacia,El sistema bloquea la dispensacion sin mostrar el motivo,Farmacia,Quito,Satisfacción,Usabilidad,La falta de mensajes informativos claros y feedback del sistema incrementa la incertidumbre y frustración del operario farmacéutico.
1127,2025-05-07,Imagenologia,Perdida de calidad en las imagenes al ser visualizadas desde la app,Radiologo,Guayaquil,Satisfacción,Usabilidad,Degradación visual que afecta la comodidad y confianza de los médicos al visualizar estudios clínicos desde la app móvil.
1128,2025-05-08,HCE,El sistema se congela al adjuntar resultados de laboratorio a la HCE,Medico,Cuenca,Efectividad,Funcionalidad,Falla de funcionalidad en el módulo HCE que impide al usuario completar sus tareas de manera precisa y completa.
1129,2025-05-09,Facturacion,Reintento de transaccion genera doble cobro en la tarjeta,Admision,Ambato,Libertad de Riesgo,RNF-03 (Errores de Facturación),"Violación del requerimiento no funcional RNF-03 de facturación; genera cobros indebidos en las tarjetas del cliente, comprometiendo la confianza y el riesgo financiero."
1130,2025-05-10,Farmacia,Tiempo de respuesta del modulo de farmacia supera los 19s,Farmacia,Manta,Eficiencia,Eficiencia Operativa,"El sistema presenta tiempos de respuesta elevados que consumen recursos de tiempo innecesarios, degradando la eficiencia del usuario en sus tareas."
1131,2025-05-11,Farmacia,Duplicidad de codigos entre dos presentaciones distintas de un mismo farmaco,Farmacia,Quito,Libertad de Riesgo,Seguridad Clínica,"La duplicación de códigos de fármacos introduce un riesgo de dispensación errónea en farmacia, comprometiendo la seguridad terapéutica del paciente."
1132,2025-05-12,Farmacia,Tiempo de respuesta del modulo de farmacia supera los 34s,Farmacia,Guayaquil,Eficiencia,Eficiencia Operativa,"El sistema presenta tiempos de respuesta elevados que consumen recursos de tiempo innecesarios, degradando la eficiencia del usuario en sus tareas."
1133,2025-05-13,Portal Citas,El sistema no envia la confirmacion por correo electronico,Paciente,Cuenca,Efectividad,Funcionalidad,Falla funcional que impide completar la tarea de confirmación de cita al paciente por canal de correo electrónico.
1134,2025-05-14,Imagenologia,Tiempo de carga de estudios de imagen supera los 18s,Radiologo,Ambato,Eficiencia,Eficiencia Operativa,La lentitud en la carga y transferencia de archivos DICOM pesados degrada la eficiencia del flujo de trabajo clínico en imagenología.
1135,2025-05-15,Farmacia,Receta electronica llega incompleta desde el modulo de HCE,Farmacia,Manta,Efectividad,Funcionalidad,Falla de funcionalidad en el módulo Farmacia que impide al usuario completar sus tareas de manera precisa y completa.
1136,2025-05-16,Imagenologia,Perdida de calidad en las imagenes al ser visualizadas desde la app,Radiologo,Quito,Satisfacción,Usabilidad,Degradación visual que afecta la comodidad y confianza de los médicos al visualizar estudios clínicos desde la app móvil.
1137,2025-05-17,HCE,Consulta anterior no se muestra en el resumen de antecedentes,Medico,Guayaquil,Efectividad,Funcionalidad,Falla de funcionalidad en el módulo HCE que impide al usuario completar sus tareas de manera precisa y completa.
1138,2025-05-18,Portal Citas,Boton de confirmar cita no responde en dispositivos moviles,Paciente,Cuenca,Cobertura de Contexto,Portabilidad,"Falla de adaptabilidad de la interfaz en el contexto de dispositivos móviles, impidiendo confirmar citas desde pantallas de formatos pequeños."
1139,2025-05-19,Portal Citas,"Formulario confuso, abandono de registro antes de completar la cita",Paciente,Ambato,Satisfacción,RNF-02 (Pasos del Portal),"Diseño de interfaz de usuario confuso que provoca el abandono del registro, afectando la métrica de satisfacción y facilidad de uso percibida."
1140,2025-05-20,Facturacion,Error de calculo en el copago del seguro medico,Admision,Manta,Libertad de Riesgo,RNF-03 (Errores de Facturación),"Errores en el cálculo del copago de seguros o discrepancias de montos facturados, induciendo a pérdidas financieras o reclamaciones legales."
1141,2025-05-21,HCE,El sistema no permite adjuntar imagenes de heridas desde la tablet,Medico,Quito,Cobertura de Contexto,Flexibilidad de Dispositivo,El sistema presenta limitaciones de portabilidad y compatibilidad al operar en el contexto físico específico de tablets para adjuntar imágenes de heridas.
1142,2025-05-22,HCE,Receta electronica se genera con la dosis incorrecta tras guardar,Medico,Guayaquil,Libertad de Riesgo,Seguridad Clínica,"Riesgo extremo de salud para el paciente al guardar dosis farmacológicas erróneas en la receta electrónica, pudiendo causar sobredosis o inefectividad clínica."
1143,2025-05-23,App Movil,La app no permite actualizar el numero de contacto del paciente,Paciente,Cuenca,Efectividad,Funcionalidad,Restricción de funcionalidad que impide al usuario realizar una acción requerida para completar su tarea.
1144,2025-05-24,Portal Citas,El portal muestra disponibilidad para un horario ya ocupado,Paciente,Ambato,Efectividad,Funcionalidad,Falla de funcionalidad en el módulo Portal Citas que impide al usuario completar sus tareas de manera precisa y completa.
1145,2025-05-25,Portal Citas,El pago del bono de consulta no se refleja tras completarlo,Paciente,Manta,Libertad de Riesgo,RNF-03 (Errores de Facturación),Inconsistencia financiera en los cobros o transacciones del sistema que infringe las normativas contables y expone al hospital a pérdidas económicas.
1146,2025-05-26,Portal Citas,El portal muestra disponibilidad para un horario ya ocupado,Paciente,Quito,Efectividad,Funcionalidad,Falla de funcionalidad en el módulo Portal Citas que impide al usuario completar sus tareas de manera precisa y completa.
1147,2025-05-27,Reportes Gerenciales,Discrepancia entre el reporte financiero y el modulo de facturacion,Gerencia,Guayaquil,Libertad de Riesgo,RNF-03 (Errores de Facturación),"Discrepancia contable entre reportes directivos y facturación real, afectando las decisiones del negocio y la integridad de las auditorías."
1148,2025-05-28,Laboratorio,Orden de laboratorio duplicada tras reintentar el envio,Tecnico Laboratorio,Cuenca,Efectividad,Funcionalidad,Falla de funcionalidad en el módulo Laboratorio que impide al usuario completar sus tareas de manera precisa y completa.
1149,2025-05-29,Facturacion,Reintento de transaccion genera doble cobro en la tarjeta,Admision,Ambato,Libertad de Riesgo,RNF-03 (Errores de Facturación),"Violación del requerimiento no funcional RNF-03 de facturación; genera cobros indebidos en las tarjetas del cliente, comprometiendo la confianza y el riesgo financiero."
1150,2025-05-30,Telemedicina,Calidad de video muy baja pese a tener buena conexion a internet,Paciente,Manta,Satisfacción,RNF-05 (Disponibilidad de llamada),Mala experiencia sensorial e interactiva durante la teleconsulta que impacta el RNF-05 y la percepción de calidad del servicio.
1151,2025-05-31,HCE,El sistema no permite adjuntar imagenes de heridas desde la tablet,Medico,Quito,Cobertura de Contexto,Flexibilidad de Dispositivo,El sistema presenta limitaciones de portabilidad y compatibilidad al operar en el contexto físico específico de tablets para adjuntar imágenes de heridas.
1152,2025-06-01,App Movil,El inicio de sesion con biometria falla de forma intermitente,Paciente,Guayaquil,Satisfacción,Usabilidad,La inestabilidad en el inicio biométrico genera frustración y reduce la confianza y comodidad del usuario al acceder al aplicativo móvil.
1153,2025-06-02,HCE,El sistema se congela al adjuntar resultados de laboratorio a la HCE,Medico,Cuenca,Efectividad,Funcionalidad,Falla de funcionalidad en el módulo HCE que impide al usuario completar sus tareas de manera precisa y completa.
1154,2025-06-03,Telemedicina,Audio desincronizado durante la teleconsulta,Paciente,Ambato,Satisfacción,RNF-05 (Disponibilidad de llamada),Mala experiencia sensorial e interactiva durante la teleconsulta que impacta el RNF-05 y la percepción de calidad del servicio.
1155,2025-06-04,Portal Citas,Doble reserva de un mismo cupo por dos pacientes distintos,Paciente,Manta,Libertad de Riesgo,RNF-03 (Errores de Facturación),"Doble agendamiento de un mismo cupo que genera sobreventa de citas, colapso de agenda de especialistas y multas o insatisfacción comercial."
1156,2025-06-05,Laboratorio,El sistema no permite adjuntar el reporte en PDF del laboratorio externo,Tecnico Laboratorio,Quito,Efectividad,Funcionalidad,Restricción de funcionalidad que impide al usuario realizar una acción requerida para completar su tarea.
1157,2025-06-06,HCE,Datos de otro paciente visibles brevemente al abrir un expediente,Medico,Guayaquil,Libertad de Riesgo,Seguridad Clínica,"Fuga de información y violación de la confidencialidad médica (HIPAA/Ley de Protección de Datos), exponiendo datos de otros pacientes."
1158,2025-06-07,Portal Citas,Cita agendada no aparece reflejada en el calendario del especialista,Paciente,Cuenca,Efectividad,Funcionalidad,Falla de funcionalidad en el módulo Portal Citas que impide al usuario completar sus tareas de manera precisa y completa.
1159,2025-06-08,Facturacion,El sistema no permite anular una factura emitida por error,Admision,Ambato,Efectividad,Funcionalidad,Restricción de funcionalidad que impide al usuario realizar una acción requerida para completar su tarea.
1160,2025-06-09,HCE,Firma electronica del medico no se valida al cerrar la consulta,Medico,Manta,Efectividad,Funcionalidad,Falla de funcionalidad en el módulo HCE que impide al usuario completar sus tareas de manera precisa y completa.
1161,2025-06-10,Portal Citas,Tiempo de espera en el portal supera los 24s en horas pico,Paciente,Quito,Eficiencia,Eficiencia Operativa,"El sistema presenta tiempos de respuesta elevados que consumen recursos de tiempo innecesarios, degradando la eficiencia del usuario en sus tareas."
1162,2025-06-11,HCE,El sistema no permite adjuntar imagenes de heridas desde la tablet,Medico,Guayaquil,Cobertura de Contexto,Flexibilidad de Dispositivo,El sistema presenta limitaciones de portabilidad y compatibilidad al operar en el contexto físico específico de tablets para adjuntar imágenes de heridas.
1163,2025-06-12,Telemedicina,El chat de la consulta no permite enviar imagenes,Paciente,Cuenca,Efectividad,Funcionalidad,Restricción de funcionalidad que impide al usuario realizar una acción requerida para completar su tarea.
1164,2025-06-13,Imagenologia,Las imagenes de rayos X no cargan en el visor DICOM,Radiologo,Ambato,Efectividad,Funcionalidad,Falla de funcionalidad en el módulo Imagenologia que impide al usuario completar sus tareas de manera precisa y completa.
1165,2025-06-14,HCE,Perdida de la nota de evolucion tras un cierre inesperado de sesion,Medico,Manta,Efectividad,Funcionalidad,Falla de funcionalidad en el módulo HCE que impide al usuario completar sus tareas de manera precisa y completa.
1166,2025-06-15,Facturacion,Reintento de transaccion genera doble cobro en la tarjeta,Admision,Quito,Libertad de Riesgo,RNF-03 (Errores de Facturación),"Violación del requerimiento no funcional RNF-03 de facturación; genera cobros indebidos en las tarjetas del cliente, comprometiendo la confianza y el riesgo financiero."
1167,2025-06-16,Telemedicina,El chat de la consulta no permite enviar imagenes,Paciente,Guayaquil,Efectividad,Funcionalidad,Restricción de funcionalidad que impide al usuario realizar una acción requerida para completar su tarea.
1168,2025-06-17,Reportes Gerenciales,Tiempo de generacion del reporte mensual supera los 35 minutos,Gerencia,Cuenca,Eficiencia,Eficiencia Operativa,"Demoras severas en la generación de reportes mensuales de inteligencia de negocio, penalizando la eficiencia en el tiempo de procesamiento y toma de decisiones."
1169,2025-06-18,App Movil,El inicio de sesion con biometria falla de forma intermitente,Paciente,Ambato,Satisfacción,Usabilidad,La inestabilidad en el inicio biométrico genera frustración y reduce la confianza y comodidad del usuario al acceder al aplicativo móvil.
1170,2025-06-19,HCE,Receta electronica se genera con la dosis incorrecta tras guardar,Medico,Manta,Libertad de Riesgo,Seguridad Clínica,"Riesgo extremo de salud para el paciente al guardar dosis farmacológicas erróneas en la receta electrónica, pudiendo causar sobredosis o inefectividad clínica."
1171,2025-06-20,HCE,Firma electronica del medico no se valida al cerrar la consulta,Medico,Quito,Efectividad,Funcionalidad,Falla de funcionalidad en el módulo HCE que impide al usuario completar sus tareas de manera precisa y completa.
1172,2025-06-21,Laboratorio,Resultado de examen de laboratorio no se sincroniza con la HCE,Tecnico Laboratorio,Guayaquil,Efectividad,Integración de Datos,Error de integración funcional que impide la sincronización y actualización del registro médico entre módulos del HIS.
1173,2025-06-22,Reportes Gerenciales,Discrepancia entre el reporte financiero y el modulo de facturacion,Gerencia,Cuenca,Libertad de Riesgo,RNF-03 (Errores de Facturación),"Discrepancia contable entre reportes directivos y facturación real, afectando las decisiones del negocio y la integridad de las auditorías."
1174,2025-06-23,Telemedicina,Grabacion de la consulta no se almacena correctamente,Paciente,Ambato,Efectividad,Funcionalidad,Falla de funcionalidad en el módulo Telemedicina que impide al usuario completar sus tareas de manera precisa y completa.
1175,2025-06-24,HCE,Historial de alergias no carga al abrir la ficha del paciente,Medico,Manta,Libertad de Riesgo,Seguridad Clínica,"Falla crítica que expone la seguridad del paciente al omitir información vital de alergias, con un alto riesgo de shock anafiláctico o mala praxis."
1176,2025-06-25,HCE,Receta electronica se genera con la dosis incorrecta tras guardar,Medico,Quito,Libertad de Riesgo,Seguridad Clínica,"Riesgo extremo de salud para el paciente al guardar dosis farmacológicas erróneas en la receta electrónica, pudiendo causar sobredosis o inefectividad clínica."
1177,2025-06-26,Laboratorio,El sistema no permite adjuntar el reporte en PDF del laboratorio externo,Tecnico Laboratorio,Guayaquil,Efectividad,Funcionalidad,Restricción de funcionalidad que impide al usuario realizar una acción requerida para completar su tarea.
1178,2025-06-27,HCE,Duplicado de historia clinica al registrar un paciente ya existente,Medico,Cuenca,Libertad de Riesgo,Seguridad Clínica,"Riesgo de seguridad clínica debido a la fragmentación de la información de salud del paciente, lo que puede inducir a diagnósticos y tratamientos erróneos."
1179,2025-06-28,Telemedicina,Calidad de video muy baja pese a tener buena conexion a internet,Paciente,Ambato,Satisfacción,RNF-05 (Disponibilidad de llamada),Mala experiencia sensorial e interactiva durante la teleconsulta que impacta el RNF-05 y la percepción de calidad del servicio.
1180,2025-06-29,Telemedicina,Audio desincronizado durante la teleconsulta,Paciente,Manta,Satisfacción,RNF-05 (Disponibilidad de llamada),Mala experiencia sensorial e interactiva durante la teleconsulta que impacta el RNF-05 y la percepción de calidad del servicio.
1181,2025-06-30,Telemedicina,El medico no puede compartir pantalla con resultados de examenes,Paciente,Quito,Efectividad,Funcionalidad,Falla de funcionalidad en el módulo Telemedicina que impide al usuario completar sus tareas de manera precisa y completa.
1182,2025-07-01,Imagenologia,Las imagenes de rayos X no cargan en el visor DICOM,Radiologo,Guayaquil,Efectividad,Funcionalidad,Falla de funcionalidad en el módulo Imagenologia que impide al usuario completar sus tareas de manera precisa y completa.
1183,2025-07-02,Telemedicina,Calidad de video muy baja pese a tener buena conexion a internet,Paciente,Cuenca,Satisfacción,RNF-05 (Disponibilidad de llamada),Mala experiencia sensorial e interactiva durante la teleconsulta que impacta el RNF-05 y la percepción de calidad del servicio.
1184,2025-07-03,HCE,Nota de evolucion tarda 18s en guardarse,Medico,Ambato,Eficiencia,RNF-01 (Latencia HCE),"El tiempo de guardado supera los 8 segundos tolerables, violando directamente el requerimiento no funcional RNF-01 de rendimiento del sistema para notas clínicas."
1185,2025-07-04,Facturacion,Reintento de transaccion genera doble cobro en la tarjeta,Admision,Manta,Libertad de Riesgo,RNF-03 (Errores de Facturación),"Violación del requerimiento no funcional RNF-03 de facturación; genera cobros indebidos en las tarjetas del cliente, comprometiendo la confianza y el riesgo financiero."
1186,2025-07-05,Telemedicina,Videollamada se corta a los 3 minutos,Paciente,Quito,Cobertura de Contexto,RNF-05 (Disponibilidad de llamada),"Falta de resiliencia del canal de comunicación ante variaciones en la conectividad del usuario, interrumpiendo la sesión de teleconsulta en producción."
1187,2025-07-06,Facturacion,Retraso de 21s al procesar el pago con tarjeta de credito,Admision,Guayaquil,Eficiencia,Eficiencia Operativa,El procesamiento lento del cobro con tarjeta retrasa el flujo de caja y la atención administrativa de admisión.
1188,2025-07-07,Imagenologia,Tiempo de carga de estudios de imagen supera los 28s,Radiologo,Cuenca,Eficiencia,Eficiencia Operativa,La lentitud en la carga y transferencia de archivos DICOM pesados degrada la eficiencia del flujo de trabajo clínico en imagenología.
1189,2025-07-08,Farmacia,Inventario del sistema no coincide con el stock fisico del insumo,Farmacia,Ambato,Efectividad,Funcionalidad,Falla de funcionalidad en el módulo Farmacia que impide al usuario completar sus tareas de manera precisa y completa.
1190,2025-07-09,HCE,Nota de evolucion tarda 9s en guardarse,Medico,Manta,Eficiencia,RNF-01 (Latencia HCE),"El tiempo de guardado supera los 8 segundos tolerables, violando directamente el requerimiento no funcional RNF-01 de rendimiento del sistema para notas clínicas."
1191,2025-07-10,Facturacion,Factura generada con el nombre del paciente incorrecto,Admision,Quito,Efectividad,Funcionalidad,Falla de funcionalidad en el módulo Facturacion que impide al usuario completar sus tareas de manera precisa y completa.
1192,2025-07-11,HCE,Receta electronica se genera con la dosis incorrecta tras guardar,Medico,Guayaquil,Libertad de Riesgo,Seguridad Clínica,"Riesgo extremo de salud para el paciente al guardar dosis farmacológicas erróneas en la receta electrónica, pudiendo causar sobredosis o inefectividad clínica."
1193,2025-07-12,Farmacia,Duplicidad de codigos entre dos presentaciones distintas de un mismo farmaco,Farmacia,Cuenca,Libertad de Riesgo,Seguridad Clínica,"La duplicación de códigos de fármacos introduce un riesgo de dispensación errónea en farmacia, comprometiendo la seguridad terapéutica del paciente."
1194,2025-07-13,Facturacion,Reintento de transaccion genera doble cobro en la tarjeta,Admision,Ambato,Libertad de Riesgo,RNF-03 (Errores de Facturación),"Violación del requerimiento no funcional RNF-03 de facturación; genera cobros indebidos en las tarjetas del cliente, comprometiendo la confianza y el riesgo financiero."
1195,2025-07-14,HCE,Historial de alergias no carga al abrir la ficha del paciente,Medico,Manta,Libertad de Riesgo,Seguridad Clínica,"Falla crítica que expone la seguridad del paciente al omitir información vital de alergias, con un alto riesgo de shock anafiláctico o mala praxis."
1196,2025-07-15,Reportes Gerenciales,Discrepancia entre el reporte financiero y el modulo de facturacion,Gerencia,Quito,Libertad de Riesgo,RNF-03 (Errores de Facturación),"Discrepancia contable entre reportes directivos y facturación real, afectando las decisiones del negocio y la integridad de las auditorías."
1197,2025-07-16,HCE,Orden medica no se sincroniza con el modulo de farmacia,Medico,Guayaquil,Efectividad,Integración Funcional,Error de integración funcional que impide la sincronización y actualización del registro médico entre módulos del HIS.
1198,2025-07-17,HCE,Orden medica no se sincroniza con el modulo de farmacia,Medico,Cuenca,Efectividad,Integración Funcional,Error de integración funcional que impide la sincronización y actualización del registro médico entre módulos del HIS.
1199,2025-07-18,App Movil,La aplicacion se cierra inesperadamente al abrir resultados de laboratorio,Paciente,Ambato,Efectividad,Funcionalidad,"Interrupción abrupta del sistema que impide que el usuario termine el registro de datos, reduciendo la efectividad operativa."
1200,2025-07-19,Telemedicina,La sesion se cierra automaticamente antes de terminar la consulta,Paciente,Manta,Efectividad,Funcionalidad,Falla de funcionalidad en el módulo Telemedicina que impide al usuario completar sus tareas de manera precisa y completa.
1201,2025-07-20,HCE,Signos vitales registrados por enfermeria no aparecen en la HCE del medico,Medico,Quito,Efectividad,Integración de Datos,Falla de funcionalidad en el módulo HCE que impide al usuario completar sus tareas de manera precisa y completa.
1202,2025-07-21,Farmacia,Inventario del sistema no coincide con el stock fisico del insumo,Farmacia,Guayaquil,Efectividad,Funcionalidad,Falla de funcionalidad en el módulo Farmacia que impide al usuario completar sus tareas de manera precisa y completa.
1203,2025-07-22,HCE,Tiempo de carga de la ficha clinica supera los 33s en horas pico,Medico,Cuenca,Eficiencia,Eficiencia Operativa,La latencia en horas pico para abrir la ficha clínica perjudica la productividad del médico durante la consulta.
1204,2025-07-23,HCE,Nota de evolucion tarda 34s en guardarse,Medico,Ambato,Eficiencia,RNF-01 (Latencia HCE),"El tiempo de guardado supera los 8 segundos tolerables, violando directamente el requerimiento no funcional RNF-01 de rendimiento del sistema para notas clínicas."
1205,2025-07-24,HCE,Datos de otro paciente visibles brevemente al abrir un expediente,Medico,Manta,Libertad de Riesgo,Seguridad Clínica,"Fuga de información y violación de la confidencialidad médica (HIPAA/Ley de Protección de Datos), exponiendo datos de otros pacientes."
1206,2025-07-25,HCE,Historial de alergias no carga al abrir la ficha del paciente,Medico,Quito,Libertad de Riesgo,Seguridad Clínica,"Falla crítica que expone la seguridad del paciente al omitir información vital de alergias, con un alto riesgo de shock anafiláctico o mala praxis."
1207,2025-07-26,Imagenologia,Tiempo de carga de estudios de imagen supera los 33s,Radiologo,Guayaquil,Eficiencia,Eficiencia Operativa,La lentitud en la carga y transferencia de archivos DICOM pesados degrada la eficiencia del flujo de trabajo clínico en imagenología.
1208,2025-07-27,Facturacion,Factura duplicada al reintentar pago,Admision,Cuenca,Libertad de Riesgo,RNF-03 (Errores de Facturación),"Violación del requerimiento no funcional RNF-03 de facturación; genera cobros indebidos en las tarjetas del cliente, comprometiendo la confianza y el riesgo financiero."
1209,2025-07-28,Facturacion,Reembolso aprobado no se refleja en el estado de cuenta,Admision,Ambato,Libertad de Riesgo,RNF-03 (Errores de Facturación),"Fallas en la aplicación de notas de crédito o reembolsos que distorsionan los estados de cuenta, arriesgando multas tributarias e inconformidad legal."
1210,2025-07-29,HCE,Historial de alergias no carga al abrir la ficha del paciente,Medico,Manta,Libertad de Riesgo,Seguridad Clínica,"Falla crítica que expone la seguridad del paciente al omitir información vital de alergias, con un alto riesgo de shock anafiláctico o mala praxis."
1211,2025-07-30,Facturacion,Factura duplicada al reintentar pago,Admision,Quito,Libertad de Riesgo,RNF-03 (Errores de Facturación),"Violación del requerimiento no funcional RNF-03 de facturación; genera cobros indebidos en las tarjetas del cliente, comprometiendo la confianza y el riesgo financiero."
1212,2025-07-31,HCE,Signos vitales registrados por enfermeria no aparecen en la HCE del medico,Medico,Guayaquil,Efectividad,Integración de Datos,Falla de funcionalidad en el módulo HCE que impide al usuario completar sus tareas de manera precisa y completa.
1213,2025-08-01,Portal Citas,El portal muestra disponibilidad para un horario ya ocupado,Paciente,Cuenca,Efectividad,Funcionalidad,Falla de funcionalidad en el módulo Portal Citas que impide al usuario completar sus tareas de manera precisa y completa.
1214,2025-08-02,HCE,El sistema no permite adjuntar imagenes de heridas desde la tablet,Medico,Ambato,Cobertura de Contexto,Flexibilidad de Dispositivo,El sistema presenta limitaciones de portabilidad y compatibilidad al operar en el contexto físico específico de tablets para adjuntar imágenes de heridas.
1215,2025-08-03,Portal Citas,Cancelacion de cita no libera el cupo en el calendario,Paciente,Manta,Efectividad,Funcionalidad,Falla de funcionalidad en el módulo Portal Citas que impide al usuario completar sus tareas de manera precisa y completa.
1216,2025-08-04,HCE,El campo de diagnostico CIE-10 no permite busqueda por texto,Medico,Quito,Efectividad,Funcionalidad,Restricción de funcionalidad que impide al usuario realizar una acción requerida para completar su tarea.
1217,2025-08-05,HCE,Signos vitales registrados por enfermeria no aparecen en la HCE del medico,Medico,Guayaquil,Efectividad,Integración de Datos,Falla de funcionalidad en el módulo HCE que impide al usuario completar sus tareas de manera precisa y completa.
1218,2025-08-06,Portal Citas,Filtro de especialidad medica no devuelve resultados,Paciente,Cuenca,Efectividad,Funcionalidad,Falla de funcionalidad en el módulo Portal Citas que impide al usuario completar sus tareas de manera precisa y completa.
1219,2025-08-07,Facturacion,El sistema no reconoce el convenio con la aseguradora,Admision,Ambato,Libertad de Riesgo,RNF-03 (Errores de Facturación),El no reconocimiento de convenios de aseguradoras genera fricción de cobro y riesgo de pérdidas económicas por servicios no cubiertos correctamente.
1220,2025-08-08,Laboratorio,El sistema no permite adjuntar el reporte en PDF del laboratorio externo,Tecnico Laboratorio,Manta,Efectividad,Funcionalidad,Restricción de funcionalidad que impide al usuario realizar una acción requerida para completar su tarea.
1221,2025-08-09,HCE,El sistema no permite adjuntar imagenes de heridas desde la tablet,Medico,Quito,Cobertura de Contexto,Flexibilidad de Dispositivo,El sistema presenta limitaciones de portabilidad y compatibilidad al operar en el contexto físico específico de tablets para adjuntar imágenes de heridas.
1222,2025-08-10,Portal Citas,El portal muestra disponibilidad para un horario ya ocupado,Paciente,Guayaquil,Efectividad,Funcionalidad,Falla de funcionalidad en el módulo Portal Citas que impide al usuario completar sus tareas de manera precisa y completa.
1223,2025-08-11,HCE,Datos de otro paciente visibles brevemente al abrir un expediente,Medico,Cuenca,Libertad de Riesgo,Seguridad Clínica,"Fuga de información y violación de la confidencialidad médica (HIPAA/Ley de Protección de Datos), exponiendo datos de otros pacientes."
1224,2025-08-12,Farmacia,El sistema no descuenta automaticamente el medicamento dispensado,Farmacia,Ambato,Efectividad,Funcionalidad,Falla de funcionalidad en el módulo Farmacia que impide al usuario completar sus tareas de manera precisa y completa.
1225,2025-08-13,Laboratorio,Retraso de 31s en la disponibilidad de resultados criticos,Tecnico Laboratorio,Manta,Eficiencia,Eficiencia Operativa,"El sistema presenta tiempos de respuesta elevados que consumen recursos de tiempo innecesarios, degradando la eficiencia del usuario en sus tareas."
1226,2025-08-14,Facturacion,El sistema no reconoce el convenio con la aseguradora,Admision,Quito,Libertad de Riesgo,RNF-03 (Errores de Facturación),El no reconocimiento de convenios de aseguradoras genera fricción de cobro y riesgo de pérdidas económicas por servicios no cubiertos correctamente.
1227,2025-08-15,HCE,El campo de diagnostico CIE-10 no permite busqueda por texto,Medico,Guayaquil,Efectividad,Funcionalidad,Restricción de funcionalidad que impide al usuario realizar una acción requerida para completar su tarea.
1228,2025-08-16,Farmacia,El sistema no descuenta automaticamente el medicamento dispensado,Farmacia,Cuenca,Efectividad,Funcionalidad,Falla de funcionalidad en el módulo Farmacia que impide al usuario completar sus tareas de manera precisa y completa.
1229,2025-08-17,Portal Citas,El portal muestra disponibilidad para un horario ya ocupado,Paciente,Ambato,Efectividad,Funcionalidad,Falla de funcionalidad en el módulo Portal Citas que impide al usuario completar sus tareas de manera precisa y completa.
1230,2025-08-18,HCE,Nota de evolucion tarda 25s en guardarse,Medico,Manta,Eficiencia,RNF-01 (Latencia HCE),"El tiempo de guardado supera los 8 segundos tolerables, violando directamente el requerimiento no funcional RNF-01 de rendimiento del sistema para notas clínicas."
1231,2025-08-19,Telemedicina,Calidad de video muy baja pese a tener buena conexion a internet,Paciente,Quito,Satisfacción,RNF-05 (Disponibilidad de llamada),Mala experiencia sensorial e interactiva durante la teleconsulta que impacta el RNF-05 y la percepción de calidad del servicio.
1232,2025-08-20,Laboratorio,Codigo de barras de la muestra no es reconocido por el lector,Tecnico Laboratorio,Guayaquil,Efectividad,Funcionalidad,Falla de funcionalidad en el módulo Laboratorio que impide al usuario completar sus tareas de manera precisa y completa.
1233,2025-08-21,Facturacion,Discrepancia entre el monto facturado y el detalle de servicios,Admision,Cuenca,Libertad de Riesgo,RNF-03 (Errores de Facturación),"Errores en el cálculo del copago de seguros o discrepancias de montos facturados, induciendo a pérdidas financieras o reclamaciones legales."
1234,2025-08-22,Facturacion,El modulo de facturacion se cae durante el cierre de caja,Admision,Ambato,Efectividad,Funcionalidad,Falla de funcionalidad en el módulo Facturacion que impide al usuario completar sus tareas de manera precisa y completa.
1235,2025-08-23,HCE,Signos vitales registrados por enfermeria no aparecen en la HCE del medico,Medico,Manta,Efectividad,Integración de Datos,Falla de funcionalidad en el módulo HCE que impide al usuario completar sus tareas de manera precisa y completa.
1236,2025-08-24,Portal Citas,Usuario no logra agendar tras 2 intentos,Paciente,Quito,Satisfacción,RNF-02 (Pasos del Portal),"Incapacidad del usuario de lograr su meta tras múltiples intentos, violando el RNF-02 y provocando un alto nivel de frustración."
1237,2025-08-25,Telemedicina,Audio desincronizado durante la teleconsulta,Paciente,Guayaquil,Satisfacción,RNF-05 (Disponibilidad de llamada),Mala experiencia sensorial e interactiva durante la teleconsulta que impacta el RNF-05 y la percepción de calidad del servicio.
1238,2025-08-26,Imagenologia,Perdida de calidad en las imagenes al ser visualizadas desde la app,Radiologo,Cuenca,Satisfacción,Usabilidad,Degradación visual que afecta la comodidad y confianza de los médicos al visualizar estudios clínicos desde la app móvil.
1239,2025-08-27,HCE,Receta electronica se genera con la dosis incorrecta tras guardar,Medico,Ambato,Libertad de Riesgo,Seguridad Clínica,"Riesgo extremo de salud para el paciente al guardar dosis farmacológicas erróneas en la receta electrónica, pudiendo causar sobredosis o inefectividad clínica."
1240,2025-08-28,Facturacion,El sistema no reconoce el convenio con la aseguradora,Admision,Manta,Libertad de Riesgo,RNF-03 (Errores de Facturación),El no reconocimiento de convenios de aseguradoras genera fricción de cobro y riesgo de pérdidas económicas por servicios no cubiertos correctamente.
1241,2025-08-29,App Movil,La app no permite actualizar el numero de contacto del paciente,Paciente,Quito,Efectividad,Funcionalidad,Restricción de funcionalidad que impide al usuario realizar una acción requerida para completar su tarea.
1242,2025-08-30,Portal Citas,Doble reserva de un mismo cupo por dos pacientes distintos,Paciente,Guayaquil,Libertad de Riesgo,RNF-03 (Errores de Facturación),"Doble agendamiento de un mismo cupo que genera sobreventa de citas, colapso de agenda de especialistas y multas o insatisfacción comercial."
1243,2025-08-31,HCE,Consulta anterior no se muestra en el resumen de antecedentes,Medico,Cuenca,Efectividad,Funcionalidad,Falla de funcionalidad en el módulo HCE que impide al usuario completar sus tareas de manera precisa y completa.
1244,2025-09-01,Telemedicina,La sesion se cierra automaticamente antes de terminar la consulta,Paciente,Ambato,Efectividad,Funcionalidad,Falla de funcionalidad en el módulo Telemedicina que impide al usuario completar sus tareas de manera precisa y completa.
1245,2025-09-02,HCE,Nota de evolucion tarda 35s en guardarse,Medico,Manta,Eficiencia,RNF-01 (Latencia HCE),"El tiempo de guardado supera los 8 segundos tolerables, violando directamente el requerimiento no funcional RNF-01 de rendimiento del sistema para notas clínicas."
1246,2025-09-03,Laboratorio,El sistema no permite adjuntar el reporte en PDF del laboratorio externo,Tecnico Laboratorio,Quito,Efectividad,Funcionalidad,Restricción de funcionalidad que impide al usuario realizar una acción requerida para completar su tarea.
1247,2025-09-04,HCE,Historial de alergias no carga al abrir la ficha del paciente,Medico,Guayaquil,Libertad de Riesgo,Seguridad Clínica,"Falla crítica que expone la seguridad del paciente al omitir información vital de alergias, con un alto riesgo de shock anafiláctico o mala praxis."
1248,2025-09-05,App Movil,Consumo elevado de datos moviles al abrir el modulo de citas,Paciente,Cuenca,Cobertura de Contexto,Portabilidad,"Consumo excesivo de ancho de banda móvil, lo que restringe el uso eficiente del sistema en redes celulares de datos (fuera de la intranet del hospital)."
1249,2025-09-06,App Movil,Notificaciones push no llegan pese a estar activadas,Paciente,Ambato,Efectividad,Funcionalidad,Falla de funcionalidad en el módulo App Movil que impide al usuario completar sus tareas de manera precisa y completa.
1250,2025-09-07,Farmacia,Tiempo de respuesta del modulo de farmacia supera los 26s,Farmacia,Manta,Eficiencia,Eficiencia Operativa,"El sistema presenta tiempos de respuesta elevados que consumen recursos de tiempo innecesarios, degradando la eficiencia del usuario en sus tareas."
1251,2025-09-08,Portal Citas,Filtro de especialidad medica no devuelve resultados,Paciente,Quito,Efectividad,Funcionalidad,Falla de funcionalidad en el módulo Portal Citas que impide al usuario completar sus tareas de manera precisa y completa.
1252,2025-09-09,Facturacion,Factura generada con el nombre del paciente incorrecto,Admision,Guayaquil,Efectividad,Funcionalidad,Falla de funcionalidad en el módulo Facturacion que impide al usuario completar sus tareas de manera precisa y completa.
1253,2025-09-10,Telemedicina,Calidad de video muy baja pese a tener buena conexion a internet,Paciente,Cuenca,Satisfacción,RNF-05 (Disponibilidad de llamada),Mala experiencia sensorial e interactiva durante la teleconsulta que impacta el RNF-05 y la percepción de calidad del servicio.
1254,2025-09-11,Facturacion,Nota de credito no se aplica al saldo pendiente del paciente,Admision,Ambato,Libertad de Riesgo,RNF-03 (Errores de Facturación),"Fallas en la aplicación de notas de crédito o reembolsos que distorsionan los estados de cuenta, arriesgando multas tributarias e inconformidad legal."
1255,2025-09-12,HCE,Nota de evolucion tarda 28s en guardarse,Medico,Manta,Eficiencia,RNF-01 (Latencia HCE),"El tiempo de guardado supera los 8 segundos tolerables, violando directamente el requerimiento no funcional RNF-01 de rendimiento del sistema para notas clínicas."
1256,2025-09-13,Farmacia,El sistema no descuenta automaticamente el medicamento dispensado,Farmacia,Quito,Efectividad,Funcionalidad,Falla de funcionalidad en el módulo Farmacia que impide al usuario completar sus tareas de manera precisa y completa.
1257,2025-09-14,HCE,Perdida de la nota de evolucion tras un cierre inesperado de sesion,Medico,Guayaquil,Efectividad,Funcionalidad,Falla de funcionalidad en el módulo HCE que impide al usuario completar sus tareas de manera precisa y completa.
1258,2025-09-15,Portal Citas,El sistema no envia la confirmacion por correo electronico,Paciente,Cuenca,Efectividad,Funcionalidad,Falla funcional que impide completar la tarea de confirmación de cita al paciente por canal de correo electrónico.
1259,2025-09-16,HCE,Tiempo de carga de la ficha clinica supera los 21s en horas pico,Medico,Ambato,Eficiencia,Eficiencia Operativa,La latencia en horas pico para abrir la ficha clínica perjudica la productividad del médico durante la consulta.
1260,2025-09-17,Facturacion,Nota de credito no se aplica al saldo pendiente del paciente,Admision,Manta,Libertad de Riesgo,RNF-03 (Errores de Facturación),"Fallas en la aplicación de notas de crédito o reembolsos que distorsionan los estados de cuenta, arriesgando multas tributarias e inconformidad legal."
1261,2025-09-18,App Movil,La app no permite actualizar el numero de contacto del paciente,Paciente,Quito,Efectividad,Funcionalidad,Restricción de funcionalidad que impide al usuario realizar una acción requerida para completar su tarea.
1262,2025-09-19,HCE,Firma electronica del medico no se valida al cerrar la consulta,Medico,Guayaquil,Efectividad,Funcionalidad,Falla de funcionalidad en el módulo HCE que impide al usuario completar sus tareas de manera precisa y completa.
1263,2025-09-20,HCE,Nota de evolucion tarda 35s en guardarse,Medico,Cuenca,Eficiencia,RNF-01 (Latencia HCE),"El tiempo de guardado supera los 8 segundos tolerables, violando directamente el requerimiento no funcional RNF-01 de rendimiento del sistema para notas clínicas."
1264,2025-09-21,Telemedicina,El medico no puede compartir pantalla con resultados de examenes,Paciente,Ambato,Efectividad,Funcionalidad,Falla de funcionalidad en el módulo Telemedicina que impide al usuario completar sus tareas de manera precisa y completa.
1265,2025-09-22,Telemedicina,Notificacion de inicio de teleconsulta llega con retraso de 12s,Paciente,Manta,Eficiencia,Eficiencia Operativa,"El sistema presenta tiempos de respuesta elevados que consumen recursos de tiempo innecesarios, degradando la eficiencia del usuario en sus tareas."
1266,2025-09-23,HCE,El sistema se congela al adjuntar resultados de laboratorio a la HCE,Medico,Quito,Efectividad,Funcionalidad,Falla de funcionalidad en el módulo HCE que impide al usuario completar sus tareas de manera precisa y completa.
1267,2025-09-24,App Movil,El inicio de sesion con biometria falla de forma intermitente,Paciente,Guayaquil,Satisfacción,Usabilidad,La inestabilidad en el inicio biométrico genera frustración y reduce la confianza y comodidad del usuario al acceder al aplicativo móvil.
1268,2025-09-25,HCE,Firma electronica del medico no se valida al cerrar la consulta,Medico,Cuenca,Efectividad,Funcionalidad,Falla de funcionalidad en el módulo HCE que impide al usuario completar sus tareas de manera precisa y completa.
1269,2025-09-26,App Movil,Version desactualizada del app impide iniciar sesion,Paciente,Ambato,Cobertura de Contexto,Portabilidad,Incompatibilidad y falta de robustez del sistema cuando se ejecuta en el contexto de sistemas cliente que no cuentan con la última versión de software.
1270,2025-09-27,Telemedicina,La sesion se cierra automaticamente antes de terminar la consulta,Paciente,Manta,Efectividad,Funcionalidad,Falla de funcionalidad en el módulo Telemedicina que impide al usuario completar sus tareas de manera precisa y completa.
1271,2025-09-28,Facturacion,El modulo de facturacion se cae durante el cierre de caja,Admision,Quito,Efectividad,Funcionalidad,Falla de funcionalidad en el módulo Facturacion que impide al usuario completar sus tareas de manera precisa y completa.
1272,2025-09-29,Telemedicina,Audio desincronizado durante la teleconsulta,Paciente,Guayaquil,Satisfacción,RNF-05 (Disponibilidad de llamada),Mala experiencia sensorial e interactiva durante la teleconsulta que impacta el RNF-05 y la percepción de calidad del servicio.
1273,2025-09-30,Portal Citas,Cancelacion de cita no libera el cupo en el calendario,Paciente,Cuenca,Efectividad,Funcionalidad,Falla de funcionalidad en el módulo Portal Citas que impide al usuario completar sus tareas de manera precisa y completa.
1274,2025-10-01,App Movil,Notificaciones push no llegan pese a estar activadas,Paciente,Ambato,Efectividad,Funcionalidad,Falla de funcionalidad en el módulo App Movil que impide al usuario completar sus tareas de manera precisa y completa.
1275,2025-10-02,Farmacia,Error al registrar la dispensacion de un medicamento controlado,Farmacia,Manta,Libertad de Riesgo,Seguridad Clínica,"Error en el registro de medicamentos regulados, lo que genera riesgos legales, regulatorios y de seguridad en el control de sustancias psicotrópicas."
1276,2025-10-03,HCE,Receta electronica se genera con la dosis incorrecta tras guardar,Medico,Quito,Libertad de Riesgo,Seguridad Clínica,"Riesgo extremo de salud para el paciente al guardar dosis farmacológicas erróneas en la receta electrónica, pudiendo causar sobredosis o inefectividad clínica."
1277,2025-10-04,Portal Citas,Tiempo de espera en el portal supera los 28s en horas pico,Paciente,Guayaquil,Eficiencia,Eficiencia Operativa,"El sistema presenta tiempos de respuesta elevados que consumen recursos de tiempo innecesarios, degradando la eficiencia del usuario en sus tareas."
1278,2025-10-05,Portal Citas,Cita agendada no aparece reflejada en el calendario del especialista,Paciente,Cuenca,Efectividad,Funcionalidad,Falla de funcionalidad en el módulo Portal Citas que impide al usuario completar sus tareas de manera precisa y completa.
1279,2025-10-06,Portal Citas,Doble reserva de un mismo cupo por dos pacientes distintos,Paciente,Ambato,Libertad de Riesgo,RNF-03 (Errores de Facturación),"Doble agendamiento de un mismo cupo que genera sobreventa de citas, colapso de agenda de especialistas y multas o insatisfacción comercial."
1280,2025-10-07,Imagenologia,Las imagenes de rayos X no cargan en el visor DICOM,Radiologo,Manta,Efectividad,Funcionalidad,Falla de funcionalidad en el módulo Imagenologia que impide al usuario completar sus tareas de manera precisa y completa.
1281,2025-10-08,App Movil,Resultados de examenes no se visualizan en formato PDF,Paciente,Quito,Efectividad,Funcionalidad,Falla de funcionalidad en el módulo App Movil que impide al usuario completar sus tareas de manera precisa y completa.
1282,2025-10-09,Portal Citas,Error al reagendar una cita previamente confirmada,Paciente,Guayaquil,Efectividad,Funcionalidad,Falla de funcionalidad en el módulo Portal Citas que impide al usuario completar sus tareas de manera precisa y completa.
1283,2025-10-10,Portal Citas,Tiempo de espera en el portal supera los 18s en horas pico,Paciente,Cuenca,Eficiencia,Eficiencia Operativa,"El sistema presenta tiempos de respuesta elevados que consumen recursos de tiempo innecesarios, degradando la eficiencia del usuario en sus tareas."
1284,2025-10-11,App Movil,El boton de teleconsulta no redirige correctamente a la videollamada,Paciente,Ambato,Efectividad,Funcionalidad,Falla de funcionalidad en el módulo App Movil que impide al usuario completar sus tareas de manera precisa y completa.
1285,2025-10-12,Facturacion,Factura generada con el nombre del paciente incorrecto,Admision,Manta,Efectividad,Funcionalidad,Falla de funcionalidad en el módulo Facturacion que impide al usuario completar sus tareas de manera precisa y completa.
1286,2025-10-13,HCE,Orden medica no se sincroniza con el modulo de farmacia,Medico,Quito,Efectividad,Integración Funcional,Error de integración funcional que impide la sincronización y actualización del registro médico entre módulos del HIS.
1287,2025-10-14,App Movil,Consumo elevado de datos moviles al abrir el modulo de citas,Paciente,Guayaquil,Cobertura de Contexto,Portabilidad,"Consumo excesivo de ancho de banda móvil, lo que restringe el uso eficiente del sistema en redes celulares de datos (fuera de la intranet del hospital)."
1288,2025-10-15,Telemedicina,El medico no puede compartir pantalla con resultados de examenes,Paciente,Cuenca,Efectividad,Funcionalidad,Falla de funcionalidad en el módulo Telemedicina que impide al usuario completar sus tareas de manera precisa y completa.
1289,2025-10-16,Telemedicina,Audio desincronizado durante la teleconsulta,Paciente,Ambato,Satisfacción,RNF-05 (Disponibilidad de llamada),Mala experiencia sensorial e interactiva durante la teleconsulta que impacta el RNF-05 y la percepción de calidad del servicio.
1290,2025-10-17,Portal Citas,Sesion expira antes de finalizar el proceso de agendamiento,Paciente,Manta,Satisfacción,Usabilidad,"Mala experiencia de usuario que interrumpe de forma prematura el proceso de compra/agendamiento, forzando a repetir pasos."
1291,2025-10-18,Imagenologia,Las imagenes de rayos X no cargan en el visor DICOM,Radiologo,Quito,Efectividad,Funcionalidad,Falla de funcionalidad en el módulo Imagenologia que impide al usuario completar sus tareas de manera precisa y completa.
1292,2025-10-19,App Movil,La aplicacion se cierra inesperadamente al abrir resultados de laboratorio,Paciente,Guayaquil,Efectividad,Funcionalidad,"Interrupción abrupta del sistema que impide que el usuario termine el registro de datos, reduciendo la efectividad operativa."
1293,2025-10-20,Telemedicina,Grabacion de la consulta no se almacena correctamente,Paciente,Cuenca,Efectividad,Funcionalidad,Falla de funcionalidad en el módulo Telemedicina que impide al usuario completar sus tareas de manera precisa y completa.
1294,2025-10-21,HCE,Duplicado de historia clinica al registrar un paciente ya existente,Medico,Ambato,Libertad de Riesgo,Seguridad Clínica,"Riesgo de seguridad clínica debido a la fragmentación de la información de salud del paciente, lo que puede inducir a diagnósticos y tratamientos erróneos."
1295,2025-10-22,Portal Citas,Usuario no logra agendar tras 2 intentos,Paciente,Manta,Satisfacción,RNF-02 (Pasos del Portal),"Incapacidad del usuario de lograr su meta tras múltiples intentos, violando el RNF-02 y provocando un alto nivel de frustración."
1296,2025-10-23,Portal Citas,Tiempo de espera en el portal supera los 28s en horas pico,Paciente,Quito,Eficiencia,Eficiencia Operativa,"El sistema presenta tiempos de respuesta elevados que consumen recursos de tiempo innecesarios, degradando la eficiencia del usuario en sus tareas."
1297,2025-10-24,Portal Citas,"Formulario confuso, abandono de registro antes de completar la cita",Paciente,Guayaquil,Satisfacción,RNF-02 (Pasos del Portal),"Diseño de interfaz de usuario confuso que provoca el abandono del registro, afectando la métrica de satisfacción y facilidad de uso percibida."
1298,2025-10-25,HCE,Receta electronica se genera con la dosis incorrecta tras guardar,Medico,Cuenca,Libertad de Riesgo,Seguridad Clínica,"Riesgo extremo de salud para el paciente al guardar dosis farmacológicas erróneas en la receta electrónica, pudiendo causar sobredosis o inefectividad clínica."
1299,2025-10-26,App Movil,Resultados de examenes no se visualizan en formato PDF,Paciente,Ambato,Efectividad,Funcionalidad,Falla de funcionalidad en el módulo App Movil que impide al usuario completar sus tareas de manera precisa y completa.
1300,2025-10-27,Imagenologia,Las imagenes de rayos X no cargan en el visor DICOM,Radiologo,Manta,Efectividad,Funcionalidad,Falla de funcionalidad en el módulo Imagenologia que impide al usuario completar sus tareas de manera precisa y completa.
1301,2025-10-28,Farmacia,Alerta de vencimiento de lote no se muestra en el modulo,Farmacia,Quito,Libertad de Riesgo,Seguridad Clínica,Omitir la alerta de vencimiento de lotes farmacéuticos puede llevar a la administración de medicamentos caducados a los pacientes.
1302,2025-10-29,Imagenologia,Perdida de calidad en las imagenes al ser visualizadas desde la app,Radiologo,Guayaquil,Satisfacción,Usabilidad,Degradación visual que afecta la comodidad y confianza de los médicos al visualizar estudios clínicos desde la app móvil.
1303,2025-10-30,Portal Citas,Filtro de especialidad medica no devuelve resultados,Paciente,Cuenca,Efectividad,Funcionalidad,Falla de funcionalidad en el módulo Portal Citas que impide al usuario completar sus tareas de manera precisa y completa.
1304,2025-10-31,HCE,Alerta de interaccion medicamentosa no se despliega correctamente,Medico,Ambato,Libertad de Riesgo,Seguridad Clínica,El fallo en el despliegue de alertas de interacción farmacológica pone en riesgo inminente la salud del paciente ante combinaciones letales.
1305,2025-11-01,App Movil,Resultados de examenes no se visualizan en formato PDF,Paciente,Manta,Efectividad,Funcionalidad,Falla de funcionalidad en el módulo App Movil que impide al usuario completar sus tareas de manera precisa y completa.
1306,2025-11-02,Laboratorio,Resultado de examen de laboratorio no se sincroniza con la HCE,Tecnico Laboratorio,Quito,Efectividad,Integración de Datos,Error de integración funcional que impide la sincronización y actualización del registro médico entre módulos del HIS.
1307,2025-11-03,Telemedicina,Calidad de video muy baja pese a tener buena conexion a internet,Paciente,Guayaquil,Satisfacción,RNF-05 (Disponibilidad de llamada),Mala experiencia sensorial e interactiva durante la teleconsulta que impacta el RNF-05 y la percepción de calidad del servicio.
1308,2025-11-04,Telemedicina,Videollamada se corta a los 3 minutos,Paciente,Cuenca,Cobertura de Contexto,RNF-05 (Disponibilidad de llamada),"Falta de resiliencia del canal de comunicación ante variaciones en la conectividad del usuario, interrumpiendo la sesión de teleconsulta en producción."
1309,2025-11-05,Facturacion,El sistema no reconoce el convenio con la aseguradora,Admision,Ambato,Libertad de Riesgo,RNF-03 (Errores de Facturación),El no reconocimiento de convenios de aseguradoras genera fricción de cobro y riesgo de pérdidas económicas por servicios no cubiertos correctamente.
1310,2025-11-06,Portal Citas,Tiempo de espera en el portal supera los 19s en horas pico,Paciente,Manta,Eficiencia,Eficiencia Operativa,"El sistema presenta tiempos de respuesta elevados que consumen recursos de tiempo innecesarios, degradando la eficiencia del usuario en sus tareas."
1311,2025-11-07,Portal Citas,Filtro de especialidad medica no devuelve resultados,Paciente,Quito,Efectividad,Funcionalidad,Falla de funcionalidad en el módulo Portal Citas que impide al usuario completar sus tareas de manera precisa y completa.
1312,2025-11-08,HCE,Tiempo de carga de la ficha clinica supera los 12s en horas pico,Medico,Guayaquil,Eficiencia,Eficiencia Operativa,La latencia en horas pico para abrir la ficha clínica perjudica la productividad del médico durante la consulta.
1313,2025-11-09,Farmacia,Error al registrar la dispensacion de un medicamento controlado,Farmacia,Cuenca,Libertad de Riesgo,Seguridad Clínica,"Error en el registro de medicamentos regulados, lo que genera riesgos legales, regulatorios y de seguridad en el control de sustancias psicotrópicas."
1314,2025-11-10,Portal Citas,Usuario no logra agendar tras 4 intentos,Paciente,Ambato,Satisfacción,RNF-02 (Pasos del Portal),"Incapacidad del usuario de lograr su meta tras múltiples intentos, violando el RNF-02 y provocando un alto nivel de frustración."
1315,2025-11-11,HCE,Duplicado de historia clinica al registrar un paciente ya existente,Medico,Manta,Libertad de Riesgo,Seguridad Clínica,"Riesgo de seguridad clínica debido a la fragmentación de la información de salud del paciente, lo que puede inducir a diagnósticos y tratamientos erróneos."
1316,2025-11-12,Portal Citas,Doble reserva de un mismo cupo por dos pacientes distintos,Paciente,Quito,Libertad de Riesgo,RNF-03 (Errores de Facturación),"Doble agendamiento de un mismo cupo que genera sobreventa de citas, colapso de agenda de especialistas y multas o insatisfacción comercial."
1317,2025-11-13,HCE,Orden medica no se sincroniza con el modulo de farmacia,Medico,Guayaquil,Efectividad,Integración Funcional,Error de integración funcional que impide la sincronización y actualización del registro médico entre módulos del HIS.
1318,2025-11-14,HCE,El sistema no permite adjuntar imagenes de heridas desde la tablet,Medico,Cuenca,Cobertura de Contexto,Flexibilidad de Dispositivo,El sistema presenta limitaciones de portabilidad y compatibilidad al operar en el contexto físico específico de tablets para adjuntar imágenes de heridas.
1319,2025-11-15,HCE,El sistema no permite adjuntar imagenes de heridas desde la tablet,Medico,Ambato,Cobertura de Contexto,Flexibilidad de Dispositivo,El sistema presenta limitaciones de portabilidad y compatibilidad al operar en el contexto físico específico de tablets para adjuntar imágenes de heridas.
1320,2025-11-16,HCE,Firma electronica del medico no se valida al cerrar la consulta,Medico,Manta,Efectividad,Funcionalidad,Falla de funcionalidad en el módulo HCE que impide al usuario completar sus tareas de manera precisa y completa.
1321,2025-11-17,Facturacion,Retraso de 11s al procesar el pago con tarjeta de credito,Admision,Quito,Eficiencia,Eficiencia Operativa,El procesamiento lento del cobro con tarjeta retrasa el flujo de caja y la atención administrativa de admisión.
1322,2025-11-18,Portal Citas,Notificacion de recordatorio de cita llega con la fecha incorrecta,Paciente,Guayaquil,Efectividad,Funcionalidad,Falla de funcionalidad en el módulo Portal Citas que impide al usuario completar sus tareas de manera precisa y completa.
1323,2025-11-19,Facturacion,Reembolso aprobado no se refleja en el estado de cuenta,Admision,Cuenca,Libertad de Riesgo,RNF-03 (Errores de Facturación),"Fallas en la aplicación de notas de crédito o reembolsos que distorsionan los estados de cuenta, arriesgando multas tributarias e inconformidad legal."
1324,2025-11-20,App Movil,El boton de teleconsulta no redirige correctamente a la videollamada,Paciente,Ambato,Efectividad,Funcionalidad,Falla de funcionalidad en el módulo App Movil que impide al usuario completar sus tareas de manera precisa y completa.
1325,2025-11-21,Farmacia,Duplicidad de codigos entre dos presentaciones distintas de un mismo farmaco,Farmacia,Manta,Libertad de Riesgo,Seguridad Clínica,"La duplicación de códigos de fármacos introduce un riesgo de dispensación errónea en farmacia, comprometiendo la seguridad terapéutica del paciente."
1326,2025-11-22,Imagenologia,Las imagenes de rayos X no cargan en el visor DICOM,Radiologo,Quito,Efectividad,Funcionalidad,Falla de funcionalidad en el módulo Imagenologia que impide al usuario completar sus tareas de manera precisa y completa.
1327,2025-11-23,Imagenologia,El informe radiologico no se adjunta automaticamente a la HCE,Radiologo,Guayaquil,Efectividad,Funcionalidad,Falla de funcionalidad en el módulo Imagenologia que impide al usuario completar sus tareas de manera precisa y completa.
1328,2025-11-24,Facturacion,Reembolso aprobado no se refleja en el estado de cuenta,Admision,Cuenca,Libertad de Riesgo,RNF-03 (Errores de Facturación),"Fallas en la aplicación de notas de crédito o reembolsos que distorsionan los estados de cuenta, arriesgando multas tributarias e inconformidad legal."
1329,2025-11-25,App Movil,El boton de teleconsulta no redirige correctamente a la videollamada,Paciente,Ambato,Efectividad,Funcionalidad,Falla de funcionalidad en el módulo App Movil que impide al usuario completar sus tareas de manera precisa y completa.
1330,2025-11-26,Farmacia,Tiempo de respuesta del modulo de farmacia supera los 27s,Farmacia,Manta,Eficiencia,Eficiencia Operativa,"El sistema presenta tiempos de respuesta elevados que consumen recursos de tiempo innecesarios, degradando la eficiencia del usuario en sus tareas."
1331,2025-11-27,Farmacia,Duplicidad de codigos entre dos presentaciones distintas de un mismo farmaco,Farmacia,Quito,Libertad de Riesgo,Seguridad Clínica,"La duplicación de códigos de fármacos introduce un riesgo de dispensación errónea en farmacia, comprometiendo la seguridad terapéutica del paciente."
1332,2025-11-28,HCE,Signos vitales registrados por enfermeria no aparecen en la HCE del medico,Medico,Guayaquil,Efectividad,Integración de Datos,Falla de funcionalidad en el módulo HCE que impide al usuario completar sus tareas de manera precisa y completa.
1333,2025-11-29,HCE,El campo de diagnostico CIE-10 no permite busqueda por texto,Medico,Cuenca,Efectividad,Funcionalidad,Restricción de funcionalidad que impide al usuario realizar una acción requerida para completar su tarea.
1334,2025-11-30,Facturacion,Factura duplicada al reintentar pago,Admision,Ambato,Libertad de Riesgo,RNF-03 (Errores de Facturación),"Violación del requerimiento no funcional RNF-03 de facturación; genera cobros indebidos en las tarjetas del cliente, comprometiendo la confianza y el riesgo financiero."
1335,2025-12-01,Portal Citas,Tiempo de espera en el portal supera los 35s en horas pico,Paciente,Manta,Eficiencia,Eficiencia Operativa,"El sistema presenta tiempos de respuesta elevados que consumen recursos de tiempo innecesarios, degradando la eficiencia del usuario en sus tareas."
1336,2025-12-02,App Movil,El inicio de sesion con biometria falla de forma intermitente,Paciente,Quito,Satisfacción,Usabilidad,La inestabilidad en el inicio biométrico genera frustración y reduce la confianza y comodidad del usuario al acceder al aplicativo móvil.
1337,2025-12-03,Telemedicina,El medico no puede compartir pantalla con resultados de examenes,Paciente,Guayaquil,Efectividad,Funcionalidad,Falla de funcionalidad en el módulo Telemedicina que impide al usuario completar sus tareas de manera precisa y completa.
1338,2025-12-04,Facturacion,El modulo de facturacion se cae durante el cierre de caja,Admision,Cuenca,Efectividad,Funcionalidad,Falla de funcionalidad en el módulo Facturacion que impide al usuario completar sus tareas de manera precisa y completa.
1339,2025-12-05,Telemedicina,Grabacion de la consulta no se almacena correctamente,Paciente,Ambato,Efectividad,Funcionalidad,Falla de funcionalidad en el módulo Telemedicina que impide al usuario completar sus tareas de manera precisa y completa.
1340,2025-12-06,Portal Citas,Error al reagendar una cita previamente confirmada,Paciente,Manta,Efectividad,Funcionalidad,Falla de funcionalidad en el módulo Portal Citas que impide al usuario completar sus tareas de manera precisa y completa.
1341,2025-12-07,Facturacion,Reintento de transaccion genera doble cobro en la tarjeta,Admision,Quito,Libertad de Riesgo,RNF-03 (Errores de Facturación),"Violación del requerimiento no funcional RNF-03 de facturación; genera cobros indebidos en las tarjetas del cliente, comprometiendo la confianza y el riesgo financiero."
1342,2025-12-08,HCE,Signos vitales registrados por enfermeria no aparecen en la HCE del medico,Medico,Guayaquil,Efectividad,Integración de Datos,Falla de funcionalidad en el módulo HCE que impide al usuario completar sus tareas de manera precisa y completa.
1343,2025-12-09,Facturacion,El sistema no permite anular una factura emitida por error,Admision,Cuenca,Efectividad,Funcionalidad,Restricción de funcionalidad que impide al usuario realizar una acción requerida para completar su tarea.
1344,2025-12-10,Farmacia,Receta electronica llega incompleta desde el modulo de HCE,Farmacia,Ambato,Efectividad,Funcionalidad,Falla de funcionalidad en el módulo Farmacia que impide al usuario completar sus tareas de manera precisa y completa.
1345,2025-12-11,Farmacia,Error al registrar la dispensacion de un medicamento controlado,Farmacia,Manta,Libertad de Riesgo,Seguridad Clínica,"Error en el registro de medicamentos regulados, lo que genera riesgos legales, regulatorios y de seguridad en el control de sustancias psicotrópicas."
1346,2025-12-12,HCE,Firma electronica del medico no se valida al cerrar la consulta,Medico,Quito,Efectividad,Funcionalidad,Falla de funcionalidad en el módulo HCE que impide al usuario completar sus tareas de manera precisa y completa.
1347,2025-12-13,HCE,Orden medica no se sincroniza con el modulo de farmacia,Medico,Guayaquil,Efectividad,Integración Funcional,Error de integración funcional que impide la sincronización y actualización del registro médico entre módulos del HIS.
1348,2025-12-14,Facturacion,Factura generada con el nombre del paciente incorrecto,Admision,Cuenca,Efectividad,Funcionalidad,Falla de funcionalidad en el módulo Facturacion que impide al usuario completar sus tareas de manera precisa y completa.
1349,2025-12-15,HCE,Perdida de la nota de evolucion tras un cierre inesperado de sesion,Medico,Ambato,Efectividad,Funcionalidad,Falla de funcionalidad en el módulo HCE que impide al usuario completar sus tareas de manera precisa y completa.
1350,2025-12-16,Facturacion,Error de calculo en el copago del seguro medico,Admision,Manta,Libertad de Riesgo,RNF-03 (Errores de Facturación),"Errores en el cálculo del copago de seguros o discrepancias de montos facturados, induciendo a pérdidas financieras o reclamaciones legales."
1351,2025-12-17,Portal Citas,El portal muestra disponibilidad para un horario ya ocupado,Paciente,Quito,Efectividad,Funcionalidad,Falla de funcionalidad en el módulo Portal Citas que impide al usuario completar sus tareas de manera precisa y completa.
1352,2025-12-18,HCE,Receta electronica se genera con la dosis incorrecta tras guardar,Medico,Guayaquil,Libertad de Riesgo,Seguridad Clínica,"Riesgo extremo de salud para el paciente al guardar dosis farmacológicas erróneas en la receta electrónica, pudiendo causar sobredosis o inefectividad clínica."
1353,2025-12-19,HCE,Signos vitales registrados por enfermeria no aparecen en la HCE del medico,Medico,Cuenca,Efectividad,Integración de Datos,Falla de funcionalidad en el módulo HCE que impide al usuario completar sus tareas de manera precisa y completa.
1354,2025-12-20,Laboratorio,Retraso de 18s en la disponibilidad de resultados criticos,Tecnico Laboratorio,Ambato,Eficiencia,Eficiencia Operativa,"El sistema presenta tiempos de respuesta elevados que consumen recursos de tiempo innecesarios, degradando la eficiencia del usuario en sus tareas."
1355,2025-12-21,Portal Citas,El pago del bono de consulta no se refleja tras completarlo,Paciente,Manta,Libertad de Riesgo,RNF-03 (Errores de Facturación),Inconsistencia financiera en los cobros o transacciones del sistema que infringe las normativas contables y expone al hospital a pérdidas económicas.
1356,2025-12-22,HCE,Historial de alergias no carga al abrir la ficha del paciente,Medico,Quito,Libertad de Riesgo,Seguridad Clínica,"Falla crítica que expone la seguridad del paciente al omitir información vital de alergias, con un alto riesgo de shock anafiláctico o mala praxis."
1357,2025-12-23,App Movil,Resultados de examenes no se visualizan en formato PDF,Paciente,Guayaquil,Efectividad,Funcionalidad,Falla de funcionalidad en el módulo App Movil que impide al usuario completar sus tareas de manera precisa y completa.
1358,2025-12-24,Portal Citas,El portal muestra disponibilidad para un horario ya ocupado,Paciente,Cuenca,Efectividad,Funcionalidad,Falla de funcionalidad en el módulo Portal Citas que impide al usuario completar sus tareas de manera precisa y completa.
1359,2025-12-25,HCE,Firma electronica del medico no se valida al cerrar la consulta,Medico,Ambato,Efectividad,Funcionalidad,Falla de funcionalidad en el módulo HCE que impide al usuario completar sus tareas de manera precisa y completa.
1360,2025-12-26,Reportes Gerenciales,El reporte de ocupacion hospitalaria no se actualiza automaticamente,Gerencia,Manta,Efectividad,Funcionalidad,Inconsistencia en la actualización de datos que impide la visualización correcta de información operativa reciente.
1361,2025-12-27,Portal Citas,Sesion expira antes de finalizar el proceso de agendamiento,Paciente,Quito,Satisfacción,Usabilidad,"Mala experiencia de usuario que interrumpe de forma prematura el proceso de compra/agendamiento, forzando a repetir pasos."
1362,2025-12-28,Portal Citas,El pago del bono de consulta no se refleja tras completarlo,Paciente,Guayaquil,Libertad de Riesgo,RNF-03 (Errores de Facturación),Inconsistencia financiera en los cobros o transacciones del sistema que infringe las normativas contables y expone al hospital a pérdidas económicas.
1363,2025-12-29,Facturacion,El sistema no permite anular una factura emitida por error,Admision,Cuenca,Efectividad,Funcionalidad,Restricción de funcionalidad que impide al usuario realizar una acción requerida para completar su tarea.
1364,2025-12-30,Farmacia,El sistema bloquea la dispensacion sin mostrar el motivo,Farmacia,Ambato,Satisfacción,Usabilidad,La falta de mensajes informativos claros y feedback del sistema incrementa la incertidumbre y frustración del operario farmacéutico.
1365,2025-12-31,Facturacion,Reintento de transaccion genera doble cobro en la tarjeta,Admision,Manta,Libertad de Riesgo,RNF-03 (Errores de Facturación),"Violación del requerimiento no funcional RNF-03 de facturación; genera cobros indebidos en las tarjetas del cliente, comprometiendo la confianza y el riesgo financiero."
1366,2025-01-01,Laboratorio,Codigo de barras de la muestra no es reconocido por el lector,Tecnico Laboratorio,Quito,Efectividad,Funcionalidad,Falla de funcionalidad en el módulo Laboratorio que impide al usuario completar sus tareas de manera precisa y completa.
1367,2025-01-02,HCE,Nota de evolucion tarda 20s en guardarse,Medico,Guayaquil,Eficiencia,RNF-01 (Latencia HCE),"El tiempo de guardado supera los 8 segundos tolerables, violando directamente el requerimiento no funcional RNF-01 de rendimiento del sistema para notas clínicas."
1368,2025-01-03,Reportes Gerenciales,El dashboard de indicadores no refleja los datos del ultimo cierre,Gerencia,Cuenca,Efectividad,Funcionalidad,Inconsistencia en la actualización de datos que impide la visualización correcta de información operativa reciente.
1369,2025-01-04,HCE,El sistema se congela al adjuntar resultados de laboratorio a la HCE,Medico,Ambato,Efectividad,Funcionalidad,Falla de funcionalidad en el módulo HCE que impide al usuario completar sus tareas de manera precisa y completa.
1370,2025-01-05,HCE,Signos vitales registrados por enfermeria no aparecen en la HCE del medico,Medico,Manta,Efectividad,Integración de Datos,Falla de funcionalidad en el módulo HCE que impide al usuario completar sus tareas de manera precisa y completa.
1371,2025-01-06,Facturacion,El modulo de facturacion se cae durante el cierre de caja,Admision,Quito,Efectividad,Funcionalidad,Falla de funcionalidad en el módulo Facturacion que impide al usuario completar sus tareas de manera precisa y completa.
1372,2025-01-07,Facturacion,Error de calculo en el copago del seguro medico,Admision,Guayaquil,Libertad de Riesgo,RNF-03 (Errores de Facturación),"Errores en el cálculo del copago de seguros o discrepancias de montos facturados, induciendo a pérdidas financieras o reclamaciones legales."
1373,2025-01-08,App Movil,La aplicacion se cierra inesperadamente al abrir resultados de laboratorio,Paciente,Cuenca,Efectividad,Funcionalidad,"Interrupción abrupta del sistema que impide que el usuario termine el registro de datos, reduciendo la efectividad operativa."
1374,2025-01-09,Portal Citas,Cita agendada no aparece reflejada en el calendario del especialista,Paciente,Ambato,Efectividad,Funcionalidad,Falla de funcionalidad en el módulo Portal Citas que impide al usuario completar sus tareas de manera precisa y completa.
1375,2025-01-10,HCE,Duplicado de historia clinica al registrar un paciente ya existente,Medico,Manta,Libertad de Riesgo,Seguridad Clínica,"Riesgo de seguridad clínica debido a la fragmentación de la información de salud del paciente, lo que puede inducir a diagnósticos y tratamientos erróneos."
1376,2025-01-11,HCE,Nota de evolucion tarda 10s en guardarse,Medico,Quito,Eficiencia,RNF-01 (Latencia HCE),"El tiempo de guardado supera los 8 segundos tolerables, violando directamente el requerimiento no funcional RNF-01 de rendimiento del sistema para notas clínicas."
1377,2025-01-12,HCE,Alerta de interaccion medicamentosa no se despliega correctamente,Medico,Guayaquil,Libertad de Riesgo,Seguridad Clínica,El fallo en el despliegue de alertas de interacción farmacológica pone en riesgo inminente la salud del paciente ante combinaciones letales.
1378,2025-01-13,Laboratorio,Codigo de barras de la muestra no es reconocido por el lector,Tecnico Laboratorio,Cuenca,Efectividad,Funcionalidad,Falla de funcionalidad en el módulo Laboratorio que impide al usuario completar sus tareas de manera precisa y completa.
1379,2025-01-14,Portal Citas,El pago del bono de consulta no se refleja tras completarlo,Paciente,Ambato,Libertad de Riesgo,RNF-03 (Errores de Facturación),Inconsistencia financiera en los cobros o transacciones del sistema que infringe las normativas contables y expone al hospital a pérdidas económicas.
1380,2025-01-15,Portal Citas,Tiempo de espera en el portal supera los 11s en horas pico,Paciente,Manta,Eficiencia,Eficiencia Operativa,"El sistema presenta tiempos de respuesta elevados que consumen recursos de tiempo innecesarios, degradando la eficiencia del usuario en sus tareas."
1381,2025-01-16,HCE,Alerta de interaccion medicamentosa no se despliega correctamente,Medico,Quito,Libertad de Riesgo,Seguridad Clínica,El fallo en el despliegue de alertas de interacción farmacológica pone en riesgo inminente la salud del paciente ante combinaciones letales.
1382,2025-01-17,Portal Citas,Doble reserva de un mismo cupo por dos pacientes distintos,Paciente,Guayaquil,Libertad de Riesgo,RNF-03 (Errores de Facturación),"Doble agendamiento de un mismo cupo que genera sobreventa de citas, colapso de agenda de especialistas y multas o insatisfacción comercial."
1383,2025-01-18,HCE,Alerta de interaccion medicamentosa no se despliega correctamente,Medico,Cuenca,Libertad de Riesgo,Seguridad Clínica,El fallo en el despliegue de alertas de interacción farmacológica pone en riesgo inminente la salud del paciente ante combinaciones letales.
1384,2025-01-19,Portal Citas,El portal muestra disponibilidad para un horario ya ocupado,Paciente,Ambato,Efectividad,Funcionalidad,Falla de funcionalidad en el módulo Portal Citas que impide al usuario completar sus tareas de manera precisa y completa.
1385,2025-01-20,Telemedicina,Paciente no puede unirse a la sala virtual a la hora agendada,Paciente,Manta,Efectividad,Funcionalidad,Falla de funcionalidad en el módulo Telemedicina que impide al usuario completar sus tareas de manera precisa y completa.
1386,2025-01-21,Portal Citas,Filtro de especialidad medica no devuelve resultados,Paciente,Quito,Efectividad,Funcionalidad,Falla de funcionalidad en el módulo Portal Citas que impide al usuario completar sus tareas de manera precisa y completa.
1387,2025-01-22,Portal Citas,El pago del bono de consulta no se refleja tras completarlo,Paciente,Guayaquil,Libertad de Riesgo,RNF-03 (Errores de Facturación),Inconsistencia financiera en los cobros o transacciones del sistema que infringe las normativas contables y expone al hospital a pérdidas económicas.
1388,2025-01-23,Facturacion,Retraso de 31s al procesar el pago con tarjeta de credito,Admision,Cuenca,Eficiencia,Eficiencia Operativa,El procesamiento lento del cobro con tarjeta retrasa el flujo de caja y la atención administrativa de admisión.
1389,2025-01-24,Telemedicina,Calidad de video muy baja pese a tener buena conexion a internet,Paciente,Ambato,Satisfacción,RNF-05 (Disponibilidad de llamada),Mala experiencia sensorial e interactiva durante la teleconsulta que impacta el RNF-05 y la percepción de calidad del servicio.
1390,2025-01-25,Facturacion,Error de calculo en el copago del seguro medico,Admision,Manta,Libertad de Riesgo,RNF-03 (Errores de Facturación),"Errores en el cálculo del copago de seguros o discrepancias de montos facturados, induciendo a pérdidas financieras o reclamaciones legales."
1391,2025-01-26,Farmacia,Alerta de vencimiento de lote no se muestra en el modulo,Farmacia,Quito,Libertad de Riesgo,Seguridad Clínica,Omitir la alerta de vencimiento de lotes farmacéuticos puede llevar a la administración de medicamentos caducados a los pacientes.
1392,2025-01-27,Farmacia,Receta electronica llega incompleta desde el modulo de HCE,Farmacia,Guayaquil,Efectividad,Funcionalidad,Falla de funcionalidad en el módulo Farmacia que impide al usuario completar sus tareas de manera precisa y completa.
1393,2025-01-28,Laboratorio,El sistema no permite adjuntar el reporte en PDF del laboratorio externo,Tecnico Laboratorio,Cuenca,Efectividad,Funcionalidad,Restricción de funcionalidad que impide al usuario realizar una acción requerida para completar su tarea.
1394,2025-01-29,Farmacia,Alerta de vencimiento de lote no se muestra en el modulo,Farmacia,Ambato,Libertad de Riesgo,Seguridad Clínica,Omitir la alerta de vencimiento de lotes farmacéuticos puede llevar a la administración de medicamentos caducados a los pacientes.
1395,2025-01-30,Portal Citas,Notificacion de recordatorio de cita llega con la fecha incorrecta,Paciente,Manta,Efectividad,Funcionalidad,Falla de funcionalidad en el módulo Portal Citas que impide al usuario completar sus tareas de manera precisa y completa.
1396,2025-01-31,HCE,Nota de evolucion tarda 16s en guardarse,Medico,Quito,Eficiencia,RNF-01 (Latencia HCE),"El tiempo de guardado supera los 8 segundos tolerables, violando directamente el requerimiento no funcional RNF-01 de rendimiento del sistema para notas clínicas."
1397,2025-02-01,Portal Citas,"Formulario confuso, abandono de registro antes de completar la cita",Paciente,Guayaquil,Satisfacción,RNF-02 (Pasos del Portal),"Diseño de interfaz de usuario confuso que provoca el abandono del registro, afectando la métrica de satisfacción y facilidad de uso percibida."
1398,2025-02-02,Farmacia,Alerta de vencimiento de lote no se muestra en el modulo,Farmacia,Cuenca,Libertad de Riesgo,Seguridad Clínica,Omitir la alerta de vencimiento de lotes farmacéuticos puede llevar a la administración de medicamentos caducados a los pacientes.
1399,2025-02-03,HCE,Receta electronica se genera con la dosis incorrecta tras guardar,Medico,Ambato,Libertad de Riesgo,Seguridad Clínica,"Riesgo extremo de salud para el paciente al guardar dosis farmacológicas erróneas en la receta electrónica, pudiendo causar sobredosis o inefectividad clínica."
1400,2025-02-04,Telemedicina,Grabacion de la consulta no se almacena correctamente,Paciente,Manta,Efectividad,Funcionalidad,Falla de funcionalidad en el módulo Telemedicina que impide al usuario completar sus tareas de manera precisa y completa.
1401,2025-02-05,App Movil,La aplicacion se cierra inesperadamente al abrir resultados de laboratorio,Paciente,Quito,Efectividad,Funcionalidad,"Interrupción abrupta del sistema que impide que el usuario termine el registro de datos, reduciendo la efectividad operativa."
1402,2025-02-06,HCE,Alerta de interaccion medicamentosa no se despliega correctamente,Medico,Guayaquil,Libertad de Riesgo,Seguridad Clínica,El fallo en el despliegue de alertas de interacción farmacológica pone en riesgo inminente la salud del paciente ante combinaciones letales.
1403,2025-02-07,Portal Citas,El pago del bono de consulta no se refleja tras completarlo,Paciente,Cuenca,Libertad de Riesgo,RNF-03 (Errores de Facturación),Inconsistencia financiera en los cobros o transacciones del sistema que infringe las normativas contables y expone al hospital a pérdidas económicas.
1404,2025-02-08,HCE,Perdida de la nota de evolucion tras un cierre inesperado de sesion,Medico,Ambato,Efectividad,Funcionalidad,Falla de funcionalidad en el módulo HCE que impide al usuario completar sus tareas de manera precisa y completa.
1405,2025-02-09,Telemedicina,El medico no puede compartir pantalla con resultados de examenes,Paciente,Manta,Efectividad,Funcionalidad,Falla de funcionalidad en el módulo Telemedicina que impide al usuario completar sus tareas de manera precisa y completa.
1406,2025-02-10,HCE,Datos de otro paciente visibles brevemente al abrir un expediente,Medico,Quito,Libertad de Riesgo,Seguridad Clínica,"Fuga de información y violación de la confidencialidad médica (HIPAA/Ley de Protección de Datos), exponiendo datos de otros pacientes."
1407,2025-02-11,Portal Citas,El sistema no envia la confirmacion por correo electronico,Paciente,Guayaquil,Efectividad,Funcionalidad,Falla funcional que impide completar la tarea de confirmación de cita al paciente por canal de correo electrónico.
1408,2025-02-12,Telemedicina,Notificacion de inicio de teleconsulta llega con retraso de 16s,Paciente,Cuenca,Eficiencia,Eficiencia Operativa,"El sistema presenta tiempos de respuesta elevados que consumen recursos de tiempo innecesarios, degradando la eficiencia del usuario en sus tareas."
1409,2025-02-13,HCE,Receta electronica se genera con la dosis incorrecta tras guardar,Medico,Ambato,Libertad de Riesgo,Seguridad Clínica,"Riesgo extremo de salud para el paciente al guardar dosis farmacológicas erróneas en la receta electrónica, pudiendo causar sobredosis o inefectividad clínica."
1410,2025-02-14,HCE,Orden medica no se sincroniza con el modulo de farmacia,Medico,Manta,Efectividad,Integración Funcional,Error de integración funcional que impide la sincronización y actualización del registro médico entre módulos del HIS.
1411,2025-02-15,Facturacion,El sistema no reconoce el convenio con la aseguradora,Admision,Quito,Libertad de Riesgo,RNF-03 (Errores de Facturación),El no reconocimiento de convenios de aseguradoras genera fricción de cobro y riesgo de pérdidas económicas por servicios no cubiertos correctamente.
1412,2025-02-16,App Movil,La aplicacion se cierra inesperadamente al abrir resultados de laboratorio,Paciente,Guayaquil,Efectividad,Funcionalidad,"Interrupción abrupta del sistema que impide que el usuario termine el registro de datos, reduciendo la efectividad operativa."
1413,2025-02-17,HCE,El sistema se congela al adjuntar resultados de laboratorio a la HCE,Medico,Cuenca,Efectividad,Funcionalidad,Falla de funcionalidad en el módulo HCE que impide al usuario completar sus tareas de manera precisa y completa.
1414,2025-02-18,HCE,Perdida de la nota de evolucion tras un cierre inesperado de sesion,Medico,Ambato,Efectividad,Funcionalidad,Falla de funcionalidad en el módulo HCE que impide al usuario completar sus tareas de manera precisa y completa.
1415,2025-02-19,HCE,Consulta anterior no se muestra en el resumen de antecedentes,Medico,Manta,Efectividad,Funcionalidad,Falla de funcionalidad en el módulo HCE que impide al usuario completar sus tareas de manera precisa y completa.
1416,2025-02-20,Reportes Gerenciales,Exportacion a Excel del reporte gerencial falla de forma intermitente,Gerencia,Quito,Efectividad,Funcionalidad,Falla intermitente en las exportaciones o ejecuciones de procesos del sistema que reduce la fiabilidad de las operaciones.
1417,2025-02-21,App Movil,Notificaciones push no llegan pese a estar activadas,Paciente,Guayaquil,Efectividad,Funcionalidad,Falla de funcionalidad en el módulo App Movil que impide al usuario completar sus tareas de manera precisa y completa.
1418,2025-02-22,Imagenologia,Las imagenes de rayos X no cargan en el visor DICOM,Radiologo,Cuenca,Efectividad,Funcionalidad,Falla de funcionalidad en el módulo Imagenologia que impide al usuario completar sus tareas de manera precisa y completa.
1419,2025-02-23,HCE,Historial de alergias no carga al abrir la ficha del paciente,Medico,Ambato,Libertad de Riesgo,Seguridad Clínica,"Falla crítica que expone la seguridad del paciente al omitir información vital de alergias, con un alto riesgo de shock anafiláctico o mala praxis."
1420,2025-02-24,Facturacion,Reembolso aprobado no se refleja en el estado de cuenta,Admision,Manta,Libertad de Riesgo,RNF-03 (Errores de Facturación),"Fallas en la aplicación de notas de crédito o reembolsos que distorsionan los estados de cuenta, arriesgando multas tributarias e inconformidad legal."
1421,2025-02-25,Portal Citas,El sistema no envia la confirmacion por correo electronico,Paciente,Quito,Efectividad,Funcionalidad,Falla funcional que impide completar la tarea de confirmación de cita al paciente por canal de correo electrónico.
1422,2025-02-26,HCE,Historial de alergias no carga al abrir la ficha del paciente,Medico,Guayaquil,Libertad de Riesgo,Seguridad Clínica,"Falla crítica que expone la seguridad del paciente al omitir información vital de alergias, con un alto riesgo de shock anafiláctico o mala praxis."
1423,2025-02-27,HCE,Orden medica no se sincroniza con el modulo de farmacia,Medico,Cuenca,Efectividad,Integración Funcional,Error de integración funcional que impide la sincronización y actualización del registro médico entre módulos del HIS.
1424,2025-02-28,Farmacia,El sistema no descuenta automaticamente el medicamento dispensado,Farmacia,Ambato,Efectividad,Funcionalidad,Falla de funcionalidad en el módulo Farmacia que impide al usuario completar sus tareas de manera precisa y completa.
1425,2025-03-01,HCE,El campo de diagnostico CIE-10 no permite busqueda por texto,Medico,Manta,Efectividad,Funcionalidad,Restricción de funcionalidad que impide al usuario realizar una acción requerida para completar su tarea.
1426,2025-03-02,Facturacion,Factura duplicada al reintentar pago,Admision,Quito,Libertad de Riesgo,RNF-03 (Errores de Facturación),"Violación del requerimiento no funcional RNF-03 de facturación; genera cobros indebidos en las tarjetas del cliente, comprometiendo la confianza y el riesgo financiero."
1427,2025-03-03,App Movil,Notificaciones push no llegan pese a estar activadas,Paciente,Guayaquil,Efectividad,Funcionalidad,Falla de funcionalidad en el módulo App Movil que impide al usuario completar sus tareas de manera precisa y completa.
1428,2025-03-04,Laboratorio,Orden de laboratorio duplicada tras reintentar el envio,Tecnico Laboratorio,Cuenca,Efectividad,Funcionalidad,Falla de funcionalidad en el módulo Laboratorio que impide al usuario completar sus tareas de manera precisa y completa.
1429,2025-03-05,HCE,Duplicado de historia clinica al registrar un paciente ya existente,Medico,Ambato,Libertad de Riesgo,Seguridad Clínica,"Riesgo de seguridad clínica debido a la fragmentación de la información de salud del paciente, lo que puede inducir a diagnósticos y tratamientos erróneos."
1430,2025-03-06,Facturacion,Retraso de 21s al procesar el pago con tarjeta de credito,Admision,Manta,Eficiencia,Eficiencia Operativa,El procesamiento lento del cobro con tarjeta retrasa el flujo de caja y la atención administrativa de admisión.
1431,2025-03-07,Telemedicina,Calidad de video muy baja pese a tener buena conexion a internet,Paciente,Quito,Satisfacción,RNF-05 (Disponibilidad de llamada),Mala experiencia sensorial e interactiva durante la teleconsulta que impacta el RNF-05 y la percepción de calidad del servicio.
1432,2025-03-08,Portal Citas,Notificacion de recordatorio de cita llega con la fecha incorrecta,Paciente,Guayaquil,Efectividad,Funcionalidad,Falla de funcionalidad en el módulo Portal Citas que impide al usuario completar sus tareas de manera precisa y completa.
1433,2025-03-09,Facturacion,Factura generada con el nombre del paciente incorrecto,Admision,Cuenca,Efectividad,Funcionalidad,Falla de funcionalidad en el módulo Facturacion que impide al usuario completar sus tareas de manera precisa y completa.
1434,2025-03-10,HCE,El campo de diagnostico CIE-10 no permite busqueda por texto,Medico,Ambato,Efectividad,Funcionalidad,Restricción de funcionalidad que impide al usuario realizar una acción requerida para completar su tarea.
1435,2025-03-11,Facturacion,Factura generada con el nombre del paciente incorrecto,Admision,Manta,Efectividad,Funcionalidad,Falla de funcionalidad en el módulo Facturacion que impide al usuario completar sus tareas de manera precisa y completa.
1436,2025-03-12,Farmacia,Error al registrar la dispensacion de un medicamento controlado,Farmacia,Quito,Libertad de Riesgo,Seguridad Clínica,"Error en el registro de medicamentos regulados, lo que genera riesgos legales, regulatorios y de seguridad en el control de sustancias psicotrópicas."
1437,2025-03-13,Telemedicina,Notificacion de inicio de teleconsulta llega con retraso de 26s,Paciente,Guayaquil,Eficiencia,Eficiencia Operativa,"El sistema presenta tiempos de respuesta elevados que consumen recursos de tiempo innecesarios, degradando la eficiencia del usuario en sus tareas."
1438,2025-03-14,Farmacia,El sistema no descuenta automaticamente el medicamento dispensado,Farmacia,Cuenca,Efectividad,Funcionalidad,Falla de funcionalidad en el módulo Farmacia que impide al usuario completar sus tareas de manera precisa y completa.
1439,2025-03-15,Facturacion,Reembolso aprobado no se refleja en el estado de cuenta,Admision,Ambato,Libertad de Riesgo,RNF-03 (Errores de Facturación),"Fallas en la aplicación de notas de crédito o reembolsos que distorsionan los estados de cuenta, arriesgando multas tributarias e inconformidad legal."
1440,2025-03-16,Portal Citas,El portal muestra disponibilidad para un horario ya ocupado,Paciente,Manta,Efectividad,Funcionalidad,Falla de funcionalidad en el módulo Portal Citas que impide al usuario completar sus tareas de manera precisa y completa.
1441,2025-03-17,HCE,Nota de evolucion tarda 10s en guardarse,Medico,Quito,Eficiencia,RNF-01 (Latencia HCE),"El tiempo de guardado supera los 8 segundos tolerables, violando directamente el requerimiento no funcional RNF-01 de rendimiento del sistema para notas clínicas."
1442,2025-03-18,Farmacia,El sistema no descuenta automaticamente el medicamento dispensado,Farmacia,Guayaquil,Efectividad,Funcionalidad,Falla de funcionalidad en el módulo Farmacia que impide al usuario completar sus tareas de manera precisa y completa.
1443,2025-03-19,Telemedicina,Calidad de video muy baja pese a tener buena conexion a internet,Paciente,Cuenca,Satisfacción,RNF-05 (Disponibilidad de llamada),Mala experiencia sensorial e interactiva durante la teleconsulta que impacta el RNF-05 y la percepción de calidad del servicio.
1444,2025-03-20,App Movil,Notificaciones push no llegan pese a estar activadas,Paciente,Ambato,Efectividad,Funcionalidad,Falla de funcionalidad en el módulo App Movil que impide al usuario completar sus tareas de manera precisa y completa.
1445,2025-03-21,Farmacia,Inventario del sistema no coincide con el stock fisico del insumo,Farmacia,Manta,Efectividad,Funcionalidad,Falla de funcionalidad en el módulo Farmacia que impide al usuario completar sus tareas de manera precisa y completa.
1446,2025-03-22,Facturacion,Retraso de 17s al procesar el pago con tarjeta de credito,Admision,Quito,Eficiencia,Eficiencia Operativa,El procesamiento lento del cobro con tarjeta retrasa el flujo de caja y la atención administrativa de admisión.
1447,2025-03-23,HCE,Signos vitales registrados por enfermeria no aparecen en la HCE del medico,Medico,Guayaquil,Efectividad,Integración de Datos,Falla de funcionalidad en el módulo HCE que impide al usuario completar sus tareas de manera precisa y completa.
1448,2025-03-24,Facturacion,El sistema no reconoce el convenio con la aseguradora,Admision,Cuenca,Libertad de Riesgo,RNF-03 (Errores de Facturación),El no reconocimiento de convenios de aseguradoras genera fricción de cobro y riesgo de pérdidas económicas por servicios no cubiertos correctamente.
1449,2025-03-25,Laboratorio,Codigo de barras de la muestra no es reconocido por el lector,Tecnico Laboratorio,Ambato,Efectividad,Funcionalidad,Falla de funcionalidad en el módulo Laboratorio que impide al usuario completar sus tareas de manera precisa y completa.
1450,2025-03-26,Imagenologia,El informe radiologico no se adjunta automaticamente a la HCE,Radiologo,Manta,Efectividad,Funcionalidad,Falla de funcionalidad en el módulo Imagenologia que impide al usuario completar sus tareas de manera precisa y completa.
1451,2025-03-27,Laboratorio,Codigo de barras de la muestra no es reconocido por el lector,Tecnico Laboratorio,Quito,Efectividad,Funcionalidad,Falla de funcionalidad en el módulo Laboratorio que impide al usuario completar sus tareas de manera precisa y completa.
1452,2025-03-28,Imagenologia,Las imagenes de rayos X no cargan en el visor DICOM,Radiologo,Guayaquil,Efectividad,Funcionalidad,Falla de funcionalidad en el módulo Imagenologia que impide al usuario completar sus tareas de manera precisa y completa.
1453,2025-03-29,HCE,Nota de evolucion tarda 14s en guardarse,Medico,Cuenca,Eficiencia,RNF-01 (Latencia HCE),"El tiempo de guardado supera los 8 segundos tolerables, violando directamente el requerimiento no funcional RNF-01 de rendimiento del sistema para notas clínicas."
1454,2025-03-30,Farmacia,Duplicidad de codigos entre dos presentaciones distintas de un mismo farmaco,Farmacia,Ambato,Libertad de Riesgo,Seguridad Clínica,"La duplicación de códigos de fármacos introduce un riesgo de dispensación errónea en farmacia, comprometiendo la seguridad terapéutica del paciente."
1455,2025-03-31,Portal Citas,Usuario no logra agendar tras 3 intentos,Paciente,Manta,Satisfacción,RNF-02 (Pasos del Portal),"Incapacidad del usuario de lograr su meta tras múltiples intentos, violando el RNF-02 y provocando un alto nivel de frustración."
1456,2025-04-01,HCE,Datos de otro paciente visibles brevemente al abrir un expediente,Medico,Quito,Libertad de Riesgo,Seguridad Clínica,"Fuga de información y violación de la confidencialidad médica (HIPAA/Ley de Protección de Datos), exponiendo datos de otros pacientes."
1457,2025-04-02,HCE,Signos vitales registrados por enfermeria no aparecen en la HCE del medico,Medico,Guayaquil,Efectividad,Integración de Datos,Falla de funcionalidad en el módulo HCE que impide al usuario completar sus tareas de manera precisa y completa.
1458,2025-04-03,Laboratorio,Retraso de 20s en la disponibilidad de resultados criticos,Tecnico Laboratorio,Cuenca,Eficiencia,Eficiencia Operativa,"El sistema presenta tiempos de respuesta elevados que consumen recursos de tiempo innecesarios, degradando la eficiencia del usuario en sus tareas."
1459,2025-04-04,App Movil,El inicio de sesion con biometria falla de forma intermitente,Paciente,Ambato,Satisfacción,Usabilidad,La inestabilidad en el inicio biométrico genera frustración y reduce la confianza y comodidad del usuario al acceder al aplicativo móvil.
1460,2025-04-05,Farmacia,Duplicidad de codigos entre dos presentaciones distintas de un mismo farmaco,Farmacia,Manta,Libertad de Riesgo,Seguridad Clínica,"La duplicación de códigos de fármacos introduce un riesgo de dispensación errónea en farmacia, comprometiendo la seguridad terapéutica del paciente."
1461,2025-04-06,Telemedicina,Paciente no puede unirse a la sala virtual a la hora agendada,Paciente,Quito,Efectividad,Funcionalidad,Falla de funcionalidad en el módulo Telemedicina que impide al usuario completar sus tareas de manera precisa y completa.
1462,2025-04-07,HCE,Receta electronica se genera con la dosis incorrecta tras guardar,Medico,Guayaquil,Libertad de Riesgo,Seguridad Clínica,"Riesgo extremo de salud para el paciente al guardar dosis farmacológicas erróneas en la receta electrónica, pudiendo causar sobredosis o inefectividad clínica."
1463,2025-04-08,Portal Citas,El pago del bono de consulta no se refleja tras completarlo,Paciente,Cuenca,Libertad de Riesgo,RNF-03 (Errores de Facturación),Inconsistencia financiera en los cobros o transacciones del sistema que infringe las normativas contables y expone al hospital a pérdidas económicas.
1464,2025-04-09,Farmacia,El sistema bloquea la dispensacion sin mostrar el motivo,Farmacia,Ambato,Satisfacción,Usabilidad,La falta de mensajes informativos claros y feedback del sistema incrementa la incertidumbre y frustración del operario farmacéutico.
1465,2025-04-10,Imagenologia,Tiempo de carga de estudios de imagen supera los 20s,Radiologo,Manta,Eficiencia,Eficiencia Operativa,La lentitud en la carga y transferencia de archivos DICOM pesados degrada la eficiencia del flujo de trabajo clínico en imagenología.
1466,2025-04-11,Farmacia,El sistema bloquea la dispensacion sin mostrar el motivo,Farmacia,Quito,Satisfacción,Usabilidad,La falta de mensajes informativos claros y feedback del sistema incrementa la incertidumbre y frustración del operario farmacéutico.
1467,2025-04-12,Facturacion,Factura generada con el nombre del paciente incorrecto,Admision,Guayaquil,Efectividad,Funcionalidad,Falla de funcionalidad en el módulo Facturacion que impide al usuario completar sus tareas de manera precisa y completa.
1468,2025-04-13,Portal Citas,Error al reagendar una cita previamente confirmada,Paciente,Cuenca,Efectividad,Funcionalidad,Falla de funcionalidad en el módulo Portal Citas que impide al usuario completar sus tareas de manera precisa y completa.
1469,2025-04-14,Farmacia,El sistema no descuenta automaticamente el medicamento dispensado,Farmacia,Ambato,Efectividad,Funcionalidad,Falla de funcionalidad en el módulo Farmacia que impide al usuario completar sus tareas de manera precisa y completa.
1470,2025-04-15,Portal Citas,Error al reagendar una cita previamente confirmada,Paciente,Manta,Efectividad,Funcionalidad,Falla de funcionalidad en el módulo Portal Citas que impide al usuario completar sus tareas de manera precisa y completa.
1471,2025-04-16,Imagenologia,Las imagenes de rayos X no cargan en el visor DICOM,Radiologo,Quito,Efectividad,Funcionalidad,Falla de funcionalidad en el módulo Imagenologia que impide al usuario completar sus tareas de manera precisa y completa.
1472,2025-04-17,Telemedicina,La sesion se cierra automaticamente antes de terminar la consulta,Paciente,Guayaquil,Efectividad,Funcionalidad,Falla de funcionalidad en el módulo Telemedicina que impide al usuario completar sus tareas de manera precisa y completa.
1473,2025-04-18,Telemedicina,La sesion se cierra automaticamente antes de terminar la consulta,Paciente,Cuenca,Efectividad,Funcionalidad,Falla de funcionalidad en el módulo Telemedicina que impide al usuario completar sus tareas de manera precisa y completa.
1474,2025-04-19,HCE,Perdida de la nota de evolucion tras un cierre inesperado de sesion,Medico,Ambato,Efectividad,Funcionalidad,Falla de funcionalidad en el módulo HCE que impide al usuario completar sus tareas de manera precisa y completa.
1475,2025-04-20,Farmacia,Inventario del sistema no coincide con el stock fisico del insumo,Farmacia,Manta,Efectividad,Funcionalidad,Falla de funcionalidad en el módulo Farmacia que impide al usuario completar sus tareas de manera precisa y completa.
1476,2025-04-21,Facturacion,Nota de credito no se aplica al saldo pendiente del paciente,Admision,Quito,Libertad de Riesgo,RNF-03 (Errores de Facturación),"Fallas en la aplicación de notas de crédito o reembolsos que distorsionan los estados de cuenta, arriesgando multas tributarias e inconformidad legal."
1477,2025-04-22,Farmacia,El sistema bloquea la dispensacion sin mostrar el motivo,Farmacia,Guayaquil,Satisfacción,Usabilidad,La falta de mensajes informativos claros y feedback del sistema incrementa la incertidumbre y frustración del operario farmacéutico.
1478,2025-04-23,Portal Citas,Boton de confirmar cita no responde en dispositivos moviles,Paciente,Cuenca,Cobertura de Contexto,Portabilidad,"Falla de adaptabilidad de la interfaz en el contexto de dispositivos móviles, impidiendo confirmar citas desde pantallas de formatos pequeños."
1479,2025-04-24,Reportes Gerenciales,El reporte de ocupacion hospitalaria no se actualiza automaticamente,Gerencia,Ambato,Efectividad,Funcionalidad,Inconsistencia en la actualización de datos que impide la visualización correcta de información operativa reciente.
1480,2025-04-25,HCE,Consulta anterior no se muestra en el resumen de antecedentes,Medico,Manta,Efectividad,Funcionalidad,Falla de funcionalidad en el módulo HCE que impide al usuario completar sus tareas de manera precisa y completa.
1481,2025-04-26,HCE,Signos vitales registrados por enfermeria no aparecen en la HCE del medico,Medico,Quito,Efectividad,Integración de Datos,Falla de funcionalidad en el módulo HCE que impide al usuario completar sus tareas de manera precisa y completa.
1482,2025-04-27,Facturacion,El sistema no reconoce el convenio con la aseguradora,Admision,Guayaquil,Libertad de Riesgo,RNF-03 (Errores de Facturación),El no reconocimiento de convenios de aseguradoras genera fricción de cobro y riesgo de pérdidas económicas por servicios no cubiertos correctamente.
1483,2025-04-28,Farmacia,Alerta de vencimiento de lote no se muestra en el modulo,Farmacia,Cuenca,Libertad de Riesgo,Seguridad Clínica,Omitir la alerta de vencimiento de lotes farmacéuticos puede llevar a la administración de medicamentos caducados a los pacientes.
1484,2025-04-29,Facturacion,Nota de credito no se aplica al saldo pendiente del paciente,Admision,Ambato,Libertad de Riesgo,RNF-03 (Errores de Facturación),"Fallas en la aplicación de notas de crédito o reembolsos que distorsionan los estados de cuenta, arriesgando multas tributarias e inconformidad legal."
1485,2025-04-30,Portal Citas,Cancelacion de cita no libera el cupo en el calendario,Paciente,Manta,Efectividad,Funcionalidad,Falla de funcionalidad en el módulo Portal Citas que impide al usuario completar sus tareas de manera precisa y completa.
1486,2025-05-01,Laboratorio,Codigo de barras de la muestra no es reconocido por el lector,Tecnico Laboratorio,Quito,Efectividad,Funcionalidad,Falla de funcionalidad en el módulo Laboratorio que impide al usuario completar sus tareas de manera precisa y completa.
1487,2025-05-02,Imagenologia,Las imagenes de rayos X no cargan en el visor DICOM,Radiologo,Guayaquil,Efectividad,Funcionalidad,Falla de funcionalidad en el módulo Imagenologia que impide al usuario completar sus tareas de manera precisa y completa.
1488,2025-05-03,Portal Citas,Boton de confirmar cita no responde en dispositivos moviles,Paciente,Cuenca,Cobertura de Contexto,Portabilidad,"Falla de adaptabilidad de la interfaz en el contexto de dispositivos móviles, impidiendo confirmar citas desde pantallas de formatos pequeños."
1489,2025-05-04,Portal Citas,El pago del bono de consulta no se refleja tras completarlo,Paciente,Ambato,Libertad de Riesgo,RNF-03 (Errores de Facturación),Inconsistencia financiera en los cobros o transacciones del sistema que infringe las normativas contables y expone al hospital a pérdidas económicas.
1490,2025-05-05,Imagenologia,Tiempo de carga de estudios de imagen supera los 19s,Radiologo,Manta,Eficiencia,Eficiencia Operativa,La lentitud en la carga y transferencia de archivos DICOM pesados degrada la eficiencia del flujo de trabajo clínico en imagenología.
1491,2025-05-06,Facturacion,Retraso de 15s al procesar el pago con tarjeta de credito,Admision,Quito,Eficiencia,Eficiencia Operativa,El procesamiento lento del cobro con tarjeta retrasa el flujo de caja y la atención administrativa de admisión.
1492,2025-05-07,HCE,El sistema no permite adjuntar imagenes de heridas desde la tablet,Medico,Guayaquil,Cobertura de Contexto,Flexibilidad de Dispositivo,El sistema presenta limitaciones de portabilidad y compatibilidad al operar en el contexto físico específico de tablets para adjuntar imágenes de heridas.
1493,2025-05-08,HCE,Historial de alergias no carga al abrir la ficha del paciente,Medico,Cuenca,Libertad de Riesgo,Seguridad Clínica,"Falla crítica que expone la seguridad del paciente al omitir información vital de alergias, con un alto riesgo de shock anafiláctico o mala praxis."
1494,2025-05-09,HCE,Historial de alergias no carga al abrir la ficha del paciente,Medico,Ambato,Libertad de Riesgo,Seguridad Clínica,"Falla crítica que expone la seguridad del paciente al omitir información vital de alergias, con un alto riesgo de shock anafiláctico o mala praxis."
1495,2025-05-10,HCE,El campo de diagnostico CIE-10 no permite busqueda por texto,Medico,Manta,Efectividad,Funcionalidad,Restricción de funcionalidad que impide al usuario realizar una acción requerida para completar su tarea.
1496,2025-05-11,Telemedicina,Videollamada se corta a los 3 minutos,Paciente,Quito,Cobertura de Contexto,RNF-05 (Disponibilidad de llamada),"Falta de resiliencia del canal de comunicación ante variaciones en la conectividad del usuario, interrumpiendo la sesión de teleconsulta en producción."
1497,2025-05-12,Farmacia,Receta electronica llega incompleta desde el modulo de HCE,Farmacia,Guayaquil,Efectividad,Funcionalidad,Falla de funcionalidad en el módulo Farmacia que impide al usuario completar sus tareas de manera precisa y completa.
1498,2025-05-13,Farmacia,El sistema bloquea la dispensacion sin mostrar el motivo,Farmacia,Cuenca,Satisfacción,Usabilidad,La falta de mensajes informativos claros y feedback del sistema incrementa la incertidumbre y frustración del operario farmacéutico.
1499,2025-05-14,Imagenologia,Las imagenes de rayos X no cargan en el visor DICOM,Radiologo,Ambato,Efectividad,Funcionalidad,Falla de funcionalidad en el módulo Imagenologia que impide al usuario completar sus tareas de manera precisa y completa.
1500,2025-05-15,Facturacion,Discrepancia entre el monto facturado y el detalle de servicios,Admision,Manta,Libertad de Riesgo,RNF-03 (Errores de Facturación),"Errores en el cálculo del copago de seguros o discrepancias de montos facturados, induciendo a pérdidas financieras o reclamaciones legales."
1501,2025-05-16,App Movil,La app no permite actualizar el numero de contacto del paciente,Paciente,Quito,Efectividad,Funcionalidad,Restricción de funcionalidad que impide al usuario realizar una acción requerida para completar su tarea.
1502,2025-05-17,Portal Citas,Usuario no logra agendar tras 5 intentos,Paciente,Guayaquil,Satisfacción,RNF-02 (Pasos del Portal),"Incapacidad del usuario de lograr su meta tras múltiples intentos, violando el RNF-02 y provocando un alto nivel de frustración."
1503,2025-05-18,Imagenologia,Las imagenes de rayos X no cargan en el visor DICOM,Radiologo,Cuenca,Efectividad,Funcionalidad,Falla de funcionalidad en el módulo Imagenologia que impide al usuario completar sus tareas de manera precisa y completa.
1504,2025-05-19,Facturacion,Reembolso aprobado no se refleja en el estado de cuenta,Admision,Ambato,Libertad de Riesgo,RNF-03 (Errores de Facturación),"Fallas en la aplicación de notas de crédito o reembolsos que distorsionan los estados de cuenta, arriesgando multas tributarias e inconformidad legal."
1505,2025-05-20,Portal Citas,Cita agendada no aparece reflejada en el calendario del especialista,Paciente,Manta,Efectividad,Funcionalidad,Falla de funcionalidad en el módulo Portal Citas que impide al usuario completar sus tareas de manera precisa y completa.
1506,2025-05-21,Laboratorio,Resultado de examen de laboratorio no se sincroniza con la HCE,Tecnico Laboratorio,Quito,Efectividad,Integración de Datos,Error de integración funcional que impide la sincronización y actualización del registro médico entre módulos del HIS.
1507,2025-05-22,Imagenologia,Perdida de calidad en las imagenes al ser visualizadas desde la app,Radiologo,Guayaquil,Satisfacción,Usabilidad,Degradación visual que afecta la comodidad y confianza de los médicos al visualizar estudios clínicos desde la app móvil.
1508,2025-05-23,Telemedicina,Videollamada se corta a los 2 minutos,Paciente,Cuenca,Cobertura de Contexto,RNF-05 (Disponibilidad de llamada),"Falta de resiliencia del canal de comunicación ante variaciones en la conectividad del usuario, interrumpiendo la sesión de teleconsulta en producción."
1509,2025-05-24,Portal Citas,El sistema no envia la confirmacion por correo electronico,Paciente,Ambato,Efectividad,Funcionalidad,Falla funcional que impide completar la tarea de confirmación de cita al paciente por canal de correo electrónico.
1510,2025-05-25,Facturacion,El sistema no permite anular una factura emitida por error,Admision,Manta,Efectividad,Funcionalidad,Restricción de funcionalidad que impide al usuario realizar una acción requerida para completar su tarea.
1511,2025-05-26,App Movil,Notificaciones push no llegan pese a estar activadas,Paciente,Quito,Efectividad,Funcionalidad,Falla de funcionalidad en el módulo App Movil que impide al usuario completar sus tareas de manera precisa y completa.
1512,2025-05-27,Telemedicina,El medico no puede compartir pantalla con resultados de examenes,Paciente,Guayaquil,Efectividad,Funcionalidad,Falla de funcionalidad en el módulo Telemedicina que impide al usuario completar sus tareas de manera precisa y completa.
1513,2025-05-28,Portal Citas,El sistema no envia la confirmacion por correo electronico,Paciente,Cuenca,Efectividad,Funcionalidad,Falla funcional que impide completar la tarea de confirmación de cita al paciente por canal de correo electrónico.
1514,2025-05-29,Reportes Gerenciales,Tiempo de generacion del reporte mensual supera los 25 minutos,Gerencia,Ambato,Eficiencia,Eficiencia Operativa,"Demoras severas en la generación de reportes mensuales de inteligencia de negocio, penalizando la eficiencia en el tiempo de procesamiento y toma de decisiones."
1515,2025-05-30,Facturacion,El sistema no reconoce el convenio con la aseguradora,Admision,Manta,Libertad de Riesgo,RNF-03 (Errores de Facturación),El no reconocimiento de convenios de aseguradoras genera fricción de cobro y riesgo de pérdidas económicas por servicios no cubiertos correctamente.
1516,2025-05-31,Facturacion,Nota de credito no se aplica al saldo pendiente del paciente,Admision,Quito,Libertad de Riesgo,RNF-03 (Errores de Facturación),"Fallas en la aplicación de notas de crédito o reembolsos que distorsionan los estados de cuenta, arriesgando multas tributarias e inconformidad legal."
1517,2025-06-01,HCE,Perdida de la nota de evolucion tras un cierre inesperado de sesion,Medico,Guayaquil,Efectividad,Funcionalidad,Falla de funcionalidad en el módulo HCE que impide al usuario completar sus tareas de manera precisa y completa.
1518,2025-06-02,Facturacion,Reintento de transaccion genera doble cobro en la tarjeta,Admision,Cuenca,Libertad de Riesgo,RNF-03 (Errores de Facturación),"Violación del requerimiento no funcional RNF-03 de facturación; genera cobros indebidos en las tarjetas del cliente, comprometiendo la confianza y el riesgo financiero."
1519,2025-06-03,Farmacia,Alerta de vencimiento de lote no se muestra en el modulo,Farmacia,Ambato,Libertad de Riesgo,Seguridad Clínica,Omitir la alerta de vencimiento de lotes farmacéuticos puede llevar a la administración de medicamentos caducados a los pacientes.
1520,2025-06-04,HCE,Orden medica no se sincroniza con el modulo de farmacia,Medico,Manta,Efectividad,Integración Funcional,Error de integración funcional que impide la sincronización y actualización del registro médico entre módulos del HIS.
1521,2025-06-05,App Movil,Resultados de examenes no se visualizan en formato PDF,Paciente,Quito,Efectividad,Funcionalidad,Falla de funcionalidad en el módulo App Movil que impide al usuario completar sus tareas de manera precisa y completa.
1522,2025-06-06,HCE,Firma electronica del medico no se valida al cerrar la consulta,Medico,Guayaquil,Efectividad,Funcionalidad,Falla de funcionalidad en el módulo HCE que impide al usuario completar sus tareas de manera precisa y completa.
1523,2025-06-07,Portal Citas,Notificacion de recordatorio de cita llega con la fecha incorrecta,Paciente,Cuenca,Efectividad,Funcionalidad,Falla de funcionalidad en el módulo Portal Citas que impide al usuario completar sus tareas de manera precisa y completa.
1524,2025-06-08,HCE,Perdida de la nota de evolucion tras un cierre inesperado de sesion,Medico,Ambato,Efectividad,Funcionalidad,Falla de funcionalidad en el módulo HCE que impide al usuario completar sus tareas de manera precisa y completa.
1525,2025-06-09,Portal Citas,Error al reagendar una cita previamente confirmada,Paciente,Manta,Efectividad,Funcionalidad,Falla de funcionalidad en el módulo Portal Citas que impide al usuario completar sus tareas de manera precisa y completa.
1526,2025-06-10,Telemedicina,La sesion se cierra automaticamente antes de terminar la consulta,Paciente,Quito,Efectividad,Funcionalidad,Falla de funcionalidad en el módulo Telemedicina que impide al usuario completar sus tareas de manera precisa y completa.
1527,2025-06-11,Reportes Gerenciales,Discrepancia entre el reporte financiero y el modulo de facturacion,Gerencia,Guayaquil,Libertad de Riesgo,RNF-03 (Errores de Facturación),"Discrepancia contable entre reportes directivos y facturación real, afectando las decisiones del negocio y la integridad de las auditorías."
1528,2025-06-12,Farmacia,Duplicidad de codigos entre dos presentaciones distintas de un mismo farmaco,Farmacia,Cuenca,Libertad de Riesgo,Seguridad Clínica,"La duplicación de códigos de fármacos introduce un riesgo de dispensación errónea en farmacia, comprometiendo la seguridad terapéutica del paciente."
1529,2025-06-13,HCE,El sistema no permite adjuntar imagenes de heridas desde la tablet,Medico,Ambato,Cobertura de Contexto,Flexibilidad de Dispositivo,El sistema presenta limitaciones de portabilidad y compatibilidad al operar en el contexto físico específico de tablets para adjuntar imágenes de heridas.
1530,2025-06-14,HCE,Duplicado de historia clinica al registrar un paciente ya existente,Medico,Manta,Libertad de Riesgo,Seguridad Clínica,"Riesgo de seguridad clínica debido a la fragmentación de la información de salud del paciente, lo que puede inducir a diagnósticos y tratamientos erróneos."
1531,2025-06-15,Telemedicina,Videollamada se corta a los 4 minutos,Paciente,Quito,Cobertura de Contexto,RNF-05 (Disponibilidad de llamada),"Falta de resiliencia del canal de comunicación ante variaciones en la conectividad del usuario, interrumpiendo la sesión de teleconsulta en producción."
1532,2025-06-16,Farmacia,Receta electronica llega incompleta desde el modulo de HCE,Farmacia,Guayaquil,Efectividad,Funcionalidad,Falla de funcionalidad en el módulo Farmacia que impide al usuario completar sus tareas de manera precisa y completa.
1533,2025-06-17,HCE,Orden medica no se sincroniza con el modulo de farmacia,Medico,Cuenca,Efectividad,Integración Funcional,Error de integración funcional que impide la sincronización y actualización del registro médico entre módulos del HIS.
1534,2025-06-18,HCE,Nota de evolucion tarda 35s en guardarse,Medico,Ambato,Eficiencia,RNF-01 (Latencia HCE),"El tiempo de guardado supera los 8 segundos tolerables, violando directamente el requerimiento no funcional RNF-01 de rendimiento del sistema para notas clínicas."
1535,2025-06-19,HCE,Tiempo de carga de la ficha clinica supera los 19s en horas pico,Medico,Manta,Eficiencia,Eficiencia Operativa,La latencia en horas pico para abrir la ficha clínica perjudica la productividad del médico durante la consulta.
1536,2025-06-20,HCE,Firma electronica del medico no se valida al cerrar la consulta,Medico,Quito,Efectividad,Funcionalidad,Falla de funcionalidad en el módulo HCE que impide al usuario completar sus tareas de manera precisa y completa.
1537,2025-06-21,HCE,Tiempo de carga de la ficha clinica supera los 26s en horas pico,Medico,Guayaquil,Eficiencia,Eficiencia Operativa,La latencia en horas pico para abrir la ficha clínica perjudica la productividad del médico durante la consulta.
1538,2025-06-22,Facturacion,Reintento de transaccion genera doble cobro en la tarjeta,Admision,Cuenca,Libertad de Riesgo,RNF-03 (Errores de Facturación),"Violación del requerimiento no funcional RNF-03 de facturación; genera cobros indebidos en las tarjetas del cliente, comprometiendo la confianza y el riesgo financiero."
1539,2025-06-23,App Movil,El inicio de sesion con biometria falla de forma intermitente,Paciente,Ambato,Satisfacción,Usabilidad,La inestabilidad en el inicio biométrico genera frustración y reduce la confianza y comodidad del usuario al acceder al aplicativo móvil.
1540,2025-06-24,Telemedicina,Grabacion de la consulta no se almacena correctamente,Paciente,Manta,Efectividad,Funcionalidad,Falla de funcionalidad en el módulo Telemedicina que impide al usuario completar sus tareas de manera precisa y completa.
1541,2025-06-25,HCE,Nota de evolucion tarda 22s en guardarse,Medico,Quito,Eficiencia,RNF-01 (Latencia HCE),"El tiempo de guardado supera los 8 segundos tolerables, violando directamente el requerimiento no funcional RNF-01 de rendimiento del sistema para notas clínicas."
1542,2025-06-26,App Movil,El boton de teleconsulta no redirige correctamente a la videollamada,Paciente,Guayaquil,Efectividad,Funcionalidad,Falla de funcionalidad en el módulo App Movil que impide al usuario completar sus tareas de manera precisa y completa.
1543,2025-06-27,App Movil,El boton de teleconsulta no redirige correctamente a la videollamada,Paciente,Cuenca,Efectividad,Funcionalidad,Falla de funcionalidad en el módulo App Movil que impide al usuario completar sus tareas de manera precisa y completa.
1544,2025-06-28,HCE,Tiempo de carga de la ficha clinica supera los 35s en horas pico,Medico,Ambato,Eficiencia,Eficiencia Operativa,La latencia en horas pico para abrir la ficha clínica perjudica la productividad del médico durante la consulta.
1545,2025-06-29,Facturacion,Factura electronica no llega al correo registrado del paciente,Admision,Manta,Efectividad,Funcionalidad,Falla de funcionalidad en el módulo Facturacion que impide al usuario completar sus tareas de manera precisa y completa.
1546,2025-06-30,Telemedicina,El medico no puede compartir pantalla con resultados de examenes,Paciente,Quito,Efectividad,Funcionalidad,Falla de funcionalidad en el módulo Telemedicina que impide al usuario completar sus tareas de manera precisa y completa.
1547,2025-07-01,Facturacion,Error de calculo en el copago del seguro medico,Admision,Guayaquil,Libertad de Riesgo,RNF-03 (Errores de Facturación),"Errores en el cálculo del copago de seguros o discrepancias de montos facturados, induciendo a pérdidas financieras o reclamaciones legales."
1548,2025-07-02,Telemedicina,Notificacion de inicio de teleconsulta llega con retraso de 13s,Paciente,Cuenca,Eficiencia,Eficiencia Operativa,"El sistema presenta tiempos de respuesta elevados que consumen recursos de tiempo innecesarios, degradando la eficiencia del usuario en sus tareas."
1549,2025-07-03,Imagenologia,Perdida de calidad en las imagenes al ser visualizadas desde la app,Radiologo,Ambato,Satisfacción,Usabilidad,Degradación visual que afecta la comodidad y confianza de los médicos al visualizar estudios clínicos desde la app móvil.
1550,2025-07-04,Laboratorio,Orden de laboratorio duplicada tras reintentar el envio,Tecnico Laboratorio,Manta,Efectividad,Funcionalidad,Falla de funcionalidad en el módulo Laboratorio que impide al usuario completar sus tareas de manera precisa y completa.
1551,2025-07-05,Facturacion,Retraso de 21s al procesar el pago con tarjeta de credito,Admision,Quito,Eficiencia,Eficiencia Operativa,El procesamiento lento del cobro con tarjeta retrasa el flujo de caja y la atención administrativa de admisión.
1552,2025-07-06,Portal Citas,El portal muestra disponibilidad para un horario ya ocupado,Paciente,Guayaquil,Efectividad,Funcionalidad,Falla de funcionalidad en el módulo Portal Citas que impide al usuario completar sus tareas de manera precisa y completa.
1553,2025-07-07,HCE,Receta electronica se genera con la dosis incorrecta tras guardar,Medico,Cuenca,Libertad de Riesgo,Seguridad Clínica,"Riesgo extremo de salud para el paciente al guardar dosis farmacológicas erróneas en la receta electrónica, pudiendo causar sobredosis o inefectividad clínica."
1554,2025-07-08,App Movil,Resultados de examenes no se visualizan en formato PDF,Paciente,Ambato,Efectividad,Funcionalidad,Falla de funcionalidad en el módulo App Movil que impide al usuario completar sus tareas de manera precisa y completa.
1555,2025-07-09,Portal Citas,"Formulario confuso, abandono de registro antes de completar la cita",Paciente,Manta,Satisfacción,RNF-02 (Pasos del Portal),"Diseño de interfaz de usuario confuso que provoca el abandono del registro, afectando la métrica de satisfacción y facilidad de uso percibida."
1556,2025-07-10,Laboratorio,Retraso de 33s en la disponibilidad de resultados criticos,Tecnico Laboratorio,Quito,Eficiencia,Eficiencia Operativa,"El sistema presenta tiempos de respuesta elevados que consumen recursos de tiempo innecesarios, degradando la eficiencia del usuario en sus tareas."
1557,2025-07-11,Telemedicina,Grabacion de la consulta no se almacena correctamente,Paciente,Guayaquil,Efectividad,Funcionalidad,Falla de funcionalidad en el módulo Telemedicina que impide al usuario completar sus tareas de manera precisa y completa.
1558,2025-07-12,HCE,Nota de evolucion tarda 19s en guardarse,Medico,Cuenca,Eficiencia,RNF-01 (Latencia HCE),"El tiempo de guardado supera los 8 segundos tolerables, violando directamente el requerimiento no funcional RNF-01 de rendimiento del sistema para notas clínicas."
1559,2025-07-13,Facturacion,Nota de credito no se aplica al saldo pendiente del paciente,Admision,Ambato,Libertad de Riesgo,RNF-03 (Errores de Facturación),"Fallas en la aplicación de notas de crédito o reembolsos que distorsionan los estados de cuenta, arriesgando multas tributarias e inconformidad legal."
1560,2025-07-14,App Movil,Notificaciones push no llegan pese a estar activadas,Paciente,Manta,Efectividad,Funcionalidad,Falla de funcionalidad en el módulo App Movil que impide al usuario completar sus tareas de manera precisa y completa.
1561,2025-07-15,Facturacion,El sistema no permite anular una factura emitida por error,Admision,Quito,Efectividad,Funcionalidad,Restricción de funcionalidad que impide al usuario realizar una acción requerida para completar su tarea.
1562,2025-07-16,Farmacia,El sistema bloquea la dispensacion sin mostrar el motivo,Farmacia,Guayaquil,Satisfacción,Usabilidad,La falta de mensajes informativos claros y feedback del sistema incrementa la incertidumbre y frustración del operario farmacéutico.
1563,2025-07-17,Farmacia,El sistema no descuenta automaticamente el medicamento dispensado,Farmacia,Cuenca,Efectividad,Funcionalidad,Falla de funcionalidad en el módulo Farmacia que impide al usuario completar sus tareas de manera precisa y completa.
1564,2025-07-18,Laboratorio,El sistema no permite adjuntar el reporte en PDF del laboratorio externo,Tecnico Laboratorio,Ambato,Efectividad,Funcionalidad,Restricción de funcionalidad que impide al usuario realizar una acción requerida para completar su tarea.
1565,2025-07-19,HCE,Firma electronica del medico no se valida al cerrar la consulta,Medico,Manta,Efectividad,Funcionalidad,Falla de funcionalidad en el módulo HCE que impide al usuario completar sus tareas de manera precisa y completa.
1566,2025-07-20,Portal Citas,El sistema no envia la confirmacion por correo electronico,Paciente,Quito,Efectividad,Funcionalidad,Falla funcional que impide completar la tarea de confirmación de cita al paciente por canal de correo electrónico.
1567,2025-07-21,Facturacion,Reembolso aprobado no se refleja en el estado de cuenta,Admision,Guayaquil,Libertad de Riesgo,RNF-03 (Errores de Facturación),"Fallas en la aplicación de notas de crédito o reembolsos que distorsionan los estados de cuenta, arriesgando multas tributarias e inconformidad legal."
1568,2025-07-22,HCE,Consulta anterior no se muestra en el resumen de antecedentes,Medico,Cuenca,Efectividad,Funcionalidad,Falla de funcionalidad en el módulo HCE que impide al usuario completar sus tareas de manera precisa y completa.
1569,2025-07-23,HCE,Historial de alergias no carga al abrir la ficha del paciente,Medico,Ambato,Libertad de Riesgo,Seguridad Clínica,"Falla crítica que expone la seguridad del paciente al omitir información vital de alergias, con un alto riesgo de shock anafiláctico o mala praxis."
1570,2025-07-24,Telemedicina,Audio desincronizado durante la teleconsulta,Paciente,Manta,Satisfacción,RNF-05 (Disponibilidad de llamada),Mala experiencia sensorial e interactiva durante la teleconsulta que impacta el RNF-05 y la percepción de calidad del servicio.
1571,2025-07-25,HCE,Consulta anterior no se muestra en el resumen de antecedentes,Medico,Quito,Efectividad,Funcionalidad,Falla de funcionalidad en el módulo HCE que impide al usuario completar sus tareas de manera precisa y completa.
1572,2025-07-26,HCE,Nota de evolucion tarda 28s en guardarse,Medico,Guayaquil,Eficiencia,RNF-01 (Latencia HCE),"El tiempo de guardado supera los 8 segundos tolerables, violando directamente el requerimiento no funcional RNF-01 de rendimiento del sistema para notas clínicas."
1573,2025-07-27,App Movil,El boton de teleconsulta no redirige correctamente a la videollamada,Paciente,Cuenca,Efectividad,Funcionalidad,Falla de funcionalidad en el módulo App Movil que impide al usuario completar sus tareas de manera precisa y completa.
1574,2025-07-28,Imagenologia,Las imagenes de rayos X no cargan en el visor DICOM,Radiologo,Ambato,Efectividad,Funcionalidad,Falla de funcionalidad en el módulo Imagenologia que impide al usuario completar sus tareas de manera precisa y completa.
1575,2025-07-29,HCE,Perdida de la nota de evolucion tras un cierre inesperado de sesion,Medico,Manta,Efectividad,Funcionalidad,Falla de funcionalidad en el módulo HCE que impide al usuario completar sus tareas de manera precisa y completa.
1576,2025-07-30,Imagenologia,Las imagenes de rayos X no cargan en el visor DICOM,Radiologo,Quito,Efectividad,Funcionalidad,Falla de funcionalidad en el módulo Imagenologia que impide al usuario completar sus tareas de manera precisa y completa.
1577,2025-07-31,HCE,Consulta anterior no se muestra en el resumen de antecedentes,Medico,Guayaquil,Efectividad,Funcionalidad,Falla de funcionalidad en el módulo HCE que impide al usuario completar sus tareas de manera precisa y completa.
1578,2025-08-01,HCE,El sistema se congela al adjuntar resultados de laboratorio a la HCE,Medico,Cuenca,Efectividad,Funcionalidad,Falla de funcionalidad en el módulo HCE que impide al usuario completar sus tareas de manera precisa y completa.
1579,2025-08-02,App Movil,El boton de teleconsulta no redirige correctamente a la videollamada,Paciente,Ambato,Efectividad,Funcionalidad,Falla de funcionalidad en el módulo App Movil que impide al usuario completar sus tareas de manera precisa y completa.
1580,2025-08-03,Laboratorio,Codigo de barras de la muestra no es reconocido por el lector,Tecnico Laboratorio,Manta,Efectividad,Funcionalidad,Falla de funcionalidad en el módulo Laboratorio que impide al usuario completar sus tareas de manera precisa y completa.
1581,2025-08-04,App Movil,Notificaciones push no llegan pese a estar activadas,Paciente,Quito,Efectividad,Funcionalidad,Falla de funcionalidad en el módulo App Movil que impide al usuario completar sus tareas de manera precisa y completa.
1582,2025-08-05,Farmacia,Tiempo de respuesta del modulo de farmacia supera los 24s,Farmacia,Guayaquil,Eficiencia,Eficiencia Operativa,"El sistema presenta tiempos de respuesta elevados que consumen recursos de tiempo innecesarios, degradando la eficiencia del usuario en sus tareas."
1583,2025-08-06,Laboratorio,Retraso de 35s en la disponibilidad de resultados criticos,Tecnico Laboratorio,Cuenca,Eficiencia,Eficiencia Operativa,"El sistema presenta tiempos de respuesta elevados que consumen recursos de tiempo innecesarios, degradando la eficiencia del usuario en sus tareas."
1584,2025-08-07,Portal Citas,Notificacion de recordatorio de cita llega con la fecha incorrecta,Paciente,Ambato,Efectividad,Funcionalidad,Falla de funcionalidad en el módulo Portal Citas que impide al usuario completar sus tareas de manera precisa y completa.
1585,2025-08-08,Laboratorio,Resultado de examen de laboratorio no se sincroniza con la HCE,Tecnico Laboratorio,Manta,Efectividad,Integración de Datos,Error de integración funcional que impide la sincronización y actualización del registro médico entre módulos del HIS.
1586,2025-08-09,HCE,Duplicado de historia clinica al registrar un paciente ya existente,Medico,Quito,Libertad de Riesgo,Seguridad Clínica,"Riesgo de seguridad clínica debido a la fragmentación de la información de salud del paciente, lo que puede inducir a diagnósticos y tratamientos erróneos."
1587,2025-08-10,Portal Citas,El portal muestra disponibilidad para un horario ya ocupado,Paciente,Guayaquil,Efectividad,Funcionalidad,Falla de funcionalidad en el módulo Portal Citas que impide al usuario completar sus tareas de manera precisa y completa.
1588,2025-08-11,App Movil,Notificaciones push no llegan pese a estar activadas,Paciente,Cuenca,Efectividad,Funcionalidad,Falla de funcionalidad en el módulo App Movil que impide al usuario completar sus tareas de manera precisa y completa.
1589,2025-08-12,Portal Citas,Notificacion de recordatorio de cita llega con la fecha incorrecta,Paciente,Ambato,Efectividad,Funcionalidad,Falla de funcionalidad en el módulo Portal Citas que impide al usuario completar sus tareas de manera precisa y completa.
1590,2025-08-13,Portal Citas,El sistema no envia la confirmacion por correo electronico,Paciente,Manta,Efectividad,Funcionalidad,Falla funcional que impide completar la tarea de confirmación de cita al paciente por canal de correo electrónico.
1591,2025-08-14,Laboratorio,El sistema no permite adjuntar el reporte en PDF del laboratorio externo,Tecnico Laboratorio,Quito,Efectividad,Funcionalidad,Restricción de funcionalidad que impide al usuario realizar una acción requerida para completar su tarea.
1592,2025-08-15,Portal Citas,Cita agendada no aparece reflejada en el calendario del especialista,Paciente,Guayaquil,Efectividad,Funcionalidad,Falla de funcionalidad en el módulo Portal Citas que impide al usuario completar sus tareas de manera precisa y completa.
1593,2025-08-16,Facturacion,Retraso de 26s al procesar el pago con tarjeta de credito,Admision,Cuenca,Eficiencia,Eficiencia Operativa,El procesamiento lento del cobro con tarjeta retrasa el flujo de caja y la atención administrativa de admisión.
1594,2025-08-17,Telemedicina,Receta electronica no se genera al finalizar la teleconsulta,Paciente,Ambato,Efectividad,Funcionalidad,Falla de funcionalidad en el módulo Telemedicina que impide al usuario completar sus tareas de manera precisa y completa.
1595,2025-08-18,Telemedicina,Receta electronica no se genera al finalizar la teleconsulta,Paciente,Manta,Efectividad,Funcionalidad,Falla de funcionalidad en el módulo Telemedicina que impide al usuario completar sus tareas de manera precisa y completa.
1596,2025-08-19,Farmacia,Inventario del sistema no coincide con el stock fisico del insumo,Farmacia,Quito,Efectividad,Funcionalidad,Falla de funcionalidad en el módulo Farmacia que impide al usuario completar sus tareas de manera precisa y completa.
1597,2025-08-20,Farmacia,El sistema no descuenta automaticamente el medicamento dispensado,Farmacia,Guayaquil,Efectividad,Funcionalidad,Falla de funcionalidad en el módulo Farmacia que impide al usuario completar sus tareas de manera precisa y completa.
1598,2025-08-21,Farmacia,Tiempo de respuesta del modulo de farmacia supera los 19s,Farmacia,Cuenca,Eficiencia,Eficiencia Operativa,"El sistema presenta tiempos de respuesta elevados que consumen recursos de tiempo innecesarios, degradando la eficiencia del usuario en sus tareas."
1599,2025-08-22,HCE,Signos vitales registrados por enfermeria no aparecen en la HCE del medico,Medico,Ambato,Efectividad,Integración de Datos,Falla de funcionalidad en el módulo HCE que impide al usuario completar sus tareas de manera precisa y completa.
1600,2025-08-23,Farmacia,Receta electronica llega incompleta desde el modulo de HCE,Farmacia,Manta,Efectividad,Funcionalidad,Falla de funcionalidad en el módulo Farmacia que impide al usuario completar sus tareas de manera precisa y completa.
1601,2025-08-24,HCE,Consulta anterior no se muestra en el resumen de antecedentes,Medico,Quito,Efectividad,Funcionalidad,Falla de funcionalidad en el módulo HCE que impide al usuario completar sus tareas de manera precisa y completa.
1602,2025-08-25,Farmacia,Tiempo de respuesta del modulo de farmacia supera los 34s,Farmacia,Guayaquil,Eficiencia,Eficiencia Operativa,"El sistema presenta tiempos de respuesta elevados que consumen recursos de tiempo innecesarios, degradando la eficiencia del usuario en sus tareas."
1603,2025-08-26,Portal Citas,Boton de confirmar cita no responde en dispositivos moviles,Paciente,Cuenca,Cobertura de Contexto,Portabilidad,"Falla de adaptabilidad de la interfaz en el contexto de dispositivos móviles, impidiendo confirmar citas desde pantallas de formatos pequeños."
1604,2025-08-27,Farmacia,Inventario del sistema no coincide con el stock fisico del insumo,Farmacia,Ambato,Efectividad,Funcionalidad,Falla de funcionalidad en el módulo Farmacia que impide al usuario completar sus tareas de manera precisa y completa.
1605,2025-08-28,Imagenologia,Perdida de calidad en las imagenes al ser visualizadas desde la app,Radiologo,Manta,Satisfacción,Usabilidad,Degradación visual que afecta la comodidad y confianza de los médicos al visualizar estudios clínicos desde la app móvil.
1606,2025-08-29,Imagenologia,Tiempo de carga de estudios de imagen supera los 21s,Radiologo,Quito,Eficiencia,Eficiencia Operativa,La lentitud en la carga y transferencia de archivos DICOM pesados degrada la eficiencia del flujo de trabajo clínico en imagenología.
1607,2025-08-30,Portal Citas,El portal muestra disponibilidad para un horario ya ocupado,Paciente,Guayaquil,Efectividad,Funcionalidad,Falla de funcionalidad en el módulo Portal Citas que impide al usuario completar sus tareas de manera precisa y completa.
1608,2025-08-31,Telemedicina,Receta electronica no se genera al finalizar la teleconsulta,Paciente,Cuenca,Efectividad,Funcionalidad,Falla de funcionalidad en el módulo Telemedicina que impide al usuario completar sus tareas de manera precisa y completa.
1609,2025-09-01,App Movil,La app no permite actualizar el numero de contacto del paciente,Paciente,Ambato,Efectividad,Funcionalidad,Restricción de funcionalidad que impide al usuario realizar una acción requerida para completar su tarea.
1610,2025-09-02,Facturacion,Error de calculo en el copago del seguro medico,Admision,Manta,Libertad de Riesgo,RNF-03 (Errores de Facturación),"Errores en el cálculo del copago de seguros o discrepancias de montos facturados, induciendo a pérdidas financieras o reclamaciones legales."
1611,2025-09-03,HCE,Perdida de la nota de evolucion tras un cierre inesperado de sesion,Medico,Quito,Efectividad,Funcionalidad,Falla de funcionalidad en el módulo HCE que impide al usuario completar sus tareas de manera precisa y completa.
1612,2025-09-04,Laboratorio,Retraso de 18s en la disponibilidad de resultados criticos,Tecnico Laboratorio,Guayaquil,Eficiencia,Eficiencia Operativa,"El sistema presenta tiempos de respuesta elevados que consumen recursos de tiempo innecesarios, degradando la eficiencia del usuario en sus tareas."
1613,2025-09-05,Telemedicina,La sesion se cierra automaticamente antes de terminar la consulta,Paciente,Cuenca,Efectividad,Funcionalidad,Falla de funcionalidad en el módulo Telemedicina que impide al usuario completar sus tareas de manera precisa y completa.
1614,2025-09-06,Facturacion,El sistema no reconoce el convenio con la aseguradora,Admision,Ambato,Libertad de Riesgo,RNF-03 (Errores de Facturación),El no reconocimiento de convenios de aseguradoras genera fricción de cobro y riesgo de pérdidas económicas por servicios no cubiertos correctamente.
1615,2025-09-07,Portal Citas,El sistema no envia la confirmacion por correo electronico,Paciente,Manta,Efectividad,Funcionalidad,Falla funcional que impide completar la tarea de confirmación de cita al paciente por canal de correo electrónico.
1616,2025-09-08,Facturacion,El modulo de facturacion se cae durante el cierre de caja,Admision,Quito,Efectividad,Funcionalidad,Falla de funcionalidad en el módulo Facturacion que impide al usuario completar sus tareas de manera precisa y completa.
1617,2025-09-09,App Movil,Resultados de examenes no se visualizan en formato PDF,Paciente,Guayaquil,Efectividad,Funcionalidad,Falla de funcionalidad en el módulo App Movil que impide al usuario completar sus tareas de manera precisa y completa.
1618,2025-09-10,Farmacia,Alerta de vencimiento de lote no se muestra en el modulo,Farmacia,Cuenca,Libertad de Riesgo,Seguridad Clínica,Omitir la alerta de vencimiento de lotes farmacéuticos puede llevar a la administración de medicamentos caducados a los pacientes.
1619,2025-09-11,Farmacia,Receta electronica llega incompleta desde el modulo de HCE,Farmacia,Ambato,Efectividad,Funcionalidad,Falla de funcionalidad en el módulo Farmacia que impide al usuario completar sus tareas de manera precisa y completa.
1620,2025-09-12,Telemedicina,El medico no puede compartir pantalla con resultados de examenes,Paciente,Manta,Efectividad,Funcionalidad,Falla de funcionalidad en el módulo Telemedicina que impide al usuario completar sus tareas de manera precisa y completa.
1621,2025-09-13,HCE,Datos de otro paciente visibles brevemente al abrir un expediente,Medico,Quito,Libertad de Riesgo,Seguridad Clínica,"Fuga de información y violación de la confidencialidad médica (HIPAA/Ley de Protección de Datos), exponiendo datos de otros pacientes."
1622,2025-09-14,HCE,Signos vitales registrados por enfermeria no aparecen en la HCE del medico,Medico,Guayaquil,Efectividad,Integración de Datos,Falla de funcionalidad en el módulo HCE que impide al usuario completar sus tareas de manera precisa y completa.
1623,2025-09-15,App Movil,La app no permite actualizar el numero de contacto del paciente,Paciente,Cuenca,Efectividad,Funcionalidad,Restricción de funcionalidad que impide al usuario realizar una acción requerida para completar su tarea.
1624,2025-09-16,Facturacion,Factura generada con el nombre del paciente incorrecto,Admision,Ambato,Efectividad,Funcionalidad,Falla de funcionalidad en el módulo Facturacion que impide al usuario completar sus tareas de manera precisa y completa.
1625,2025-09-17,Facturacion,El sistema no reconoce el convenio con la aseguradora,Admision,Manta,Libertad de Riesgo,RNF-03 (Errores de Facturación),El no reconocimiento de convenios de aseguradoras genera fricción de cobro y riesgo de pérdidas económicas por servicios no cubiertos correctamente.
1626,2025-09-18,Portal Citas,Notificacion de recordatorio de cita llega con la fecha incorrecta,Paciente,Quito,Efectividad,Funcionalidad,Falla de funcionalidad en el módulo Portal Citas que impide al usuario completar sus tareas de manera precisa y completa.
1627,2025-09-19,Telemedicina,Grabacion de la consulta no se almacena correctamente,Paciente,Guayaquil,Efectividad,Funcionalidad,Falla de funcionalidad en el módulo Telemedicina que impide al usuario completar sus tareas de manera precisa y completa.
1628,2025-09-20,Laboratorio,Codigo de barras de la muestra no es reconocido por el lector,Tecnico Laboratorio,Cuenca,Efectividad,Funcionalidad,Falla de funcionalidad en el módulo Laboratorio que impide al usuario completar sus tareas de manera precisa y completa.
1629,2025-09-21,HCE,El campo de diagnostico CIE-10 no permite busqueda por texto,Medico,Ambato,Efectividad,Funcionalidad,Restricción de funcionalidad que impide al usuario realizar una acción requerida para completar su tarea.
1630,2025-09-22,Facturacion,Error de calculo en el copago del seguro medico,Admision,Manta,Libertad de Riesgo,RNF-03 (Errores de Facturación),"Errores en el cálculo del copago de seguros o discrepancias de montos facturados, induciendo a pérdidas financieras o reclamaciones legales."
1631,2025-09-23,Farmacia,Inventario del sistema no coincide con el stock fisico del insumo,Farmacia,Quito,Efectividad,Funcionalidad,Falla de funcionalidad en el módulo Farmacia que impide al usuario completar sus tareas de manera precisa y completa.
1632,2025-09-24,App Movil,Resultados de examenes no se visualizan en formato PDF,Paciente,Guayaquil,Efectividad,Funcionalidad,Falla de funcionalidad en el módulo App Movil que impide al usuario completar sus tareas de manera precisa y completa.
1633,2025-09-25,Laboratorio,Orden de laboratorio duplicada tras reintentar el envio,Tecnico Laboratorio,Cuenca,Efectividad,Funcionalidad,Falla de funcionalidad en el módulo Laboratorio que impide al usuario completar sus tareas de manera precisa y completa.
1634,2025-09-26,Farmacia,Alerta de vencimiento de lote no se muestra en el modulo,Farmacia,Ambato,Libertad de Riesgo,Seguridad Clínica,Omitir la alerta de vencimiento de lotes farmacéuticos puede llevar a la administración de medicamentos caducados a los pacientes.
1635,2025-09-27,HCE,El campo de diagnostico CIE-10 no permite busqueda por texto,Medico,Manta,Efectividad,Funcionalidad,Restricción de funcionalidad que impide al usuario realizar una acción requerida para completar su tarea.
1636,2025-09-28,App Movil,El inicio de sesion con biometria falla de forma intermitente,Paciente,Quito,Satisfacción,Usabilidad,La inestabilidad en el inicio biométrico genera frustración y reduce la confianza y comodidad del usuario al acceder al aplicativo móvil.
1637,2025-09-29,Facturacion,Nota de credito no se aplica al saldo pendiente del paciente,Admision,Guayaquil,Libertad de Riesgo,RNF-03 (Errores de Facturación),"Fallas en la aplicación de notas de crédito o reembolsos que distorsionan los estados de cuenta, arriesgando multas tributarias e inconformidad legal."
1638,2025-09-30,App Movil,Resultados de examenes no se visualizan en formato PDF,Paciente,Cuenca,Efectividad,Funcionalidad,Falla de funcionalidad en el módulo App Movil que impide al usuario completar sus tareas de manera precisa y completa.
1639,2025-10-01,HCE,Tiempo de carga de la ficha clinica supera los 33s en horas pico,Medico,Ambato,Eficiencia,Eficiencia Operativa,La latencia en horas pico para abrir la ficha clínica perjudica la productividad del médico durante la consulta.
1640,2025-10-02,HCE,Nota de evolucion tarda 15s en guardarse,Medico,Manta,Eficiencia,RNF-01 (Latencia HCE),"El tiempo de guardado supera los 8 segundos tolerables, violando directamente el requerimiento no funcional RNF-01 de rendimiento del sistema para notas clínicas."
1641,2025-10-03,Facturacion,Error de calculo en el copago del seguro medico,Admision,Quito,Libertad de Riesgo,RNF-03 (Errores de Facturación),"Errores en el cálculo del copago de seguros o discrepancias de montos facturados, induciendo a pérdidas financieras o reclamaciones legales."
1642,2025-10-04,HCE,Perdida de la nota de evolucion tras un cierre inesperado de sesion,Medico,Guayaquil,Efectividad,Funcionalidad,Falla de funcionalidad en el módulo HCE que impide al usuario completar sus tareas de manera precisa y completa.
1643,2025-10-05,Laboratorio,El sistema no permite adjuntar el reporte en PDF del laboratorio externo,Tecnico Laboratorio,Cuenca,Efectividad,Funcionalidad,Restricción de funcionalidad que impide al usuario realizar una acción requerida para completar su tarea.
1644,2025-10-06,Telemedicina,Notificacion de inicio de teleconsulta llega con retraso de 27s,Paciente,Ambato,Eficiencia,Eficiencia Operativa,"El sistema presenta tiempos de respuesta elevados que consumen recursos de tiempo innecesarios, degradando la eficiencia del usuario en sus tareas."
1645,2025-10-07,Imagenologia,Las imagenes de rayos X no cargan en el visor DICOM,Radiologo,Manta,Efectividad,Funcionalidad,Falla de funcionalidad en el módulo Imagenologia que impide al usuario completar sus tareas de manera precisa y completa.
1646,2025-10-08,Telemedicina,Notificacion de inicio de teleconsulta llega con retraso de 28s,Paciente,Quito,Eficiencia,Eficiencia Operativa,"El sistema presenta tiempos de respuesta elevados que consumen recursos de tiempo innecesarios, degradando la eficiencia del usuario en sus tareas."
1647,2025-10-09,HCE,El sistema se congela al adjuntar resultados de laboratorio a la HCE,Medico,Guayaquil,Efectividad,Funcionalidad,Falla de funcionalidad en el módulo HCE que impide al usuario completar sus tareas de manera precisa y completa.
1648,2025-10-10,HCE,El sistema no permite adjuntar imagenes de heridas desde la tablet,Medico,Cuenca,Cobertura de Contexto,Flexibilidad de Dispositivo,El sistema presenta limitaciones de portabilidad y compatibilidad al operar en el contexto físico específico de tablets para adjuntar imágenes de heridas.
1649,2025-10-11,Laboratorio,Resultado de examen de laboratorio no se sincroniza con la HCE,Tecnico Laboratorio,Ambato,Efectividad,Integración de Datos,Error de integración funcional que impide la sincronización y actualización del registro médico entre módulos del HIS.
1650,2025-10-12,Portal Citas,Usuario no logra agendar tras 5 intentos,Paciente,Manta,Satisfacción,RNF-02 (Pasos del Portal),"Incapacidad del usuario de lograr su meta tras múltiples intentos, violando el RNF-02 y provocando un alto nivel de frustración."
1651,2025-10-13,HCE,El sistema se congela al adjuntar resultados de laboratorio a la HCE,Medico,Quito,Efectividad,Funcionalidad,Falla de funcionalidad en el módulo HCE que impide al usuario completar sus tareas de manera precisa y completa.
1652,2025-10-14,App Movil,Consumo elevado de datos moviles al abrir el modulo de citas,Paciente,Guayaquil,Cobertura de Contexto,Portabilidad,"Consumo excesivo de ancho de banda móvil, lo que restringe el uso eficiente del sistema en redes celulares de datos (fuera de la intranet del hospital)."
1653,2025-10-15,Laboratorio,Resultado de examen de laboratorio no se sincroniza con la HCE,Tecnico Laboratorio,Cuenca,Efectividad,Integración de Datos,Error de integración funcional que impide la sincronización y actualización del registro médico entre módulos del HIS.
1654,2025-10-16,Telemedicina,El medico no puede compartir pantalla con resultados de examenes,Paciente,Ambato,Efectividad,Funcionalidad,Falla de funcionalidad en el módulo Telemedicina que impide al usuario completar sus tareas de manera precisa y completa.
1655,2025-10-17,Telemedicina,El medico no puede compartir pantalla con resultados de examenes,Paciente,Manta,Efectividad,Funcionalidad,Falla de funcionalidad en el módulo Telemedicina que impide al usuario completar sus tareas de manera precisa y completa.
1656,2025-10-18,Farmacia,El sistema no descuenta automaticamente el medicamento dispensado,Farmacia,Quito,Efectividad,Funcionalidad,Falla de funcionalidad en el módulo Farmacia que impide al usuario completar sus tareas de manera precisa y completa.
1657,2025-10-19,Portal Citas,El portal muestra disponibilidad para un horario ya ocupado,Paciente,Guayaquil,Efectividad,Funcionalidad,Falla de funcionalidad en el módulo Portal Citas que impide al usuario completar sus tareas de manera precisa y completa.
1658,2025-10-20,Portal Citas,Cita agendada no aparece reflejada en el calendario del especialista,Paciente,Cuenca,Efectividad,Funcionalidad,Falla de funcionalidad en el módulo Portal Citas que impide al usuario completar sus tareas de manera precisa y completa.
1659,2025-10-21,Reportes Gerenciales,El dashboard de indicadores no refleja los datos del ultimo cierre,Gerencia,Ambato,Efectividad,Funcionalidad,Inconsistencia en la actualización de datos que impide la visualización correcta de información operativa reciente.
1660,2025-10-22,Farmacia,Tiempo de respuesta del modulo de farmacia supera los 28s,Farmacia,Manta,Eficiencia,Eficiencia Operativa,"El sistema presenta tiempos de respuesta elevados que consumen recursos de tiempo innecesarios, degradando la eficiencia del usuario en sus tareas."
1661,2025-10-23,Telemedicina,Videollamada se corta a los 2 minutos,Paciente,Quito,Cobertura de Contexto,RNF-05 (Disponibilidad de llamada),"Falta de resiliencia del canal de comunicación ante variaciones en la conectividad del usuario, interrumpiendo la sesión de teleconsulta en producción."
1662,2025-10-24,HCE,Nota de evolucion tarda 28s en guardarse,Medico,Guayaquil,Eficiencia,RNF-01 (Latencia HCE),"El tiempo de guardado supera los 8 segundos tolerables, violando directamente el requerimiento no funcional RNF-01 de rendimiento del sistema para notas clínicas."
1663,2025-10-25,Facturacion,Reintento de transaccion genera doble cobro en la tarjeta,Admision,Cuenca,Libertad de Riesgo,RNF-03 (Errores de Facturación),"Violación del requerimiento no funcional RNF-03 de facturación; genera cobros indebidos en las tarjetas del cliente, comprometiendo la confianza y el riesgo financiero."
1664,2025-10-26,Portal Citas,Notificacion de recordatorio de cita llega con la fecha incorrecta,Paciente,Ambato,Efectividad,Funcionalidad,Falla de funcionalidad en el módulo Portal Citas que impide al usuario completar sus tareas de manera precisa y completa.
1665,2025-10-27,App Movil,Resultados de examenes no se visualizan en formato PDF,Paciente,Manta,Efectividad,Funcionalidad,Falla de funcionalidad en el módulo App Movil que impide al usuario completar sus tareas de manera precisa y completa.
1666,2025-10-28,HCE,Perdida de la nota de evolucion tras un cierre inesperado de sesion,Medico,Quito,Efectividad,Funcionalidad,Falla de funcionalidad en el módulo HCE que impide al usuario completar sus tareas de manera precisa y completa.
1667,2025-10-29,Laboratorio,Resultado de examen de laboratorio no se sincroniza con la HCE,Tecnico Laboratorio,Guayaquil,Efectividad,Integración de Datos,Error de integración funcional que impide la sincronización y actualización del registro médico entre módulos del HIS.
1668,2025-10-30,Portal Citas,Sesion expira antes de finalizar el proceso de agendamiento,Paciente,Cuenca,Satisfacción,Usabilidad,"Mala experiencia de usuario que interrumpe de forma prematura el proceso de compra/agendamiento, forzando a repetir pasos."
1669,2025-10-31,HCE,Firma electronica del medico no se valida al cerrar la consulta,Medico,Ambato,Efectividad,Funcionalidad,Falla de funcionalidad en el módulo HCE que impide al usuario completar sus tareas de manera precisa y completa.
1670,2025-11-01,Farmacia,Receta electronica llega incompleta desde el modulo de HCE,Farmacia,Manta,Efectividad,Funcionalidad,Falla de funcionalidad en el módulo Farmacia que impide al usuario completar sus tareas de manera precisa y completa.
1671,2025-11-02,Farmacia,Alerta de vencimiento de lote no se muestra en el modulo,Farmacia,Quito,Libertad de Riesgo,Seguridad Clínica,Omitir la alerta de vencimiento de lotes farmacéuticos puede llevar a la administración de medicamentos caducados a los pacientes.
1672,2025-11-03,HCE,Orden medica no se sincroniza con el modulo de farmacia,Medico,Guayaquil,Efectividad,Integración Funcional,Error de integración funcional que impide la sincronización y actualización del registro médico entre módulos del HIS.
1673,2025-11-04,HCE,Signos vitales registrados por enfermeria no aparecen en la HCE del medico,Medico,Cuenca,Efectividad,Integración de Datos,Falla de funcionalidad en el módulo HCE que impide al usuario completar sus tareas de manera precisa y completa.
1674,2025-11-05,Telemedicina,Audio desincronizado durante la teleconsulta,Paciente,Ambato,Satisfacción,RNF-05 (Disponibilidad de llamada),Mala experiencia sensorial e interactiva durante la teleconsulta que impacta el RNF-05 y la percepción de calidad del servicio.
1675,2025-11-06,HCE,El sistema se congela al adjuntar resultados de laboratorio a la HCE,Medico,Manta,Efectividad,Funcionalidad,Falla de funcionalidad en el módulo HCE que impide al usuario completar sus tareas de manera precisa y completa.
1676,2025-11-07,Farmacia,Tiempo de respuesta del modulo de farmacia supera los 12s,Farmacia,Quito,Eficiencia,Eficiencia Operativa,"El sistema presenta tiempos de respuesta elevados que consumen recursos de tiempo innecesarios, degradando la eficiencia del usuario en sus tareas."
1677,2025-11-08,Portal Citas,Cita agendada no aparece reflejada en el calendario del especialista,Paciente,Guayaquil,Efectividad,Funcionalidad,Falla de funcionalidad en el módulo Portal Citas que impide al usuario completar sus tareas de manera precisa y completa.
1678,2025-11-09,Laboratorio,Orden de laboratorio duplicada tras reintentar el envio,Tecnico Laboratorio,Cuenca,Efectividad,Funcionalidad,Falla de funcionalidad en el módulo Laboratorio que impide al usuario completar sus tareas de manera precisa y completa.
1679,2025-11-10,HCE,Receta electronica se genera con la dosis incorrecta tras guardar,Medico,Ambato,Libertad de Riesgo,Seguridad Clínica,"Riesgo extremo de salud para el paciente al guardar dosis farmacológicas erróneas en la receta electrónica, pudiendo causar sobredosis o inefectividad clínica."
1680,2025-11-11,HCE,El sistema se congela al adjuntar resultados de laboratorio a la HCE,Medico,Manta,Efectividad,Funcionalidad,Falla de funcionalidad en el módulo HCE que impide al usuario completar sus tareas de manera precisa y completa.
1681,2025-11-12,Telemedicina,El chat de la consulta no permite enviar imagenes,Paciente,Quito,Efectividad,Funcionalidad,Restricción de funcionalidad que impide al usuario realizar una acción requerida para completar su tarea.
1682,2025-11-13,HCE,Receta electronica se genera con la dosis incorrecta tras guardar,Medico,Guayaquil,Libertad de Riesgo,Seguridad Clínica,"Riesgo extremo de salud para el paciente al guardar dosis farmacológicas erróneas en la receta electrónica, pudiendo causar sobredosis o inefectividad clínica."
1683,2025-11-14,HCE,Historial de alergias no carga al abrir la ficha del paciente,Medico,Cuenca,Libertad de Riesgo,Seguridad Clínica,"Falla crítica que expone la seguridad del paciente al omitir información vital de alergias, con un alto riesgo de shock anafiláctico o mala praxis."
1684,2025-11-15,Facturacion,Reembolso aprobado no se refleja en el estado de cuenta,Admision,Ambato,Libertad de Riesgo,RNF-03 (Errores de Facturación),"Fallas en la aplicación de notas de crédito o reembolsos que distorsionan los estados de cuenta, arriesgando multas tributarias e inconformidad legal."
1685,2025-11-16,HCE,Alerta de interaccion medicamentosa no se despliega correctamente,Medico,Manta,Libertad de Riesgo,Seguridad Clínica,El fallo en el despliegue de alertas de interacción farmacológica pone en riesgo inminente la salud del paciente ante combinaciones letales.
1686,2025-11-17,Imagenologia,El informe radiologico no se adjunta automaticamente a la HCE,Radiologo,Quito,Efectividad,Funcionalidad,Falla de funcionalidad en el módulo Imagenologia que impide al usuario completar sus tareas de manera precisa y completa.
1687,2025-11-18,App Movil,El boton de teleconsulta no redirige correctamente a la videollamada,Paciente,Guayaquil,Efectividad,Funcionalidad,Falla de funcionalidad en el módulo App Movil que impide al usuario completar sus tareas de manera precisa y completa.
1688,2025-11-19,HCE,Orden medica no se sincroniza con el modulo de farmacia,Medico,Cuenca,Efectividad,Integración Funcional,Error de integración funcional que impide la sincronización y actualización del registro médico entre módulos del HIS.
1689,2025-11-20,Facturacion,Factura electronica no llega al correo registrado del paciente,Admision,Ambato,Efectividad,Funcionalidad,Falla de funcionalidad en el módulo Facturacion que impide al usuario completar sus tareas de manera precisa y completa.
1690,2025-11-21,HCE,Alerta de interaccion medicamentosa no se despliega correctamente,Medico,Manta,Libertad de Riesgo,Seguridad Clínica,El fallo en el despliegue de alertas de interacción farmacológica pone en riesgo inminente la salud del paciente ante combinaciones letales.
1691,2025-11-22,HCE,Perdida de la nota de evolucion tras un cierre inesperado de sesion,Medico,Quito,Efectividad,Funcionalidad,Falla de funcionalidad en el módulo HCE que impide al usuario completar sus tareas de manera precisa y completa.
1692,2025-11-23,Imagenologia,El informe radiologico no se adjunta automaticamente a la HCE,Radiologo,Guayaquil,Efectividad,Funcionalidad,Falla de funcionalidad en el módulo Imagenologia que impide al usuario completar sus tareas de manera precisa y completa.
1693,2025-11-24,Facturacion,El modulo de facturacion se cae durante el cierre de caja,Admision,Cuenca,Efectividad,Funcionalidad,Falla de funcionalidad en el módulo Facturacion que impide al usuario completar sus tareas de manera precisa y completa.
1694,2025-11-25,HCE,El sistema se congela al adjuntar resultados de laboratorio a la HCE,Medico,Ambato,Efectividad,Funcionalidad,Falla de funcionalidad en el módulo HCE que impide al usuario completar sus tareas de manera precisa y completa.
1695,2025-11-26,Imagenologia,El informe radiologico no se adjunta automaticamente a la HCE,Radiologo,Manta,Efectividad,Funcionalidad,Falla de funcionalidad en el módulo Imagenologia que impide al usuario completar sus tareas de manera precisa y completa.
1696,2025-11-27,Telemedicina,Calidad de video muy baja pese a tener buena conexion a internet,Paciente,Quito,Satisfacción,RNF-05 (Disponibilidad de llamada),Mala experiencia sensorial e interactiva durante la teleconsulta que impacta el RNF-05 y la percepción de calidad del servicio.
1697,2025-11-28,Facturacion,Retraso de 29s al procesar el pago con tarjeta de credito,Admision,Guayaquil,Eficiencia,Eficiencia Operativa,El procesamiento lento del cobro con tarjeta retrasa el flujo de caja y la atención administrativa de admisión.
1698,2025-11-29,Farmacia,Receta electronica llega incompleta desde el modulo de HCE,Farmacia,Cuenca,Efectividad,Funcionalidad,Falla de funcionalidad en el módulo Farmacia que impide al usuario completar sus tareas de manera precisa y completa.
1699,2025-11-30,HCE,Consulta anterior no se muestra en el resumen de antecedentes,Medico,Ambato,Efectividad,Funcionalidad,Falla de funcionalidad en el módulo HCE que impide al usuario completar sus tareas de manera precisa y completa.
1700,2025-12-01,App Movil,El inicio de sesion con biometria falla de forma intermitente,Paciente,Manta,Satisfacción,Usabilidad,La inestabilidad en el inicio biométrico genera frustración y reduce la confianza y comodidad del usuario al acceder al aplicativo móvil.
1701,2025-12-02,Facturacion,Factura duplicada al reintentar pago,Admision,Quito,Libertad de Riesgo,RNF-03 (Errores de Facturación),"Violación del requerimiento no funcional RNF-03 de facturación; genera cobros indebidos en las tarjetas del cliente, comprometiendo la confianza y el riesgo financiero."
1702,2025-12-03,App Movil,Resultados de examenes no se visualizan en formato PDF,Paciente,Guayaquil,Efectividad,Funcionalidad,Falla de funcionalidad en el módulo App Movil que impide al usuario completar sus tareas de manera precisa y completa.
1703,2025-12-04,Telemedicina,Notificacion de inicio de teleconsulta llega con retraso de 11s,Paciente,Cuenca,Eficiencia,Eficiencia Operativa,"El sistema presenta tiempos de respuesta elevados que consumen recursos de tiempo innecesarios, degradando la eficiencia del usuario en sus tareas."
1704,2025-12-05,Portal Citas,El portal muestra disponibilidad para un horario ya ocupado,Paciente,Ambato,Efectividad,Funcionalidad,Falla de funcionalidad en el módulo Portal Citas que impide al usuario completar sus tareas de manera precisa y completa.
1705,2025-12-06,HCE,Consulta anterior no se muestra en el resumen de antecedentes,Medico,Manta,Efectividad,Funcionalidad,Falla de funcionalidad en el módulo HCE que impide al usuario completar sus tareas de manera precisa y completa.
1706,2025-12-07,HCE,Nota de evolucion tarda 33s en guardarse,Medico,Quito,Eficiencia,RNF-01 (Latencia HCE),"El tiempo de guardado supera los 8 segundos tolerables, violando directamente el requerimiento no funcional RNF-01 de rendimiento del sistema para notas clínicas."
1707,2025-12-08,HCE,Consulta anterior no se muestra en el resumen de antecedentes,Medico,Guayaquil,Efectividad,Funcionalidad,Falla de funcionalidad en el módulo HCE que impide al usuario completar sus tareas de manera precisa y completa.
1708,2025-12-09,Facturacion,Factura generada con el nombre del paciente incorrecto,Admision,Cuenca,Efectividad,Funcionalidad,Falla de funcionalidad en el módulo Facturacion que impide al usuario completar sus tareas de manera precisa y completa.
1709,2025-12-10,HCE,Datos de otro paciente visibles brevemente al abrir un expediente,Medico,Ambato,Libertad de Riesgo,Seguridad Clínica,"Fuga de información y violación de la confidencialidad médica (HIPAA/Ley de Protección de Datos), exponiendo datos de otros pacientes."
1710,2025-12-11,HCE,Signos vitales registrados por enfermeria no aparecen en la HCE del medico,Medico,Manta,Efectividad,Integración de Datos,Falla de funcionalidad en el módulo HCE que impide al usuario completar sus tareas de manera precisa y completa.
1711,2025-12-12,Portal Citas,Cancelacion de cita no libera el cupo en el calendario,Paciente,Quito,Efectividad,Funcionalidad,Falla de funcionalidad en el módulo Portal Citas que impide al usuario completar sus tareas de manera precisa y completa.
1712,2025-12-13,HCE,El sistema se congela al adjuntar resultados de laboratorio a la HCE,Medico,Guayaquil,Efectividad,Funcionalidad,Falla de funcionalidad en el módulo HCE que impide al usuario completar sus tareas de manera precisa y completa.
1713,2025-12-14,Portal Citas,Doble reserva de un mismo cupo por dos pacientes distintos,Paciente,Cuenca,Libertad de Riesgo,RNF-03 (Errores de Facturación),"Doble agendamiento de un mismo cupo que genera sobreventa de citas, colapso de agenda de especialistas y multas o insatisfacción comercial."
1714,2025-12-15,App Movil,El boton de teleconsulta no redirige correctamente a la videollamada,Paciente,Ambato,Efectividad,Funcionalidad,Falla de funcionalidad en el módulo App Movil que impide al usuario completar sus tareas de manera precisa y completa.
1715,2025-12-16,HCE,Historial de alergias no carga al abrir la ficha del paciente,Medico,Manta,Libertad de Riesgo,Seguridad Clínica,"Falla crítica que expone la seguridad del paciente al omitir información vital de alergias, con un alto riesgo de shock anafiláctico o mala praxis."
1716,2025-12-17,Telemedicina,El medico no puede compartir pantalla con resultados de examenes,Paciente,Quito,Efectividad,Funcionalidad,Falla de funcionalidad en el módulo Telemedicina que impide al usuario completar sus tareas de manera precisa y completa.
1717,2025-12-18,Farmacia,Tiempo de respuesta del modulo de farmacia supera los 30s,Farmacia,Guayaquil,Eficiencia,Eficiencia Operativa,"El sistema presenta tiempos de respuesta elevados que consumen recursos de tiempo innecesarios, degradando la eficiencia del usuario en sus tareas."
1718,2025-12-19,App Movil,Consumo elevado de datos moviles al abrir el modulo de citas,Paciente,Cuenca,Cobertura de Contexto,Portabilidad,"Consumo excesivo de ancho de banda móvil, lo que restringe el uso eficiente del sistema en redes celulares de datos (fuera de la intranet del hospital)."
1719,2025-12-20,App Movil,Notificaciones push no llegan pese a estar activadas,Paciente,Ambato,Efectividad,Funcionalidad,Falla de funcionalidad en el módulo App Movil que impide al usuario completar sus tareas de manera precisa y completa.
1720,2025-12-21,Portal Citas,El portal muestra disponibilidad para un horario ya ocupado,Paciente,Manta,Efectividad,Funcionalidad,Falla de funcionalidad en el módulo Portal Citas que impide al usuario completar sus tareas de manera precisa y completa.
1721,2025-12-22,Portal Citas,Cita agendada no aparece reflejada en el calendario del especialista,Paciente,Quito,Efectividad,Funcionalidad,Falla de funcionalidad en el módulo Portal Citas que impide al usuario completar sus tareas de manera precisa y completa.
1722,2025-12-23,Laboratorio,Orden de laboratorio duplicada tras reintentar el envio,Tecnico Laboratorio,Guayaquil,Efectividad,Funcionalidad,Falla de funcionalidad en el módulo Laboratorio que impide al usuario completar sus tareas de manera precisa y completa.
1723,2025-12-24,Telemedicina,Calidad de video muy baja pese a tener buena conexion a internet,Paciente,Cuenca,Satisfacción,RNF-05 (Disponibilidad de llamada),Mala experiencia sensorial e interactiva durante la teleconsulta que impacta el RNF-05 y la percepción de calidad del servicio.
1724,2025-12-25,Portal Citas,Notificacion de recordatorio de cita llega con la fecha incorrecta,Paciente,Ambato,Efectividad,Funcionalidad,Falla de funcionalidad en el módulo Portal Citas que impide al usuario completar sus tareas de manera precisa y completa.
1725,2025-12-26,HCE,Receta electronica se genera con la dosis incorrecta tras guardar,Medico,Manta,Libertad de Riesgo,Seguridad Clínica,"Riesgo extremo de salud para el paciente al guardar dosis farmacológicas erróneas en la receta electrónica, pudiendo causar sobredosis o inefectividad clínica."
1726,2025-12-27,Farmacia,Error al registrar la dispensacion de un medicamento controlado,Farmacia,Quito,Libertad de Riesgo,Seguridad Clínica,"Error en el registro de medicamentos regulados, lo que genera riesgos legales, regulatorios y de seguridad en el control de sustancias psicotrópicas."
1727,2025-12-28,Telemedicina,Videollamada se corta a los 5 minutos,Paciente,Guayaquil,Cobertura de Contexto,RNF-05 (Disponibilidad de llamada),"Falta de resiliencia del canal de comunicación ante variaciones en la conectividad del usuario, interrumpiendo la sesión de teleconsulta en producción."
1728,2025-12-29,Portal Citas,Tiempo de espera en el portal supera los 11s en horas pico,Paciente,Cuenca,Eficiencia,Eficiencia Operativa,"El sistema presenta tiempos de respuesta elevados que consumen recursos de tiempo innecesarios, degradando la eficiencia del usuario en sus tareas."
1729,2025-12-30,HCE,Alerta de interaccion medicamentosa no se despliega correctamente,Medico,Ambato,Libertad de Riesgo,Seguridad Clínica,El fallo en el despliegue de alertas de interacción farmacológica pone en riesgo inminente la salud del paciente ante combinaciones letales.
1730,2025-12-31,HCE,Datos de otro paciente visibles brevemente al abrir un expediente,Medico,Manta,Libertad de Riesgo,Seguridad Clínica,"Fuga de información y violación de la confidencialidad médica (HIPAA/Ley de Protección de Datos), exponiendo datos de otros pacientes."
1731,2025-01-01,Facturacion,Reembolso aprobado no se refleja en el estado de cuenta,Admision,Quito,Libertad de Riesgo,RNF-03 (Errores de Facturación),"Fallas en la aplicación de notas de crédito o reembolsos que distorsionan los estados de cuenta, arriesgando multas tributarias e inconformidad legal."
1732,2025-01-02,HCE,Historial de alergias no carga al abrir la ficha del paciente,Medico,Guayaquil,Libertad de Riesgo,Seguridad Clínica,"Falla crítica que expone la seguridad del paciente al omitir información vital de alergias, con un alto riesgo de shock anafiláctico o mala praxis."
1733,2025-01-03,HCE,Tiempo de carga de la ficha clinica supera los 19s en horas pico,Medico,Cuenca,Eficiencia,Eficiencia Operativa,La latencia en horas pico para abrir la ficha clínica perjudica la productividad del médico durante la consulta.
1734,2025-01-04,Facturacion,Factura electronica no llega al correo registrado del paciente,Admision,Ambato,Efectividad,Funcionalidad,Falla de funcionalidad en el módulo Facturacion que impide al usuario completar sus tareas de manera precisa y completa.
1735,2025-01-05,App Movil,La aplicacion se cierra inesperadamente al abrir resultados de laboratorio,Paciente,Manta,Efectividad,Funcionalidad,"Interrupción abrupta del sistema que impide que el usuario termine el registro de datos, reduciendo la efectividad operativa."
1736,2025-01-06,App Movil,El inicio de sesion con biometria falla de forma intermitente,Paciente,Quito,Satisfacción,Usabilidad,La inestabilidad en el inicio biométrico genera frustración y reduce la confianza y comodidad del usuario al acceder al aplicativo móvil.
1737,2025-01-07,App Movil,El boton de teleconsulta no redirige correctamente a la videollamada,Paciente,Guayaquil,Efectividad,Funcionalidad,Falla de funcionalidad en el módulo App Movil que impide al usuario completar sus tareas de manera precisa y completa.
1738,2025-01-08,HCE,Receta electronica se genera con la dosis incorrecta tras guardar,Medico,Cuenca,Libertad de Riesgo,Seguridad Clínica,"Riesgo extremo de salud para el paciente al guardar dosis farmacológicas erróneas en la receta electrónica, pudiendo causar sobredosis o inefectividad clínica."
1739,2025-01-09,Facturacion,Factura duplicada al reintentar pago,Admision,Ambato,Libertad de Riesgo,RNF-03 (Errores de Facturación),"Violación del requerimiento no funcional RNF-03 de facturación; genera cobros indebidos en las tarjetas del cliente, comprometiendo la confianza y el riesgo financiero."
1740,2025-01-10,HCE,El sistema no permite adjuntar imagenes de heridas desde la tablet,Medico,Manta,Cobertura de Contexto,Flexibilidad de Dispositivo,El sistema presenta limitaciones de portabilidad y compatibilidad al operar en el contexto físico específico de tablets para adjuntar imágenes de heridas.
1741,2025-01-11,Laboratorio,El sistema no permite adjuntar el reporte en PDF del laboratorio externo,Tecnico Laboratorio,Quito,Efectividad,Funcionalidad,Restricción de funcionalidad que impide al usuario realizar una acción requerida para completar su tarea.
1742,2025-01-12,HCE,El sistema no permite adjuntar imagenes de heridas desde la tablet,Medico,Guayaquil,Cobertura de Contexto,Flexibilidad de Dispositivo,El sistema presenta limitaciones de portabilidad y compatibilidad al operar en el contexto físico específico de tablets para adjuntar imágenes de heridas.
1743,2025-01-13,Facturacion,El sistema no permite anular una factura emitida por error,Admision,Cuenca,Efectividad,Funcionalidad,Restricción de funcionalidad que impide al usuario realizar una acción requerida para completar su tarea.
1744,2025-01-14,HCE,Alerta de interaccion medicamentosa no se despliega correctamente,Medico,Ambato,Libertad de Riesgo,Seguridad Clínica,El fallo en el despliegue de alertas de interacción farmacológica pone en riesgo inminente la salud del paciente ante combinaciones letales.
1745,2025-01-15,HCE,El sistema no permite adjuntar imagenes de heridas desde la tablet,Medico,Manta,Cobertura de Contexto,Flexibilidad de Dispositivo,El sistema presenta limitaciones de portabilidad y compatibilidad al operar en el contexto físico específico de tablets para adjuntar imágenes de heridas.
1746,2025-01-16,Facturacion,Error de calculo en el copago del seguro medico,Admision,Quito,Libertad de Riesgo,RNF-03 (Errores de Facturación),"Errores en el cálculo del copago de seguros o discrepancias de montos facturados, induciendo a pérdidas financieras o reclamaciones legales."
1747,2025-01-17,HCE,Tiempo de carga de la ficha clinica supera los 31s en horas pico,Medico,Guayaquil,Eficiencia,Eficiencia Operativa,La latencia en horas pico para abrir la ficha clínica perjudica la productividad del médico durante la consulta.
1748,2025-01-18,App Movil,Consumo elevado de datos moviles al abrir el modulo de citas,Paciente,Cuenca,Cobertura de Contexto,Portabilidad,"Consumo excesivo de ancho de banda móvil, lo que restringe el uso eficiente del sistema en redes celulares de datos (fuera de la intranet del hospital)."
1749,2025-01-19,HCE,Tiempo de carga de la ficha clinica supera los 11s en horas pico,Medico,Ambato,Eficiencia,Eficiencia Operativa,La latencia en horas pico para abrir la ficha clínica perjudica la productividad del médico durante la consulta.
1750,2025-01-20,Farmacia,El sistema no descuenta automaticamente el medicamento dispensado,Farmacia,Manta,Efectividad,Funcionalidad,Falla de funcionalidad en el módulo Farmacia que impide al usuario completar sus tareas de manera precisa y completa.
1751,2025-01-21,HCE,El sistema no permite adjuntar imagenes de heridas desde la tablet,Medico,Quito,Cobertura de Contexto,Flexibilidad de Dispositivo,El sistema presenta limitaciones de portabilidad y compatibilidad al operar en el contexto físico específico de tablets para adjuntar imágenes de heridas.
1752,2025-01-22,Laboratorio,Resultado de examen de laboratorio no se sincroniza con la HCE,Tecnico Laboratorio,Guayaquil,Efectividad,Integración de Datos,Error de integración funcional que impide la sincronización y actualización del registro médico entre módulos del HIS.
1753,2025-01-23,Telemedicina,El chat de la consulta no permite enviar imagenes,Paciente,Cuenca,Efectividad,Funcionalidad,Restricción de funcionalidad que impide al usuario realizar una acción requerida para completar su tarea.
1754,2025-01-24,Farmacia,Receta electronica llega incompleta desde el modulo de HCE,Farmacia,Ambato,Efectividad,Funcionalidad,Falla de funcionalidad en el módulo Farmacia que impide al usuario completar sus tareas de manera precisa y completa.
1755,2025-01-25,HCE,Datos de otro paciente visibles brevemente al abrir un expediente,Medico,Manta,Libertad de Riesgo,Seguridad Clínica,"Fuga de información y violación de la confidencialidad médica (HIPAA/Ley de Protección de Datos), exponiendo datos de otros pacientes."
1756,2025-01-26,Portal Citas,Cita agendada no aparece reflejada en el calendario del especialista,Paciente,Quito,Efectividad,Funcionalidad,Falla de funcionalidad en el módulo Portal Citas que impide al usuario completar sus tareas de manera precisa y completa.
1757,2025-01-27,Laboratorio,Resultado de examen de laboratorio no se sincroniza con la HCE,Tecnico Laboratorio,Guayaquil,Efectividad,Integración de Datos,Error de integración funcional que impide la sincronización y actualización del registro médico entre módulos del HIS.
1758,2025-01-28,App Movil,Consumo elevado de datos moviles al abrir el modulo de citas,Paciente,Cuenca,Cobertura de Contexto,Portabilidad,"Consumo excesivo de ancho de banda móvil, lo que restringe el uso eficiente del sistema en redes celulares de datos (fuera de la intranet del hospital)."
1759,2025-01-29,Farmacia,Inventario del sistema no coincide con el stock fisico del insumo,Farmacia,Ambato,Efectividad,Funcionalidad,Falla de funcionalidad en el módulo Farmacia que impide al usuario completar sus tareas de manera precisa y completa.
1760,2025-01-30,HCE,Alerta de interaccion medicamentosa no se despliega correctamente,Medico,Manta,Libertad de Riesgo,Seguridad Clínica,El fallo en el despliegue de alertas de interacción farmacológica pone en riesgo inminente la salud del paciente ante combinaciones letales.
1761,2025-01-31,App Movil,La app no permite actualizar el numero de contacto del paciente,Paciente,Quito,Efectividad,Funcionalidad,Restricción de funcionalidad que impide al usuario realizar una acción requerida para completar su tarea.
1762,2025-02-01,Portal Citas,El portal muestra disponibilidad para un horario ya ocupado,Paciente,Guayaquil,Efectividad,Funcionalidad,Falla de funcionalidad en el módulo Portal Citas que impide al usuario completar sus tareas de manera precisa y completa.
1763,2025-02-02,Farmacia,Inventario del sistema no coincide con el stock fisico del insumo,Farmacia,Cuenca,Efectividad,Funcionalidad,Falla de funcionalidad en el módulo Farmacia que impide al usuario completar sus tareas de manera precisa y completa.
1764,2025-02-03,App Movil,Consumo elevado de datos moviles al abrir el modulo de citas,Paciente,Ambato,Cobertura de Contexto,Portabilidad,"Consumo excesivo de ancho de banda móvil, lo que restringe el uso eficiente del sistema en redes celulares de datos (fuera de la intranet del hospital)."
1765,2025-02-04,HCE,Nota de evolucion tarda 14s en guardarse,Medico,Manta,Eficiencia,RNF-01 (Latencia HCE),"El tiempo de guardado supera los 8 segundos tolerables, violando directamente el requerimiento no funcional RNF-01 de rendimiento del sistema para notas clínicas."
1766,2025-02-05,Laboratorio,Codigo de barras de la muestra no es reconocido por el lector,Tecnico Laboratorio,Quito,Efectividad,Funcionalidad,Falla de funcionalidad en el módulo Laboratorio que impide al usuario completar sus tareas de manera precisa y completa.
1767,2025-02-06,Reportes Gerenciales,Exportacion a Excel del reporte gerencial falla de forma intermitente,Gerencia,Guayaquil,Efectividad,Funcionalidad,Falla intermitente en las exportaciones o ejecuciones de procesos del sistema que reduce la fiabilidad de las operaciones.
1768,2025-02-07,Portal Citas,El sistema no envia la confirmacion por correo electronico,Paciente,Cuenca,Efectividad,Funcionalidad,Falla funcional que impide completar la tarea de confirmación de cita al paciente por canal de correo electrónico.
1769,2025-02-08,HCE,Duplicado de historia clinica al registrar un paciente ya existente,Medico,Ambato,Libertad de Riesgo,Seguridad Clínica,"Riesgo de seguridad clínica debido a la fragmentación de la información de salud del paciente, lo que puede inducir a diagnósticos y tratamientos erróneos."
1770,2025-02-09,Telemedicina,La sesion se cierra automaticamente antes de terminar la consulta,Paciente,Manta,Efectividad,Funcionalidad,Falla de funcionalidad en el módulo Telemedicina que impide al usuario completar sus tareas de manera precisa y completa.
1771,2025-02-10,Laboratorio,El sistema no permite adjuntar el reporte en PDF del laboratorio externo,Tecnico Laboratorio,Quito,Efectividad,Funcionalidad,Restricción de funcionalidad que impide al usuario realizar una acción requerida para completar su tarea.
1772,2025-02-11,Telemedicina,El medico no puede compartir pantalla con resultados de examenes,Paciente,Guayaquil,Efectividad,Funcionalidad,Falla de funcionalidad en el módulo Telemedicina que impide al usuario completar sus tareas de manera precisa y completa.
1773,2025-02-12,Portal Citas,El sistema no envia la confirmacion por correo electronico,Paciente,Cuenca,Efectividad,Funcionalidad,Falla funcional que impide completar la tarea de confirmación de cita al paciente por canal de correo electrónico.
1774,2025-02-13,Telemedicina,Grabacion de la consulta no se almacena correctamente,Paciente,Ambato,Efectividad,Funcionalidad,Falla de funcionalidad en el módulo Telemedicina que impide al usuario completar sus tareas de manera precisa y completa.
1775,2025-02-14,Portal Citas,Error al reagendar una cita previamente confirmada,Paciente,Manta,Efectividad,Funcionalidad,Falla de funcionalidad en el módulo Portal Citas que impide al usuario completar sus tareas de manera precisa y completa.
1776,2025-02-15,App Movil,Version desactualizada del app impide iniciar sesion,Paciente,Quito,Cobertura de Contexto,Portabilidad,Incompatibilidad y falta de robustez del sistema cuando se ejecuta en el contexto de sistemas cliente que no cuentan con la última versión de software.
1777,2025-02-16,Farmacia,Error al registrar la dispensacion de un medicamento controlado,Farmacia,Guayaquil,Libertad de Riesgo,Seguridad Clínica,"Error en el registro de medicamentos regulados, lo que genera riesgos legales, regulatorios y de seguridad en el control de sustancias psicotrópicas."
1778,2025-02-17,Facturacion,El sistema no reconoce el convenio con la aseguradora,Admision,Cuenca,Libertad de Riesgo,RNF-03 (Errores de Facturación),El no reconocimiento de convenios de aseguradoras genera fricción de cobro y riesgo de pérdidas económicas por servicios no cubiertos correctamente.
1779,2025-02-18,Laboratorio,Codigo de barras de la muestra no es reconocido por el lector,Tecnico Laboratorio,Ambato,Efectividad,Funcionalidad,Falla de funcionalidad en el módulo Laboratorio que impide al usuario completar sus tareas de manera precisa y completa.
1780,2025-02-19,HCE,Nota de evolucion tarda 25s en guardarse,Medico,Manta,Eficiencia,RNF-01 (Latencia HCE),"El tiempo de guardado supera los 8 segundos tolerables, violando directamente el requerimiento no funcional RNF-01 de rendimiento del sistema para notas clínicas."
1781,2025-02-20,Imagenologia,Perdida de calidad en las imagenes al ser visualizadas desde la app,Radiologo,Quito,Satisfacción,Usabilidad,Degradación visual que afecta la comodidad y confianza de los médicos al visualizar estudios clínicos desde la app móvil.
1782,2025-02-21,Telemedicina,Paciente no puede unirse a la sala virtual a la hora agendada,Paciente,Guayaquil,Efectividad,Funcionalidad,Falla de funcionalidad en el módulo Telemedicina que impide al usuario completar sus tareas de manera precisa y completa.
1783,2025-02-22,Telemedicina,Videollamada se corta a los 4 minutos,Paciente,Cuenca,Cobertura de Contexto,RNF-05 (Disponibilidad de llamada),"Falta de resiliencia del canal de comunicación ante variaciones en la conectividad del usuario, interrumpiendo la sesión de teleconsulta en producción."
1784,2025-02-23,Farmacia,Receta electronica llega incompleta desde el modulo de HCE,Farmacia,Ambato,Efectividad,Funcionalidad,Falla de funcionalidad en el módulo Farmacia que impide al usuario completar sus tareas de manera precisa y completa.
1785,2025-02-24,HCE,El sistema no permite adjuntar imagenes de heridas desde la tablet,Medico,Manta,Cobertura de Contexto,Flexibilidad de Dispositivo,El sistema presenta limitaciones de portabilidad y compatibilidad al operar en el contexto físico específico de tablets para adjuntar imágenes de heridas.
1786,2025-02-25,Farmacia,Duplicidad de codigos entre dos presentaciones distintas de un mismo farmaco,Farmacia,Quito,Libertad de Riesgo,Seguridad Clínica,"La duplicación de códigos de fármacos introduce un riesgo de dispensación errónea en farmacia, comprometiendo la seguridad terapéutica del paciente."
1787,2025-02-26,Facturacion,Factura electronica no llega al correo registrado del paciente,Admision,Guayaquil,Efectividad,Funcionalidad,Falla de funcionalidad en el módulo Facturacion que impide al usuario completar sus tareas de manera precisa y completa.
1788,2025-02-27,Facturacion,Nota de credito no se aplica al saldo pendiente del paciente,Admision,Cuenca,Libertad de Riesgo,RNF-03 (Errores de Facturación),"Fallas en la aplicación de notas de crédito o reembolsos que distorsionan los estados de cuenta, arriesgando multas tributarias e inconformidad legal."
1789,2025-02-28,Reportes Gerenciales,Exportacion a Excel del reporte gerencial falla de forma intermitente,Gerencia,Ambato,Efectividad,Funcionalidad,Falla intermitente en las exportaciones o ejecuciones de procesos del sistema que reduce la fiabilidad de las operaciones.
1790,2025-03-01,Portal Citas,Filtro de especialidad medica no devuelve resultados,Paciente,Manta,Efectividad,Funcionalidad,Falla de funcionalidad en el módulo Portal Citas que impide al usuario completar sus tareas de manera precisa y completa.
1791,2025-03-02,Telemedicina,El chat de la consulta no permite enviar imagenes,Paciente,Quito,Efectividad,Funcionalidad,Restricción de funcionalidad que impide al usuario realizar una acción requerida para completar su tarea.
1792,2025-03-03,Farmacia,Error al registrar la dispensacion de un medicamento controlado,Farmacia,Guayaquil,Libertad de Riesgo,Seguridad Clínica,"Error en el registro de medicamentos regulados, lo que genera riesgos legales, regulatorios y de seguridad en el control de sustancias psicotrópicas."
1793,2025-03-04,Facturacion,Factura generada con el nombre del paciente incorrecto,Admision,Cuenca,Efectividad,Funcionalidad,Falla de funcionalidad en el módulo Facturacion que impide al usuario completar sus tareas de manera precisa y completa.
1794,2025-03-05,Imagenologia,Perdida de calidad en las imagenes al ser visualizadas desde la app,Radiologo,Ambato,Satisfacción,Usabilidad,Degradación visual que afecta la comodidad y confianza de los médicos al visualizar estudios clínicos desde la app móvil.
1795,2025-03-06,Telemedicina,Grabacion de la consulta no se almacena correctamente,Paciente,Manta,Efectividad,Funcionalidad,Falla de funcionalidad en el módulo Telemedicina que impide al usuario completar sus tareas de manera precisa y completa.
1796,2025-03-07,Portal Citas,El pago del bono de consulta no se refleja tras completarlo,Paciente,Quito,Libertad de Riesgo,RNF-03 (Errores de Facturación),Inconsistencia financiera en los cobros o transacciones del sistema que infringe las normativas contables y expone al hospital a pérdidas económicas.
1797,2025-03-08,Telemedicina,El chat de la consulta no permite enviar imagenes,Paciente,Guayaquil,Efectividad,Funcionalidad,Restricción de funcionalidad que impide al usuario realizar una acción requerida para completar su tarea.
1798,2025-03-09,App Movil,El inicio de sesion con biometria falla de forma intermitente,Paciente,Cuenca,Satisfacción,Usabilidad,La inestabilidad en el inicio biométrico genera frustración y reduce la confianza y comodidad del usuario al acceder al aplicativo móvil.
1799,2025-03-10,Portal Citas,Boton de confirmar cita no responde en dispositivos moviles,Paciente,Ambato,Cobertura de Contexto,Portabilidad,"Falla de adaptabilidad de la interfaz en el contexto de dispositivos móviles, impidiendo confirmar citas desde pantallas de formatos pequeños."
1800,2025-03-11,App Movil,Consumo elevado de datos moviles al abrir el modulo de citas,Paciente,Manta,Cobertura de Contexto,Portabilidad,"Consumo excesivo de ancho de banda móvil, lo que restringe el uso eficiente del sistema en redes celulares de datos (fuera de la intranet del hospital)."
1801,2025-03-12,Facturacion,Discrepancia entre el monto facturado y el detalle de servicios,Admision,Quito,Libertad de Riesgo,RNF-03 (Errores de Facturación),"Errores en el cálculo del copago de seguros o discrepancias de montos facturados, induciendo a pérdidas financieras o reclamaciones legales."
1802,2025-03-13,Portal Citas,Boton de confirmar cita no responde en dispositivos moviles,Paciente,Guayaquil,Cobertura de Contexto,Portabilidad,"Falla de adaptabilidad de la interfaz en el contexto de dispositivos móviles, impidiendo confirmar citas desde pantallas de formatos pequeños."
1803,2025-03-14,App Movil,Consumo elevado de datos moviles al abrir el modulo de citas,Paciente,Cuenca,Cobertura de Contexto,Portabilidad,"Consumo excesivo de ancho de banda móvil, lo que restringe el uso eficiente del sistema en redes celulares de datos (fuera de la intranet del hospital)."
1804,2025-03-15,HCE,Orden medica no se sincroniza con el modulo de farmacia,Medico,Ambato,Efectividad,Integración Funcional,Error de integración funcional que impide la sincronización y actualización del registro médico entre módulos del HIS.
1805,2025-03-16,HCE,El campo de diagnostico CIE-10 no permite busqueda por texto,Medico,Manta,Efectividad,Funcionalidad,Restricción de funcionalidad que impide al usuario realizar una acción requerida para completar su tarea.
1806,2025-03-17,Imagenologia,El informe radiologico no se adjunta automaticamente a la HCE,Radiologo,Quito,Efectividad,Funcionalidad,Falla de funcionalidad en el módulo Imagenologia que impide al usuario completar sus tareas de manera precisa y completa.
1807,2025-03-18,HCE,El campo de diagnostico CIE-10 no permite busqueda por texto,Medico,Guayaquil,Efectividad,Funcionalidad,Restricción de funcionalidad que impide al usuario realizar una acción requerida para completar su tarea.
1808,2025-03-19,Laboratorio,El sistema no permite adjuntar el reporte en PDF del laboratorio externo,Tecnico Laboratorio,Cuenca,Efectividad,Funcionalidad,Restricción de funcionalidad que impide al usuario realizar una acción requerida para completar su tarea.
1809,2025-03-20,HCE,El sistema no permite adjuntar imagenes de heridas desde la tablet,Medico,Ambato,Cobertura de Contexto,Flexibilidad de Dispositivo,El sistema presenta limitaciones de portabilidad y compatibilidad al operar en el contexto físico específico de tablets para adjuntar imágenes de heridas.
1810,2025-03-21,HCE,Perdida de la nota de evolucion tras un cierre inesperado de sesion,Medico,Manta,Efectividad,Funcionalidad,Falla de funcionalidad en el módulo HCE que impide al usuario completar sus tareas de manera precisa y completa.
1811,2025-03-22,Reportes Gerenciales,Exportacion a Excel del reporte gerencial falla de forma intermitente,Gerencia,Quito,Efectividad,Funcionalidad,Falla intermitente en las exportaciones o ejecuciones de procesos del sistema que reduce la fiabilidad de las operaciones.
1812,2025-03-23,Facturacion,Reembolso aprobado no se refleja en el estado de cuenta,Admision,Guayaquil,Libertad de Riesgo,RNF-03 (Errores de Facturación),"Fallas en la aplicación de notas de crédito o reembolsos que distorsionan los estados de cuenta, arriesgando multas tributarias e inconformidad legal."
1813,2025-03-24,Laboratorio,Resultado de examen de laboratorio no se sincroniza con la HCE,Tecnico Laboratorio,Cuenca,Efectividad,Integración de Datos,Error de integración funcional que impide la sincronización y actualización del registro médico entre módulos del HIS.
1814,2025-03-25,Farmacia,Inventario del sistema no coincide con el stock fisico del insumo,Farmacia,Ambato,Efectividad,Funcionalidad,Falla de funcionalidad en el módulo Farmacia que impide al usuario completar sus tareas de manera precisa y completa.
1815,2025-03-26,Telemedicina,El medico no puede compartir pantalla con resultados de examenes,Paciente,Manta,Efectividad,Funcionalidad,Falla de funcionalidad en el módulo Telemedicina que impide al usuario completar sus tareas de manera precisa y completa.
1816,2025-03-27,Facturacion,El modulo de facturacion se cae durante el cierre de caja,Admision,Quito,Efectividad,Funcionalidad,Falla de funcionalidad en el módulo Facturacion que impide al usuario completar sus tareas de manera precisa y completa.
1817,2025-03-28,HCE,Perdida de la nota de evolucion tras un cierre inesperado de sesion,Medico,Guayaquil,Efectividad,Funcionalidad,Falla de funcionalidad en el módulo HCE que impide al usuario completar sus tareas de manera precisa y completa.
1818,2025-03-29,HCE,El campo de diagnostico CIE-10 no permite busqueda por texto,Medico,Cuenca,Efectividad,Funcionalidad,Restricción de funcionalidad que impide al usuario realizar una acción requerida para completar su tarea.
1819,2025-03-30,Imagenologia,Perdida de calidad en las imagenes al ser visualizadas desde la app,Radiologo,Ambato,Satisfacción,Usabilidad,Degradación visual que afecta la comodidad y confianza de los médicos al visualizar estudios clínicos desde la app móvil.
1820,2025-03-31,App Movil,Consumo elevado de datos moviles al abrir el modulo de citas,Paciente,Manta,Cobertura de Contexto,Portabilidad,"Consumo excesivo de ancho de banda móvil, lo que restringe el uso eficiente del sistema en redes celulares de datos (fuera de la intranet del hospital)."
1821,2025-04-01,Portal Citas,Tiempo de espera en el portal supera los 17s en horas pico,Paciente,Quito,Eficiencia,Eficiencia Operativa,"El sistema presenta tiempos de respuesta elevados que consumen recursos de tiempo innecesarios, degradando la eficiencia del usuario en sus tareas."
1822,2025-04-02,Facturacion,Error de calculo en el copago del seguro medico,Admision,Guayaquil,Libertad de Riesgo,RNF-03 (Errores de Facturación),"Errores en el cálculo del copago de seguros o discrepancias de montos facturados, induciendo a pérdidas financieras o reclamaciones legales."
1823,2025-04-03,Facturacion,El sistema no reconoce el convenio con la aseguradora,Admision,Cuenca,Libertad de Riesgo,RNF-03 (Errores de Facturación),El no reconocimiento de convenios de aseguradoras genera fricción de cobro y riesgo de pérdidas económicas por servicios no cubiertos correctamente.
1824,2025-04-04,Laboratorio,El sistema no permite adjuntar el reporte en PDF del laboratorio externo,Tecnico Laboratorio,Ambato,Efectividad,Funcionalidad,Restricción de funcionalidad que impide al usuario realizar una acción requerida para completar su tarea.
1825,2025-04-05,Telemedicina,Receta electronica no se genera al finalizar la teleconsulta,Paciente,Manta,Efectividad,Funcionalidad,Falla de funcionalidad en el módulo Telemedicina que impide al usuario completar sus tareas de manera precisa y completa.
1826,2025-04-06,Portal Citas,Sesion expira antes de finalizar el proceso de agendamiento,Paciente,Quito,Satisfacción,Usabilidad,"Mala experiencia de usuario que interrumpe de forma prematura el proceso de compra/agendamiento, forzando a repetir pasos."
1827,2025-04-07,Farmacia,El sistema bloquea la dispensacion sin mostrar el motivo,Farmacia,Guayaquil,Satisfacción,Usabilidad,La falta de mensajes informativos claros y feedback del sistema incrementa la incertidumbre y frustración del operario farmacéutico.
1828,2025-04-08,Imagenologia,El informe radiologico no se adjunta automaticamente a la HCE,Radiologo,Cuenca,Efectividad,Funcionalidad,Falla de funcionalidad en el módulo Imagenologia que impide al usuario completar sus tareas de manera precisa y completa.
1829,2025-04-09,Reportes Gerenciales,Exportacion a Excel del reporte gerencial falla de forma intermitente,Gerencia,Ambato,Efectividad,Funcionalidad,Falla intermitente en las exportaciones o ejecuciones de procesos del sistema que reduce la fiabilidad de las operaciones.
1830,2025-04-10,HCE,El sistema se congela al adjuntar resultados de laboratorio a la HCE,Medico,Manta,Efectividad,Funcionalidad,Falla de funcionalidad en el módulo HCE que impide al usuario completar sus tareas de manera precisa y completa.
1831,2025-04-11,Telemedicina,Calidad de video muy baja pese a tener buena conexion a internet,Paciente,Quito,Satisfacción,RNF-05 (Disponibilidad de llamada),Mala experiencia sensorial e interactiva durante la teleconsulta que impacta el RNF-05 y la percepción de calidad del servicio.
1832,2025-04-12,App Movil,La app no permite actualizar el numero de contacto del paciente,Paciente,Guayaquil,Efectividad,Funcionalidad,Restricción de funcionalidad que impide al usuario realizar una acción requerida para completar su tarea.
1833,2025-04-13,Laboratorio,Orden de laboratorio duplicada tras reintentar el envio,Tecnico Laboratorio,Cuenca,Efectividad,Funcionalidad,Falla de funcionalidad en el módulo Laboratorio que impide al usuario completar sus tareas de manera precisa y completa.
1834,2025-04-14,HCE,Consulta anterior no se muestra en el resumen de antecedentes,Medico,Ambato,Efectividad,Funcionalidad,Falla de funcionalidad en el módulo HCE que impide al usuario completar sus tareas de manera precisa y completa.
1835,2025-04-15,Facturacion,El modulo de facturacion se cae durante el cierre de caja,Admision,Manta,Efectividad,Funcionalidad,Falla de funcionalidad en el módulo Facturacion que impide al usuario completar sus tareas de manera precisa y completa.
1836,2025-04-16,Farmacia,Tiempo de respuesta del modulo de farmacia supera los 35s,Farmacia,Quito,Eficiencia,Eficiencia Operativa,"El sistema presenta tiempos de respuesta elevados que consumen recursos de tiempo innecesarios, degradando la eficiencia del usuario en sus tareas."
1837,2025-04-17,Imagenologia,Las imagenes de rayos X no cargan en el visor DICOM,Radiologo,Guayaquil,Efectividad,Funcionalidad,Falla de funcionalidad en el módulo Imagenologia que impide al usuario completar sus tareas de manera precisa y completa.
1838,2025-04-18,Laboratorio,El sistema no permite adjuntar el reporte en PDF del laboratorio externo,Tecnico Laboratorio,Cuenca,Efectividad,Funcionalidad,Restricción de funcionalidad que impide al usuario realizar una acción requerida para completar su tarea.
1839,2025-04-19,Facturacion,Error de calculo en el copago del seguro medico,Admision,Ambato,Libertad de Riesgo,RNF-03 (Errores de Facturación),"Errores en el cálculo del copago de seguros o discrepancias de montos facturados, induciendo a pérdidas financieras o reclamaciones legales."
1840,2025-04-20,Reportes Gerenciales,El reporte de ocupacion hospitalaria no se actualiza automaticamente,Gerencia,Manta,Efectividad,Funcionalidad,Inconsistencia en la actualización de datos que impide la visualización correcta de información operativa reciente.
1841,2025-04-21,Facturacion,Nota de credito no se aplica al saldo pendiente del paciente,Admision,Quito,Libertad de Riesgo,RNF-03 (Errores de Facturación),"Fallas en la aplicación de notas de crédito o reembolsos que distorsionan los estados de cuenta, arriesgando multas tributarias e inconformidad legal."
1842,2025-04-22,Imagenologia,Tiempo de carga de estudios de imagen supera los 29s,Radiologo,Guayaquil,Eficiencia,Eficiencia Operativa,La lentitud en la carga y transferencia de archivos DICOM pesados degrada la eficiencia del flujo de trabajo clínico en imagenología.
1843,2025-04-23,Facturacion,El sistema no permite anular una factura emitida por error,Admision,Cuenca,Efectividad,Funcionalidad,Restricción de funcionalidad que impide al usuario realizar una acción requerida para completar su tarea.
1844,2025-04-24,Imagenologia,Las imagenes de rayos X no cargan en el visor DICOM,Radiologo,Ambato,Efectividad,Funcionalidad,Falla de funcionalidad en el módulo Imagenologia que impide al usuario completar sus tareas de manera precisa y completa.
1845,2025-04-25,Facturacion,Retraso de 33s al procesar el pago con tarjeta de credito,Admision,Manta,Eficiencia,Eficiencia Operativa,El procesamiento lento del cobro con tarjeta retrasa el flujo de caja y la atención administrativa de admisión.
1846,2025-04-26,Telemedicina,Paciente no puede unirse a la sala virtual a la hora agendada,Paciente,Quito,Efectividad,Funcionalidad,Falla de funcionalidad en el módulo Telemedicina que impide al usuario completar sus tareas de manera precisa y completa.
1847,2025-04-27,Reportes Gerenciales,El reporte de ocupacion hospitalaria no se actualiza automaticamente,Gerencia,Guayaquil,Efectividad,Funcionalidad,Inconsistencia en la actualización de datos que impide la visualización correcta de información operativa reciente.
1848,2025-04-28,Portal Citas,El portal muestra disponibilidad para un horario ya ocupado,Paciente,Cuenca,Efectividad,Funcionalidad,Falla de funcionalidad en el módulo Portal Citas que impide al usuario completar sus tareas de manera precisa y completa.
1849,2025-04-29,HCE,Alerta de interaccion medicamentosa no se despliega correctamente,Medico,Ambato,Libertad de Riesgo,Seguridad Clínica,El fallo en el despliegue de alertas de interacción farmacológica pone en riesgo inminente la salud del paciente ante combinaciones letales.
1850,2025-04-30,Portal Citas,Tiempo de espera en el portal supera los 12s en horas pico,Paciente,Manta,Eficiencia,Eficiencia Operativa,"El sistema presenta tiempos de respuesta elevados que consumen recursos de tiempo innecesarios, degradando la eficiencia del usuario en sus tareas."
1851,2025-05-01,Facturacion,Retraso de 9s al procesar el pago con tarjeta de credito,Admision,Quito,Eficiencia,Eficiencia Operativa,El procesamiento lento del cobro con tarjeta retrasa el flujo de caja y la atención administrativa de admisión.
1852,2025-05-02,Reportes Gerenciales,El reporte de ocupacion hospitalaria no se actualiza automaticamente,Gerencia,Guayaquil,Efectividad,Funcionalidad,Inconsistencia en la actualización de datos que impide la visualización correcta de información operativa reciente.
1853,2025-05-03,Portal Citas,Cita agendada no aparece reflejada en el calendario del especialista,Paciente,Cuenca,Efectividad,Funcionalidad,Falla de funcionalidad en el módulo Portal Citas que impide al usuario completar sus tareas de manera precisa y completa.
1854,2025-05-04,App Movil,Notificaciones push no llegan pese a estar activadas,Paciente,Ambato,Efectividad,Funcionalidad,Falla de funcionalidad en el módulo App Movil que impide al usuario completar sus tareas de manera precisa y completa.
1855,2025-05-05,Facturacion,Factura generada con el nombre del paciente incorrecto,Admision,Manta,Efectividad,Funcionalidad,Falla de funcionalidad en el módulo Facturacion que impide al usuario completar sus tareas de manera precisa y completa.
1856,2025-05-06,Imagenologia,Tiempo de carga de estudios de imagen supera los 33s,Radiologo,Quito,Eficiencia,Eficiencia Operativa,La lentitud en la carga y transferencia de archivos DICOM pesados degrada la eficiencia del flujo de trabajo clínico en imagenología.
1857,2025-05-07,App Movil,El boton de teleconsulta no redirige correctamente a la videollamada,Paciente,Guayaquil,Efectividad,Funcionalidad,Falla de funcionalidad en el módulo App Movil que impide al usuario completar sus tareas de manera precisa y completa.
1858,2025-05-08,Reportes Gerenciales,Tiempo de generacion del reporte mensual supera los 10 minutos,Gerencia,Cuenca,Eficiencia,Eficiencia Operativa,"Demoras severas en la generación de reportes mensuales de inteligencia de negocio, penalizando la eficiencia en el tiempo de procesamiento y toma de decisiones."
1859,2025-05-09,Imagenologia,Las imagenes de rayos X no cargan en el visor DICOM,Radiologo,Ambato,Efectividad,Funcionalidad,Falla de funcionalidad en el módulo Imagenologia que impide al usuario completar sus tareas de manera precisa y completa.
1860,2025-05-10,Portal Citas,Error al reagendar una cita previamente confirmada,Paciente,Manta,Efectividad,Funcionalidad,Falla de funcionalidad en el módulo Portal Citas que impide al usuario completar sus tareas de manera precisa y completa.
1861,2025-05-11,Portal Citas,Doble reserva de un mismo cupo por dos pacientes distintos,Paciente,Quito,Libertad de Riesgo,RNF-03 (Errores de Facturación),"Doble agendamiento de un mismo cupo que genera sobreventa de citas, colapso de agenda de especialistas y multas o insatisfacción comercial."
1862,2025-05-12,Portal Citas,Filtro de especialidad medica no devuelve resultados,Paciente,Guayaquil,Efectividad,Funcionalidad,Falla de funcionalidad en el módulo Portal Citas que impide al usuario completar sus tareas de manera precisa y completa.
1863,2025-05-13,Farmacia,Inventario del sistema no coincide con el stock fisico del insumo,Farmacia,Cuenca,Efectividad,Funcionalidad,Falla de funcionalidad en el módulo Farmacia que impide al usuario completar sus tareas de manera precisa y completa.
1864,2025-05-14,Facturacion,El sistema no reconoce el convenio con la aseguradora,Admision,Ambato,Libertad de Riesgo,RNF-03 (Errores de Facturación),El no reconocimiento de convenios de aseguradoras genera fricción de cobro y riesgo de pérdidas económicas por servicios no cubiertos correctamente.
1865,2025-05-15,Facturacion,Discrepancia entre el monto facturado y el detalle de servicios,Admision,Manta,Libertad de Riesgo,RNF-03 (Errores de Facturación),"Errores en el cálculo del copago de seguros o discrepancias de montos facturados, induciendo a pérdidas financieras o reclamaciones legales."
1866,2025-05-16,Telemedicina,Audio desincronizado durante la teleconsulta,Paciente,Quito,Satisfacción,RNF-05 (Disponibilidad de llamada),Mala experiencia sensorial e interactiva durante la teleconsulta que impacta el RNF-05 y la percepción de calidad del servicio.
1867,2025-05-17,Portal Citas,Doble reserva de un mismo cupo por dos pacientes distintos,Paciente,Guayaquil,Libertad de Riesgo,RNF-03 (Errores de Facturación),"Doble agendamiento de un mismo cupo que genera sobreventa de citas, colapso de agenda de especialistas y multas o insatisfacción comercial."
1868,2025-05-18,HCE,Firma electronica del medico no se valida al cerrar la consulta,Medico,Cuenca,Efectividad,Funcionalidad,Falla de funcionalidad en el módulo HCE que impide al usuario completar sus tareas de manera precisa y completa.
1869,2025-05-19,HCE,El sistema se congela al adjuntar resultados de laboratorio a la HCE,Medico,Ambato,Efectividad,Funcionalidad,Falla de funcionalidad en el módulo HCE que impide al usuario completar sus tareas de manera precisa y completa.
1870,2025-05-20,Portal Citas,"Formulario confuso, abandono de registro antes de completar la cita",Paciente,Manta,Satisfacción,RNF-02 (Pasos del Portal),"Diseño de interfaz de usuario confuso que provoca el abandono del registro, afectando la métrica de satisfacción y facilidad de uso percibida."
1871,2025-05-21,Telemedicina,Grabacion de la consulta no se almacena correctamente,Paciente,Quito,Efectividad,Funcionalidad,Falla de funcionalidad en el módulo Telemedicina que impide al usuario completar sus tareas de manera precisa y completa.
1872,2025-05-22,HCE,Orden medica no se sincroniza con el modulo de farmacia,Medico,Guayaquil,Efectividad,Integración Funcional,Error de integración funcional que impide la sincronización y actualización del registro médico entre módulos del HIS.
1873,2025-05-23,Farmacia,Error al registrar la dispensacion de un medicamento controlado,Farmacia,Cuenca,Libertad de Riesgo,Seguridad Clínica,"Error en el registro de medicamentos regulados, lo que genera riesgos legales, regulatorios y de seguridad en el control de sustancias psicotrópicas."
1874,2025-05-24,HCE,El sistema no permite adjuntar imagenes de heridas desde la tablet,Medico,Ambato,Cobertura de Contexto,Flexibilidad de Dispositivo,El sistema presenta limitaciones de portabilidad y compatibilidad al operar en el contexto físico específico de tablets para adjuntar imágenes de heridas.
1875,2025-05-25,Laboratorio,Resultado de examen de laboratorio no se sincroniza con la HCE,Tecnico Laboratorio,Manta,Efectividad,Integración de Datos,Error de integración funcional que impide la sincronización y actualización del registro médico entre módulos del HIS.
1876,2025-05-26,HCE,Perdida de la nota de evolucion tras un cierre inesperado de sesion,Medico,Quito,Efectividad,Funcionalidad,Falla de funcionalidad en el módulo HCE que impide al usuario completar sus tareas de manera precisa y completa.
1877,2025-05-27,Portal Citas,Notificacion de recordatorio de cita llega con la fecha incorrecta,Paciente,Guayaquil,Efectividad,Funcionalidad,Falla de funcionalidad en el módulo Portal Citas que impide al usuario completar sus tareas de manera precisa y completa.
1878,2025-05-28,HCE,Perdida de la nota de evolucion tras un cierre inesperado de sesion,Medico,Cuenca,Efectividad,Funcionalidad,Falla de funcionalidad en el módulo HCE que impide al usuario completar sus tareas de manera precisa y completa.
1879,2025-05-29,Telemedicina,La sesion se cierra automaticamente antes de terminar la consulta,Paciente,Ambato,Efectividad,Funcionalidad,Falla de funcionalidad en el módulo Telemedicina que impide al usuario completar sus tareas de manera precisa y completa.
1880,2025-05-30,HCE,Consulta anterior no se muestra en el resumen de antecedentes,Medico,Manta,Efectividad,Funcionalidad,Falla de funcionalidad en el módulo HCE que impide al usuario completar sus tareas de manera precisa y completa.
1881,2025-05-31,Facturacion,Factura electronica no llega al correo registrado del paciente,Admision,Quito,Efectividad,Funcionalidad,Falla de funcionalidad en el módulo Facturacion que impide al usuario completar sus tareas de manera precisa y completa.
1882,2025-06-01,Portal Citas,Filtro de especialidad medica no devuelve resultados,Paciente,Guayaquil,Efectividad,Funcionalidad,Falla de funcionalidad en el módulo Portal Citas que impide al usuario completar sus tareas de manera precisa y completa.
1883,2025-06-02,HCE,El sistema no permite adjuntar imagenes de heridas desde la tablet,Medico,Cuenca,Cobertura de Contexto,Flexibilidad de Dispositivo,El sistema presenta limitaciones de portabilidad y compatibilidad al operar en el contexto físico específico de tablets para adjuntar imágenes de heridas.
1884,2025-06-03,HCE,Orden medica no se sincroniza con el modulo de farmacia,Medico,Ambato,Efectividad,Integración Funcional,Error de integración funcional que impide la sincronización y actualización del registro médico entre módulos del HIS.
1885,2025-06-04,Telemedicina,Videollamada se corta a los 4 minutos,Paciente,Manta,Cobertura de Contexto,RNF-05 (Disponibilidad de llamada),"Falta de resiliencia del canal de comunicación ante variaciones en la conectividad del usuario, interrumpiendo la sesión de teleconsulta en producción."
1886,2025-06-05,Portal Citas,El pago del bono de consulta no se refleja tras completarlo,Paciente,Quito,Libertad de Riesgo,RNF-03 (Errores de Facturación),Inconsistencia financiera en los cobros o transacciones del sistema que infringe las normativas contables y expone al hospital a pérdidas económicas.
1887,2025-06-06,Portal Citas,Boton de confirmar cita no responde en dispositivos moviles,Paciente,Guayaquil,Cobertura de Contexto,Portabilidad,"Falla de adaptabilidad de la interfaz en el contexto de dispositivos móviles, impidiendo confirmar citas desde pantallas de formatos pequeños."
1888,2025-06-07,Portal Citas,Usuario no logra agendar tras 3 intentos,Paciente,Cuenca,Satisfacción,RNF-02 (Pasos del Portal),"Incapacidad del usuario de lograr su meta tras múltiples intentos, violando el RNF-02 y provocando un alto nivel de frustración."
1889,2025-06-08,Laboratorio,Orden de laboratorio duplicada tras reintentar el envio,Tecnico Laboratorio,Ambato,Efectividad,Funcionalidad,Falla de funcionalidad en el módulo Laboratorio que impide al usuario completar sus tareas de manera precisa y completa.
1890,2025-06-09,HCE,Nota de evolucion tarda 19s en guardarse,Medico,Manta,Eficiencia,RNF-01 (Latencia HCE),"El tiempo de guardado supera los 8 segundos tolerables, violando directamente el requerimiento no funcional RNF-01 de rendimiento del sistema para notas clínicas."
1891,2025-06-10,App Movil,Resultados de examenes no se visualizan en formato PDF,Paciente,Quito,Efectividad,Funcionalidad,Falla de funcionalidad en el módulo App Movil que impide al usuario completar sus tareas de manera precisa y completa.
1892,2025-06-11,Facturacion,Discrepancia entre el monto facturado y el detalle de servicios,Admision,Guayaquil,Libertad de Riesgo,RNF-03 (Errores de Facturación),"Errores en el cálculo del copago de seguros o discrepancias de montos facturados, induciendo a pérdidas financieras o reclamaciones legales."
1893,2025-06-12,Reportes Gerenciales,Exportacion a Excel del reporte gerencial falla de forma intermitente,Gerencia,Cuenca,Efectividad,Funcionalidad,Falla intermitente en las exportaciones o ejecuciones de procesos del sistema que reduce la fiabilidad de las operaciones.
1894,2025-06-13,HCE,Receta electronica se genera con la dosis incorrecta tras guardar,Medico,Ambato,Libertad de Riesgo,Seguridad Clínica,"Riesgo extremo de salud para el paciente al guardar dosis farmacológicas erróneas en la receta electrónica, pudiendo causar sobredosis o inefectividad clínica."
1895,2025-06-14,HCE,Orden medica no se sincroniza con el modulo de farmacia,Medico,Manta,Efectividad,Integración Funcional,Error de integración funcional que impide la sincronización y actualización del registro médico entre módulos del HIS.
1896,2025-06-15,Telemedicina,Grabacion de la consulta no se almacena correctamente,Paciente,Quito,Efectividad,Funcionalidad,Falla de funcionalidad en el módulo Telemedicina que impide al usuario completar sus tareas de manera precisa y completa.
1897,2025-06-16,App Movil,Notificaciones push no llegan pese a estar activadas,Paciente,Guayaquil,Efectividad,Funcionalidad,Falla de funcionalidad en el módulo App Movil que impide al usuario completar sus tareas de manera precisa y completa.
1898,2025-06-17,Portal Citas,Usuario no logra agendar tras 3 intentos,Paciente,Cuenca,Satisfacción,RNF-02 (Pasos del Portal),"Incapacidad del usuario de lograr su meta tras múltiples intentos, violando el RNF-02 y provocando un alto nivel de frustración."
1899,2025-06-18,Reportes Gerenciales,Exportacion a Excel del reporte gerencial falla de forma intermitente,Gerencia,Ambato,Efectividad,Funcionalidad,Falla intermitente en las exportaciones o ejecuciones de procesos del sistema que reduce la fiabilidad de las operaciones.
1900,2025-06-19,Portal Citas,Sesion expira antes de finalizar el proceso de agendamiento,Paciente,Manta,Satisfacción,Usabilidad,"Mala experiencia de usuario que interrumpe de forma prematura el proceso de compra/agendamiento, forzando a repetir pasos."
1901,2025-06-20,App Movil,La aplicacion se cierra inesperadamente al abrir resultados de laboratorio,Paciente,Quito,Efectividad,Funcionalidad,"Interrupción abrupta del sistema que impide que el usuario termine el registro de datos, reduciendo la efectividad operativa."
1902,2025-06-21,Facturacion,Discrepancia entre el monto facturado y el detalle de servicios,Admision,Guayaquil,Libertad de Riesgo,RNF-03 (Errores de Facturación),"Errores en el cálculo del copago de seguros o discrepancias de montos facturados, induciendo a pérdidas financieras o reclamaciones legales."
1903,2025-06-22,Reportes Gerenciales,El dashboard de indicadores no refleja los datos del ultimo cierre,Gerencia,Cuenca,Efectividad,Funcionalidad,Inconsistencia en la actualización de datos que impide la visualización correcta de información operativa reciente.
1904,2025-06-23,Farmacia,El sistema no descuenta automaticamente el medicamento dispensado,Farmacia,Ambato,Efectividad,Funcionalidad,Falla de funcionalidad en el módulo Farmacia que impide al usuario completar sus tareas de manera precisa y completa.
1905,2025-06-24,Facturacion,Reembolso aprobado no se refleja en el estado de cuenta,Admision,Manta,Libertad de Riesgo,RNF-03 (Errores de Facturación),"Fallas en la aplicación de notas de crédito o reembolsos que distorsionan los estados de cuenta, arriesgando multas tributarias e inconformidad legal."
1906,2025-06-25,Reportes Gerenciales,Tiempo de generacion del reporte mensual supera los 12 minutos,Gerencia,Quito,Eficiencia,Eficiencia Operativa,"Demoras severas en la generación de reportes mensuales de inteligencia de negocio, penalizando la eficiencia en el tiempo de procesamiento y toma de decisiones."
1907,2025-06-26,Portal Citas,Doble reserva de un mismo cupo por dos pacientes distintos,Paciente,Guayaquil,Libertad de Riesgo,RNF-03 (Errores de Facturación),"Doble agendamiento de un mismo cupo que genera sobreventa de citas, colapso de agenda de especialistas y multas o insatisfacción comercial."
1908,2025-06-27,Telemedicina,Audio desincronizado durante la teleconsulta,Paciente,Cuenca,Satisfacción,RNF-05 (Disponibilidad de llamada),Mala experiencia sensorial e interactiva durante la teleconsulta que impacta el RNF-05 y la percepción de calidad del servicio.
1909,2025-06-28,Portal Citas,Notificacion de recordatorio de cita llega con la fecha incorrecta,Paciente,Ambato,Efectividad,Funcionalidad,Falla de funcionalidad en el módulo Portal Citas que impide al usuario completar sus tareas de manera precisa y completa.
1910,2025-06-29,Portal Citas,Usuario no logra agendar tras 3 intentos,Paciente,Manta,Satisfacción,RNF-02 (Pasos del Portal),"Incapacidad del usuario de lograr su meta tras múltiples intentos, violando el RNF-02 y provocando un alto nivel de frustración."
1911,2025-06-30,Telemedicina,Receta electronica no se genera al finalizar la teleconsulta,Paciente,Quito,Efectividad,Funcionalidad,Falla de funcionalidad en el módulo Telemedicina que impide al usuario completar sus tareas de manera precisa y completa.
1912,2025-07-01,HCE,Nota de evolucion tarda 21s en guardarse,Medico,Guayaquil,Eficiencia,RNF-01 (Latencia HCE),"El tiempo de guardado supera los 8 segundos tolerables, violando directamente el requerimiento no funcional RNF-01 de rendimiento del sistema para notas clínicas."
1913,2025-07-02,Laboratorio,Resultado de examen de laboratorio no se sincroniza con la HCE,Tecnico Laboratorio,Cuenca,Efectividad,Integración de Datos,Error de integración funcional que impide la sincronización y actualización del registro médico entre módulos del HIS.
1914,2025-07-03,App Movil,El inicio de sesion con biometria falla de forma intermitente,Paciente,Ambato,Satisfacción,Usabilidad,La inestabilidad en el inicio biométrico genera frustración y reduce la confianza y comodidad del usuario al acceder al aplicativo móvil.
1915,2025-07-04,Facturacion,Nota de credito no se aplica al saldo pendiente del paciente,Admision,Manta,Libertad de Riesgo,RNF-03 (Errores de Facturación),"Fallas en la aplicación de notas de crédito o reembolsos que distorsionan los estados de cuenta, arriesgando multas tributarias e inconformidad legal."
1916,2025-07-05,HCE,El sistema se congela al adjuntar resultados de laboratorio a la HCE,Medico,Quito,Efectividad,Funcionalidad,Falla de funcionalidad en el módulo HCE que impide al usuario completar sus tareas de manera precisa y completa.
1917,2025-07-06,Portal Citas,El pago del bono de consulta no se refleja tras completarlo,Paciente,Guayaquil,Libertad de Riesgo,RNF-03 (Errores de Facturación),Inconsistencia financiera en los cobros o transacciones del sistema que infringe las normativas contables y expone al hospital a pérdidas económicas.
1918,2025-07-07,Farmacia,El sistema bloquea la dispensacion sin mostrar el motivo,Farmacia,Cuenca,Satisfacción,Usabilidad,La falta de mensajes informativos claros y feedback del sistema incrementa la incertidumbre y frustración del operario farmacéutico.
1919,2025-07-08,Imagenologia,Las imagenes de rayos X no cargan en el visor DICOM,Radiologo,Ambato,Efectividad,Funcionalidad,Falla de funcionalidad en el módulo Imagenologia que impide al usuario completar sus tareas de manera precisa y completa.
1920,2025-07-09,HCE,Tiempo de carga de la ficha clinica supera los 14s en horas pico,Medico,Manta,Eficiencia,Eficiencia Operativa,La latencia en horas pico para abrir la ficha clínica perjudica la productividad del médico durante la consulta.
1921,2025-07-10,HCE,Tiempo de carga de la ficha clinica supera los 26s en horas pico,Medico,Quito,Eficiencia,Eficiencia Operativa,La latencia en horas pico para abrir la ficha clínica perjudica la productividad del médico durante la consulta.
1922,2025-07-11,Laboratorio,El sistema no permite adjuntar el reporte en PDF del laboratorio externo,Tecnico Laboratorio,Guayaquil,Efectividad,Funcionalidad,Restricción de funcionalidad que impide al usuario realizar una acción requerida para completar su tarea.
1923,2025-07-12,Portal Citas,Cancelacion de cita no libera el cupo en el calendario,Paciente,Cuenca,Efectividad,Funcionalidad,Falla de funcionalidad en el módulo Portal Citas que impide al usuario completar sus tareas de manera precisa y completa.
1924,2025-07-13,Farmacia,El sistema no descuenta automaticamente el medicamento dispensado,Farmacia,Ambato,Efectividad,Funcionalidad,Falla de funcionalidad en el módulo Farmacia que impide al usuario completar sus tareas de manera precisa y completa.
1925,2025-07-14,App Movil,La aplicacion se cierra inesperadamente al abrir resultados de laboratorio,Paciente,Manta,Efectividad,Funcionalidad,"Interrupción abrupta del sistema que impide que el usuario termine el registro de datos, reduciendo la efectividad operativa."
1926,2025-07-15,HCE,Receta electronica se genera con la dosis incorrecta tras guardar,Medico,Quito,Libertad de Riesgo,Seguridad Clínica,"Riesgo extremo de salud para el paciente al guardar dosis farmacológicas erróneas en la receta electrónica, pudiendo causar sobredosis o inefectividad clínica."
1927,2025-07-16,Laboratorio,Codigo de barras de la muestra no es reconocido por el lector,Tecnico Laboratorio,Guayaquil,Efectividad,Funcionalidad,Falla de funcionalidad en el módulo Laboratorio que impide al usuario completar sus tareas de manera precisa y completa.
1928,2025-07-17,App Movil,Resultados de examenes no se visualizan en formato PDF,Paciente,Cuenca,Efectividad,Funcionalidad,Falla de funcionalidad en el módulo App Movil que impide al usuario completar sus tareas de manera precisa y completa.
1929,2025-07-18,Portal Citas,Filtro de especialidad medica no devuelve resultados,Paciente,Ambato,Efectividad,Funcionalidad,Falla de funcionalidad en el módulo Portal Citas que impide al usuario completar sus tareas de manera precisa y completa.
1930,2025-07-19,Portal Citas,Boton de confirmar cita no responde en dispositivos moviles,Paciente,Manta,Cobertura de Contexto,Portabilidad,"Falla de adaptabilidad de la interfaz en el contexto de dispositivos móviles, impidiendo confirmar citas desde pantallas de formatos pequeños."
1931,2025-07-20,HCE,Receta electronica se genera con la dosis incorrecta tras guardar,Medico,Quito,Libertad de Riesgo,Seguridad Clínica,"Riesgo extremo de salud para el paciente al guardar dosis farmacológicas erróneas en la receta electrónica, pudiendo causar sobredosis o inefectividad clínica."
1932,2025-07-21,Farmacia,Tiempo de respuesta del modulo de farmacia supera los 34s,Farmacia,Guayaquil,Eficiencia,Eficiencia Operativa,"El sistema presenta tiempos de respuesta elevados que consumen recursos de tiempo innecesarios, degradando la eficiencia del usuario en sus tareas."
1933,2025-07-22,Telemedicina,Audio desincronizado durante la teleconsulta,Paciente,Cuenca,Satisfacción,RNF-05 (Disponibilidad de llamada),Mala experiencia sensorial e interactiva durante la teleconsulta que impacta el RNF-05 y la percepción de calidad del servicio.
1934,2025-07-23,Telemedicina,Grabacion de la consulta no se almacena correctamente,Paciente,Ambato,Efectividad,Funcionalidad,Falla de funcionalidad en el módulo Telemedicina que impide al usuario completar sus tareas de manera precisa y completa.
1935,2025-07-24,App Movil,El inicio de sesion con biometria falla de forma intermitente,Paciente,Manta,Satisfacción,Usabilidad,La inestabilidad en el inicio biométrico genera frustración y reduce la confianza y comodidad del usuario al acceder al aplicativo móvil.
1936,2025-07-25,Portal Citas,Notificacion de recordatorio de cita llega con la fecha incorrecta,Paciente,Quito,Efectividad,Funcionalidad,Falla de funcionalidad en el módulo Portal Citas que impide al usuario completar sus tareas de manera precisa y completa.
1937,2025-07-26,Facturacion,Error de calculo en el copago del seguro medico,Admision,Guayaquil,Libertad de Riesgo,RNF-03 (Errores de Facturación),"Errores en el cálculo del copago de seguros o discrepancias de montos facturados, induciendo a pérdidas financieras o reclamaciones legales."
1938,2025-07-27,Facturacion,Retraso de 21s al procesar el pago con tarjeta de credito,Admision,Cuenca,Eficiencia,Eficiencia Operativa,El procesamiento lento del cobro con tarjeta retrasa el flujo de caja y la atención administrativa de admisión.
1939,2025-07-28,HCE,Tiempo de carga de la ficha clinica supera los 14s en horas pico,Medico,Ambato,Eficiencia,Eficiencia Operativa,La latencia en horas pico para abrir la ficha clínica perjudica la productividad del médico durante la consulta.
1940,2025-07-29,Telemedicina,El medico no puede compartir pantalla con resultados de examenes,Paciente,Manta,Efectividad,Funcionalidad,Falla de funcionalidad en el módulo Telemedicina que impide al usuario completar sus tareas de manera precisa y completa.
1941,2025-07-30,HCE,Alerta de interaccion medicamentosa no se despliega correctamente,Medico,Quito,Libertad de Riesgo,Seguridad Clínica,El fallo en el despliegue de alertas de interacción farmacológica pone en riesgo inminente la salud del paciente ante combinaciones letales.
1942,2025-07-31,HCE,Signos vitales registrados por enfermeria no aparecen en la HCE del medico,Medico,Guayaquil,Efectividad,Integración de Datos,Falla de funcionalidad en el módulo HCE que impide al usuario completar sus tareas de manera precisa y completa.
1943,2025-08-01,Telemedicina,Audio desincronizado durante la teleconsulta,Paciente,Cuenca,Satisfacción,RNF-05 (Disponibilidad de llamada),Mala experiencia sensorial e interactiva durante la teleconsulta que impacta el RNF-05 y la percepción de calidad del servicio.
1944,2025-08-02,HCE,Signos vitales registrados por enfermeria no aparecen en la HCE del medico,Medico,Ambato,Efectividad,Integración de Datos,Falla de funcionalidad en el módulo HCE que impide al usuario completar sus tareas de manera precisa y completa.
1945,2025-08-03,HCE,El sistema se congela al adjuntar resultados de laboratorio a la HCE,Medico,Manta,Efectividad,Funcionalidad,Falla de funcionalidad en el módulo HCE que impide al usuario completar sus tareas de manera precisa y completa.
1946,2025-08-04,Portal Citas,El portal muestra disponibilidad para un horario ya ocupado,Paciente,Quito,Efectividad,Funcionalidad,Falla de funcionalidad en el módulo Portal Citas que impide al usuario completar sus tareas de manera precisa y completa.
1947,2025-08-05,HCE,El sistema se congela al adjuntar resultados de laboratorio a la HCE,Medico,Guayaquil,Efectividad,Funcionalidad,Falla de funcionalidad en el módulo HCE que impide al usuario completar sus tareas de manera precisa y completa.
1948,2025-08-06,Facturacion,Factura generada con el nombre del paciente incorrecto,Admision,Cuenca,Efectividad,Funcionalidad,Falla de funcionalidad en el módulo Facturacion que impide al usuario completar sus tareas de manera precisa y completa.
1949,2025-08-07,Portal Citas,Sesion expira antes de finalizar el proceso de agendamiento,Paciente,Ambato,Satisfacción,Usabilidad,"Mala experiencia de usuario que interrumpe de forma prematura el proceso de compra/agendamiento, forzando a repetir pasos."
1950,2025-08-08,Portal Citas,El pago del bono de consulta no se refleja tras completarlo,Paciente,Manta,Libertad de Riesgo,RNF-03 (Errores de Facturación),Inconsistencia financiera en los cobros o transacciones del sistema que infringe las normativas contables y expone al hospital a pérdidas económicas.
1951,2025-08-09,App Movil,La aplicacion se cierra inesperadamente al abrir resultados de laboratorio,Paciente,Quito,Efectividad,Funcionalidad,"Interrupción abrupta del sistema que impide que el usuario termine el registro de datos, reduciendo la efectividad operativa."
1952,2025-08-10,Laboratorio,El sistema no permite adjuntar el reporte en PDF del laboratorio externo,Tecnico Laboratorio,Guayaquil,Efectividad,Funcionalidad,Restricción de funcionalidad que impide al usuario realizar una acción requerida para completar su tarea.
1953,2025-08-11,Portal Citas,Tiempo de espera en el portal supera los 24s en horas pico,Paciente,Cuenca,Eficiencia,Eficiencia Operativa,"El sistema presenta tiempos de respuesta elevados que consumen recursos de tiempo innecesarios, degradando la eficiencia del usuario en sus tareas."
1954,2025-08-12,Laboratorio,Orden de laboratorio duplicada tras reintentar el envio,Tecnico Laboratorio,Ambato,Efectividad,Funcionalidad,Falla de funcionalidad en el módulo Laboratorio que impide al usuario completar sus tareas de manera precisa y completa.
1955,2025-08-13,Telemedicina,Notificacion de inicio de teleconsulta llega con retraso de 25s,Paciente,Manta,Eficiencia,Eficiencia Operativa,"El sistema presenta tiempos de respuesta elevados que consumen recursos de tiempo innecesarios, degradando la eficiencia del usuario en sus tareas."
1956,2025-08-14,HCE,Receta electronica se genera con la dosis incorrecta tras guardar,Medico,Quito,Libertad de Riesgo,Seguridad Clínica,"Riesgo extremo de salud para el paciente al guardar dosis farmacológicas erróneas en la receta electrónica, pudiendo causar sobredosis o inefectividad clínica."
1957,2025-08-15,App Movil,El inicio de sesion con biometria falla de forma intermitente,Paciente,Guayaquil,Satisfacción,Usabilidad,La inestabilidad en el inicio biométrico genera frustración y reduce la confianza y comodidad del usuario al acceder al aplicativo móvil.
1958,2025-08-16,HCE,El sistema no permite adjuntar imagenes de heridas desde la tablet,Medico,Cuenca,Cobertura de Contexto,Flexibilidad de Dispositivo,El sistema presenta limitaciones de portabilidad y compatibilidad al operar en el contexto físico específico de tablets para adjuntar imágenes de heridas.
1959,2025-08-17,Telemedicina,Audio desincronizado durante la teleconsulta,Paciente,Ambato,Satisfacción,RNF-05 (Disponibilidad de llamada),Mala experiencia sensorial e interactiva durante la teleconsulta que impacta el RNF-05 y la percepción de calidad del servicio.
1960,2025-08-18,Imagenologia,El informe radiologico no se adjunta automaticamente a la HCE,Radiologo,Manta,Efectividad,Funcionalidad,Falla de funcionalidad en el módulo Imagenologia que impide al usuario completar sus tareas de manera precisa y completa.
1961,2025-08-19,Facturacion,Factura electronica no llega al correo registrado del paciente,Admision,Quito,Efectividad,Funcionalidad,Falla de funcionalidad en el módulo Facturacion que impide al usuario completar sus tareas de manera precisa y completa.
1962,2025-08-20,Telemedicina,Paciente no puede unirse a la sala virtual a la hora agendada,Paciente,Guayaquil,Efectividad,Funcionalidad,Falla de funcionalidad en el módulo Telemedicina que impide al usuario completar sus tareas de manera precisa y completa.
1963,2025-08-21,Farmacia,Alerta de vencimiento de lote no se muestra en el modulo,Farmacia,Cuenca,Libertad de Riesgo,Seguridad Clínica,Omitir la alerta de vencimiento de lotes farmacéuticos puede llevar a la administración de medicamentos caducados a los pacientes.
1964,2025-08-22,Laboratorio,Resultado de examen de laboratorio no se sincroniza con la HCE,Tecnico Laboratorio,Ambato,Efectividad,Integración de Datos,Error de integración funcional que impide la sincronización y actualización del registro médico entre módulos del HIS.
1965,2025-08-23,Telemedicina,Notificacion de inicio de teleconsulta llega con retraso de 12s,Paciente,Manta,Eficiencia,Eficiencia Operativa,"El sistema presenta tiempos de respuesta elevados que consumen recursos de tiempo innecesarios, degradando la eficiencia del usuario en sus tareas."
1966,2025-08-24,Portal Citas,El sistema no envia la confirmacion por correo electronico,Paciente,Quito,Efectividad,Funcionalidad,Falla funcional que impide completar la tarea de confirmación de cita al paciente por canal de correo electrónico.
1967,2025-08-25,HCE,Orden medica no se sincroniza con el modulo de farmacia,Medico,Guayaquil,Efectividad,Integración Funcional,Error de integración funcional que impide la sincronización y actualización del registro médico entre módulos del HIS.
1968,2025-08-26,Facturacion,El modulo de facturacion se cae durante el cierre de caja,Admision,Cuenca,Efectividad,Funcionalidad,Falla de funcionalidad en el módulo Facturacion que impide al usuario completar sus tareas de manera precisa y completa.
1969,2025-08-27,Portal Citas,"Formulario confuso, abandono de registro antes de completar la cita",Paciente,Ambato,Satisfacción,RNF-02 (Pasos del Portal),"Diseño de interfaz de usuario confuso que provoca el abandono del registro, afectando la métrica de satisfacción y facilidad de uso percibida."
1970,2025-08-28,HCE,El sistema se congela al adjuntar resultados de laboratorio a la HCE,Medico,Manta,Efectividad,Funcionalidad,Falla de funcionalidad en el módulo HCE que impide al usuario completar sus tareas de manera precisa y completa.
1971,2025-08-29,Telemedicina,La sesion se cierra automaticamente antes de terminar la consulta,Paciente,Quito,Efectividad,Funcionalidad,Falla de funcionalidad en el módulo Telemedicina que impide al usuario completar sus tareas de manera precisa y completa.
1972,2025-08-30,Telemedicina,El medico no puede compartir pantalla con resultados de examenes,Paciente,Guayaquil,Efectividad,Funcionalidad,Falla de funcionalidad en el módulo Telemedicina que impide al usuario completar sus tareas de manera precisa y completa.
1973,2025-08-31,Facturacion,Nota de credito no se aplica al saldo pendiente del paciente,Admision,Cuenca,Libertad de Riesgo,RNF-03 (Errores de Facturación),"Fallas en la aplicación de notas de crédito o reembolsos que distorsionan los estados de cuenta, arriesgando multas tributarias e inconformidad legal."
1974,2025-09-01,Portal Citas,Sesion expira antes de finalizar el proceso de agendamiento,Paciente,Ambato,Satisfacción,Usabilidad,"Mala experiencia de usuario que interrumpe de forma prematura el proceso de compra/agendamiento, forzando a repetir pasos."
1975,2025-09-02,Laboratorio,El sistema no permite adjuntar el reporte en PDF del laboratorio externo,Tecnico Laboratorio,Manta,Efectividad,Funcionalidad,Restricción de funcionalidad que impide al usuario realizar una acción requerida para completar su tarea.
1976,2025-09-03,Telemedicina,El chat de la consulta no permite enviar imagenes,Paciente,Quito,Efectividad,Funcionalidad,Restricción de funcionalidad que impide al usuario realizar una acción requerida para completar su tarea.
1977,2025-09-04,Imagenologia,Las imagenes de rayos X no cargan en el visor DICOM,Radiologo,Guayaquil,Efectividad,Funcionalidad,Falla de funcionalidad en el módulo Imagenologia que impide al usuario completar sus tareas de manera precisa y completa.
1978,2025-09-05,HCE,Orden medica no se sincroniza con el modulo de farmacia,Medico,Cuenca,Efectividad,Integración Funcional,Error de integración funcional que impide la sincronización y actualización del registro médico entre módulos del HIS.
1979,2025-09-06,Portal Citas,Sesion expira antes de finalizar el proceso de agendamiento,Paciente,Ambato,Satisfacción,Usabilidad,"Mala experiencia de usuario que interrumpe de forma prematura el proceso de compra/agendamiento, forzando a repetir pasos."
1980,2025-09-07,Facturacion,El sistema no reconoce el convenio con la aseguradora,Admision,Manta,Libertad de Riesgo,RNF-03 (Errores de Facturación),El no reconocimiento de convenios de aseguradoras genera fricción de cobro y riesgo de pérdidas económicas por servicios no cubiertos correctamente.
1981,2025-09-08,HCE,El sistema no permite adjuntar imagenes de heridas desde la tablet,Medico,Quito,Cobertura de Contexto,Flexibilidad de Dispositivo,El sistema presenta limitaciones de portabilidad y compatibilidad al operar en el contexto físico específico de tablets para adjuntar imágenes de heridas.
1982,2025-09-09,Imagenologia,Tiempo de carga de estudios de imagen supera los 24s,Radiologo,Guayaquil,Eficiencia,Eficiencia Operativa,La lentitud en la carga y transferencia de archivos DICOM pesados degrada la eficiencia del flujo de trabajo clínico en imagenología.
1983,2025-09-10,Portal Citas,Tiempo de espera en el portal supera los 26s en horas pico,Paciente,Cuenca,Eficiencia,Eficiencia Operativa,"El sistema presenta tiempos de respuesta elevados que consumen recursos de tiempo innecesarios, degradando la eficiencia del usuario en sus tareas."
1984,2025-09-11,HCE,Signos vitales registrados por enfermeria no aparecen en la HCE del medico,Medico,Ambato,Efectividad,Integración de Datos,Falla de funcionalidad en el módulo HCE que impide al usuario completar sus tareas de manera precisa y completa.
1985,2025-09-12,Laboratorio,Codigo de barras de la muestra no es reconocido por el lector,Tecnico Laboratorio,Manta,Efectividad,Funcionalidad,Falla de funcionalidad en el módulo Laboratorio que impide al usuario completar sus tareas de manera precisa y completa.
1986,2025-09-13,Reportes Gerenciales,El reporte de ocupacion hospitalaria no se actualiza automaticamente,Gerencia,Quito,Efectividad,Funcionalidad,Inconsistencia en la actualización de datos que impide la visualización correcta de información operativa reciente.
1987,2025-09-14,Imagenologia,Las imagenes de rayos X no cargan en el visor DICOM,Radiologo,Guayaquil,Efectividad,Funcionalidad,Falla de funcionalidad en el módulo Imagenologia que impide al usuario completar sus tareas de manera precisa y completa.
1988,2025-09-15,App Movil,Resultados de examenes no se visualizan en formato PDF,Paciente,Cuenca,Efectividad,Funcionalidad,Falla de funcionalidad en el módulo App Movil que impide al usuario completar sus tareas de manera precisa y completa.
1989,2025-09-16,HCE,El campo de diagnostico CIE-10 no permite busqueda por texto,Medico,Ambato,Efectividad,Funcionalidad,Restricción de funcionalidad que impide al usuario realizar una acción requerida para completar su tarea.
1990,2025-09-17,Portal Citas,Usuario no logra agendar tras 2 intentos,Paciente,Manta,Satisfacción,RNF-02 (Pasos del Portal),"Incapacidad del usuario de lograr su meta tras múltiples intentos, violando el RNF-02 y provocando un alto nivel de frustración."
1991,2025-09-18,HCE,Tiempo de carga de la ficha clinica supera los 13s en horas pico,Medico,Quito,Eficiencia,Eficiencia Operativa,La latencia en horas pico para abrir la ficha clínica perjudica la productividad del médico durante la consulta.
1992,2025-09-19,Facturacion,Factura generada con el nombre del paciente incorrecto,Admision,Guayaquil,Efectividad,Funcionalidad,Falla de funcionalidad en el módulo Facturacion que impide al usuario completar sus tareas de manera precisa y completa.
1993,2025-09-20,App Movil,Resultados de examenes no se visualizan en formato PDF,Paciente,Cuenca,Efectividad,Funcionalidad,Falla de funcionalidad en el módulo App Movil que impide al usuario completar sus tareas de manera precisa y completa.
1994,2025-09-21,Portal Citas,Usuario no logra agendar tras 4 intentos,Paciente,Ambato,Satisfacción,RNF-02 (Pasos del Portal),"Incapacidad del usuario de lograr su meta tras múltiples intentos, violando el RNF-02 y provocando un alto nivel de frustración."
1995,2025-09-22,Portal Citas,Boton de confirmar cita no responde en dispositivos moviles,Paciente,Manta,Cobertura de Contexto,Portabilidad,"Falla de adaptabilidad de la interfaz en el contexto de dispositivos móviles, impidiendo confirmar citas desde pantallas de formatos pequeños."
1996,2025-09-23,Facturacion,Reembolso aprobado no se refleja en el estado de cuenta,Admision,Quito,Libertad de Riesgo,RNF-03 (Errores de Facturación),"Fallas en la aplicación de notas de crédito o reembolsos que distorsionan los estados de cuenta, arriesgando multas tributarias e inconformidad legal."
1997,2025-09-24,Portal Citas,El portal muestra disponibilidad para un horario ya ocupado,Paciente,Guayaquil,Efectividad,Funcionalidad,Falla de funcionalidad en el módulo Portal Citas que impide al usuario completar sus tareas de manera precisa y completa.
1998,2025-09-25,HCE,Duplicado de historia clinica al registrar un paciente ya existente,Medico,Cuenca,Libertad de Riesgo,Seguridad Clínica,"Riesgo de seguridad clínica debido a la fragmentación de la información de salud del paciente, lo que puede inducir a diagnósticos y tratamientos erróneos."
1999,2025-09-26,Telemedicina,Videollamada se corta a los 3 minutos,Paciente,Ambato,Cobertura de Contexto,RNF-05 (Disponibilidad de llamada),"Falta de resiliencia del canal de comunicación ante variaciones en la conectividad del usuario, interrumpiendo la sesión de teleconsulta en producción."
2000,2025-09-27,HCE,Duplicado de historia clinica al registrar un paciente ya existente,Medico,Manta,Libertad de Riesgo,Seguridad Clínica,"Riesgo de seguridad clínica debido a la fragmentación de la información de salud del paciente, lo que puede inducir a diagnósticos y tratamientos erróneos."
2001,2025-09-28,Portal Citas,El pago del bono de consulta no se refleja tras completarlo,Paciente,Quito,Libertad de Riesgo,RNF-03 (Errores de Facturación),Inconsistencia financiera en los cobros o transacciones del sistema que infringe las normativas contables y expone al hospital a pérdidas económicas.
2002,2025-09-29,Portal Citas,Usuario no logra agendar tras 2 intentos,Paciente,Guayaquil,Satisfacción,RNF-02 (Pasos del Portal),"Incapacidad del usuario de lograr su meta tras múltiples intentos, violando el RNF-02 y provocando un alto nivel de frustración."
2003,2025-09-30,Telemedicina,Calidad de video muy baja pese a tener buena conexion a internet,Paciente,Cuenca,Satisfacción,RNF-05 (Disponibilidad de llamada),Mala experiencia sensorial e interactiva durante la teleconsulta que impacta el RNF-05 y la percepción de calidad del servicio.
2004,2025-10-01,App Movil,El boton de teleconsulta no redirige correctamente a la videollamada,Paciente,Ambato,Efectividad,Funcionalidad,Falla de funcionalidad en el módulo App Movil que impide al usuario completar sus tareas de manera precisa y completa.
2005,2025-10-02,Telemedicina,La sesion se cierra automaticamente antes de terminar la consulta,Paciente,Manta,Efectividad,Funcionalidad,Falla de funcionalidad en el módulo Telemedicina que impide al usuario completar sus tareas de manera precisa y completa.
2006,2025-10-03,Imagenologia,Perdida de calidad en las imagenes al ser visualizadas desde la app,Radiologo,Quito,Satisfacción,Usabilidad,Degradación visual que afecta la comodidad y confianza de los médicos al visualizar estudios clínicos desde la app móvil.
2007,2025-10-04,Portal Citas,Doble reserva de un mismo cupo por dos pacientes distintos,Paciente,Guayaquil,Libertad de Riesgo,RNF-03 (Errores de Facturación),"Doble agendamiento de un mismo cupo que genera sobreventa de citas, colapso de agenda de especialistas y multas o insatisfacción comercial."
2008,2025-10-05,Facturacion,El modulo de facturacion se cae durante el cierre de caja,Admision,Cuenca,Efectividad,Funcionalidad,Falla de funcionalidad en el módulo Facturacion que impide al usuario completar sus tareas de manera precisa y completa.
2009,2025-10-06,App Movil,El boton de teleconsulta no redirige correctamente a la videollamada,Paciente,Ambato,Efectividad,Funcionalidad,Falla de funcionalidad en el módulo App Movil que impide al usuario completar sus tareas de manera precisa y completa.
2010,2025-10-07,Telemedicina,El medico no puede compartir pantalla con resultados de examenes,Paciente,Manta,Efectividad,Funcionalidad,Falla de funcionalidad en el módulo Telemedicina que impide al usuario completar sus tareas de manera precisa y completa.
2011,2025-10-08,Portal Citas,Sesion expira antes de finalizar el proceso de agendamiento,Paciente,Quito,Satisfacción,Usabilidad,"Mala experiencia de usuario que interrumpe de forma prematura el proceso de compra/agendamiento, forzando a repetir pasos."
2012,2025-10-09,Portal Citas,Notificacion de recordatorio de cita llega con la fecha incorrecta,Paciente,Guayaquil,Efectividad,Funcionalidad,Falla de funcionalidad en el módulo Portal Citas que impide al usuario completar sus tareas de manera precisa y completa.
2013,2025-10-10,Farmacia,Receta electronica llega incompleta desde el modulo de HCE,Farmacia,Cuenca,Efectividad,Funcionalidad,Falla de funcionalidad en el módulo Farmacia que impide al usuario completar sus tareas de manera precisa y completa.
2014,2025-10-11,App Movil,Resultados de examenes no se visualizan en formato PDF,Paciente,Ambato,Efectividad,Funcionalidad,Falla de funcionalidad en el módulo App Movil que impide al usuario completar sus tareas de manera precisa y completa.
2015,2025-10-12,HCE,Firma electronica del medico no se valida al cerrar la consulta,Medico,Manta,Efectividad,Funcionalidad,Falla de funcionalidad en el módulo HCE que impide al usuario completar sus tareas de manera precisa y completa.
2016,2025-10-13,App Movil,La app no permite actualizar el numero de contacto del paciente,Paciente,Quito,Efectividad,Funcionalidad,Restricción de funcionalidad que impide al usuario realizar una acción requerida para completar su tarea.
2017,2025-10-14,Portal Citas,"Formulario confuso, abandono de registro antes de completar la cita",Paciente,Guayaquil,Satisfacción,RNF-02 (Pasos del Portal),"Diseño de interfaz de usuario confuso que provoca el abandono del registro, afectando la métrica de satisfacción y facilidad de uso percibida."
2018,2025-10-15,Portal Citas,"Formulario confuso, abandono de registro antes de completar la cita",Paciente,Cuenca,Satisfacción,RNF-02 (Pasos del Portal),"Diseño de interfaz de usuario confuso que provoca el abandono del registro, afectando la métrica de satisfacción y facilidad de uso percibida."
2019,2025-10-16,Imagenologia,Las imagenes de rayos X no cargan en el visor DICOM,Radiologo,Ambato,Efectividad,Funcionalidad,Falla de funcionalidad en el módulo Imagenologia que impide al usuario completar sus tareas de manera precisa y completa.
2020,2025-10-17,Facturacion,El sistema no reconoce el convenio con la aseguradora,Admision,Manta,Libertad de Riesgo,RNF-03 (Errores de Facturación),El no reconocimiento de convenios de aseguradoras genera fricción de cobro y riesgo de pérdidas económicas por servicios no cubiertos correctamente.
2021,2025-10-18,HCE,Consulta anterior no se muestra en el resumen de antecedentes,Medico,Quito,Efectividad,Funcionalidad,Falla de funcionalidad en el módulo HCE que impide al usuario completar sus tareas de manera precisa y completa.
2022,2025-10-19,Telemedicina,El chat de la consulta no permite enviar imagenes,Paciente,Guayaquil,Efectividad,Funcionalidad,Restricción de funcionalidad que impide al usuario realizar una acción requerida para completar su tarea.
2023,2025-10-20,Portal Citas,El pago del bono de consulta no se refleja tras completarlo,Paciente,Cuenca,Libertad de Riesgo,RNF-03 (Errores de Facturación),Inconsistencia financiera en los cobros o transacciones del sistema que infringe las normativas contables y expone al hospital a pérdidas económicas.
2024,2025-10-21,Telemedicina,Calidad de video muy baja pese a tener buena conexion a internet,Paciente,Ambato,Satisfacción,RNF-05 (Disponibilidad de llamada),Mala experiencia sensorial e interactiva durante la teleconsulta que impacta el RNF-05 y la percepción de calidad del servicio.
2025,2025-10-22,Telemedicina,Receta electronica no se genera al finalizar la teleconsulta,Paciente,Manta,Efectividad,Funcionalidad,Falla de funcionalidad en el módulo Telemedicina que impide al usuario completar sus tareas de manera precisa y completa.
2026,2025-10-23,HCE,Receta electronica se genera con la dosis incorrecta tras guardar,Medico,Quito,Libertad de Riesgo,Seguridad Clínica,"Riesgo extremo de salud para el paciente al guardar dosis farmacológicas erróneas en la receta electrónica, pudiendo causar sobredosis o inefectividad clínica."
2027,2025-10-24,HCE,El campo de diagnostico CIE-10 no permite busqueda por texto,Medico,Guayaquil,Efectividad,Funcionalidad,Restricción de funcionalidad que impide al usuario realizar una acción requerida para completar su tarea.
2028,2025-10-25,HCE,Receta electronica se genera con la dosis incorrecta tras guardar,Medico,Cuenca,Libertad de Riesgo,Seguridad Clínica,"Riesgo extremo de salud para el paciente al guardar dosis farmacológicas erróneas en la receta electrónica, pudiendo causar sobredosis o inefectividad clínica."
2029,2025-10-26,Portal Citas,Doble reserva de un mismo cupo por dos pacientes distintos,Paciente,Ambato,Libertad de Riesgo,RNF-03 (Errores de Facturación),"Doble agendamiento de un mismo cupo que genera sobreventa de citas, colapso de agenda de especialistas y multas o insatisfacción comercial."
2030,2025-10-27,Portal Citas,Boton de confirmar cita no responde en dispositivos moviles,Paciente,Manta,Cobertura de Contexto,Portabilidad,"Falla de adaptabilidad de la interfaz en el contexto de dispositivos móviles, impidiendo confirmar citas desde pantallas de formatos pequeños."
2031,2025-10-28,App Movil,El inicio de sesion con biometria falla de forma intermitente,Paciente,Quito,Satisfacción,Usabilidad,La inestabilidad en el inicio biométrico genera frustración y reduce la confianza y comodidad del usuario al acceder al aplicativo móvil.
2032,2025-10-29,Portal Citas,El portal muestra disponibilidad para un horario ya ocupado,Paciente,Guayaquil,Efectividad,Funcionalidad,Falla de funcionalidad en el módulo Portal Citas que impide al usuario completar sus tareas de manera precisa y completa.
2033,2025-10-30,Portal Citas,El pago del bono de consulta no se refleja tras completarlo,Paciente,Cuenca,Libertad de Riesgo,RNF-03 (Errores de Facturación),Inconsistencia financiera en los cobros o transacciones del sistema que infringe las normativas contables y expone al hospital a pérdidas económicas.
2034,2025-10-31,HCE,Historial de alergias no carga al abrir la ficha del paciente,Medico,Ambato,Libertad de Riesgo,Seguridad Clínica,"Falla crítica que expone la seguridad del paciente al omitir información vital de alergias, con un alto riesgo de shock anafiláctico o mala praxis."
2035,2025-11-01,HCE,Orden medica no se sincroniza con el modulo de farmacia,Medico,Manta,Efectividad,Integración Funcional,Error de integración funcional que impide la sincronización y actualización del registro médico entre módulos del HIS.
2036,2025-11-02,App Movil,Notificaciones push no llegan pese a estar activadas,Paciente,Quito,Efectividad,Funcionalidad,Falla de funcionalidad en el módulo App Movil que impide al usuario completar sus tareas de manera precisa y completa.
2037,2025-11-03,HCE,Historial de alergias no carga al abrir la ficha del paciente,Medico,Guayaquil,Libertad de Riesgo,Seguridad Clínica,"Falla crítica que expone la seguridad del paciente al omitir información vital de alergias, con un alto riesgo de shock anafiláctico o mala praxis."
2038,2025-11-04,Portal Citas,El pago del bono de consulta no se refleja tras completarlo,Paciente,Cuenca,Libertad de Riesgo,RNF-03 (Errores de Facturación),Inconsistencia financiera en los cobros o transacciones del sistema que infringe las normativas contables y expone al hospital a pérdidas económicas.
2039,2025-11-05,Telemedicina,Videollamada se corta a los 4 minutos,Paciente,Ambato,Cobertura de Contexto,RNF-05 (Disponibilidad de llamada),"Falta de resiliencia del canal de comunicación ante variaciones en la conectividad del usuario, interrumpiendo la sesión de teleconsulta en producción."
2040,2025-11-06,Portal Citas,Usuario no logra agendar tras 5 intentos,Paciente,Manta,Satisfacción,RNF-02 (Pasos del Portal),"Incapacidad del usuario de lograr su meta tras múltiples intentos, violando el RNF-02 y provocando un alto nivel de frustración."
2041,2025-11-07,Farmacia,Receta electronica llega incompleta desde el modulo de HCE,Farmacia,Quito,Efectividad,Funcionalidad,Falla de funcionalidad en el módulo Farmacia que impide al usuario completar sus tareas de manera precisa y completa.
2042,2025-11-08,Portal Citas,El sistema no envia la confirmacion por correo electronico,Paciente,Guayaquil,Efectividad,Funcionalidad,Falla funcional que impide completar la tarea de confirmación de cita al paciente por canal de correo electrónico.
2043,2025-11-09,HCE,Duplicado de historia clinica al registrar un paciente ya existente,Medico,Cuenca,Libertad de Riesgo,Seguridad Clínica,"Riesgo de seguridad clínica debido a la fragmentación de la información de salud del paciente, lo que puede inducir a diagnósticos y tratamientos erróneos."
2044,2025-11-10,Telemedicina,Grabacion de la consulta no se almacena correctamente,Paciente,Ambato,Efectividad,Funcionalidad,Falla de funcionalidad en el módulo Telemedicina que impide al usuario completar sus tareas de manera precisa y completa.
2045,2025-11-11,Portal Citas,Usuario no logra agendar tras 5 intentos,Paciente,Manta,Satisfacción,RNF-02 (Pasos del Portal),"Incapacidad del usuario de lograr su meta tras múltiples intentos, violando el RNF-02 y provocando un alto nivel de frustración."
2046,2025-11-12,HCE,Nota de evolucion tarda 18s en guardarse,Medico,Quito,Eficiencia,RNF-01 (Latencia HCE),"El tiempo de guardado supera los 8 segundos tolerables, violando directamente el requerimiento no funcional RNF-01 de rendimiento del sistema para notas clínicas."
2047,2025-11-13,Laboratorio,El sistema no permite adjuntar el reporte en PDF del laboratorio externo,Tecnico Laboratorio,Guayaquil,Efectividad,Funcionalidad,Restricción de funcionalidad que impide al usuario realizar una acción requerida para completar su tarea.
2048,2025-11-14,Facturacion,El sistema no reconoce el convenio con la aseguradora,Admision,Cuenca,Libertad de Riesgo,RNF-03 (Errores de Facturación),El no reconocimiento de convenios de aseguradoras genera fricción de cobro y riesgo de pérdidas económicas por servicios no cubiertos correctamente.
2049,2025-11-15,Portal Citas,Cita agendada no aparece reflejada en el calendario del especialista,Paciente,Ambato,Efectividad,Funcionalidad,Falla de funcionalidad en el módulo Portal Citas que impide al usuario completar sus tareas de manera precisa y completa.
2050,2025-11-16,HCE,Perdida de la nota de evolucion tras un cierre inesperado de sesion,Medico,Manta,Efectividad,Funcionalidad,Falla de funcionalidad en el módulo HCE que impide al usuario completar sus tareas de manera precisa y completa.
2051,2025-11-17,Telemedicina,Paciente no puede unirse a la sala virtual a la hora agendada,Paciente,Quito,Efectividad,Funcionalidad,Falla de funcionalidad en el módulo Telemedicina que impide al usuario completar sus tareas de manera precisa y completa.
2052,2025-11-18,HCE,Alerta de interaccion medicamentosa no se despliega correctamente,Medico,Guayaquil,Libertad de Riesgo,Seguridad Clínica,El fallo en el despliegue de alertas de interacción farmacológica pone en riesgo inminente la salud del paciente ante combinaciones letales.
2053,2025-11-19,Telemedicina,Audio desincronizado durante la teleconsulta,Paciente,Cuenca,Satisfacción,RNF-05 (Disponibilidad de llamada),Mala experiencia sensorial e interactiva durante la teleconsulta que impacta el RNF-05 y la percepción de calidad del servicio.
2054,2025-11-20,Telemedicina,Audio desincronizado durante la teleconsulta,Paciente,Ambato,Satisfacción,RNF-05 (Disponibilidad de llamada),Mala experiencia sensorial e interactiva durante la teleconsulta que impacta el RNF-05 y la percepción de calidad del servicio.
2055,2025-11-21,Telemedicina,Notificacion de inicio de teleconsulta llega con retraso de 34s,Paciente,Manta,Eficiencia,Eficiencia Operativa,"El sistema presenta tiempos de respuesta elevados que consumen recursos de tiempo innecesarios, degradando la eficiencia del usuario en sus tareas."
2056,2025-11-22,Farmacia,Receta electronica llega incompleta desde el modulo de HCE,Farmacia,Quito,Efectividad,Funcionalidad,Falla de funcionalidad en el módulo Farmacia que impide al usuario completar sus tareas de manera precisa y completa.
2057,2025-11-23,Portal Citas,Tiempo de espera en el portal supera los 11s en horas pico,Paciente,Guayaquil,Eficiencia,Eficiencia Operativa,"El sistema presenta tiempos de respuesta elevados que consumen recursos de tiempo innecesarios, degradando la eficiencia del usuario en sus tareas."
2058,2025-11-24,Telemedicina,La sesion se cierra automaticamente antes de terminar la consulta,Paciente,Cuenca,Efectividad,Funcionalidad,Falla de funcionalidad en el módulo Telemedicina que impide al usuario completar sus tareas de manera precisa y completa.
2059,2025-11-25,Facturacion,Factura duplicada al reintentar pago,Admision,Ambato,Libertad de Riesgo,RNF-03 (Errores de Facturación),"Violación del requerimiento no funcional RNF-03 de facturación; genera cobros indebidos en las tarjetas del cliente, comprometiendo la confianza y el riesgo financiero."
2060,2025-11-26,Portal Citas,Error al reagendar una cita previamente confirmada,Paciente,Manta,Efectividad,Funcionalidad,Falla de funcionalidad en el módulo Portal Citas que impide al usuario completar sus tareas de manera precisa y completa.
2061,2025-11-27,App Movil,El boton de teleconsulta no redirige correctamente a la videollamada,Paciente,Quito,Efectividad,Funcionalidad,Falla de funcionalidad en el módulo App Movil que impide al usuario completar sus tareas de manera precisa y completa.
2062,2025-11-28,Reportes Gerenciales,El dashboard de indicadores no refleja los datos del ultimo cierre,Gerencia,Guayaquil,Efectividad,Funcionalidad,Inconsistencia en la actualización de datos que impide la visualización correcta de información operativa reciente.
2063,2025-11-29,Telemedicina,Receta electronica no se genera al finalizar la teleconsulta,Paciente,Cuenca,Efectividad,Funcionalidad,Falla de funcionalidad en el módulo Telemedicina que impide al usuario completar sus tareas de manera precisa y completa.
2064,2025-11-30,HCE,Consulta anterior no se muestra en el resumen de antecedentes,Medico,Ambato,Efectividad,Funcionalidad,Falla de funcionalidad en el módulo HCE que impide al usuario completar sus tareas de manera precisa y completa.
2065,2025-12-01,Laboratorio,Codigo de barras de la muestra no es reconocido por el lector,Tecnico Laboratorio,Manta,Efectividad,Funcionalidad,Falla de funcionalidad en el módulo Laboratorio que impide al usuario completar sus tareas de manera precisa y completa.
2066,2025-12-02,Imagenologia,El informe radiologico no se adjunta automaticamente a la HCE,Radiologo,Quito,Efectividad,Funcionalidad,Falla de funcionalidad en el módulo Imagenologia que impide al usuario completar sus tareas de manera precisa y completa.
2067,2025-12-03,App Movil,La aplicacion se cierra inesperadamente al abrir resultados de laboratorio,Paciente,Guayaquil,Efectividad,Funcionalidad,"Interrupción abrupta del sistema que impide que el usuario termine el registro de datos, reduciendo la efectividad operativa."
2068,2025-12-04,Facturacion,Nota de credito no se aplica al saldo pendiente del paciente,Admision,Cuenca,Libertad de Riesgo,RNF-03 (Errores de Facturación),"Fallas en la aplicación de notas de crédito o reembolsos que distorsionan los estados de cuenta, arriesgando multas tributarias e inconformidad legal."
2069,2025-12-05,Portal Citas,"Formulario confuso, abandono de registro antes de completar la cita",Paciente,Ambato,Satisfacción,RNF-02 (Pasos del Portal),"Diseño de interfaz de usuario confuso que provoca el abandono del registro, afectando la métrica de satisfacción y facilidad de uso percibida."
2070,2025-12-06,Portal Citas,El pago del bono de consulta no se refleja tras completarlo,Paciente,Manta,Libertad de Riesgo,RNF-03 (Errores de Facturación),Inconsistencia financiera en los cobros o transacciones del sistema que infringe las normativas contables y expone al hospital a pérdidas económicas.
2071,2025-12-07,Facturacion,Factura generada con el nombre del paciente incorrecto,Admision,Quito,Efectividad,Funcionalidad,Falla de funcionalidad en el módulo Facturacion que impide al usuario completar sus tareas de manera precisa y completa.
2072,2025-12-08,HCE,Nota de evolucion tarda 31s en guardarse,Medico,Guayaquil,Eficiencia,RNF-01 (Latencia HCE),"El tiempo de guardado supera los 8 segundos tolerables, violando directamente el requerimiento no funcional RNF-01 de rendimiento del sistema para notas clínicas."
2073,2025-12-09,HCE,Duplicado de historia clinica al registrar un paciente ya existente,Medico,Cuenca,Libertad de Riesgo,Seguridad Clínica,"Riesgo de seguridad clínica debido a la fragmentación de la información de salud del paciente, lo que puede inducir a diagnósticos y tratamientos erróneos."
2074,2025-12-10,HCE,Duplicado de historia clinica al registrar un paciente ya existente,Medico,Ambato,Libertad de Riesgo,Seguridad Clínica,"Riesgo de seguridad clínica debido a la fragmentación de la información de salud del paciente, lo que puede inducir a diagnósticos y tratamientos erróneos."
2075,2025-12-11,HCE,Duplicado de historia clinica al registrar un paciente ya existente,Medico,Manta,Libertad de Riesgo,Seguridad Clínica,"Riesgo de seguridad clínica debido a la fragmentación de la información de salud del paciente, lo que puede inducir a diagnósticos y tratamientos erróneos."
2076,2025-12-12,Laboratorio,Orden de laboratorio duplicada tras reintentar el envio,Tecnico Laboratorio,Quito,Efectividad,Funcionalidad,Falla de funcionalidad en el módulo Laboratorio que impide al usuario completar sus tareas de manera precisa y completa.
2077,2025-12-13,HCE,Alerta de interaccion medicamentosa no se despliega correctamente,Medico,Guayaquil,Libertad de Riesgo,Seguridad Clínica,El fallo en el despliegue de alertas de interacción farmacológica pone en riesgo inminente la salud del paciente ante combinaciones letales.
2078,2025-12-14,HCE,Duplicado de historia clinica al registrar un paciente ya existente,Medico,Cuenca,Libertad de Riesgo,Seguridad Clínica,"Riesgo de seguridad clínica debido a la fragmentación de la información de salud del paciente, lo que puede inducir a diagnósticos y tratamientos erróneos."
2079,2025-12-15,Facturacion,Discrepancia entre el monto facturado y el detalle de servicios,Admision,Ambato,Libertad de Riesgo,RNF-03 (Errores de Facturación),"Errores en el cálculo del copago de seguros o discrepancias de montos facturados, induciendo a pérdidas financieras o reclamaciones legales."
2080,2025-12-16,Portal Citas,Boton de confirmar cita no responde en dispositivos moviles,Paciente,Manta,Cobertura de Contexto,Portabilidad,"Falla de adaptabilidad de la interfaz en el contexto de dispositivos móviles, impidiendo confirmar citas desde pantallas de formatos pequeños."
2081,2025-12-17,HCE,Nota de evolucion tarda 29s en guardarse,Medico,Quito,Eficiencia,RNF-01 (Latencia HCE),"El tiempo de guardado supera los 8 segundos tolerables, violando directamente el requerimiento no funcional RNF-01 de rendimiento del sistema para notas clínicas."
2082,2025-12-18,App Movil,Consumo elevado de datos moviles al abrir el modulo de citas,Paciente,Guayaquil,Cobertura de Contexto,Portabilidad,"Consumo excesivo de ancho de banda móvil, lo que restringe el uso eficiente del sistema en redes celulares de datos (fuera de la intranet del hospital)."
2083,2025-12-19,App Movil,Notificaciones push no llegan pese a estar activadas,Paciente,Cuenca,Efectividad,Funcionalidad,Falla de funcionalidad en el módulo App Movil que impide al usuario completar sus tareas de manera precisa y completa.
2084,2025-12-20,Telemedicina,Audio desincronizado durante la teleconsulta,Paciente,Ambato,Satisfacción,RNF-05 (Disponibilidad de llamada),Mala experiencia sensorial e interactiva durante la teleconsulta que impacta el RNF-05 y la percepción de calidad del servicio.
2085,2025-12-21,Telemedicina,Notificacion de inicio de teleconsulta llega con retraso de 28s,Paciente,Manta,Eficiencia,Eficiencia Operativa,"El sistema presenta tiempos de respuesta elevados que consumen recursos de tiempo innecesarios, degradando la eficiencia del usuario en sus tareas."
2086,2025-12-22,App Movil,Version desactualizada del app impide iniciar sesion,Paciente,Quito,Cobertura de Contexto,Portabilidad,Incompatibilidad y falta de robustez del sistema cuando se ejecuta en el contexto de sistemas cliente que no cuentan con la última versión de software.
2087,2025-12-23,Portal Citas,Cancelacion de cita no libera el cupo en el calendario,Paciente,Guayaquil,Efectividad,Funcionalidad,Falla de funcionalidad en el módulo Portal Citas que impide al usuario completar sus tareas de manera precisa y completa.
2088,2025-12-24,HCE,El campo de diagnostico CIE-10 no permite busqueda por texto,Medico,Cuenca,Efectividad,Funcionalidad,Restricción de funcionalidad que impide al usuario realizar una acción requerida para completar su tarea.
2089,2025-12-25,Portal Citas,"Formulario confuso, abandono de registro antes de completar la cita",Paciente,Ambato,Satisfacción,RNF-02 (Pasos del Portal),"Diseño de interfaz de usuario confuso que provoca el abandono del registro, afectando la métrica de satisfacción y facilidad de uso percibida."
2090,2025-12-26,Portal Citas,Filtro de especialidad medica no devuelve resultados,Paciente,Manta,Efectividad,Funcionalidad,Falla de funcionalidad en el módulo Portal Citas que impide al usuario completar sus tareas de manera precisa y completa.
2091,2025-12-27,Portal Citas,Doble reserva de un mismo cupo por dos pacientes distintos,Paciente,Quito,Libertad de Riesgo,RNF-03 (Errores de Facturación),"Doble agendamiento de un mismo cupo que genera sobreventa de citas, colapso de agenda de especialistas y multas o insatisfacción comercial."
2092,2025-12-28,HCE,Perdida de la nota de evolucion tras un cierre inesperado de sesion,Medico,Guayaquil,Efectividad,Funcionalidad,Falla de funcionalidad en el módulo HCE que impide al usuario completar sus tareas de manera precisa y completa.
2093,2025-12-29,Facturacion,Error de calculo en el copago del seguro medico,Admision,Cuenca,Libertad de Riesgo,RNF-03 (Errores de Facturación),"Errores en el cálculo del copago de seguros o discrepancias de montos facturados, induciendo a pérdidas financieras o reclamaciones legales."
2094,2025-12-30,HCE,Nota de evolucion tarda 24s en guardarse,Medico,Ambato,Eficiencia,RNF-01 (Latencia HCE),"El tiempo de guardado supera los 8 segundos tolerables, violando directamente el requerimiento no funcional RNF-01 de rendimiento del sistema para notas clínicas."
2095,2025-12-31,Laboratorio,El sistema no permite adjuntar el reporte en PDF del laboratorio externo,Tecnico Laboratorio,Manta,Efectividad,Funcionalidad,Restricción de funcionalidad que impide al usuario realizar una acción requerida para completar su tarea.
2096,2025-01-01,Farmacia,Alerta de vencimiento de lote no se muestra en el modulo,Farmacia,Quito,Libertad de Riesgo,Seguridad Clínica,Omitir la alerta de vencimiento de lotes farmacéuticos puede llevar a la administración de medicamentos caducados a los pacientes.
2097,2025-01-02,App Movil,Notificaciones push no llegan pese a estar activadas,Paciente,Guayaquil,Efectividad,Funcionalidad,Falla de funcionalidad en el módulo App Movil que impide al usuario completar sus tareas de manera precisa y completa.
2098,2025-01-03,HCE,Consulta anterior no se muestra en el resumen de antecedentes,Medico,Cuenca,Efectividad,Funcionalidad,Falla de funcionalidad en el módulo HCE que impide al usuario completar sus tareas de manera precisa y completa.
2099,2025-01-04,HCE,Duplicado de historia clinica al registrar un paciente ya existente,Medico,Ambato,Libertad de Riesgo,Seguridad Clínica,"Riesgo de seguridad clínica debido a la fragmentación de la información de salud del paciente, lo que puede inducir a diagnósticos y tratamientos erróneos."
2100,2025-01-05,HCE,El sistema se congela al adjuntar resultados de laboratorio a la HCE,Medico,Manta,Efectividad,Funcionalidad,Falla de funcionalidad en el módulo HCE que impide al usuario completar sus tareas de manera precisa y completa.
2101,2025-01-06,Facturacion,Reintento de transaccion genera doble cobro en la tarjeta,Admision,Quito,Libertad de Riesgo,RNF-03 (Errores de Facturación),"Violación del requerimiento no funcional RNF-03 de facturación; genera cobros indebidos en las tarjetas del cliente, comprometiendo la confianza y el riesgo financiero."
2102,2025-01-07,HCE,El sistema se congela al adjuntar resultados de laboratorio a la HCE,Medico,Guayaquil,Efectividad,Funcionalidad,Falla de funcionalidad en el módulo HCE que impide al usuario completar sus tareas de manera precisa y completa.
2103,2025-01-08,HCE,Orden medica no se sincroniza con el modulo de farmacia,Medico,Cuenca,Efectividad,Integración Funcional,Error de integración funcional que impide la sincronización y actualización del registro médico entre módulos del HIS.
2104,2025-01-09,Imagenologia,Tiempo de carga de estudios de imagen supera los 16s,Radiologo,Ambato,Eficiencia,Eficiencia Operativa,La lentitud en la carga y transferencia de archivos DICOM pesados degrada la eficiencia del flujo de trabajo clínico en imagenología.
2105,2025-01-10,Portal Citas,Tiempo de espera en el portal supera los 23s en horas pico,Paciente,Manta,Eficiencia,Eficiencia Operativa,"El sistema presenta tiempos de respuesta elevados que consumen recursos de tiempo innecesarios, degradando la eficiencia del usuario en sus tareas."
2106,2025-01-11,HCE,Tiempo de carga de la ficha clinica supera los 12s en horas pico,Medico,Quito,Eficiencia,Eficiencia Operativa,La latencia en horas pico para abrir la ficha clínica perjudica la productividad del médico durante la consulta.
2107,2025-01-12,Telemedicina,Videollamada se corta a los 5 minutos,Paciente,Guayaquil,Cobertura de Contexto,RNF-05 (Disponibilidad de llamada),"Falta de resiliencia del canal de comunicación ante variaciones en la conectividad del usuario, interrumpiendo la sesión de teleconsulta en producción."
2108,2025-01-13,HCE,Duplicado de historia clinica al registrar un paciente ya existente,Medico,Cuenca,Libertad de Riesgo,Seguridad Clínica,"Riesgo de seguridad clínica debido a la fragmentación de la información de salud del paciente, lo que puede inducir a diagnósticos y tratamientos erróneos."
2109,2025-01-14,HCE,Alerta de interaccion medicamentosa no se despliega correctamente,Medico,Ambato,Libertad de Riesgo,Seguridad Clínica,El fallo en el despliegue de alertas de interacción farmacológica pone en riesgo inminente la salud del paciente ante combinaciones letales.
2110,2025-01-15,Facturacion,Nota de credito no se aplica al saldo pendiente del paciente,Admision,Manta,Libertad de Riesgo,RNF-03 (Errores de Facturación),"Fallas en la aplicación de notas de crédito o reembolsos que distorsionan los estados de cuenta, arriesgando multas tributarias e inconformidad legal."
2111,2025-01-16,App Movil,Consumo elevado de datos moviles al abrir el modulo de citas,Paciente,Quito,Cobertura de Contexto,Portabilidad,"Consumo excesivo de ancho de banda móvil, lo que restringe el uso eficiente del sistema en redes celulares de datos (fuera de la intranet del hospital)."
2112,2025-01-17,HCE,Signos vitales registrados por enfermeria no aparecen en la HCE del medico,Medico,Guayaquil,Efectividad,Integración de Datos,Falla de funcionalidad en el módulo HCE que impide al usuario completar sus tareas de manera precisa y completa.
2113,2025-01-18,Portal Citas,El sistema no envia la confirmacion por correo electronico,Paciente,Cuenca,Efectividad,Funcionalidad,Falla funcional que impide completar la tarea de confirmación de cita al paciente por canal de correo electrónico.
2114,2025-01-19,Facturacion,Factura electronica no llega al correo registrado del paciente,Admision,Ambato,Efectividad,Funcionalidad,Falla de funcionalidad en el módulo Facturacion que impide al usuario completar sus tareas de manera precisa y completa.
2115,2025-01-20,Farmacia,Alerta de vencimiento de lote no se muestra en el modulo,Farmacia,Manta,Libertad de Riesgo,Seguridad Clínica,Omitir la alerta de vencimiento de lotes farmacéuticos puede llevar a la administración de medicamentos caducados a los pacientes.
2116,2025-01-21,HCE,Duplicado de historia clinica al registrar un paciente ya existente,Medico,Quito,Libertad de Riesgo,Seguridad Clínica,"Riesgo de seguridad clínica debido a la fragmentación de la información de salud del paciente, lo que puede inducir a diagnósticos y tratamientos erróneos."
2117,2025-01-22,HCE,Duplicado de historia clinica al registrar un paciente ya existente,Medico,Guayaquil,Libertad de Riesgo,Seguridad Clínica,"Riesgo de seguridad clínica debido a la fragmentación de la información de salud del paciente, lo que puede inducir a diagnósticos y tratamientos erróneos."
2118,2025-01-23,Laboratorio,El sistema no permite adjuntar el reporte en PDF del laboratorio externo,Tecnico Laboratorio,Cuenca,Efectividad,Funcionalidad,Restricción de funcionalidad que impide al usuario realizar una acción requerida para completar su tarea.
2119,2025-01-24,Farmacia,Alerta de vencimiento de lote no se muestra en el modulo,Farmacia,Ambato,Libertad de Riesgo,Seguridad Clínica,Omitir la alerta de vencimiento de lotes farmacéuticos puede llevar a la administración de medicamentos caducados a los pacientes.
2120,2025-01-25,Facturacion,Retraso de 30s al procesar el pago con tarjeta de credito,Admision,Manta,Eficiencia,Eficiencia Operativa,El procesamiento lento del cobro con tarjeta retrasa el flujo de caja y la atención administrativa de admisión.
2121,2025-01-26,Portal Citas,Error al reagendar una cita previamente confirmada,Paciente,Quito,Efectividad,Funcionalidad,Falla de funcionalidad en el módulo Portal Citas que impide al usuario completar sus tareas de manera precisa y completa.
2122,2025-01-27,App Movil,Resultados de examenes no se visualizan en formato PDF,Paciente,Guayaquil,Efectividad,Funcionalidad,Falla de funcionalidad en el módulo App Movil que impide al usuario completar sus tareas de manera precisa y completa.
2123,2025-01-28,App Movil,Notificaciones push no llegan pese a estar activadas,Paciente,Cuenca,Efectividad,Funcionalidad,Falla de funcionalidad en el módulo App Movil que impide al usuario completar sus tareas de manera precisa y completa.
2124,2025-01-29,Facturacion,El sistema no permite anular una factura emitida por error,Admision,Ambato,Efectividad,Funcionalidad,Restricción de funcionalidad que impide al usuario realizar una acción requerida para completar su tarea.
2125,2025-01-30,Facturacion,Reintento de transaccion genera doble cobro en la tarjeta,Admision,Manta,Libertad de Riesgo,RNF-03 (Errores de Facturación),"Violación del requerimiento no funcional RNF-03 de facturación; genera cobros indebidos en las tarjetas del cliente, comprometiendo la confianza y el riesgo financiero."
2126,2025-01-31,Portal Citas,Sesion expira antes de finalizar el proceso de agendamiento,Paciente,Quito,Satisfacción,Usabilidad,"Mala experiencia de usuario que interrumpe de forma prematura el proceso de compra/agendamiento, forzando a repetir pasos."
2127,2025-02-01,Farmacia,Error al registrar la dispensacion de un medicamento controlado,Farmacia,Guayaquil,Libertad de Riesgo,Seguridad Clínica,"Error en el registro de medicamentos regulados, lo que genera riesgos legales, regulatorios y de seguridad en el control de sustancias psicotrópicas."
2128,2025-02-02,HCE,Datos de otro paciente visibles brevemente al abrir un expediente,Medico,Cuenca,Libertad de Riesgo,Seguridad Clínica,"Fuga de información y violación de la confidencialidad médica (HIPAA/Ley de Protección de Datos), exponiendo datos de otros pacientes."
2129,2025-02-03,Portal Citas,Notificacion de recordatorio de cita llega con la fecha incorrecta,Paciente,Ambato,Efectividad,Funcionalidad,Falla de funcionalidad en el módulo Portal Citas que impide al usuario completar sus tareas de manera precisa y completa.
2130,2025-02-04,Laboratorio,Resultado de examen de laboratorio no se sincroniza con la HCE,Tecnico Laboratorio,Manta,Efectividad,Integración de Datos,Error de integración funcional que impide la sincronización y actualización del registro médico entre módulos del HIS.
2131,2025-02-05,Facturacion,Reembolso aprobado no se refleja en el estado de cuenta,Admision,Quito,Libertad de Riesgo,RNF-03 (Errores de Facturación),"Fallas en la aplicación de notas de crédito o reembolsos que distorsionan los estados de cuenta, arriesgando multas tributarias e inconformidad legal."
2132,2025-02-06,HCE,Nota de evolucion tarda 35s en guardarse,Medico,Guayaquil,Eficiencia,RNF-01 (Latencia HCE),"El tiempo de guardado supera los 8 segundos tolerables, violando directamente el requerimiento no funcional RNF-01 de rendimiento del sistema para notas clínicas."
2133,2025-02-07,HCE,Datos de otro paciente visibles brevemente al abrir un expediente,Medico,Cuenca,Libertad de Riesgo,Seguridad Clínica,"Fuga de información y violación de la confidencialidad médica (HIPAA/Ley de Protección de Datos), exponiendo datos de otros pacientes."
2134,2025-02-08,Facturacion,El modulo de facturacion se cae durante el cierre de caja,Admision,Ambato,Efectividad,Funcionalidad,Falla de funcionalidad en el módulo Facturacion que impide al usuario completar sus tareas de manera precisa y completa.
2135,2025-02-09,Portal Citas,Cita agendada no aparece reflejada en el calendario del especialista,Paciente,Manta,Efectividad,Funcionalidad,Falla de funcionalidad en el módulo Portal Citas que impide al usuario completar sus tareas de manera precisa y completa.
2136,2025-02-10,HCE,Perdida de la nota de evolucion tras un cierre inesperado de sesion,Medico,Quito,Efectividad,Funcionalidad,Falla de funcionalidad en el módulo HCE que impide al usuario completar sus tareas de manera precisa y completa.
2137,2025-02-11,App Movil,El boton de teleconsulta no redirige correctamente a la videollamada,Paciente,Guayaquil,Efectividad,Funcionalidad,Falla de funcionalidad en el módulo App Movil que impide al usuario completar sus tareas de manera precisa y completa.
2138,2025-02-12,Facturacion,El sistema no permite anular una factura emitida por error,Admision,Cuenca,Efectividad,Funcionalidad,Restricción de funcionalidad que impide al usuario realizar una acción requerida para completar su tarea.
2139,2025-02-13,Portal Citas,"Formulario confuso, abandono de registro antes de completar la cita",Paciente,Ambato,Satisfacción,RNF-02 (Pasos del Portal),"Diseño de interfaz de usuario confuso que provoca el abandono del registro, afectando la métrica de satisfacción y facilidad de uso percibida."
2140,2025-02-14,App Movil,El inicio de sesion con biometria falla de forma intermitente,Paciente,Manta,Satisfacción,Usabilidad,La inestabilidad en el inicio biométrico genera frustración y reduce la confianza y comodidad del usuario al acceder al aplicativo móvil.
2141,2025-02-15,Portal Citas,Tiempo de espera en el portal supera los 23s en horas pico,Paciente,Quito,Eficiencia,Eficiencia Operativa,"El sistema presenta tiempos de respuesta elevados que consumen recursos de tiempo innecesarios, degradando la eficiencia del usuario en sus tareas."
2142,2025-02-16,App Movil,Notificaciones push no llegan pese a estar activadas,Paciente,Guayaquil,Efectividad,Funcionalidad,Falla de funcionalidad en el módulo App Movil que impide al usuario completar sus tareas de manera precisa y completa.
2143,2025-02-17,Farmacia,El sistema bloquea la dispensacion sin mostrar el motivo,Farmacia,Cuenca,Satisfacción,Usabilidad,La falta de mensajes informativos claros y feedback del sistema incrementa la incertidumbre y frustración del operario farmacéutico.
2144,2025-02-18,HCE,Historial de alergias no carga al abrir la ficha del paciente,Medico,Ambato,Libertad de Riesgo,Seguridad Clínica,"Falla crítica que expone la seguridad del paciente al omitir información vital de alergias, con un alto riesgo de shock anafiláctico o mala praxis."
2145,2025-02-19,Telemedicina,El medico no puede compartir pantalla con resultados de examenes,Paciente,Manta,Efectividad,Funcionalidad,Falla de funcionalidad en el módulo Telemedicina que impide al usuario completar sus tareas de manera precisa y completa.
2146,2025-02-20,HCE,Orden medica no se sincroniza con el modulo de farmacia,Medico,Quito,Efectividad,Integración Funcional,Error de integración funcional que impide la sincronización y actualización del registro médico entre módulos del HIS.
2147,2025-02-21,Imagenologia,Las imagenes de rayos X no cargan en el visor DICOM,Radiologo,Guayaquil,Efectividad,Funcionalidad,Falla de funcionalidad en el módulo Imagenologia que impide al usuario completar sus tareas de manera precisa y completa.
2148,2025-02-22,HCE,Alerta de interaccion medicamentosa no se despliega correctamente,Medico,Cuenca,Libertad de Riesgo,Seguridad Clínica,El fallo en el despliegue de alertas de interacción farmacológica pone en riesgo inminente la salud del paciente ante combinaciones letales.
2149,2025-02-23,Laboratorio,Codigo de barras de la muestra no es reconocido por el lector,Tecnico Laboratorio,Ambato,Efectividad,Funcionalidad,Falla de funcionalidad en el módulo Laboratorio que impide al usuario completar sus tareas de manera precisa y completa.
2150,2025-02-24,HCE,Historial de alergias no carga al abrir la ficha del paciente,Medico,Manta,Libertad de Riesgo,Seguridad Clínica,"Falla crítica que expone la seguridad del paciente al omitir información vital de alergias, con un alto riesgo de shock anafiláctico o mala praxis."
2151,2025-02-25,Portal Citas,Filtro de especialidad medica no devuelve resultados,Paciente,Quito,Efectividad,Funcionalidad,Falla de funcionalidad en el módulo Portal Citas que impide al usuario completar sus tareas de manera precisa y completa.
2152,2025-02-26,App Movil,La aplicacion se cierra inesperadamente al abrir resultados de laboratorio,Paciente,Guayaquil,Efectividad,Funcionalidad,"Interrupción abrupta del sistema que impide que el usuario termine el registro de datos, reduciendo la efectividad operativa."
2153,2025-02-27,HCE,Tiempo de carga de la ficha clinica supera los 20s en horas pico,Medico,Cuenca,Eficiencia,Eficiencia Operativa,La latencia en horas pico para abrir la ficha clínica perjudica la productividad del médico durante la consulta.
2154,2025-02-28,Reportes Gerenciales,El dashboard de indicadores no refleja los datos del ultimo cierre,Gerencia,Ambato,Efectividad,Funcionalidad,Inconsistencia en la actualización de datos que impide la visualización correcta de información operativa reciente.
2155,2025-03-01,Facturacion,Retraso de 29s al procesar el pago con tarjeta de credito,Admision,Manta,Eficiencia,Eficiencia Operativa,El procesamiento lento del cobro con tarjeta retrasa el flujo de caja y la atención administrativa de admisión.
2156,2025-03-02,Facturacion,Factura electronica no llega al correo registrado del paciente,Admision,Quito,Efectividad,Funcionalidad,Falla de funcionalidad en el módulo Facturacion que impide al usuario completar sus tareas de manera precisa y completa.
2157,2025-03-03,App Movil,Consumo elevado de datos moviles al abrir el modulo de citas,Paciente,Guayaquil,Cobertura de Contexto,Portabilidad,"Consumo excesivo de ancho de banda móvil, lo que restringe el uso eficiente del sistema en redes celulares de datos (fuera de la intranet del hospital)."
2158,2025-03-04,Laboratorio,Orden de laboratorio duplicada tras reintentar el envio,Tecnico Laboratorio,Cuenca,Efectividad,Funcionalidad,Falla de funcionalidad en el módulo Laboratorio que impide al usuario completar sus tareas de manera precisa y completa.
2159,2025-03-05,HCE,Nota de evolucion tarda 18s en guardarse,Medico,Ambato,Eficiencia,RNF-01 (Latencia HCE),"El tiempo de guardado supera los 8 segundos tolerables, violando directamente el requerimiento no funcional RNF-01 de rendimiento del sistema para notas clínicas."
2160,2025-03-06,App Movil,La app no permite actualizar el numero de contacto del paciente,Paciente,Manta,Efectividad,Funcionalidad,Restricción de funcionalidad que impide al usuario realizar una acción requerida para completar su tarea.
2161,2025-03-07,Facturacion,Error de calculo en el copago del seguro medico,Admision,Quito,Libertad de Riesgo,RNF-03 (Errores de Facturación),"Errores en el cálculo del copago de seguros o discrepancias de montos facturados, induciendo a pérdidas financieras o reclamaciones legales."
2162,2025-03-08,HCE,Tiempo de carga de la ficha clinica supera los 14s en horas pico,Medico,Guayaquil,Eficiencia,Eficiencia Operativa,La latencia en horas pico para abrir la ficha clínica perjudica la productividad del médico durante la consulta.
2163,2025-03-09,Portal Citas,El pago del bono de consulta no se refleja tras completarlo,Paciente,Cuenca,Libertad de Riesgo,RNF-03 (Errores de Facturación),Inconsistencia financiera en los cobros o transacciones del sistema que infringe las normativas contables y expone al hospital a pérdidas económicas.
2164,2025-03-10,Telemedicina,Calidad de video muy baja pese a tener buena conexion a internet,Paciente,Ambato,Satisfacción,RNF-05 (Disponibilidad de llamada),Mala experiencia sensorial e interactiva durante la teleconsulta que impacta el RNF-05 y la percepción de calidad del servicio.
2165,2025-03-11,App Movil,La aplicacion se cierra inesperadamente al abrir resultados de laboratorio,Paciente,Manta,Efectividad,Funcionalidad,"Interrupción abrupta del sistema que impide que el usuario termine el registro de datos, reduciendo la efectividad operativa."
2166,2025-03-12,Reportes Gerenciales,Tiempo de generacion del reporte mensual supera los 9 minutos,Gerencia,Quito,Eficiencia,Eficiencia Operativa,"Demoras severas en la generación de reportes mensuales de inteligencia de negocio, penalizando la eficiencia en el tiempo de procesamiento y toma de decisiones."
2167,2025-03-13,HCE,Perdida de la nota de evolucion tras un cierre inesperado de sesion,Medico,Guayaquil,Efectividad,Funcionalidad,Falla de funcionalidad en el módulo HCE que impide al usuario completar sus tareas de manera precisa y completa.
2168,2025-03-14,HCE,Receta electronica se genera con la dosis incorrecta tras guardar,Medico,Cuenca,Libertad de Riesgo,Seguridad Clínica,"Riesgo extremo de salud para el paciente al guardar dosis farmacológicas erróneas en la receta electrónica, pudiendo causar sobredosis o inefectividad clínica."
2169,2025-03-15,Facturacion,Reintento de transaccion genera doble cobro en la tarjeta,Admision,Ambato,Libertad de Riesgo,RNF-03 (Errores de Facturación),"Violación del requerimiento no funcional RNF-03 de facturación; genera cobros indebidos en las tarjetas del cliente, comprometiendo la confianza y el riesgo financiero."
2170,2025-03-16,HCE,Perdida de la nota de evolucion tras un cierre inesperado de sesion,Medico,Manta,Efectividad,Funcionalidad,Falla de funcionalidad en el módulo HCE que impide al usuario completar sus tareas de manera precisa y completa.
2171,2025-03-17,HCE,Alerta de interaccion medicamentosa no se despliega correctamente,Medico,Quito,Libertad de Riesgo,Seguridad Clínica,El fallo en el despliegue de alertas de interacción farmacológica pone en riesgo inminente la salud del paciente ante combinaciones letales.
2172,2025-03-18,Farmacia,El sistema no descuenta automaticamente el medicamento dispensado,Farmacia,Guayaquil,Efectividad,Funcionalidad,Falla de funcionalidad en el módulo Farmacia que impide al usuario completar sus tareas de manera precisa y completa.
2173,2025-03-19,Imagenologia,Tiempo de carga de estudios de imagen supera los 30s,Radiologo,Cuenca,Eficiencia,Eficiencia Operativa,La lentitud en la carga y transferencia de archivos DICOM pesados degrada la eficiencia del flujo de trabajo clínico en imagenología.
2174,2025-03-20,Portal Citas,Usuario no logra agendar tras 2 intentos,Paciente,Ambato,Satisfacción,RNF-02 (Pasos del Portal),"Incapacidad del usuario de lograr su meta tras múltiples intentos, violando el RNF-02 y provocando un alto nivel de frustración."
2175,2025-03-21,Portal Citas,El pago del bono de consulta no se refleja tras completarlo,Paciente,Manta,Libertad de Riesgo,RNF-03 (Errores de Facturación),Inconsistencia financiera en los cobros o transacciones del sistema que infringe las normativas contables y expone al hospital a pérdidas económicas.
2176,2025-03-22,HCE,Firma electronica del medico no se valida al cerrar la consulta,Medico,Quito,Efectividad,Funcionalidad,Falla de funcionalidad en el módulo HCE que impide al usuario completar sus tareas de manera precisa y completa.
2177,2025-03-23,Facturacion,Factura duplicada al reintentar pago,Admision,Guayaquil,Libertad de Riesgo,RNF-03 (Errores de Facturación),"Violación del requerimiento no funcional RNF-03 de facturación; genera cobros indebidos en las tarjetas del cliente, comprometiendo la confianza y el riesgo financiero."
2178,2025-03-24,HCE,Signos vitales registrados por enfermeria no aparecen en la HCE del medico,Medico,Cuenca,Efectividad,Integración de Datos,Falla de funcionalidad en el módulo HCE que impide al usuario completar sus tareas de manera precisa y completa.
2179,2025-03-25,Imagenologia,El informe radiologico no se adjunta automaticamente a la HCE,Radiologo,Ambato,Efectividad,Funcionalidad,Falla de funcionalidad en el módulo Imagenologia que impide al usuario completar sus tareas de manera precisa y completa.
2180,2025-03-26,Reportes Gerenciales,Exportacion a Excel del reporte gerencial falla de forma intermitente,Gerencia,Manta,Efectividad,Funcionalidad,Falla intermitente en las exportaciones o ejecuciones de procesos del sistema que reduce la fiabilidad de las operaciones.
2181,2025-03-27,Facturacion,Discrepancia entre el monto facturado y el detalle de servicios,Admision,Quito,Libertad de Riesgo,RNF-03 (Errores de Facturación),"Errores en el cálculo del copago de seguros o discrepancias de montos facturados, induciendo a pérdidas financieras o reclamaciones legales."
2182,2025-03-28,Telemedicina,Notificacion de inicio de teleconsulta llega con retraso de 11s,Paciente,Guayaquil,Eficiencia,Eficiencia Operativa,"El sistema presenta tiempos de respuesta elevados que consumen recursos de tiempo innecesarios, degradando la eficiencia del usuario en sus tareas."
2183,2025-03-29,Telemedicina,Audio desincronizado durante la teleconsulta,Paciente,Cuenca,Satisfacción,RNF-05 (Disponibilidad de llamada),Mala experiencia sensorial e interactiva durante la teleconsulta que impacta el RNF-05 y la percepción de calidad del servicio.
2184,2025-03-30,Portal Citas,Doble reserva de un mismo cupo por dos pacientes distintos,Paciente,Ambato,Libertad de Riesgo,RNF-03 (Errores de Facturación),"Doble agendamiento de un mismo cupo que genera sobreventa de citas, colapso de agenda de especialistas y multas o insatisfacción comercial."
2185,2025-03-31,Portal Citas,Sesion expira antes de finalizar el proceso de agendamiento,Paciente,Manta,Satisfacción,Usabilidad,"Mala experiencia de usuario que interrumpe de forma prematura el proceso de compra/agendamiento, forzando a repetir pasos."
2186,2025-04-01,HCE,El sistema no permite adjuntar imagenes de heridas desde la tablet,Medico,Quito,Cobertura de Contexto,Flexibilidad de Dispositivo,El sistema presenta limitaciones de portabilidad y compatibilidad al operar en el contexto físico específico de tablets para adjuntar imágenes de heridas.
2187,2025-04-02,Facturacion,Nota de credito no se aplica al saldo pendiente del paciente,Admision,Guayaquil,Libertad de Riesgo,RNF-03 (Errores de Facturación),"Fallas en la aplicación de notas de crédito o reembolsos que distorsionan los estados de cuenta, arriesgando multas tributarias e inconformidad legal."
2188,2025-04-03,Portal Citas,Filtro de especialidad medica no devuelve resultados,Paciente,Cuenca,Efectividad,Funcionalidad,Falla de funcionalidad en el módulo Portal Citas que impide al usuario completar sus tareas de manera precisa y completa.
2189,2025-04-04,HCE,Orden medica no se sincroniza con el modulo de farmacia,Medico,Ambato,Efectividad,Integración Funcional,Error de integración funcional que impide la sincronización y actualización del registro médico entre módulos del HIS.
2190,2025-04-05,HCE,Orden medica no se sincroniza con el modulo de farmacia,Medico,Manta,Efectividad,Integración Funcional,Error de integración funcional que impide la sincronización y actualización del registro médico entre módulos del HIS.
2191,2025-04-06,HCE,Alerta de interaccion medicamentosa no se despliega correctamente,Medico,Quito,Libertad de Riesgo,Seguridad Clínica,El fallo en el despliegue de alertas de interacción farmacológica pone en riesgo inminente la salud del paciente ante combinaciones letales.
2192,2025-04-07,Farmacia,Error al registrar la dispensacion de un medicamento controlado,Farmacia,Guayaquil,Libertad de Riesgo,Seguridad Clínica,"Error en el registro de medicamentos regulados, lo que genera riesgos legales, regulatorios y de seguridad en el control de sustancias psicotrópicas."
2193,2025-04-08,HCE,Tiempo de carga de la ficha clinica supera los 32s en horas pico,Medico,Cuenca,Eficiencia,Eficiencia Operativa,La latencia en horas pico para abrir la ficha clínica perjudica la productividad del médico durante la consulta.
2194,2025-04-09,Portal Citas,Cancelacion de cita no libera el cupo en el calendario,Paciente,Ambato,Efectividad,Funcionalidad,Falla de funcionalidad en el módulo Portal Citas que impide al usuario completar sus tareas de manera precisa y completa.
2195,2025-04-10,HCE,Historial de alergias no carga al abrir la ficha del paciente,Medico,Manta,Libertad de Riesgo,Seguridad Clínica,"Falla crítica que expone la seguridad del paciente al omitir información vital de alergias, con un alto riesgo de shock anafiláctico o mala praxis."
2196,2025-04-11,Portal Citas,Boton de confirmar cita no responde en dispositivos moviles,Paciente,Quito,Cobertura de Contexto,Portabilidad,"Falla de adaptabilidad de la interfaz en el contexto de dispositivos móviles, impidiendo confirmar citas desde pantallas de formatos pequeños."
2197,2025-04-12,Facturacion,Discrepancia entre el monto facturado y el detalle de servicios,Admision,Guayaquil,Libertad de Riesgo,RNF-03 (Errores de Facturación),"Errores en el cálculo del copago de seguros o discrepancias de montos facturados, induciendo a pérdidas financieras o reclamaciones legales."
2198,2025-04-13,Portal Citas,Tiempo de espera en el portal supera los 21s en horas pico,Paciente,Cuenca,Eficiencia,Eficiencia Operativa,"El sistema presenta tiempos de respuesta elevados que consumen recursos de tiempo innecesarios, degradando la eficiencia del usuario en sus tareas."
2199,2025-04-14,HCE,El sistema no permite adjuntar imagenes de heridas desde la tablet,Medico,Ambato,Cobertura de Contexto,Flexibilidad de Dispositivo,El sistema presenta limitaciones de portabilidad y compatibilidad al operar en el contexto físico específico de tablets para adjuntar imágenes de heridas.
2200,2025-04-15,Telemedicina,Paciente no puede unirse a la sala virtual a la hora agendada,Paciente,Manta,Efectividad,Funcionalidad,Falla de funcionalidad en el módulo Telemedicina que impide al usuario completar sus tareas de manera precisa y completa.
2201,2025-04-16,Reportes Gerenciales,El dashboard de indicadores no refleja los datos del ultimo cierre,Gerencia,Quito,Efectividad,Funcionalidad,Inconsistencia en la actualización de datos que impide la visualización correcta de información operativa reciente.
2202,2025-04-17,HCE,Historial de alergias no carga al abrir la ficha del paciente,Medico,Guayaquil,Libertad de Riesgo,Seguridad Clínica,"Falla crítica que expone la seguridad del paciente al omitir información vital de alergias, con un alto riesgo de shock anafiláctico o mala praxis."
2203,2025-04-18,Portal Citas,Filtro de especialidad medica no devuelve resultados,Paciente,Cuenca,Efectividad,Funcionalidad,Falla de funcionalidad en el módulo Portal Citas que impide al usuario completar sus tareas de manera precisa y completa.
2204,2025-04-19,App Movil,Version desactualizada del app impide iniciar sesion,Paciente,Ambato,Cobertura de Contexto,Portabilidad,Incompatibilidad y falta de robustez del sistema cuando se ejecuta en el contexto de sistemas cliente que no cuentan con la última versión de software.
2205,2025-04-20,HCE,Duplicado de historia clinica al registrar un paciente ya existente,Medico,Manta,Libertad de Riesgo,Seguridad Clínica,"Riesgo de seguridad clínica debido a la fragmentación de la información de salud del paciente, lo que puede inducir a diagnósticos y tratamientos erróneos."
2206,2025-04-21,Farmacia,Alerta de vencimiento de lote no se muestra en el modulo,Farmacia,Quito,Libertad de Riesgo,Seguridad Clínica,Omitir la alerta de vencimiento de lotes farmacéuticos puede llevar a la administración de medicamentos caducados a los pacientes.
2207,2025-04-22,Portal Citas,Cita agendada no aparece reflejada en el calendario del especialista,Paciente,Guayaquil,Efectividad,Funcionalidad,Falla de funcionalidad en el módulo Portal Citas que impide al usuario completar sus tareas de manera precisa y completa.
2208,2025-04-23,Imagenologia,Perdida de calidad en las imagenes al ser visualizadas desde la app,Radiologo,Cuenca,Satisfacción,Usabilidad,Degradación visual que afecta la comodidad y confianza de los médicos al visualizar estudios clínicos desde la app móvil.
2209,2025-04-24,Facturacion,El sistema no permite anular una factura emitida por error,Admision,Ambato,Efectividad,Funcionalidad,Restricción de funcionalidad que impide al usuario realizar una acción requerida para completar su tarea.
2210,2025-04-25,Farmacia,Receta electronica llega incompleta desde el modulo de HCE,Farmacia,Manta,Efectividad,Funcionalidad,Falla de funcionalidad en el módulo Farmacia que impide al usuario completar sus tareas de manera precisa y completa.
2211,2025-04-26,Facturacion,Nota de credito no se aplica al saldo pendiente del paciente,Admision,Quito,Libertad de Riesgo,RNF-03 (Errores de Facturación),"Fallas en la aplicación de notas de crédito o reembolsos que distorsionan los estados de cuenta, arriesgando multas tributarias e inconformidad legal."
2212,2025-04-27,Facturacion,Nota de credito no se aplica al saldo pendiente del paciente,Admision,Guayaquil,Libertad de Riesgo,RNF-03 (Errores de Facturación),"Fallas en la aplicación de notas de crédito o reembolsos que distorsionan los estados de cuenta, arriesgando multas tributarias e inconformidad legal."
2213,2025-04-28,Portal Citas,Sesion expira antes de finalizar el proceso de agendamiento,Paciente,Cuenca,Satisfacción,Usabilidad,"Mala experiencia de usuario que interrumpe de forma prematura el proceso de compra/agendamiento, forzando a repetir pasos."
2214,2025-04-29,Facturacion,Error de calculo en el copago del seguro medico,Admision,Ambato,Libertad de Riesgo,RNF-03 (Errores de Facturación),"Errores en el cálculo del copago de seguros o discrepancias de montos facturados, induciendo a pérdidas financieras o reclamaciones legales."
2215,2025-04-30,HCE,El sistema se congela al adjuntar resultados de laboratorio a la HCE,Medico,Manta,Efectividad,Funcionalidad,Falla de funcionalidad en el módulo HCE que impide al usuario completar sus tareas de manera precisa y completa.
2216,2025-05-01,HCE,Receta electronica se genera con la dosis incorrecta tras guardar,Medico,Quito,Libertad de Riesgo,Seguridad Clínica,"Riesgo extremo de salud para el paciente al guardar dosis farmacológicas erróneas en la receta electrónica, pudiendo causar sobredosis o inefectividad clínica."
2217,2025-05-02,Telemedicina,Videollamada se corta a los 3 minutos,Paciente,Guayaquil,Cobertura de Contexto,RNF-05 (Disponibilidad de llamada),"Falta de resiliencia del canal de comunicación ante variaciones en la conectividad del usuario, interrumpiendo la sesión de teleconsulta en producción."
2218,2025-05-03,Laboratorio,Resultado de examen de laboratorio no se sincroniza con la HCE,Tecnico Laboratorio,Cuenca,Efectividad,Integración de Datos,Error de integración funcional que impide la sincronización y actualización del registro médico entre módulos del HIS.
2219,2025-05-04,HCE,Orden medica no se sincroniza con el modulo de farmacia,Medico,Ambato,Efectividad,Integración Funcional,Error de integración funcional que impide la sincronización y actualización del registro médico entre módulos del HIS.
2220,2025-05-05,HCE,El campo de diagnostico CIE-10 no permite busqueda por texto,Medico,Manta,Efectividad,Funcionalidad,Restricción de funcionalidad que impide al usuario realizar una acción requerida para completar su tarea.
2221,2025-05-06,App Movil,La app no permite actualizar el numero de contacto del paciente,Paciente,Quito,Efectividad,Funcionalidad,Restricción de funcionalidad que impide al usuario realizar una acción requerida para completar su tarea.
2222,2025-05-07,Telemedicina,El chat de la consulta no permite enviar imagenes,Paciente,Guayaquil,Efectividad,Funcionalidad,Restricción de funcionalidad que impide al usuario realizar una acción requerida para completar su tarea.
2223,2025-05-08,HCE,El sistema no permite adjuntar imagenes de heridas desde la tablet,Medico,Cuenca,Cobertura de Contexto,Flexibilidad de Dispositivo,El sistema presenta limitaciones de portabilidad y compatibilidad al operar en el contexto físico específico de tablets para adjuntar imágenes de heridas.
2224,2025-05-09,HCE,Alerta de interaccion medicamentosa no se despliega correctamente,Medico,Ambato,Libertad de Riesgo,Seguridad Clínica,El fallo en el despliegue de alertas de interacción farmacológica pone en riesgo inminente la salud del paciente ante combinaciones letales.
2225,2025-05-10,HCE,Perdida de la nota de evolucion tras un cierre inesperado de sesion,Medico,Manta,Efectividad,Funcionalidad,Falla de funcionalidad en el módulo HCE que impide al usuario completar sus tareas de manera precisa y completa.
2226,2025-05-11,Facturacion,Reembolso aprobado no se refleja en el estado de cuenta,Admision,Quito,Libertad de Riesgo,RNF-03 (Errores de Facturación),"Fallas en la aplicación de notas de crédito o reembolsos que distorsionan los estados de cuenta, arriesgando multas tributarias e inconformidad legal."
2227,2025-05-12,Facturacion,Factura electronica no llega al correo registrado del paciente,Admision,Guayaquil,Efectividad,Funcionalidad,Falla de funcionalidad en el módulo Facturacion que impide al usuario completar sus tareas de manera precisa y completa.
2228,2025-05-13,HCE,Orden medica no se sincroniza con el modulo de farmacia,Medico,Cuenca,Efectividad,Integración Funcional,Error de integración funcional que impide la sincronización y actualización del registro médico entre módulos del HIS.
2229,2025-05-14,HCE,El campo de diagnostico CIE-10 no permite busqueda por texto,Medico,Ambato,Efectividad,Funcionalidad,Restricción de funcionalidad que impide al usuario realizar una acción requerida para completar su tarea.
2230,2025-05-15,Farmacia,Error al registrar la dispensacion de un medicamento controlado,Farmacia,Manta,Libertad de Riesgo,Seguridad Clínica,"Error en el registro de medicamentos regulados, lo que genera riesgos legales, regulatorios y de seguridad en el control de sustancias psicotrópicas."
2231,2025-05-16,Facturacion,Retraso de 14s al procesar el pago con tarjeta de credito,Admision,Quito,Eficiencia,Eficiencia Operativa,El procesamiento lento del cobro con tarjeta retrasa el flujo de caja y la atención administrativa de admisión.
2232,2025-05-17,App Movil,El boton de teleconsulta no redirige correctamente a la videollamada,Paciente,Guayaquil,Efectividad,Funcionalidad,Falla de funcionalidad en el módulo App Movil que impide al usuario completar sus tareas de manera precisa y completa.
2233,2025-05-18,Facturacion,Reintento de transaccion genera doble cobro en la tarjeta,Admision,Cuenca,Libertad de Riesgo,RNF-03 (Errores de Facturación),"Violación del requerimiento no funcional RNF-03 de facturación; genera cobros indebidos en las tarjetas del cliente, comprometiendo la confianza y el riesgo financiero."
2234,2025-05-19,HCE,El sistema se congela al adjuntar resultados de laboratorio a la HCE,Medico,Ambato,Efectividad,Funcionalidad,Falla de funcionalidad en el módulo HCE que impide al usuario completar sus tareas de manera precisa y completa.
2235,2025-05-20,Portal Citas,Doble reserva de un mismo cupo por dos pacientes distintos,Paciente,Manta,Libertad de Riesgo,RNF-03 (Errores de Facturación),"Doble agendamiento de un mismo cupo que genera sobreventa de citas, colapso de agenda de especialistas y multas o insatisfacción comercial."
2236,2025-05-21,HCE,Orden medica no se sincroniza con el modulo de farmacia,Medico,Quito,Efectividad,Integración Funcional,Error de integración funcional que impide la sincronización y actualización del registro médico entre módulos del HIS.
2237,2025-05-22,HCE,Firma electronica del medico no se valida al cerrar la consulta,Medico,Guayaquil,Efectividad,Funcionalidad,Falla de funcionalidad en el módulo HCE que impide al usuario completar sus tareas de manera precisa y completa.
2238,2025-05-23,Telemedicina,Videollamada se corta a los 3 minutos,Paciente,Cuenca,Cobertura de Contexto,RNF-05 (Disponibilidad de llamada),"Falta de resiliencia del canal de comunicación ante variaciones en la conectividad del usuario, interrumpiendo la sesión de teleconsulta en producción."
2239,2025-05-24,Facturacion,Retraso de 18s al procesar el pago con tarjeta de credito,Admision,Ambato,Eficiencia,Eficiencia Operativa,El procesamiento lento del cobro con tarjeta retrasa el flujo de caja y la atención administrativa de admisión.
2240,2025-05-25,Laboratorio,Codigo de barras de la muestra no es reconocido por el lector,Tecnico Laboratorio,Manta,Efectividad,Funcionalidad,Falla de funcionalidad en el módulo Laboratorio que impide al usuario completar sus tareas de manera precisa y completa.
2241,2025-05-26,Portal Citas,Sesion expira antes de finalizar el proceso de agendamiento,Paciente,Quito,Satisfacción,Usabilidad,"Mala experiencia de usuario que interrumpe de forma prematura el proceso de compra/agendamiento, forzando a repetir pasos."
2242,2025-05-27,App Movil,La app no permite actualizar el numero de contacto del paciente,Paciente,Guayaquil,Efectividad,Funcionalidad,Restricción de funcionalidad que impide al usuario realizar una acción requerida para completar su tarea.
2243,2025-05-28,Portal Citas,Filtro de especialidad medica no devuelve resultados,Paciente,Cuenca,Efectividad,Funcionalidad,Falla de funcionalidad en el módulo Portal Citas que impide al usuario completar sus tareas de manera precisa y completa.
2244,2025-05-29,Laboratorio,Orden de laboratorio duplicada tras reintentar el envio,Tecnico Laboratorio,Ambato,Efectividad,Funcionalidad,Falla de funcionalidad en el módulo Laboratorio que impide al usuario completar sus tareas de manera precisa y completa.
2245,2025-05-30,Laboratorio,El sistema no permite adjuntar el reporte en PDF del laboratorio externo,Tecnico Laboratorio,Manta,Efectividad,Funcionalidad,Restricción de funcionalidad que impide al usuario realizar una acción requerida para completar su tarea.
2246,2025-05-31,Portal Citas,El pago del bono de consulta no se refleja tras completarlo,Paciente,Quito,Libertad de Riesgo,RNF-03 (Errores de Facturación),Inconsistencia financiera en los cobros o transacciones del sistema que infringe las normativas contables y expone al hospital a pérdidas económicas.
2247,2025-06-01,Telemedicina,El chat de la consulta no permite enviar imagenes,Paciente,Guayaquil,Efectividad,Funcionalidad,Restricción de funcionalidad que impide al usuario realizar una acción requerida para completar su tarea.
2248,2025-06-02,Telemedicina,Videollamada se corta a los 3 minutos,Paciente,Cuenca,Cobertura de Contexto,RNF-05 (Disponibilidad de llamada),"Falta de resiliencia del canal de comunicación ante variaciones en la conectividad del usuario, interrumpiendo la sesión de teleconsulta en producción."
2249,2025-06-03,Portal Citas,Usuario no logra agendar tras 4 intentos,Paciente,Ambato,Satisfacción,RNF-02 (Pasos del Portal),"Incapacidad del usuario de lograr su meta tras múltiples intentos, violando el RNF-02 y provocando un alto nivel de frustración."
2250,2025-06-04,HCE,Historial de alergias no carga al abrir la ficha del paciente,Medico,Manta,Libertad de Riesgo,Seguridad Clínica,"Falla crítica que expone la seguridad del paciente al omitir información vital de alergias, con un alto riesgo de shock anafiláctico o mala praxis."
2251,2025-06-05,Facturacion,Discrepancia entre el monto facturado y el detalle de servicios,Admision,Quito,Libertad de Riesgo,RNF-03 (Errores de Facturación),"Errores en el cálculo del copago de seguros o discrepancias de montos facturados, induciendo a pérdidas financieras o reclamaciones legales."
2252,2025-06-06,Facturacion,El sistema no reconoce el convenio con la aseguradora,Admision,Guayaquil,Libertad de Riesgo,RNF-03 (Errores de Facturación),El no reconocimiento de convenios de aseguradoras genera fricción de cobro y riesgo de pérdidas económicas por servicios no cubiertos correctamente.
2253,2025-06-07,HCE,Consulta anterior no se muestra en el resumen de antecedentes,Medico,Cuenca,Efectividad,Funcionalidad,Falla de funcionalidad en el módulo HCE que impide al usuario completar sus tareas de manera precisa y completa.
2254,2025-06-08,HCE,Nota de evolucion tarda 11s en guardarse,Medico,Ambato,Eficiencia,RNF-01 (Latencia HCE),"El tiempo de guardado supera los 8 segundos tolerables, violando directamente el requerimiento no funcional RNF-01 de rendimiento del sistema para notas clínicas."
2255,2025-06-09,HCE,Firma electronica del medico no se valida al cerrar la consulta,Medico,Manta,Efectividad,Funcionalidad,Falla de funcionalidad en el módulo HCE que impide al usuario completar sus tareas de manera precisa y completa.
2256,2025-06-10,App Movil,Notificaciones push no llegan pese a estar activadas,Paciente,Quito,Efectividad,Funcionalidad,Falla de funcionalidad en el módulo App Movil que impide al usuario completar sus tareas de manera precisa y completa.
2257,2025-06-11,App Movil,Notificaciones push no llegan pese a estar activadas,Paciente,Guayaquil,Efectividad,Funcionalidad,Falla de funcionalidad en el módulo App Movil que impide al usuario completar sus tareas de manera precisa y completa.
2258,2025-06-12,Portal Citas,Notificacion de recordatorio de cita llega con la fecha incorrecta,Paciente,Cuenca,Efectividad,Funcionalidad,Falla de funcionalidad en el módulo Portal Citas que impide al usuario completar sus tareas de manera precisa y completa.
2259,2025-06-13,HCE,Orden medica no se sincroniza con el modulo de farmacia,Medico,Ambato,Efectividad,Integración Funcional,Error de integración funcional que impide la sincronización y actualización del registro médico entre módulos del HIS.
2260,2025-06-14,HCE,Datos de otro paciente visibles brevemente al abrir un expediente,Medico,Manta,Libertad de Riesgo,Seguridad Clínica,"Fuga de información y violación de la confidencialidad médica (HIPAA/Ley de Protección de Datos), exponiendo datos de otros pacientes."
2261,2025-06-15,Reportes Gerenciales,Discrepancia entre el reporte financiero y el modulo de facturacion,Gerencia,Quito,Libertad de Riesgo,RNF-03 (Errores de Facturación),"Discrepancia contable entre reportes directivos y facturación real, afectando las decisiones del negocio y la integridad de las auditorías."
2262,2025-06-16,Laboratorio,Orden de laboratorio duplicada tras reintentar el envio,Tecnico Laboratorio,Guayaquil,Efectividad,Funcionalidad,Falla de funcionalidad en el módulo Laboratorio que impide al usuario completar sus tareas de manera precisa y completa.
2263,2025-06-17,Facturacion,El sistema no reconoce el convenio con la aseguradora,Admision,Cuenca,Libertad de Riesgo,RNF-03 (Errores de Facturación),El no reconocimiento de convenios de aseguradoras genera fricción de cobro y riesgo de pérdidas económicas por servicios no cubiertos correctamente.
2264,2025-06-18,Portal Citas,El sistema no envia la confirmacion por correo electronico,Paciente,Ambato,Efectividad,Funcionalidad,Falla funcional que impide completar la tarea de confirmación de cita al paciente por canal de correo electrónico.
2265,2025-06-19,Laboratorio,Resultado de examen de laboratorio no se sincroniza con la HCE,Tecnico Laboratorio,Manta,Efectividad,Integración de Datos,Error de integración funcional que impide la sincronización y actualización del registro médico entre módulos del HIS.
2266,2025-06-20,Facturacion,Retraso de 14s al procesar el pago con tarjeta de credito,Admision,Quito,Eficiencia,Eficiencia Operativa,El procesamiento lento del cobro con tarjeta retrasa el flujo de caja y la atención administrativa de admisión.
2267,2025-06-21,Telemedicina,Videollamada se corta a los 3 minutos,Paciente,Guayaquil,Cobertura de Contexto,RNF-05 (Disponibilidad de llamada),"Falta de resiliencia del canal de comunicación ante variaciones en la conectividad del usuario, interrumpiendo la sesión de teleconsulta en producción."
2268,2025-06-22,Portal Citas,Filtro de especialidad medica no devuelve resultados,Paciente,Cuenca,Efectividad,Funcionalidad,Falla de funcionalidad en el módulo Portal Citas que impide al usuario completar sus tareas de manera precisa y completa.
2269,2025-06-23,Portal Citas,El portal muestra disponibilidad para un horario ya ocupado,Paciente,Ambato,Efectividad,Funcionalidad,Falla de funcionalidad en el módulo Portal Citas que impide al usuario completar sus tareas de manera precisa y completa.
2270,2025-06-24,HCE,Tiempo de carga de la ficha clinica supera los 30s en horas pico,Medico,Manta,Eficiencia,Eficiencia Operativa,La latencia en horas pico para abrir la ficha clínica perjudica la productividad del médico durante la consulta.
2271,2025-06-25,Portal Citas,El pago del bono de consulta no se refleja tras completarlo,Paciente,Quito,Libertad de Riesgo,RNF-03 (Errores de Facturación),Inconsistencia financiera en los cobros o transacciones del sistema que infringe las normativas contables y expone al hospital a pérdidas económicas.
2272,2025-06-26,Portal Citas,Error al reagendar una cita previamente confirmada,Paciente,Guayaquil,Efectividad,Funcionalidad,Falla de funcionalidad en el módulo Portal Citas que impide al usuario completar sus tareas de manera precisa y completa.
2273,2025-06-27,HCE,Signos vitales registrados por enfermeria no aparecen en la HCE del medico,Medico,Cuenca,Efectividad,Integración de Datos,Falla de funcionalidad en el módulo HCE que impide al usuario completar sus tareas de manera precisa y completa.
2274,2025-06-28,Facturacion,Retraso de 24s al procesar el pago con tarjeta de credito,Admision,Ambato,Eficiencia,Eficiencia Operativa,El procesamiento lento del cobro con tarjeta retrasa el flujo de caja y la atención administrativa de admisión.
2275,2025-06-29,Farmacia,El sistema bloquea la dispensacion sin mostrar el motivo,Farmacia,Manta,Satisfacción,Usabilidad,La falta de mensajes informativos claros y feedback del sistema incrementa la incertidumbre y frustración del operario farmacéutico.
2276,2025-06-30,HCE,Perdida de la nota de evolucion tras un cierre inesperado de sesion,Medico,Quito,Efectividad,Funcionalidad,Falla de funcionalidad en el módulo HCE que impide al usuario completar sus tareas de manera precisa y completa.
2277,2025-07-01,Telemedicina,Paciente no puede unirse a la sala virtual a la hora agendada,Paciente,Guayaquil,Efectividad,Funcionalidad,Falla de funcionalidad en el módulo Telemedicina que impide al usuario completar sus tareas de manera precisa y completa.
2278,2025-07-02,HCE,Receta electronica se genera con la dosis incorrecta tras guardar,Medico,Cuenca,Libertad de Riesgo,Seguridad Clínica,"Riesgo extremo de salud para el paciente al guardar dosis farmacológicas erróneas en la receta electrónica, pudiendo causar sobredosis o inefectividad clínica."
2279,2025-07-03,Facturacion,Factura duplicada al reintentar pago,Admision,Ambato,Libertad de Riesgo,RNF-03 (Errores de Facturación),"Violación del requerimiento no funcional RNF-03 de facturación; genera cobros indebidos en las tarjetas del cliente, comprometiendo la confianza y el riesgo financiero."
2280,2025-07-04,Laboratorio,Resultado de examen de laboratorio no se sincroniza con la HCE,Tecnico Laboratorio,Manta,Efectividad,Integración de Datos,Error de integración funcional que impide la sincronización y actualización del registro médico entre módulos del HIS.
2281,2025-07-05,Portal Citas,El pago del bono de consulta no se refleja tras completarlo,Paciente,Quito,Libertad de Riesgo,RNF-03 (Errores de Facturación),Inconsistencia financiera en los cobros o transacciones del sistema que infringe las normativas contables y expone al hospital a pérdidas económicas.
2282,2025-07-06,HCE,El sistema se congela al adjuntar resultados de laboratorio a la HCE,Medico,Guayaquil,Efectividad,Funcionalidad,Falla de funcionalidad en el módulo HCE que impide al usuario completar sus tareas de manera precisa y completa.
2283,2025-07-07,Laboratorio,Orden de laboratorio duplicada tras reintentar el envio,Tecnico Laboratorio,Cuenca,Efectividad,Funcionalidad,Falla de funcionalidad en el módulo Laboratorio que impide al usuario completar sus tareas de manera precisa y completa.
2284,2025-07-08,HCE,Duplicado de historia clinica al registrar un paciente ya existente,Medico,Ambato,Libertad de Riesgo,Seguridad Clínica,"Riesgo de seguridad clínica debido a la fragmentación de la información de salud del paciente, lo que puede inducir a diagnósticos y tratamientos erróneos."
2285,2025-07-09,App Movil,Consumo elevado de datos moviles al abrir el modulo de citas,Paciente,Manta,Cobertura de Contexto,Portabilidad,"Consumo excesivo de ancho de banda móvil, lo que restringe el uso eficiente del sistema en redes celulares de datos (fuera de la intranet del hospital)."
2286,2025-07-10,Farmacia,Duplicidad de codigos entre dos presentaciones distintas de un mismo farmaco,Farmacia,Quito,Libertad de Riesgo,Seguridad Clínica,"La duplicación de códigos de fármacos introduce un riesgo de dispensación errónea en farmacia, comprometiendo la seguridad terapéutica del paciente."
2287,2025-07-11,HCE,Perdida de la nota de evolucion tras un cierre inesperado de sesion,Medico,Guayaquil,Efectividad,Funcionalidad,Falla de funcionalidad en el módulo HCE que impide al usuario completar sus tareas de manera precisa y completa.
2288,2025-07-12,Facturacion,Retraso de 12s al procesar el pago con tarjeta de credito,Admision,Cuenca,Eficiencia,Eficiencia Operativa,El procesamiento lento del cobro con tarjeta retrasa el flujo de caja y la atención administrativa de admisión.
2289,2025-07-13,HCE,Consulta anterior no se muestra en el resumen de antecedentes,Medico,Ambato,Efectividad,Funcionalidad,Falla de funcionalidad en el módulo HCE que impide al usuario completar sus tareas de manera precisa y completa.
2290,2025-07-14,Portal Citas,Cita agendada no aparece reflejada en el calendario del especialista,Paciente,Manta,Efectividad,Funcionalidad,Falla de funcionalidad en el módulo Portal Citas que impide al usuario completar sus tareas de manera precisa y completa.
2291,2025-07-15,HCE,El sistema se congela al adjuntar resultados de laboratorio a la HCE,Medico,Quito,Efectividad,Funcionalidad,Falla de funcionalidad en el módulo HCE que impide al usuario completar sus tareas de manera precisa y completa.
2292,2025-07-16,Portal Citas,Doble reserva de un mismo cupo por dos pacientes distintos,Paciente,Guayaquil,Libertad de Riesgo,RNF-03 (Errores de Facturación),"Doble agendamiento de un mismo cupo que genera sobreventa de citas, colapso de agenda de especialistas y multas o insatisfacción comercial."
2293,2025-07-17,Laboratorio,Orden de laboratorio duplicada tras reintentar el envio,Tecnico Laboratorio,Cuenca,Efectividad,Funcionalidad,Falla de funcionalidad en el módulo Laboratorio que impide al usuario completar sus tareas de manera precisa y completa.
2294,2025-07-18,Telemedicina,El medico no puede compartir pantalla con resultados de examenes,Paciente,Ambato,Efectividad,Funcionalidad,Falla de funcionalidad en el módulo Telemedicina que impide al usuario completar sus tareas de manera precisa y completa.
2295,2025-07-19,Portal Citas,Boton de confirmar cita no responde en dispositivos moviles,Paciente,Manta,Cobertura de Contexto,Portabilidad,"Falla de adaptabilidad de la interfaz en el contexto de dispositivos móviles, impidiendo confirmar citas desde pantallas de formatos pequeños."
2296,2025-07-20,Facturacion,Nota de credito no se aplica al saldo pendiente del paciente,Admision,Quito,Libertad de Riesgo,RNF-03 (Errores de Facturación),"Fallas en la aplicación de notas de crédito o reembolsos que distorsionan los estados de cuenta, arriesgando multas tributarias e inconformidad legal."
2297,2025-07-21,Facturacion,Factura generada con el nombre del paciente incorrecto,Admision,Guayaquil,Efectividad,Funcionalidad,Falla de funcionalidad en el módulo Facturacion que impide al usuario completar sus tareas de manera precisa y completa.
2298,2025-07-22,Imagenologia,El informe radiologico no se adjunta automaticamente a la HCE,Radiologo,Cuenca,Efectividad,Funcionalidad,Falla de funcionalidad en el módulo Imagenologia que impide al usuario completar sus tareas de manera precisa y completa.
2299,2025-07-23,Portal Citas,Boton de confirmar cita no responde en dispositivos moviles,Paciente,Ambato,Cobertura de Contexto,Portabilidad,"Falla de adaptabilidad de la interfaz en el contexto de dispositivos móviles, impidiendo confirmar citas desde pantallas de formatos pequeños."
2300,2025-07-24,App Movil,Resultados de examenes no se visualizan en formato PDF,Paciente,Manta,Efectividad,Funcionalidad,Falla de funcionalidad en el módulo App Movil que impide al usuario completar sus tareas de manera precisa y completa.
2301,2025-07-25,HCE,Perdida de la nota de evolucion tras un cierre inesperado de sesion,Medico,Quito,Efectividad,Funcionalidad,Falla de funcionalidad en el módulo HCE que impide al usuario completar sus tareas de manera precisa y completa.
2302,2025-07-26,HCE,Orden medica no se sincroniza con el modulo de farmacia,Medico,Guayaquil,Efectividad,Integración Funcional,Error de integración funcional que impide la sincronización y actualización del registro médico entre módulos del HIS.
2303,2025-07-27,Reportes Gerenciales,Discrepancia entre el reporte financiero y el modulo de facturacion,Gerencia,Cuenca,Libertad de Riesgo,RNF-03 (Errores de Facturación),"Discrepancia contable entre reportes directivos y facturación real, afectando las decisiones del negocio y la integridad de las auditorías."
2304,2025-07-28,Facturacion,Nota de credito no se aplica al saldo pendiente del paciente,Admision,Ambato,Libertad de Riesgo,RNF-03 (Errores de Facturación),"Fallas en la aplicación de notas de crédito o reembolsos que distorsionan los estados de cuenta, arriesgando multas tributarias e inconformidad legal."
2305,2025-07-29,Facturacion,Error de calculo en el copago del seguro medico,Admision,Manta,Libertad de Riesgo,RNF-03 (Errores de Facturación),"Errores en el cálculo del copago de seguros o discrepancias de montos facturados, induciendo a pérdidas financieras o reclamaciones legales."
2306,2025-07-30,Portal Citas,Filtro de especialidad medica no devuelve resultados,Paciente,Quito,Efectividad,Funcionalidad,Falla de funcionalidad en el módulo Portal Citas que impide al usuario completar sus tareas de manera precisa y completa.
2307,2025-07-31,Telemedicina,La sesion se cierra automaticamente antes de terminar la consulta,Paciente,Guayaquil,Efectividad,Funcionalidad,Falla de funcionalidad en el módulo Telemedicina que impide al usuario completar sus tareas de manera precisa y completa.
2308,2025-08-01,HCE,Tiempo de carga de la ficha clinica supera los 29s en horas pico,Medico,Cuenca,Eficiencia,Eficiencia Operativa,La latencia en horas pico para abrir la ficha clínica perjudica la productividad del médico durante la consulta.
2309,2025-08-02,Farmacia,El sistema no descuenta automaticamente el medicamento dispensado,Farmacia,Ambato,Efectividad,Funcionalidad,Falla de funcionalidad en el módulo Farmacia que impide al usuario completar sus tareas de manera precisa y completa.
2310,2025-08-03,HCE,El sistema no permite adjuntar imagenes de heridas desde la tablet,Medico,Manta,Cobertura de Contexto,Flexibilidad de Dispositivo,El sistema presenta limitaciones de portabilidad y compatibilidad al operar en el contexto físico específico de tablets para adjuntar imágenes de heridas.
2311,2025-08-04,HCE,El sistema se congela al adjuntar resultados de laboratorio a la HCE,Medico,Quito,Efectividad,Funcionalidad,Falla de funcionalidad en el módulo HCE que impide al usuario completar sus tareas de manera precisa y completa.
2312,2025-08-05,Portal Citas,Sesion expira antes de finalizar el proceso de agendamiento,Paciente,Guayaquil,Satisfacción,Usabilidad,"Mala experiencia de usuario que interrumpe de forma prematura el proceso de compra/agendamiento, forzando a repetir pasos."
2313,2025-08-06,App Movil,Consumo elevado de datos moviles al abrir el modulo de citas,Paciente,Cuenca,Cobertura de Contexto,Portabilidad,"Consumo excesivo de ancho de banda móvil, lo que restringe el uso eficiente del sistema en redes celulares de datos (fuera de la intranet del hospital)."
2314,2025-08-07,App Movil,La app no permite actualizar el numero de contacto del paciente,Paciente,Ambato,Efectividad,Funcionalidad,Restricción de funcionalidad que impide al usuario realizar una acción requerida para completar su tarea.
2315,2025-08-08,Facturacion,Retraso de 22s al procesar el pago con tarjeta de credito,Admision,Manta,Eficiencia,Eficiencia Operativa,El procesamiento lento del cobro con tarjeta retrasa el flujo de caja y la atención administrativa de admisión.
2316,2025-08-09,Farmacia,El sistema bloquea la dispensacion sin mostrar el motivo,Farmacia,Quito,Satisfacción,Usabilidad,La falta de mensajes informativos claros y feedback del sistema incrementa la incertidumbre y frustración del operario farmacéutico.
2317,2025-08-10,Portal Citas,Cita agendada no aparece reflejada en el calendario del especialista,Paciente,Guayaquil,Efectividad,Funcionalidad,Falla de funcionalidad en el módulo Portal Citas que impide al usuario completar sus tareas de manera precisa y completa.
2318,2025-08-11,HCE,Tiempo de carga de la ficha clinica supera los 23s en horas pico,Medico,Cuenca,Eficiencia,Eficiencia Operativa,La latencia en horas pico para abrir la ficha clínica perjudica la productividad del médico durante la consulta.
2319,2025-08-12,Farmacia,El sistema no descuenta automaticamente el medicamento dispensado,Farmacia,Ambato,Efectividad,Funcionalidad,Falla de funcionalidad en el módulo Farmacia que impide al usuario completar sus tareas de manera precisa y completa.
2320,2025-08-13,Farmacia,El sistema bloquea la dispensacion sin mostrar el motivo,Farmacia,Manta,Satisfacción,Usabilidad,La falta de mensajes informativos claros y feedback del sistema incrementa la incertidumbre y frustración del operario farmacéutico.
2321,2025-08-14,Telemedicina,Audio desincronizado durante la teleconsulta,Paciente,Quito,Satisfacción,RNF-05 (Disponibilidad de llamada),Mala experiencia sensorial e interactiva durante la teleconsulta que impacta el RNF-05 y la percepción de calidad del servicio.
2322,2025-08-15,Reportes Gerenciales,Discrepancia entre el reporte financiero y el modulo de facturacion,Gerencia,Guayaquil,Libertad de Riesgo,RNF-03 (Errores de Facturación),"Discrepancia contable entre reportes directivos y facturación real, afectando las decisiones del negocio y la integridad de las auditorías."
2323,2025-08-16,HCE,Tiempo de carga de la ficha clinica supera los 14s en horas pico,Medico,Cuenca,Eficiencia,Eficiencia Operativa,La latencia en horas pico para abrir la ficha clínica perjudica la productividad del médico durante la consulta.
2324,2025-08-17,HCE,Perdida de la nota de evolucion tras un cierre inesperado de sesion,Medico,Ambato,Efectividad,Funcionalidad,Falla de funcionalidad en el módulo HCE que impide al usuario completar sus tareas de manera precisa y completa.
2325,2025-08-18,Telemedicina,Grabacion de la consulta no se almacena correctamente,Paciente,Manta,Efectividad,Funcionalidad,Falla de funcionalidad en el módulo Telemedicina que impide al usuario completar sus tareas de manera precisa y completa.
2326,2025-08-19,Facturacion,El modulo de facturacion se cae durante el cierre de caja,Admision,Quito,Efectividad,Funcionalidad,Falla de funcionalidad en el módulo Facturacion que impide al usuario completar sus tareas de manera precisa y completa.
2327,2025-08-20,Telemedicina,Paciente no puede unirse a la sala virtual a la hora agendada,Paciente,Guayaquil,Efectividad,Funcionalidad,Falla de funcionalidad en el módulo Telemedicina que impide al usuario completar sus tareas de manera precisa y completa.
2328,2025-08-21,HCE,Firma electronica del medico no se valida al cerrar la consulta,Medico,Cuenca,Efectividad,Funcionalidad,Falla de funcionalidad en el módulo HCE que impide al usuario completar sus tareas de manera precisa y completa.
2329,2025-08-22,Facturacion,Factura generada con el nombre del paciente incorrecto,Admision,Ambato,Efectividad,Funcionalidad,Falla de funcionalidad en el módulo Facturacion que impide al usuario completar sus tareas de manera precisa y completa.
2330,2025-08-23,HCE,Firma electronica del medico no se valida al cerrar la consulta,Medico,Manta,Efectividad,Funcionalidad,Falla de funcionalidad en el módulo HCE que impide al usuario completar sus tareas de manera precisa y completa.
2331,2025-08-24,Facturacion,El modulo de facturacion se cae durante el cierre de caja,Admision,Quito,Efectividad,Funcionalidad,Falla de funcionalidad en el módulo Facturacion que impide al usuario completar sus tareas de manera precisa y completa.
2332,2025-08-25,Facturacion,El sistema no permite anular una factura emitida por error,Admision,Guayaquil,Efectividad,Funcionalidad,Restricción de funcionalidad que impide al usuario realizar una acción requerida para completar su tarea.
2333,2025-08-26,Imagenologia,Las imagenes de rayos X no cargan en el visor DICOM,Radiologo,Cuenca,Efectividad,Funcionalidad,Falla de funcionalidad en el módulo Imagenologia que impide al usuario completar sus tareas de manera precisa y completa.
2334,2025-08-27,HCE,Firma electronica del medico no se valida al cerrar la consulta,Medico,Ambato,Efectividad,Funcionalidad,Falla de funcionalidad en el módulo HCE que impide al usuario completar sus tareas de manera precisa y completa.
2335,2025-08-28,App Movil,Notificaciones push no llegan pese a estar activadas,Paciente,Manta,Efectividad,Funcionalidad,Falla de funcionalidad en el módulo App Movil que impide al usuario completar sus tareas de manera precisa y completa.
2336,2025-08-29,HCE,Nota de evolucion tarda 35s en guardarse,Medico,Quito,Eficiencia,RNF-01 (Latencia HCE),"El tiempo de guardado supera los 8 segundos tolerables, violando directamente el requerimiento no funcional RNF-01 de rendimiento del sistema para notas clínicas."
2337,2025-08-30,HCE,El sistema se congela al adjuntar resultados de laboratorio a la HCE,Medico,Guayaquil,Efectividad,Funcionalidad,Falla de funcionalidad en el módulo HCE que impide al usuario completar sus tareas de manera precisa y completa.
2338,2025-08-31,Farmacia,Tiempo de respuesta del modulo de farmacia supera los 31s,Farmacia,Cuenca,Eficiencia,Eficiencia Operativa,"El sistema presenta tiempos de respuesta elevados que consumen recursos de tiempo innecesarios, degradando la eficiencia del usuario en sus tareas."
2339,2025-09-01,Imagenologia,Las imagenes de rayos X no cargan en el visor DICOM,Radiologo,Ambato,Efectividad,Funcionalidad,Falla de funcionalidad en el módulo Imagenologia que impide al usuario completar sus tareas de manera precisa y completa.
2340,2025-09-02,App Movil,La aplicacion se cierra inesperadamente al abrir resultados de laboratorio,Paciente,Manta,Efectividad,Funcionalidad,"Interrupción abrupta del sistema que impide que el usuario termine el registro de datos, reduciendo la efectividad operativa."
2341,2025-09-03,Facturacion,El sistema no permite anular una factura emitida por error,Admision,Quito,Efectividad,Funcionalidad,Restricción de funcionalidad que impide al usuario realizar una acción requerida para completar su tarea.
2342,2025-09-04,App Movil,La aplicacion se cierra inesperadamente al abrir resultados de laboratorio,Paciente,Guayaquil,Efectividad,Funcionalidad,"Interrupción abrupta del sistema que impide que el usuario termine el registro de datos, reduciendo la efectividad operativa."
2343,2025-09-05,HCE,Alerta de interaccion medicamentosa no se despliega correctamente,Medico,Cuenca,Libertad de Riesgo,Seguridad Clínica,El fallo en el despliegue de alertas de interacción farmacológica pone en riesgo inminente la salud del paciente ante combinaciones letales.
2344,2025-09-06,Portal Citas,Usuario no logra agendar tras 4 intentos,Paciente,Ambato,Satisfacción,RNF-02 (Pasos del Portal),"Incapacidad del usuario de lograr su meta tras múltiples intentos, violando el RNF-02 y provocando un alto nivel de frustración."
2345,2025-09-07,HCE,El campo de diagnostico CIE-10 no permite busqueda por texto,Medico,Manta,Efectividad,Funcionalidad,Restricción de funcionalidad que impide al usuario realizar una acción requerida para completar su tarea.
2346,2025-09-08,App Movil,Notificaciones push no llegan pese a estar activadas,Paciente,Quito,Efectividad,Funcionalidad,Falla de funcionalidad en el módulo App Movil que impide al usuario completar sus tareas de manera precisa y completa.
2347,2025-09-09,HCE,Consulta anterior no se muestra en el resumen de antecedentes,Medico,Guayaquil,Efectividad,Funcionalidad,Falla de funcionalidad en el módulo HCE que impide al usuario completar sus tareas de manera precisa y completa.
2348,2025-09-10,App Movil,El boton de teleconsulta no redirige correctamente a la videollamada,Paciente,Cuenca,Efectividad,Funcionalidad,Falla de funcionalidad en el módulo App Movil que impide al usuario completar sus tareas de manera precisa y completa.
2349,2025-09-11,Telemedicina,Receta electronica no se genera al finalizar la teleconsulta,Paciente,Ambato,Efectividad,Funcionalidad,Falla de funcionalidad en el módulo Telemedicina que impide al usuario completar sus tareas de manera precisa y completa.
2350,2025-09-12,Portal Citas,Doble reserva de un mismo cupo por dos pacientes distintos,Paciente,Manta,Libertad de Riesgo,RNF-03 (Errores de Facturación),"Doble agendamiento de un mismo cupo que genera sobreventa de citas, colapso de agenda de especialistas y multas o insatisfacción comercial."
2351,2025-09-13,Farmacia,El sistema bloquea la dispensacion sin mostrar el motivo,Farmacia,Quito,Satisfacción,Usabilidad,La falta de mensajes informativos claros y feedback del sistema incrementa la incertidumbre y frustración del operario farmacéutico.
2352,2025-09-14,Portal Citas,"Formulario confuso, abandono de registro antes de completar la cita",Paciente,Guayaquil,Satisfacción,RNF-02 (Pasos del Portal),"Diseño de interfaz de usuario confuso que provoca el abandono del registro, afectando la métrica de satisfacción y facilidad de uso percibida."
2353,2025-09-15,HCE,Nota de evolucion tarda 25s en guardarse,Medico,Cuenca,Eficiencia,RNF-01 (Latencia HCE),"El tiempo de guardado supera los 8 segundos tolerables, violando directamente el requerimiento no funcional RNF-01 de rendimiento del sistema para notas clínicas."
2354,2025-09-16,HCE,Duplicado de historia clinica al registrar un paciente ya existente,Medico,Ambato,Libertad de Riesgo,Seguridad Clínica,"Riesgo de seguridad clínica debido a la fragmentación de la información de salud del paciente, lo que puede inducir a diagnósticos y tratamientos erróneos."
2355,2025-09-17,HCE,El sistema se congela al adjuntar resultados de laboratorio a la HCE,Medico,Manta,Efectividad,Funcionalidad,Falla de funcionalidad en el módulo HCE que impide al usuario completar sus tareas de manera precisa y completa.
2356,2025-09-18,Farmacia,Alerta de vencimiento de lote no se muestra en el modulo,Farmacia,Quito,Libertad de Riesgo,Seguridad Clínica,Omitir la alerta de vencimiento de lotes farmacéuticos puede llevar a la administración de medicamentos caducados a los pacientes.
2357,2025-09-19,Farmacia,Duplicidad de codigos entre dos presentaciones distintas de un mismo farmaco,Farmacia,Guayaquil,Libertad de Riesgo,Seguridad Clínica,"La duplicación de códigos de fármacos introduce un riesgo de dispensación errónea en farmacia, comprometiendo la seguridad terapéutica del paciente."
2358,2025-09-20,Farmacia,Error al registrar la dispensacion de un medicamento controlado,Farmacia,Cuenca,Libertad de Riesgo,Seguridad Clínica,"Error en el registro de medicamentos regulados, lo que genera riesgos legales, regulatorios y de seguridad en el control de sustancias psicotrópicas."
2359,2025-09-21,Portal Citas,Notificacion de recordatorio de cita llega con la fecha incorrecta,Paciente,Ambato,Efectividad,Funcionalidad,Falla de funcionalidad en el módulo Portal Citas que impide al usuario completar sus tareas de manera precisa y completa.
2360,2025-09-22,App Movil,Consumo elevado de datos moviles al abrir el modulo de citas,Paciente,Manta,Cobertura de Contexto,Portabilidad,"Consumo excesivo de ancho de banda móvil, lo que restringe el uso eficiente del sistema en redes celulares de datos (fuera de la intranet del hospital)."
2361,2025-09-23,HCE,Nota de evolucion tarda 15s en guardarse,Medico,Quito,Eficiencia,RNF-01 (Latencia HCE),"El tiempo de guardado supera los 8 segundos tolerables, violando directamente el requerimiento no funcional RNF-01 de rendimiento del sistema para notas clínicas."
2362,2025-09-24,HCE,Perdida de la nota de evolucion tras un cierre inesperado de sesion,Medico,Guayaquil,Efectividad,Funcionalidad,Falla de funcionalidad en el módulo HCE que impide al usuario completar sus tareas de manera precisa y completa.
2363,2025-09-25,HCE,Duplicado de historia clinica al registrar un paciente ya existente,Medico,Cuenca,Libertad de Riesgo,Seguridad Clínica,"Riesgo de seguridad clínica debido a la fragmentación de la información de salud del paciente, lo que puede inducir a diagnósticos y tratamientos erróneos."
2364,2025-09-26,Laboratorio,Codigo de barras de la muestra no es reconocido por el lector,Tecnico Laboratorio,Ambato,Efectividad,Funcionalidad,Falla de funcionalidad en el módulo Laboratorio que impide al usuario completar sus tareas de manera precisa y completa.
2365,2025-09-27,Portal Citas,El sistema no envia la confirmacion por correo electronico,Paciente,Manta,Efectividad,Funcionalidad,Falla funcional que impide completar la tarea de confirmación de cita al paciente por canal de correo electrónico.
2366,2025-09-28,Farmacia,Error al registrar la dispensacion de un medicamento controlado,Farmacia,Quito,Libertad de Riesgo,Seguridad Clínica,"Error en el registro de medicamentos regulados, lo que genera riesgos legales, regulatorios y de seguridad en el control de sustancias psicotrópicas."
2367,2025-09-29,Imagenologia,Tiempo de carga de estudios de imagen supera los 16s,Radiologo,Guayaquil,Eficiencia,Eficiencia Operativa,La lentitud en la carga y transferencia de archivos DICOM pesados degrada la eficiencia del flujo de trabajo clínico en imagenología.
2368,2025-09-30,App Movil,La app no permite actualizar el numero de contacto del paciente,Paciente,Cuenca,Efectividad,Funcionalidad,Restricción de funcionalidad que impide al usuario realizar una acción requerida para completar su tarea.
2369,2025-10-01,Facturacion,Error de calculo en el copago del seguro medico,Admision,Ambato,Libertad de Riesgo,RNF-03 (Errores de Facturación),"Errores en el cálculo del copago de seguros o discrepancias de montos facturados, induciendo a pérdidas financieras o reclamaciones legales."
2370,2025-10-02,Farmacia,Receta electronica llega incompleta desde el modulo de HCE,Farmacia,Manta,Efectividad,Funcionalidad,Falla de funcionalidad en el módulo Farmacia que impide al usuario completar sus tareas de manera precisa y completa.
2371,2025-10-03,Farmacia,Error al registrar la dispensacion de un medicamento controlado,Farmacia,Quito,Libertad de Riesgo,Seguridad Clínica,"Error en el registro de medicamentos regulados, lo que genera riesgos legales, regulatorios y de seguridad en el control de sustancias psicotrópicas."
2372,2025-10-04,Reportes Gerenciales,Exportacion a Excel del reporte gerencial falla de forma intermitente,Gerencia,Guayaquil,Efectividad,Funcionalidad,Falla intermitente en las exportaciones o ejecuciones de procesos del sistema que reduce la fiabilidad de las operaciones.
2373,2025-10-05,Facturacion,Discrepancia entre el monto facturado y el detalle de servicios,Admision,Cuenca,Libertad de Riesgo,RNF-03 (Errores de Facturación),"Errores en el cálculo del copago de seguros o discrepancias de montos facturados, induciendo a pérdidas financieras o reclamaciones legales."
2374,2025-10-06,Farmacia,El sistema no descuenta automaticamente el medicamento dispensado,Farmacia,Ambato,Efectividad,Funcionalidad,Falla de funcionalidad en el módulo Farmacia que impide al usuario completar sus tareas de manera precisa y completa.
2375,2025-10-07,App Movil,Consumo elevado de datos moviles al abrir el modulo de citas,Paciente,Manta,Cobertura de Contexto,Portabilidad,"Consumo excesivo de ancho de banda móvil, lo que restringe el uso eficiente del sistema en redes celulares de datos (fuera de la intranet del hospital)."
2376,2025-10-08,Telemedicina,El medico no puede compartir pantalla con resultados de examenes,Paciente,Quito,Efectividad,Funcionalidad,Falla de funcionalidad en el módulo Telemedicina que impide al usuario completar sus tareas de manera precisa y completa.
2377,2025-10-09,App Movil,Notificaciones push no llegan pese a estar activadas,Paciente,Guayaquil,Efectividad,Funcionalidad,Falla de funcionalidad en el módulo App Movil que impide al usuario completar sus tareas de manera precisa y completa.
2378,2025-10-10,HCE,El campo de diagnostico CIE-10 no permite busqueda por texto,Medico,Cuenca,Efectividad,Funcionalidad,Restricción de funcionalidad que impide al usuario realizar una acción requerida para completar su tarea.
2379,2025-10-11,HCE,Tiempo de carga de la ficha clinica supera los 10s en horas pico,Medico,Ambato,Eficiencia,Eficiencia Operativa,La latencia en horas pico para abrir la ficha clínica perjudica la productividad del médico durante la consulta.
2380,2025-10-12,App Movil,La app no permite actualizar el numero de contacto del paciente,Paciente,Manta,Efectividad,Funcionalidad,Restricción de funcionalidad que impide al usuario realizar una acción requerida para completar su tarea.
2381,2025-10-13,Facturacion,Error de calculo en el copago del seguro medico,Admision,Quito,Libertad de Riesgo,RNF-03 (Errores de Facturación),"Errores en el cálculo del copago de seguros o discrepancias de montos facturados, induciendo a pérdidas financieras o reclamaciones legales."
2382,2025-10-14,Portal Citas,El portal muestra disponibilidad para un horario ya ocupado,Paciente,Guayaquil,Efectividad,Funcionalidad,Falla de funcionalidad en el módulo Portal Citas que impide al usuario completar sus tareas de manera precisa y completa.
2383,2025-10-15,App Movil,La aplicacion se cierra inesperadamente al abrir resultados de laboratorio,Paciente,Cuenca,Efectividad,Funcionalidad,"Interrupción abrupta del sistema que impide que el usuario termine el registro de datos, reduciendo la efectividad operativa."
2384,2025-10-16,Farmacia,El sistema bloquea la dispensacion sin mostrar el motivo,Farmacia,Ambato,Satisfacción,Usabilidad,La falta de mensajes informativos claros y feedback del sistema incrementa la incertidumbre y frustración del operario farmacéutico.
2385,2025-10-17,HCE,El sistema se congela al adjuntar resultados de laboratorio a la HCE,Medico,Manta,Efectividad,Funcionalidad,Falla de funcionalidad en el módulo HCE que impide al usuario completar sus tareas de manera precisa y completa.
2386,2025-10-18,HCE,El sistema no permite adjuntar imagenes de heridas desde la tablet,Medico,Quito,Cobertura de Contexto,Flexibilidad de Dispositivo,El sistema presenta limitaciones de portabilidad y compatibilidad al operar en el contexto físico específico de tablets para adjuntar imágenes de heridas.
2387,2025-10-19,Farmacia,Duplicidad de codigos entre dos presentaciones distintas de un mismo farmaco,Farmacia,Guayaquil,Libertad de Riesgo,Seguridad Clínica,"La duplicación de códigos de fármacos introduce un riesgo de dispensación errónea en farmacia, comprometiendo la seguridad terapéutica del paciente."
2388,2025-10-20,Telemedicina,Audio desincronizado durante la teleconsulta,Paciente,Cuenca,Satisfacción,RNF-05 (Disponibilidad de llamada),Mala experiencia sensorial e interactiva durante la teleconsulta que impacta el RNF-05 y la percepción de calidad del servicio.
2389,2025-10-21,Facturacion,Nota de credito no se aplica al saldo pendiente del paciente,Admision,Ambato,Libertad de Riesgo,RNF-03 (Errores de Facturación),"Fallas en la aplicación de notas de crédito o reembolsos que distorsionan los estados de cuenta, arriesgando multas tributarias e inconformidad legal."
2390,2025-10-22,HCE,El campo de diagnostico CIE-10 no permite busqueda por texto,Medico,Manta,Efectividad,Funcionalidad,Restricción de funcionalidad que impide al usuario realizar una acción requerida para completar su tarea.
2391,2025-10-23,Facturacion,Reintento de transaccion genera doble cobro en la tarjeta,Admision,Quito,Libertad de Riesgo,RNF-03 (Errores de Facturación),"Violación del requerimiento no funcional RNF-03 de facturación; genera cobros indebidos en las tarjetas del cliente, comprometiendo la confianza y el riesgo financiero."
2392,2025-10-24,Facturacion,El sistema no reconoce el convenio con la aseguradora,Admision,Guayaquil,Libertad de Riesgo,RNF-03 (Errores de Facturación),El no reconocimiento de convenios de aseguradoras genera fricción de cobro y riesgo de pérdidas económicas por servicios no cubiertos correctamente.
2393,2025-10-25,Reportes Gerenciales,El dashboard de indicadores no refleja los datos del ultimo cierre,Gerencia,Cuenca,Efectividad,Funcionalidad,Inconsistencia en la actualización de datos que impide la visualización correcta de información operativa reciente.
2394,2025-10-26,Reportes Gerenciales,Tiempo de generacion del reporte mensual supera los 35 minutos,Gerencia,Ambato,Eficiencia,Eficiencia Operativa,"Demoras severas en la generación de reportes mensuales de inteligencia de negocio, penalizando la eficiencia en el tiempo de procesamiento y toma de decisiones."
2395,2025-10-27,Facturacion,Reembolso aprobado no se refleja en el estado de cuenta,Admision,Manta,Libertad de Riesgo,RNF-03 (Errores de Facturación),"Fallas en la aplicación de notas de crédito o reembolsos que distorsionan los estados de cuenta, arriesgando multas tributarias e inconformidad legal."
2396,2025-10-28,HCE,Receta electronica se genera con la dosis incorrecta tras guardar,Medico,Quito,Libertad de Riesgo,Seguridad Clínica,"Riesgo extremo de salud para el paciente al guardar dosis farmacológicas erróneas en la receta electrónica, pudiendo causar sobredosis o inefectividad clínica."
2397,2025-10-29,HCE,Perdida de la nota de evolucion tras un cierre inesperado de sesion,Medico,Guayaquil,Efectividad,Funcionalidad,Falla de funcionalidad en el módulo HCE que impide al usuario completar sus tareas de manera precisa y completa.
2398,2025-10-30,Telemedicina,El chat de la consulta no permite enviar imagenes,Paciente,Cuenca,Efectividad,Funcionalidad,Restricción de funcionalidad que impide al usuario realizar una acción requerida para completar su tarea.
2399,2025-10-31,HCE,El campo de diagnostico CIE-10 no permite busqueda por texto,Medico,Ambato,Efectividad,Funcionalidad,Restricción de funcionalidad que impide al usuario realizar una acción requerida para completar su tarea.
2400,2025-11-01,Laboratorio,Retraso de 17s en la disponibilidad de resultados criticos,Tecnico Laboratorio,Manta,Eficiencia,Eficiencia Operativa,"El sistema presenta tiempos de respuesta elevados que consumen recursos de tiempo innecesarios, degradando la eficiencia del usuario en sus tareas."
2401,2025-11-02,Facturacion,El modulo de facturacion se cae durante el cierre de caja,Admision,Quito,Efectividad,Funcionalidad,Falla de funcionalidad en el módulo Facturacion que impide al usuario completar sus tareas de manera precisa y completa.
2402,2025-11-03,Facturacion,Factura electronica no llega al correo registrado del paciente,Admision,Guayaquil,Efectividad,Funcionalidad,Falla de funcionalidad en el módulo Facturacion que impide al usuario completar sus tareas de manera precisa y completa.
2403,2025-11-04,HCE,El sistema se congela al adjuntar resultados de laboratorio a la HCE,Medico,Cuenca,Efectividad,Funcionalidad,Falla de funcionalidad en el módulo HCE que impide al usuario completar sus tareas de manera precisa y completa.
2404,2025-11-05,Portal Citas,Error al reagendar una cita previamente confirmada,Paciente,Ambato,Efectividad,Funcionalidad,Falla de funcionalidad en el módulo Portal Citas que impide al usuario completar sus tareas de manera precisa y completa.
2405,2025-11-06,Portal Citas,Notificacion de recordatorio de cita llega con la fecha incorrecta,Paciente,Manta,Efectividad,Funcionalidad,Falla de funcionalidad en el módulo Portal Citas que impide al usuario completar sus tareas de manera precisa y completa.
2406,2025-11-07,Facturacion,Nota de credito no se aplica al saldo pendiente del paciente,Admision,Quito,Libertad de Riesgo,RNF-03 (Errores de Facturación),"Fallas en la aplicación de notas de crédito o reembolsos que distorsionan los estados de cuenta, arriesgando multas tributarias e inconformidad legal."
2407,2025-11-08,Portal Citas,Boton de confirmar cita no responde en dispositivos moviles,Paciente,Guayaquil,Cobertura de Contexto,Portabilidad,"Falla de adaptabilidad de la interfaz en el contexto de dispositivos móviles, impidiendo confirmar citas desde pantallas de formatos pequeños."
2408,2025-11-09,Farmacia,Alerta de vencimiento de lote no se muestra en el modulo,Farmacia,Cuenca,Libertad de Riesgo,Seguridad Clínica,Omitir la alerta de vencimiento de lotes farmacéuticos puede llevar a la administración de medicamentos caducados a los pacientes.
2409,2025-11-10,Portal Citas,Filtro de especialidad medica no devuelve resultados,Paciente,Ambato,Efectividad,Funcionalidad,Falla de funcionalidad en el módulo Portal Citas que impide al usuario completar sus tareas de manera precisa y completa.
2410,2025-11-11,Telemedicina,Videollamada se corta a los 4 minutos,Paciente,Manta,Cobertura de Contexto,RNF-05 (Disponibilidad de llamada),"Falta de resiliencia del canal de comunicación ante variaciones en la conectividad del usuario, interrumpiendo la sesión de teleconsulta en producción."
2411,2025-11-12,App Movil,La app no permite actualizar el numero de contacto del paciente,Paciente,Quito,Efectividad,Funcionalidad,Restricción de funcionalidad que impide al usuario realizar una acción requerida para completar su tarea.
2412,2025-11-13,HCE,Nota de evolucion tarda 18s en guardarse,Medico,Guayaquil,Eficiencia,RNF-01 (Latencia HCE),"El tiempo de guardado supera los 8 segundos tolerables, violando directamente el requerimiento no funcional RNF-01 de rendimiento del sistema para notas clínicas."
2413,2025-11-14,Telemedicina,Audio desincronizado durante la teleconsulta,Paciente,Cuenca,Satisfacción,RNF-05 (Disponibilidad de llamada),Mala experiencia sensorial e interactiva durante la teleconsulta que impacta el RNF-05 y la percepción de calidad del servicio.
2414,2025-11-15,HCE,Tiempo de carga de la ficha clinica supera los 15s en horas pico,Medico,Ambato,Eficiencia,Eficiencia Operativa,La latencia en horas pico para abrir la ficha clínica perjudica la productividad del médico durante la consulta.
2415,2025-11-16,App Movil,Notificaciones push no llegan pese a estar activadas,Paciente,Manta,Efectividad,Funcionalidad,Falla de funcionalidad en el módulo App Movil que impide al usuario completar sus tareas de manera precisa y completa.
2416,2025-11-17,HCE,Signos vitales registrados por enfermeria no aparecen en la HCE del medico,Medico,Quito,Efectividad,Integración de Datos,Falla de funcionalidad en el módulo HCE que impide al usuario completar sus tareas de manera precisa y completa.
2417,2025-11-18,Facturacion,Factura duplicada al reintentar pago,Admision,Guayaquil,Libertad de Riesgo,RNF-03 (Errores de Facturación),"Violación del requerimiento no funcional RNF-03 de facturación; genera cobros indebidos en las tarjetas del cliente, comprometiendo la confianza y el riesgo financiero."
2418,2025-11-19,Facturacion,Reembolso aprobado no se refleja en el estado de cuenta,Admision,Cuenca,Libertad de Riesgo,RNF-03 (Errores de Facturación),"Fallas en la aplicación de notas de crédito o reembolsos que distorsionan los estados de cuenta, arriesgando multas tributarias e inconformidad legal."
2419,2025-11-20,HCE,El sistema no permite adjuntar imagenes de heridas desde la tablet,Medico,Ambato,Cobertura de Contexto,Flexibilidad de Dispositivo,El sistema presenta limitaciones de portabilidad y compatibilidad al operar en el contexto físico específico de tablets para adjuntar imágenes de heridas.
2420,2025-11-21,Farmacia,Inventario del sistema no coincide con el stock fisico del insumo,Farmacia,Manta,Efectividad,Funcionalidad,Falla de funcionalidad en el módulo Farmacia que impide al usuario completar sus tareas de manera precisa y completa.
2421,2025-11-22,Farmacia,El sistema bloquea la dispensacion sin mostrar el motivo,Farmacia,Quito,Satisfacción,Usabilidad,La falta de mensajes informativos claros y feedback del sistema incrementa la incertidumbre y frustración del operario farmacéutico.
2422,2025-11-23,Imagenologia,Perdida de calidad en las imagenes al ser visualizadas desde la app,Radiologo,Guayaquil,Satisfacción,Usabilidad,Degradación visual que afecta la comodidad y confianza de los médicos al visualizar estudios clínicos desde la app móvil.
2423,2025-11-24,Facturacion,El modulo de facturacion se cae durante el cierre de caja,Admision,Cuenca,Efectividad,Funcionalidad,Falla de funcionalidad en el módulo Facturacion que impide al usuario completar sus tareas de manera precisa y completa.
2424,2025-11-25,App Movil,El boton de teleconsulta no redirige correctamente a la videollamada,Paciente,Ambato,Efectividad,Funcionalidad,Falla de funcionalidad en el módulo App Movil que impide al usuario completar sus tareas de manera precisa y completa.
2425,2025-11-26,HCE,Consulta anterior no se muestra en el resumen de antecedentes,Medico,Manta,Efectividad,Funcionalidad,Falla de funcionalidad en el módulo HCE que impide al usuario completar sus tareas de manera precisa y completa.
2426,2025-11-27,Laboratorio,El sistema no permite adjuntar el reporte en PDF del laboratorio externo,Tecnico Laboratorio,Quito,Efectividad,Funcionalidad,Restricción de funcionalidad que impide al usuario realizar una acción requerida para completar su tarea.
2427,2025-11-28,HCE,Consulta anterior no se muestra en el resumen de antecedentes,Medico,Guayaquil,Efectividad,Funcionalidad,Falla de funcionalidad en el módulo HCE que impide al usuario completar sus tareas de manera precisa y completa.
2428,2025-11-29,Telemedicina,Audio desincronizado durante la teleconsulta,Paciente,Cuenca,Satisfacción,RNF-05 (Disponibilidad de llamada),Mala experiencia sensorial e interactiva durante la teleconsulta que impacta el RNF-05 y la percepción de calidad del servicio.
2429,2025-11-30,Telemedicina,Receta electronica no se genera al finalizar la teleconsulta,Paciente,Ambato,Efectividad,Funcionalidad,Falla de funcionalidad en el módulo Telemedicina que impide al usuario completar sus tareas de manera precisa y completa.
2430,2025-12-01,App Movil,Consumo elevado de datos moviles al abrir el modulo de citas,Paciente,Manta,Cobertura de Contexto,Portabilidad,"Consumo excesivo de ancho de banda móvil, lo que restringe el uso eficiente del sistema en redes celulares de datos (fuera de la intranet del hospital)."
2431,2025-12-02,Farmacia,El sistema no descuenta automaticamente el medicamento dispensado,Farmacia,Quito,Efectividad,Funcionalidad,Falla de funcionalidad en el módulo Farmacia que impide al usuario completar sus tareas de manera precisa y completa.
2432,2025-12-03,Portal Citas,Cita agendada no aparece reflejada en el calendario del especialista,Paciente,Guayaquil,Efectividad,Funcionalidad,Falla de funcionalidad en el módulo Portal Citas que impide al usuario completar sus tareas de manera precisa y completa.
2433,2025-12-04,Farmacia,Duplicidad de codigos entre dos presentaciones distintas de un mismo farmaco,Farmacia,Cuenca,Libertad de Riesgo,Seguridad Clínica,"La duplicación de códigos de fármacos introduce un riesgo de dispensación errónea en farmacia, comprometiendo la seguridad terapéutica del paciente."
2434,2025-12-05,HCE,Consulta anterior no se muestra en el resumen de antecedentes,Medico,Ambato,Efectividad,Funcionalidad,Falla de funcionalidad en el módulo HCE que impide al usuario completar sus tareas de manera precisa y completa.
2435,2025-12-06,Telemedicina,Videollamada se corta a los 2 minutos,Paciente,Manta,Cobertura de Contexto,RNF-05 (Disponibilidad de llamada),"Falta de resiliencia del canal de comunicación ante variaciones en la conectividad del usuario, interrumpiendo la sesión de teleconsulta en producción."
2436,2025-12-07,HCE,Duplicado de historia clinica al registrar un paciente ya existente,Medico,Quito,Libertad de Riesgo,Seguridad Clínica,"Riesgo de seguridad clínica debido a la fragmentación de la información de salud del paciente, lo que puede inducir a diagnósticos y tratamientos erróneos."
2437,2025-12-08,Telemedicina,El medico no puede compartir pantalla con resultados de examenes,Paciente,Guayaquil,Efectividad,Funcionalidad,Falla de funcionalidad en el módulo Telemedicina que impide al usuario completar sus tareas de manera precisa y completa.
2438,2025-12-09,HCE,Historial de alergias no carga al abrir la ficha del paciente,Medico,Cuenca,Libertad de Riesgo,Seguridad Clínica,"Falla crítica que expone la seguridad del paciente al omitir información vital de alergias, con un alto riesgo de shock anafiláctico o mala praxis."
2439,2025-12-10,Portal Citas,Sesion expira antes de finalizar el proceso de agendamiento,Paciente,Ambato,Satisfacción,Usabilidad,"Mala experiencia de usuario que interrumpe de forma prematura el proceso de compra/agendamiento, forzando a repetir pasos."
2440,2025-12-11,Portal Citas,"Formulario confuso, abandono de registro antes de completar la cita",Paciente,Manta,Satisfacción,RNF-02 (Pasos del Portal),"Diseño de interfaz de usuario confuso que provoca el abandono del registro, afectando la métrica de satisfacción y facilidad de uso percibida."
2441,2025-12-12,Telemedicina,Videollamada se corta a los 5 minutos,Paciente,Quito,Cobertura de Contexto,RNF-05 (Disponibilidad de llamada),"Falta de resiliencia del canal de comunicación ante variaciones en la conectividad del usuario, interrumpiendo la sesión de teleconsulta en producción."
2442,2025-12-13,Portal Citas,El portal muestra disponibilidad para un horario ya ocupado,Paciente,Guayaquil,Efectividad,Funcionalidad,Falla de funcionalidad en el módulo Portal Citas que impide al usuario completar sus tareas de manera precisa y completa.
2443,2025-12-14,Imagenologia,Las imagenes de rayos X no cargan en el visor DICOM,Radiologo,Cuenca,Efectividad,Funcionalidad,Falla de funcionalidad en el módulo Imagenologia que impide al usuario completar sus tareas de manera precisa y completa.
2444,2025-12-15,Reportes Gerenciales,Exportacion a Excel del reporte gerencial falla de forma intermitente,Gerencia,Ambato,Efectividad,Funcionalidad,Falla intermitente en las exportaciones o ejecuciones de procesos del sistema que reduce la fiabilidad de las operaciones.
2445,2025-12-16,App Movil,El inicio de sesion con biometria falla de forma intermitente,Paciente,Manta,Satisfacción,Usabilidad,La inestabilidad en el inicio biométrico genera frustración y reduce la confianza y comodidad del usuario al acceder al aplicativo móvil.
2446,2025-12-17,Facturacion,El sistema no permite anular una factura emitida por error,Admision,Quito,Efectividad,Funcionalidad,Restricción de funcionalidad que impide al usuario realizar una acción requerida para completar su tarea.
2447,2025-12-18,HCE,Receta electronica se genera con la dosis incorrecta tras guardar,Medico,Guayaquil,Libertad de Riesgo,Seguridad Clínica,"Riesgo extremo de salud para el paciente al guardar dosis farmacológicas erróneas en la receta electrónica, pudiendo causar sobredosis o inefectividad clínica."
2448,2025-12-19,Telemedicina,Receta electronica no se genera al finalizar la teleconsulta,Paciente,Cuenca,Efectividad,Funcionalidad,Falla de funcionalidad en el módulo Telemedicina que impide al usuario completar sus tareas de manera precisa y completa.
2449,2025-12-20,Facturacion,Reembolso aprobado no se refleja en el estado de cuenta,Admision,Ambato,Libertad de Riesgo,RNF-03 (Errores de Facturación),"Fallas en la aplicación de notas de crédito o reembolsos que distorsionan los estados de cuenta, arriesgando multas tributarias e inconformidad legal."
2450,2025-12-21,HCE,Tiempo de carga de la ficha clinica supera los 21s en horas pico,Medico,Manta,Eficiencia,Eficiencia Operativa,La latencia en horas pico para abrir la ficha clínica perjudica la productividad del médico durante la consulta.
2451,2025-12-22,Imagenologia,El informe radiologico no se adjunta automaticamente a la HCE,Radiologo,Quito,Efectividad,Funcionalidad,Falla de funcionalidad en el módulo Imagenologia que impide al usuario completar sus tareas de manera precisa y completa.
2452,2025-12-23,Imagenologia,Perdida de calidad en las imagenes al ser visualizadas desde la app,Radiologo,Guayaquil,Satisfacción,Usabilidad,Degradación visual que afecta la comodidad y confianza de los médicos al visualizar estudios clínicos desde la app móvil.
2453,2025-12-24,Telemedicina,El chat de la consulta no permite enviar imagenes,Paciente,Cuenca,Efectividad,Funcionalidad,Restricción de funcionalidad que impide al usuario realizar una acción requerida para completar su tarea.
2454,2025-12-25,HCE,Tiempo de carga de la ficha clinica supera los 20s en horas pico,Medico,Ambato,Eficiencia,Eficiencia Operativa,La latencia en horas pico para abrir la ficha clínica perjudica la productividad del médico durante la consulta.
2455,2025-12-26,App Movil,Resultados de examenes no se visualizan en formato PDF,Paciente,Manta,Efectividad,Funcionalidad,Falla de funcionalidad en el módulo App Movil que impide al usuario completar sus tareas de manera precisa y completa.
2456,2025-12-27,Imagenologia,Las imagenes de rayos X no cargan en el visor DICOM,Radiologo,Quito,Efectividad,Funcionalidad,Falla de funcionalidad en el módulo Imagenologia que impide al usuario completar sus tareas de manera precisa y completa.
2457,2025-12-28,Portal Citas,Filtro de especialidad medica no devuelve resultados,Paciente,Guayaquil,Efectividad,Funcionalidad,Falla de funcionalidad en el módulo Portal Citas que impide al usuario completar sus tareas de manera precisa y completa.
2458,2025-12-29,Farmacia,El sistema bloquea la dispensacion sin mostrar el motivo,Farmacia,Cuenca,Satisfacción,Usabilidad,La falta de mensajes informativos claros y feedback del sistema incrementa la incertidumbre y frustración del operario farmacéutico.
2459,2025-12-30,Reportes Gerenciales,El dashboard de indicadores no refleja los datos del ultimo cierre,Gerencia,Ambato,Efectividad,Funcionalidad,Inconsistencia en la actualización de datos que impide la visualización correcta de información operativa reciente.
2460,2025-12-31,Telemedicina,Audio desincronizado durante la teleconsulta,Paciente,Manta,Satisfacción,RNF-05 (Disponibilidad de llamada),Mala experiencia sensorial e interactiva durante la teleconsulta que impacta el RNF-05 y la percepción de calidad del servicio.
2461,2025-01-01,Facturacion,Factura duplicada al reintentar pago,Admision,Quito,Libertad de Riesgo,RNF-03 (Errores de Facturación),"Violación del requerimiento no funcional RNF-03 de facturación; genera cobros indebidos en las tarjetas del cliente, comprometiendo la confianza y el riesgo financiero."
2462,2025-01-02,Facturacion,Reintento de transaccion genera doble cobro en la tarjeta,Admision,Guayaquil,Libertad de Riesgo,RNF-03 (Errores de Facturación),"Violación del requerimiento no funcional RNF-03 de facturación; genera cobros indebidos en las tarjetas del cliente, comprometiendo la confianza y el riesgo financiero."
2463,2025-01-03,Imagenologia,Las imagenes de rayos X no cargan en el visor DICOM,Radiologo,Cuenca,Efectividad,Funcionalidad,Falla de funcionalidad en el módulo Imagenologia que impide al usuario completar sus tareas de manera precisa y completa.
2464,2025-01-04,HCE,Nota de evolucion tarda 22s en guardarse,Medico,Ambato,Eficiencia,RNF-01 (Latencia HCE),"El tiempo de guardado supera los 8 segundos tolerables, violando directamente el requerimiento no funcional RNF-01 de rendimiento del sistema para notas clínicas."
2465,2025-01-05,HCE,El sistema no permite adjuntar imagenes de heridas desde la tablet,Medico,Manta,Cobertura de Contexto,Flexibilidad de Dispositivo,El sistema presenta limitaciones de portabilidad y compatibilidad al operar en el contexto físico específico de tablets para adjuntar imágenes de heridas.
2466,2025-01-06,HCE,Datos de otro paciente visibles brevemente al abrir un expediente,Medico,Quito,Libertad de Riesgo,Seguridad Clínica,"Fuga de información y violación de la confidencialidad médica (HIPAA/Ley de Protección de Datos), exponiendo datos de otros pacientes."
2467,2025-01-07,Reportes Gerenciales,Tiempo de generacion del reporte mensual supera los 25 minutos,Gerencia,Guayaquil,Eficiencia,Eficiencia Operativa,"Demoras severas en la generación de reportes mensuales de inteligencia de negocio, penalizando la eficiencia en el tiempo de procesamiento y toma de decisiones."
2468,2025-01-08,Portal Citas,Filtro de especialidad medica no devuelve resultados,Paciente,Cuenca,Efectividad,Funcionalidad,Falla de funcionalidad en el módulo Portal Citas que impide al usuario completar sus tareas de manera precisa y completa.
2469,2025-01-09,Farmacia,Inventario del sistema no coincide con el stock fisico del insumo,Farmacia,Ambato,Efectividad,Funcionalidad,Falla de funcionalidad en el módulo Farmacia que impide al usuario completar sus tareas de manera precisa y completa.
2470,2025-01-10,Imagenologia,Tiempo de carga de estudios de imagen supera los 12s,Radiologo,Manta,Eficiencia,Eficiencia Operativa,La lentitud en la carga y transferencia de archivos DICOM pesados degrada la eficiencia del flujo de trabajo clínico en imagenología.
2471,2025-01-11,Imagenologia,Las imagenes de rayos X no cargan en el visor DICOM,Radiologo,Quito,Efectividad,Funcionalidad,Falla de funcionalidad en el módulo Imagenologia que impide al usuario completar sus tareas de manera precisa y completa.
2472,2025-01-12,Telemedicina,Grabacion de la consulta no se almacena correctamente,Paciente,Guayaquil,Efectividad,Funcionalidad,Falla de funcionalidad en el módulo Telemedicina que impide al usuario completar sus tareas de manera precisa y completa.
2473,2025-01-13,HCE,Historial de alergias no carga al abrir la ficha del paciente,Medico,Cuenca,Libertad de Riesgo,Seguridad Clínica,"Falla crítica que expone la seguridad del paciente al omitir información vital de alergias, con un alto riesgo de shock anafiláctico o mala praxis."
2474,2025-01-14,Telemedicina,La sesion se cierra automaticamente antes de terminar la consulta,Paciente,Ambato,Efectividad,Funcionalidad,Falla de funcionalidad en el módulo Telemedicina que impide al usuario completar sus tareas de manera precisa y completa.
2475,2025-01-15,App Movil,Resultados de examenes no se visualizan en formato PDF,Paciente,Manta,Efectividad,Funcionalidad,Falla de funcionalidad en el módulo App Movil que impide al usuario completar sus tareas de manera precisa y completa.
2476,2025-01-16,Farmacia,El sistema no descuenta automaticamente el medicamento dispensado,Farmacia,Quito,Efectividad,Funcionalidad,Falla de funcionalidad en el módulo Farmacia que impide al usuario completar sus tareas de manera precisa y completa.
2477,2025-01-17,Facturacion,Reintento de transaccion genera doble cobro en la tarjeta,Admision,Guayaquil,Libertad de Riesgo,RNF-03 (Errores de Facturación),"Violación del requerimiento no funcional RNF-03 de facturación; genera cobros indebidos en las tarjetas del cliente, comprometiendo la confianza y el riesgo financiero."
2478,2025-01-18,HCE,Consulta anterior no se muestra en el resumen de antecedentes,Medico,Cuenca,Efectividad,Funcionalidad,Falla de funcionalidad en el módulo HCE que impide al usuario completar sus tareas de manera precisa y completa.
2479,2025-01-19,HCE,Orden medica no se sincroniza con el modulo de farmacia,Medico,Ambato,Efectividad,Integración Funcional,Error de integración funcional que impide la sincronización y actualización del registro médico entre módulos del HIS.
2480,2025-01-20,HCE,Nota de evolucion tarda 28s en guardarse,Medico,Manta,Eficiencia,RNF-01 (Latencia HCE),"El tiempo de guardado supera los 8 segundos tolerables, violando directamente el requerimiento no funcional RNF-01 de rendimiento del sistema para notas clínicas."
2481,2025-01-21,Portal Citas,Tiempo de espera en el portal supera los 30s en horas pico,Paciente,Quito,Eficiencia,Eficiencia Operativa,"El sistema presenta tiempos de respuesta elevados que consumen recursos de tiempo innecesarios, degradando la eficiencia del usuario en sus tareas."
2482,2025-01-22,HCE,Alerta de interaccion medicamentosa no se despliega correctamente,Medico,Guayaquil,Libertad de Riesgo,Seguridad Clínica,El fallo en el despliegue de alertas de interacción farmacológica pone en riesgo inminente la salud del paciente ante combinaciones letales.
2483,2025-01-23,HCE,Nota de evolucion tarda 26s en guardarse,Medico,Cuenca,Eficiencia,RNF-01 (Latencia HCE),"El tiempo de guardado supera los 8 segundos tolerables, violando directamente el requerimiento no funcional RNF-01 de rendimiento del sistema para notas clínicas."
2484,2025-01-24,HCE,El sistema no permite adjuntar imagenes de heridas desde la tablet,Medico,Ambato,Cobertura de Contexto,Flexibilidad de Dispositivo,El sistema presenta limitaciones de portabilidad y compatibilidad al operar en el contexto físico específico de tablets para adjuntar imágenes de heridas.
2485,2025-01-25,Farmacia,Tiempo de respuesta del modulo de farmacia supera los 35s,Farmacia,Manta,Eficiencia,Eficiencia Operativa,"El sistema presenta tiempos de respuesta elevados que consumen recursos de tiempo innecesarios, degradando la eficiencia del usuario en sus tareas."
2486,2025-01-26,Farmacia,Tiempo de respuesta del modulo de farmacia supera los 19s,Farmacia,Quito,Eficiencia,Eficiencia Operativa,"El sistema presenta tiempos de respuesta elevados que consumen recursos de tiempo innecesarios, degradando la eficiencia del usuario en sus tareas."
2487,2025-01-27,Facturacion,Factura duplicada al reintentar pago,Admision,Guayaquil,Libertad de Riesgo,RNF-03 (Errores de Facturación),"Violación del requerimiento no funcional RNF-03 de facturación; genera cobros indebidos en las tarjetas del cliente, comprometiendo la confianza y el riesgo financiero."
2488,2025-01-28,Telemedicina,Paciente no puede unirse a la sala virtual a la hora agendada,Paciente,Cuenca,Efectividad,Funcionalidad,Falla de funcionalidad en el módulo Telemedicina que impide al usuario completar sus tareas de manera precisa y completa.
2489,2025-01-29,HCE,Datos de otro paciente visibles brevemente al abrir un expediente,Medico,Ambato,Libertad de Riesgo,Seguridad Clínica,"Fuga de información y violación de la confidencialidad médica (HIPAA/Ley de Protección de Datos), exponiendo datos de otros pacientes."
2490,2025-01-30,HCE,Firma electronica del medico no se valida al cerrar la consulta,Medico,Manta,Efectividad,Funcionalidad,Falla de funcionalidad en el módulo HCE que impide al usuario completar sus tareas de manera precisa y completa.
2491,2025-01-31,Telemedicina,Notificacion de inicio de teleconsulta llega con retraso de 21s,Paciente,Quito,Eficiencia,Eficiencia Operativa,"El sistema presenta tiempos de respuesta elevados que consumen recursos de tiempo innecesarios, degradando la eficiencia del usuario en sus tareas."
2492,2025-02-01,Telemedicina,Grabacion de la consulta no se almacena correctamente,Paciente,Guayaquil,Efectividad,Funcionalidad,Falla de funcionalidad en el módulo Telemedicina que impide al usuario completar sus tareas de manera precisa y completa.
2493,2025-02-02,Facturacion,Nota de credito no se aplica al saldo pendiente del paciente,Admision,Cuenca,Libertad de Riesgo,RNF-03 (Errores de Facturación),"Fallas en la aplicación de notas de crédito o reembolsos que distorsionan los estados de cuenta, arriesgando multas tributarias e inconformidad legal."
2494,2025-02-03,Farmacia,Error al registrar la dispensacion de un medicamento controlado,Farmacia,Ambato,Libertad de Riesgo,Seguridad Clínica,"Error en el registro de medicamentos regulados, lo que genera riesgos legales, regulatorios y de seguridad en el control de sustancias psicotrópicas."
2495,2025-02-04,Facturacion,Nota de credito no se aplica al saldo pendiente del paciente,Admision,Manta,Libertad de Riesgo,RNF-03 (Errores de Facturación),"Fallas en la aplicación de notas de crédito o reembolsos que distorsionan los estados de cuenta, arriesgando multas tributarias e inconformidad legal."
2496,2025-02-05,Portal Citas,Filtro de especialidad medica no devuelve resultados,Paciente,Quito,Efectividad,Funcionalidad,Falla de funcionalidad en el módulo Portal Citas que impide al usuario completar sus tareas de manera precisa y completa.
2497,2025-02-06,Facturacion,Factura duplicada al reintentar pago,Admision,Guayaquil,Libertad de Riesgo,RNF-03 (Errores de Facturación),"Violación del requerimiento no funcional RNF-03 de facturación; genera cobros indebidos en las tarjetas del cliente, comprometiendo la confianza y el riesgo financiero."
2498,2025-02-07,Facturacion,Nota de credito no se aplica al saldo pendiente del paciente,Admision,Cuenca,Libertad de Riesgo,RNF-03 (Errores de Facturación),"Fallas en la aplicación de notas de crédito o reembolsos que distorsionan los estados de cuenta, arriesgando multas tributarias e inconformidad legal."
2499,2025-02-08,Reportes Gerenciales,Discrepancia entre el reporte financiero y el modulo de facturacion,Gerencia,Ambato,Libertad de Riesgo,RNF-03 (Errores de Facturación),"Discrepancia contable entre reportes directivos y facturación real, afectando las decisiones del negocio y la integridad de las auditorías."
2500,2025-02-09,Laboratorio,Orden de laboratorio duplicada tras reintentar el envio,Tecnico Laboratorio,Manta,Efectividad,Funcionalidad,Falla de funcionalidad en el módulo Laboratorio que impide al usuario completar sus tareas de manera precisa y completa.
2501,2025-02-10,Farmacia,Error al registrar la dispensacion de un medicamento controlado,Farmacia,Quito,Libertad de Riesgo,Seguridad Clínica,"Error en el registro de medicamentos regulados, lo que genera riesgos legales, regulatorios y de seguridad en el control de sustancias psicotrópicas."
2502,2025-02-11,App Movil,La app no permite actualizar el numero de contacto del paciente,Paciente,Guayaquil,Efectividad,Funcionalidad,Restricción de funcionalidad que impide al usuario realizar una acción requerida para completar su tarea.
2503,2025-02-12,Portal Citas,Boton de confirmar cita no responde en dispositivos moviles,Paciente,Cuenca,Cobertura de Contexto,Portabilidad,"Falla de adaptabilidad de la interfaz en el contexto de dispositivos móviles, impidiendo confirmar citas desde pantallas de formatos pequeños."
2504,2025-02-13,HCE,Duplicado de historia clinica al registrar un paciente ya existente,Medico,Ambato,Libertad de Riesgo,Seguridad Clínica,"Riesgo de seguridad clínica debido a la fragmentación de la información de salud del paciente, lo que puede inducir a diagnósticos y tratamientos erróneos."
2505,2025-02-14,Reportes Gerenciales,El dashboard de indicadores no refleja los datos del ultimo cierre,Gerencia,Manta,Efectividad,Funcionalidad,Inconsistencia en la actualización de datos que impide la visualización correcta de información operativa reciente.
2506,2025-02-15,Farmacia,Alerta de vencimiento de lote no se muestra en el modulo,Farmacia,Quito,Libertad de Riesgo,Seguridad Clínica,Omitir la alerta de vencimiento de lotes farmacéuticos puede llevar a la administración de medicamentos caducados a los pacientes.
2507,2025-02-16,Portal Citas,Usuario no logra agendar tras 3 intentos,Paciente,Guayaquil,Satisfacción,RNF-02 (Pasos del Portal),"Incapacidad del usuario de lograr su meta tras múltiples intentos, violando el RNF-02 y provocando un alto nivel de frustración."
2508,2025-02-17,Facturacion,Nota de credito no se aplica al saldo pendiente del paciente,Admision,Cuenca,Libertad de Riesgo,RNF-03 (Errores de Facturación),"Fallas en la aplicación de notas de crédito o reembolsos que distorsionan los estados de cuenta, arriesgando multas tributarias e inconformidad legal."
2509,2025-02-18,Portal Citas,El pago del bono de consulta no se refleja tras completarlo,Paciente,Ambato,Libertad de Riesgo,RNF-03 (Errores de Facturación),Inconsistencia financiera en los cobros o transacciones del sistema que infringe las normativas contables y expone al hospital a pérdidas económicas.
2510,2025-02-19,HCE,Duplicado de historia clinica al registrar un paciente ya existente,Medico,Manta,Libertad de Riesgo,Seguridad Clínica,"Riesgo de seguridad clínica debido a la fragmentación de la información de salud del paciente, lo que puede inducir a diagnósticos y tratamientos erróneos."
2511,2025-02-20,Portal Citas,Notificacion de recordatorio de cita llega con la fecha incorrecta,Paciente,Quito,Efectividad,Funcionalidad,Falla de funcionalidad en el módulo Portal Citas que impide al usuario completar sus tareas de manera precisa y completa.
2512,2025-02-21,Portal Citas,El pago del bono de consulta no se refleja tras completarlo,Paciente,Guayaquil,Libertad de Riesgo,RNF-03 (Errores de Facturación),Inconsistencia financiera en los cobros o transacciones del sistema que infringe las normativas contables y expone al hospital a pérdidas económicas.
2513,2025-02-22,Portal Citas,Boton de confirmar cita no responde en dispositivos moviles,Paciente,Cuenca,Cobertura de Contexto,Portabilidad,"Falla de adaptabilidad de la interfaz en el contexto de dispositivos móviles, impidiendo confirmar citas desde pantallas de formatos pequeños."
2514,2025-02-23,Farmacia,El sistema no descuenta automaticamente el medicamento dispensado,Farmacia,Ambato,Efectividad,Funcionalidad,Falla de funcionalidad en el módulo Farmacia que impide al usuario completar sus tareas de manera precisa y completa.
2515,2025-02-24,Farmacia,Tiempo de respuesta del modulo de farmacia supera los 34s,Farmacia,Manta,Eficiencia,Eficiencia Operativa,"El sistema presenta tiempos de respuesta elevados que consumen recursos de tiempo innecesarios, degradando la eficiencia del usuario en sus tareas."
2516,2025-02-25,App Movil,Resultados de examenes no se visualizan en formato PDF,Paciente,Quito,Efectividad,Funcionalidad,Falla de funcionalidad en el módulo App Movil que impide al usuario completar sus tareas de manera precisa y completa.
2517,2025-02-26,Portal Citas,Notificacion de recordatorio de cita llega con la fecha incorrecta,Paciente,Guayaquil,Efectividad,Funcionalidad,Falla de funcionalidad en el módulo Portal Citas que impide al usuario completar sus tareas de manera precisa y completa.
2518,2025-02-27,Telemedicina,Videollamada se corta a los 4 minutos,Paciente,Cuenca,Cobertura de Contexto,RNF-05 (Disponibilidad de llamada),"Falta de resiliencia del canal de comunicación ante variaciones en la conectividad del usuario, interrumpiendo la sesión de teleconsulta en producción."
2519,2025-02-28,HCE,Alerta de interaccion medicamentosa no se despliega correctamente,Medico,Ambato,Libertad de Riesgo,Seguridad Clínica,El fallo en el despliegue de alertas de interacción farmacológica pone en riesgo inminente la salud del paciente ante combinaciones letales.
2520,2025-03-01,Portal Citas,Doble reserva de un mismo cupo por dos pacientes distintos,Paciente,Manta,Libertad de Riesgo,RNF-03 (Errores de Facturación),"Doble agendamiento de un mismo cupo que genera sobreventa de citas, colapso de agenda de especialistas y multas o insatisfacción comercial."
2521,2025-03-02,HCE,Nota de evolucion tarda 11s en guardarse,Medico,Quito,Eficiencia,RNF-01 (Latencia HCE),"El tiempo de guardado supera los 8 segundos tolerables, violando directamente el requerimiento no funcional RNF-01 de rendimiento del sistema para notas clínicas."
2522,2025-03-03,Facturacion,El sistema no reconoce el convenio con la aseguradora,Admision,Guayaquil,Libertad de Riesgo,RNF-03 (Errores de Facturación),El no reconocimiento de convenios de aseguradoras genera fricción de cobro y riesgo de pérdidas económicas por servicios no cubiertos correctamente.
2523,2025-03-04,Farmacia,Tiempo de respuesta del modulo de farmacia supera los 9s,Farmacia,Cuenca,Eficiencia,Eficiencia Operativa,"El sistema presenta tiempos de respuesta elevados que consumen recursos de tiempo innecesarios, degradando la eficiencia del usuario en sus tareas."
2524,2025-03-05,Farmacia,Inventario del sistema no coincide con el stock fisico del insumo,Farmacia,Ambato,Efectividad,Funcionalidad,Falla de funcionalidad en el módulo Farmacia que impide al usuario completar sus tareas de manera precisa y completa.
2525,2025-03-06,Telemedicina,Paciente no puede unirse a la sala virtual a la hora agendada,Paciente,Manta,Efectividad,Funcionalidad,Falla de funcionalidad en el módulo Telemedicina que impide al usuario completar sus tareas de manera precisa y completa.
2526,2025-03-07,Telemedicina,Grabacion de la consulta no se almacena correctamente,Paciente,Quito,Efectividad,Funcionalidad,Falla de funcionalidad en el módulo Telemedicina que impide al usuario completar sus tareas de manera precisa y completa.
2527,2025-03-08,Telemedicina,La sesion se cierra automaticamente antes de terminar la consulta,Paciente,Guayaquil,Efectividad,Funcionalidad,Falla de funcionalidad en el módulo Telemedicina que impide al usuario completar sus tareas de manera precisa y completa.
2528,2025-03-09,Laboratorio,Codigo de barras de la muestra no es reconocido por el lector,Tecnico Laboratorio,Cuenca,Efectividad,Funcionalidad,Falla de funcionalidad en el módulo Laboratorio que impide al usuario completar sus tareas de manera precisa y completa.
2529,2025-03-10,App Movil,Resultados de examenes no se visualizan en formato PDF,Paciente,Ambato,Efectividad,Funcionalidad,Falla de funcionalidad en el módulo App Movil que impide al usuario completar sus tareas de manera precisa y completa.
2530,2025-03-11,HCE,Perdida de la nota de evolucion tras un cierre inesperado de sesion,Medico,Manta,Efectividad,Funcionalidad,Falla de funcionalidad en el módulo HCE que impide al usuario completar sus tareas de manera precisa y completa.
2531,2025-03-12,HCE,Perdida de la nota de evolucion tras un cierre inesperado de sesion,Medico,Quito,Efectividad,Funcionalidad,Falla de funcionalidad en el módulo HCE que impide al usuario completar sus tareas de manera precisa y completa.
2532,2025-03-13,Portal Citas,Cita agendada no aparece reflejada en el calendario del especialista,Paciente,Guayaquil,Efectividad,Funcionalidad,Falla de funcionalidad en el módulo Portal Citas que impide al usuario completar sus tareas de manera precisa y completa.
2533,2025-03-14,Portal Citas,Cancelacion de cita no libera el cupo en el calendario,Paciente,Cuenca,Efectividad,Funcionalidad,Falla de funcionalidad en el módulo Portal Citas que impide al usuario completar sus tareas de manera precisa y completa.
2534,2025-03-15,Portal Citas,Tiempo de espera en el portal supera los 10s en horas pico,Paciente,Ambato,Eficiencia,Eficiencia Operativa,"El sistema presenta tiempos de respuesta elevados que consumen recursos de tiempo innecesarios, degradando la eficiencia del usuario en sus tareas."
2535,2025-03-16,Facturacion,Retraso de 21s al procesar el pago con tarjeta de credito,Admision,Manta,Eficiencia,Eficiencia Operativa,El procesamiento lento del cobro con tarjeta retrasa el flujo de caja y la atención administrativa de admisión.
2536,2025-03-17,Laboratorio,Retraso de 15s en la disponibilidad de resultados criticos,Tecnico Laboratorio,Quito,Eficiencia,Eficiencia Operativa,"El sistema presenta tiempos de respuesta elevados que consumen recursos de tiempo innecesarios, degradando la eficiencia del usuario en sus tareas."
2537,2025-03-18,Portal Citas,El portal muestra disponibilidad para un horario ya ocupado,Paciente,Guayaquil,Efectividad,Funcionalidad,Falla de funcionalidad en el módulo Portal Citas que impide al usuario completar sus tareas de manera precisa y completa.
2538,2025-03-19,Telemedicina,Notificacion de inicio de teleconsulta llega con retraso de 16s,Paciente,Cuenca,Eficiencia,Eficiencia Operativa,"El sistema presenta tiempos de respuesta elevados que consumen recursos de tiempo innecesarios, degradando la eficiencia del usuario en sus tareas."
2539,2025-03-20,Telemedicina,El medico no puede compartir pantalla con resultados de examenes,Paciente,Ambato,Efectividad,Funcionalidad,Falla de funcionalidad en el módulo Telemedicina que impide al usuario completar sus tareas de manera precisa y completa.
2540,2025-03-21,Portal Citas,Cancelacion de cita no libera el cupo en el calendario,Paciente,Manta,Efectividad,Funcionalidad,Falla de funcionalidad en el módulo Portal Citas que impide al usuario completar sus tareas de manera precisa y completa.
2541,2025-03-22,HCE,Consulta anterior no se muestra en el resumen de antecedentes,Medico,Quito,Efectividad,Funcionalidad,Falla de funcionalidad en el módulo HCE que impide al usuario completar sus tareas de manera precisa y completa.
2542,2025-03-23,Telemedicina,El medico no puede compartir pantalla con resultados de examenes,Paciente,Guayaquil,Efectividad,Funcionalidad,Falla de funcionalidad en el módulo Telemedicina que impide al usuario completar sus tareas de manera precisa y completa.
2543,2025-03-24,Farmacia,Error al registrar la dispensacion de un medicamento controlado,Farmacia,Cuenca,Libertad de Riesgo,Seguridad Clínica,"Error en el registro de medicamentos regulados, lo que genera riesgos legales, regulatorios y de seguridad en el control de sustancias psicotrópicas."
2544,2025-03-25,Facturacion,Factura electronica no llega al correo registrado del paciente,Admision,Ambato,Efectividad,Funcionalidad,Falla de funcionalidad en el módulo Facturacion que impide al usuario completar sus tareas de manera precisa y completa.
2545,2025-03-26,HCE,Duplicado de historia clinica al registrar un paciente ya existente,Medico,Manta,Libertad de Riesgo,Seguridad Clínica,"Riesgo de seguridad clínica debido a la fragmentación de la información de salud del paciente, lo que puede inducir a diagnósticos y tratamientos erróneos."
2546,2025-03-27,Portal Citas,Tiempo de espera en el portal supera los 35s en horas pico,Paciente,Quito,Eficiencia,Eficiencia Operativa,"El sistema presenta tiempos de respuesta elevados que consumen recursos de tiempo innecesarios, degradando la eficiencia del usuario en sus tareas."
2547,2025-03-28,Portal Citas,El pago del bono de consulta no se refleja tras completarlo,Paciente,Guayaquil,Libertad de Riesgo,RNF-03 (Errores de Facturación),Inconsistencia financiera en los cobros o transacciones del sistema que infringe las normativas contables y expone al hospital a pérdidas económicas.
2548,2025-03-29,Facturacion,Error de calculo en el copago del seguro medico,Admision,Cuenca,Libertad de Riesgo,RNF-03 (Errores de Facturación),"Errores en el cálculo del copago de seguros o discrepancias de montos facturados, induciendo a pérdidas financieras o reclamaciones legales."
2549,2025-03-30,Telemedicina,El chat de la consulta no permite enviar imagenes,Paciente,Ambato,Efectividad,Funcionalidad,Restricción de funcionalidad que impide al usuario realizar una acción requerida para completar su tarea.
2550,2025-03-31,HCE,Perdida de la nota de evolucion tras un cierre inesperado de sesion,Medico,Manta,Efectividad,Funcionalidad,Falla de funcionalidad en el módulo HCE que impide al usuario completar sus tareas de manera precisa y completa.
2551,2025-04-01,Facturacion,Factura duplicada al reintentar pago,Admision,Quito,Libertad de Riesgo,RNF-03 (Errores de Facturación),"Violación del requerimiento no funcional RNF-03 de facturación; genera cobros indebidos en las tarjetas del cliente, comprometiendo la confianza y el riesgo financiero."
2552,2025-04-02,Imagenologia,Las imagenes de rayos X no cargan en el visor DICOM,Radiologo,Guayaquil,Efectividad,Funcionalidad,Falla de funcionalidad en el módulo Imagenologia que impide al usuario completar sus tareas de manera precisa y completa.
2553,2025-04-03,Imagenologia,Perdida de calidad en las imagenes al ser visualizadas desde la app,Radiologo,Cuenca,Satisfacción,Usabilidad,Degradación visual que afecta la comodidad y confianza de los médicos al visualizar estudios clínicos desde la app móvil.
2554,2025-04-04,Laboratorio,Retraso de 25s en la disponibilidad de resultados criticos,Tecnico Laboratorio,Ambato,Eficiencia,Eficiencia Operativa,"El sistema presenta tiempos de respuesta elevados que consumen recursos de tiempo innecesarios, degradando la eficiencia del usuario en sus tareas."
2555,2025-04-05,App Movil,Notificaciones push no llegan pese a estar activadas,Paciente,Manta,Efectividad,Funcionalidad,Falla de funcionalidad en el módulo App Movil que impide al usuario completar sus tareas de manera precisa y completa.
2556,2025-04-06,Facturacion,Nota de credito no se aplica al saldo pendiente del paciente,Admision,Quito,Libertad de Riesgo,RNF-03 (Errores de Facturación),"Fallas en la aplicación de notas de crédito o reembolsos que distorsionan los estados de cuenta, arriesgando multas tributarias e inconformidad legal."
2557,2025-04-07,Facturacion,Reintento de transaccion genera doble cobro en la tarjeta,Admision,Guayaquil,Libertad de Riesgo,RNF-03 (Errores de Facturación),"Violación del requerimiento no funcional RNF-03 de facturación; genera cobros indebidos en las tarjetas del cliente, comprometiendo la confianza y el riesgo financiero."
2558,2025-04-08,Portal Citas,Notificacion de recordatorio de cita llega con la fecha incorrecta,Paciente,Cuenca,Efectividad,Funcionalidad,Falla de funcionalidad en el módulo Portal Citas que impide al usuario completar sus tareas de manera precisa y completa.
2559,2025-04-09,App Movil,Version desactualizada del app impide iniciar sesion,Paciente,Ambato,Cobertura de Contexto,Portabilidad,Incompatibilidad y falta de robustez del sistema cuando se ejecuta en el contexto de sistemas cliente que no cuentan con la última versión de software.
2560,2025-04-10,Portal Citas,Doble reserva de un mismo cupo por dos pacientes distintos,Paciente,Manta,Libertad de Riesgo,RNF-03 (Errores de Facturación),"Doble agendamiento de un mismo cupo que genera sobreventa de citas, colapso de agenda de especialistas y multas o insatisfacción comercial."
2561,2025-04-11,Telemedicina,La sesion se cierra automaticamente antes de terminar la consulta,Paciente,Quito,Efectividad,Funcionalidad,Falla de funcionalidad en el módulo Telemedicina que impide al usuario completar sus tareas de manera precisa y completa.
2562,2025-04-12,Portal Citas,"Formulario confuso, abandono de registro antes de completar la cita",Paciente,Guayaquil,Satisfacción,RNF-02 (Pasos del Portal),"Diseño de interfaz de usuario confuso que provoca el abandono del registro, afectando la métrica de satisfacción y facilidad de uso percibida."
2563,2025-04-13,HCE,Alerta de interaccion medicamentosa no se despliega correctamente,Medico,Cuenca,Libertad de Riesgo,Seguridad Clínica,El fallo en el despliegue de alertas de interacción farmacológica pone en riesgo inminente la salud del paciente ante combinaciones letales.
2564,2025-04-14,Laboratorio,El sistema no permite adjuntar el reporte en PDF del laboratorio externo,Tecnico Laboratorio,Ambato,Efectividad,Funcionalidad,Restricción de funcionalidad que impide al usuario realizar una acción requerida para completar su tarea.
2565,2025-04-15,App Movil,La app no permite actualizar el numero de contacto del paciente,Paciente,Manta,Efectividad,Funcionalidad,Restricción de funcionalidad que impide al usuario realizar una acción requerida para completar su tarea.
2566,2025-04-16,App Movil,Notificaciones push no llegan pese a estar activadas,Paciente,Quito,Efectividad,Funcionalidad,Falla de funcionalidad en el módulo App Movil que impide al usuario completar sus tareas de manera precisa y completa.
2567,2025-04-17,Portal Citas,Error al reagendar una cita previamente confirmada,Paciente,Guayaquil,Efectividad,Funcionalidad,Falla de funcionalidad en el módulo Portal Citas que impide al usuario completar sus tareas de manera precisa y completa.
2568,2025-04-18,Laboratorio,Resultado de examen de laboratorio no se sincroniza con la HCE,Tecnico Laboratorio,Cuenca,Efectividad,Integración de Datos,Error de integración funcional que impide la sincronización y actualización del registro médico entre módulos del HIS.
2569,2025-04-19,Telemedicina,Videollamada se corta a los 5 minutos,Paciente,Ambato,Cobertura de Contexto,RNF-05 (Disponibilidad de llamada),"Falta de resiliencia del canal de comunicación ante variaciones en la conectividad del usuario, interrumpiendo la sesión de teleconsulta en producción."
2570,2025-04-20,Facturacion,El sistema no permite anular una factura emitida por error,Admision,Manta,Efectividad,Funcionalidad,Restricción de funcionalidad que impide al usuario realizar una acción requerida para completar su tarea.
2571,2025-04-21,Farmacia,Tiempo de respuesta del modulo de farmacia supera los 14s,Farmacia,Quito,Eficiencia,Eficiencia Operativa,"El sistema presenta tiempos de respuesta elevados que consumen recursos de tiempo innecesarios, degradando la eficiencia del usuario en sus tareas."
2572,2025-04-22,Laboratorio,Codigo de barras de la muestra no es reconocido por el lector,Tecnico Laboratorio,Guayaquil,Efectividad,Funcionalidad,Falla de funcionalidad en el módulo Laboratorio que impide al usuario completar sus tareas de manera precisa y completa.
2573,2025-04-23,HCE,Datos de otro paciente visibles brevemente al abrir un expediente,Medico,Cuenca,Libertad de Riesgo,Seguridad Clínica,"Fuga de información y violación de la confidencialidad médica (HIPAA/Ley de Protección de Datos), exponiendo datos de otros pacientes."
2574,2025-04-24,Telemedicina,El medico no puede compartir pantalla con resultados de examenes,Paciente,Ambato,Efectividad,Funcionalidad,Falla de funcionalidad en el módulo Telemedicina que impide al usuario completar sus tareas de manera precisa y completa.
2575,2025-04-25,HCE,Firma electronica del medico no se valida al cerrar la consulta,Medico,Manta,Efectividad,Funcionalidad,Falla de funcionalidad en el módulo HCE que impide al usuario completar sus tareas de manera precisa y completa.
2576,2025-04-26,Facturacion,El sistema no reconoce el convenio con la aseguradora,Admision,Quito,Libertad de Riesgo,RNF-03 (Errores de Facturación),El no reconocimiento de convenios de aseguradoras genera fricción de cobro y riesgo de pérdidas económicas por servicios no cubiertos correctamente.
2577,2025-04-27,Telemedicina,Videollamada se corta a los 5 minutos,Paciente,Guayaquil,Cobertura de Contexto,RNF-05 (Disponibilidad de llamada),"Falta de resiliencia del canal de comunicación ante variaciones en la conectividad del usuario, interrumpiendo la sesión de teleconsulta en producción."
2578,2025-04-28,Laboratorio,Codigo de barras de la muestra no es reconocido por el lector,Tecnico Laboratorio,Cuenca,Efectividad,Funcionalidad,Falla de funcionalidad en el módulo Laboratorio que impide al usuario completar sus tareas de manera precisa y completa.
2579,2025-04-29,Portal Citas,"Formulario confuso, abandono de registro antes de completar la cita",Paciente,Ambato,Satisfacción,RNF-02 (Pasos del Portal),"Diseño de interfaz de usuario confuso que provoca el abandono del registro, afectando la métrica de satisfacción y facilidad de uso percibida."
2580,2025-04-30,HCE,Historial de alergias no carga al abrir la ficha del paciente,Medico,Manta,Libertad de Riesgo,Seguridad Clínica,"Falla crítica que expone la seguridad del paciente al omitir información vital de alergias, con un alto riesgo de shock anafiláctico o mala praxis."
2581,2025-05-01,Reportes Gerenciales,Tiempo de generacion del reporte mensual supera los 27 minutos,Gerencia,Quito,Eficiencia,Eficiencia Operativa,"Demoras severas en la generación de reportes mensuales de inteligencia de negocio, penalizando la eficiencia en el tiempo de procesamiento y toma de decisiones."
2582,2025-05-02,Farmacia,Inventario del sistema no coincide con el stock fisico del insumo,Farmacia,Guayaquil,Efectividad,Funcionalidad,Falla de funcionalidad en el módulo Farmacia que impide al usuario completar sus tareas de manera precisa y completa.
2583,2025-05-03,Portal Citas,El sistema no envia la confirmacion por correo electronico,Paciente,Cuenca,Efectividad,Funcionalidad,Falla funcional que impide completar la tarea de confirmación de cita al paciente por canal de correo electrónico.
2584,2025-05-04,Farmacia,Alerta de vencimiento de lote no se muestra en el modulo,Farmacia,Ambato,Libertad de Riesgo,Seguridad Clínica,Omitir la alerta de vencimiento de lotes farmacéuticos puede llevar a la administración de medicamentos caducados a los pacientes.
2585,2025-05-05,HCE,Alerta de interaccion medicamentosa no se despliega correctamente,Medico,Manta,Libertad de Riesgo,Seguridad Clínica,El fallo en el despliegue de alertas de interacción farmacológica pone en riesgo inminente la salud del paciente ante combinaciones letales.
2586,2025-05-06,Facturacion,El modulo de facturacion se cae durante el cierre de caja,Admision,Quito,Efectividad,Funcionalidad,Falla de funcionalidad en el módulo Facturacion que impide al usuario completar sus tareas de manera precisa y completa.
2587,2025-05-07,Farmacia,Alerta de vencimiento de lote no se muestra en el modulo,Farmacia,Guayaquil,Libertad de Riesgo,Seguridad Clínica,Omitir la alerta de vencimiento de lotes farmacéuticos puede llevar a la administración de medicamentos caducados a los pacientes.
2588,2025-05-08,App Movil,Consumo elevado de datos moviles al abrir el modulo de citas,Paciente,Cuenca,Cobertura de Contexto,Portabilidad,"Consumo excesivo de ancho de banda móvil, lo que restringe el uso eficiente del sistema en redes celulares de datos (fuera de la intranet del hospital)."
2589,2025-05-09,App Movil,Consumo elevado de datos moviles al abrir el modulo de citas,Paciente,Ambato,Cobertura de Contexto,Portabilidad,"Consumo excesivo de ancho de banda móvil, lo que restringe el uso eficiente del sistema en redes celulares de datos (fuera de la intranet del hospital)."
2590,2025-05-10,HCE,Firma electronica del medico no se valida al cerrar la consulta,Medico,Manta,Efectividad,Funcionalidad,Falla de funcionalidad en el módulo HCE que impide al usuario completar sus tareas de manera precisa y completa.
2591,2025-05-11,Portal Citas,Tiempo de espera en el portal supera los 21s en horas pico,Paciente,Quito,Eficiencia,Eficiencia Operativa,"El sistema presenta tiempos de respuesta elevados que consumen recursos de tiempo innecesarios, degradando la eficiencia del usuario en sus tareas."
2592,2025-05-12,App Movil,La aplicacion se cierra inesperadamente al abrir resultados de laboratorio,Paciente,Guayaquil,Efectividad,Funcionalidad,"Interrupción abrupta del sistema que impide que el usuario termine el registro de datos, reduciendo la efectividad operativa."
2593,2025-05-13,HCE,Receta electronica se genera con la dosis incorrecta tras guardar,Medico,Cuenca,Libertad de Riesgo,Seguridad Clínica,"Riesgo extremo de salud para el paciente al guardar dosis farmacológicas erróneas en la receta electrónica, pudiendo causar sobredosis o inefectividad clínica."
2594,2025-05-14,Imagenologia,Perdida de calidad en las imagenes al ser visualizadas desde la app,Radiologo,Ambato,Satisfacción,Usabilidad,Degradación visual que afecta la comodidad y confianza de los médicos al visualizar estudios clínicos desde la app móvil.
2595,2025-05-15,Imagenologia,Las imagenes de rayos X no cargan en el visor DICOM,Radiologo,Manta,Efectividad,Funcionalidad,Falla de funcionalidad en el módulo Imagenologia que impide al usuario completar sus tareas de manera precisa y completa.
2596,2025-05-16,Portal Citas,Filtro de especialidad medica no devuelve resultados,Paciente,Quito,Efectividad,Funcionalidad,Falla de funcionalidad en el módulo Portal Citas que impide al usuario completar sus tareas de manera precisa y completa.
2597,2025-05-17,HCE,Historial de alergias no carga al abrir la ficha del paciente,Medico,Guayaquil,Libertad de Riesgo,Seguridad Clínica,"Falla crítica que expone la seguridad del paciente al omitir información vital de alergias, con un alto riesgo de shock anafiláctico o mala praxis."
2598,2025-05-18,Portal Citas,El portal muestra disponibilidad para un horario ya ocupado,Paciente,Cuenca,Efectividad,Funcionalidad,Falla de funcionalidad en el módulo Portal Citas que impide al usuario completar sus tareas de manera precisa y completa.
2599,2025-05-19,Reportes Gerenciales,El reporte de ocupacion hospitalaria no se actualiza automaticamente,Gerencia,Ambato,Efectividad,Funcionalidad,Inconsistencia en la actualización de datos que impide la visualización correcta de información operativa reciente.
2600,2025-05-20,Facturacion,Reembolso aprobado no se refleja en el estado de cuenta,Admision,Manta,Libertad de Riesgo,RNF-03 (Errores de Facturación),"Fallas en la aplicación de notas de crédito o reembolsos que distorsionan los estados de cuenta, arriesgando multas tributarias e inconformidad legal."
2601,2025-05-21,Portal Citas,Error al reagendar una cita previamente confirmada,Paciente,Quito,Efectividad,Funcionalidad,Falla de funcionalidad en el módulo Portal Citas que impide al usuario completar sus tareas de manera precisa y completa.
2602,2025-05-22,Portal Citas,Doble reserva de un mismo cupo por dos pacientes distintos,Paciente,Guayaquil,Libertad de Riesgo,RNF-03 (Errores de Facturación),"Doble agendamiento de un mismo cupo que genera sobreventa de citas, colapso de agenda de especialistas y multas o insatisfacción comercial."
2603,2025-05-23,Portal Citas,Cita agendada no aparece reflejada en el calendario del especialista,Paciente,Cuenca,Efectividad,Funcionalidad,Falla de funcionalidad en el módulo Portal Citas que impide al usuario completar sus tareas de manera precisa y completa.
2604,2025-05-24,HCE,Receta electronica se genera con la dosis incorrecta tras guardar,Medico,Ambato,Libertad de Riesgo,Seguridad Clínica,"Riesgo extremo de salud para el paciente al guardar dosis farmacológicas erróneas en la receta electrónica, pudiendo causar sobredosis o inefectividad clínica."
2605,2025-05-25,App Movil,Consumo elevado de datos moviles al abrir el modulo de citas,Paciente,Manta,Cobertura de Contexto,Portabilidad,"Consumo excesivo de ancho de banda móvil, lo que restringe el uso eficiente del sistema en redes celulares de datos (fuera de la intranet del hospital)."
2606,2025-05-26,Facturacion,El sistema no reconoce el convenio con la aseguradora,Admision,Quito,Libertad de Riesgo,RNF-03 (Errores de Facturación),El no reconocimiento de convenios de aseguradoras genera fricción de cobro y riesgo de pérdidas económicas por servicios no cubiertos correctamente.
2607,2025-05-27,Farmacia,Tiempo de respuesta del modulo de farmacia supera los 35s,Farmacia,Guayaquil,Eficiencia,Eficiencia Operativa,"El sistema presenta tiempos de respuesta elevados que consumen recursos de tiempo innecesarios, degradando la eficiencia del usuario en sus tareas."
2608,2025-05-28,Farmacia,Error al registrar la dispensacion de un medicamento controlado,Farmacia,Cuenca,Libertad de Riesgo,Seguridad Clínica,"Error en el registro de medicamentos regulados, lo que genera riesgos legales, regulatorios y de seguridad en el control de sustancias psicotrópicas."
2609,2025-05-29,Portal Citas,Doble reserva de un mismo cupo por dos pacientes distintos,Paciente,Ambato,Libertad de Riesgo,RNF-03 (Errores de Facturación),"Doble agendamiento de un mismo cupo que genera sobreventa de citas, colapso de agenda de especialistas y multas o insatisfacción comercial."
2610,2025-05-30,Portal Citas,Cancelacion de cita no libera el cupo en el calendario,Paciente,Manta,Efectividad,Funcionalidad,Falla de funcionalidad en el módulo Portal Citas que impide al usuario completar sus tareas de manera precisa y completa.
2611,2025-05-31,Facturacion,Factura duplicada al reintentar pago,Admision,Quito,Libertad de Riesgo,RNF-03 (Errores de Facturación),"Violación del requerimiento no funcional RNF-03 de facturación; genera cobros indebidos en las tarjetas del cliente, comprometiendo la confianza y el riesgo financiero."
2612,2025-06-01,Laboratorio,Codigo de barras de la muestra no es reconocido por el lector,Tecnico Laboratorio,Guayaquil,Efectividad,Funcionalidad,Falla de funcionalidad en el módulo Laboratorio que impide al usuario completar sus tareas de manera precisa y completa.
2613,2025-06-02,Laboratorio,El sistema no permite adjuntar el reporte en PDF del laboratorio externo,Tecnico Laboratorio,Cuenca,Efectividad,Funcionalidad,Restricción de funcionalidad que impide al usuario realizar una acción requerida para completar su tarea.
2614,2025-06-03,App Movil,Notificaciones push no llegan pese a estar activadas,Paciente,Ambato,Efectividad,Funcionalidad,Falla de funcionalidad en el módulo App Movil que impide al usuario completar sus tareas de manera precisa y completa.
2615,2025-06-04,Imagenologia,Tiempo de carga de estudios de imagen supera los 20s,Radiologo,Manta,Eficiencia,Eficiencia Operativa,La lentitud en la carga y transferencia de archivos DICOM pesados degrada la eficiencia del flujo de trabajo clínico en imagenología.
2616,2025-06-05,HCE,Historial de alergias no carga al abrir la ficha del paciente,Medico,Quito,Libertad de Riesgo,Seguridad Clínica,"Falla crítica que expone la seguridad del paciente al omitir información vital de alergias, con un alto riesgo de shock anafiláctico o mala praxis."
2617,2025-06-06,Portal Citas,"Formulario confuso, abandono de registro antes de completar la cita",Paciente,Guayaquil,Satisfacción,RNF-02 (Pasos del Portal),"Diseño de interfaz de usuario confuso que provoca el abandono del registro, afectando la métrica de satisfacción y facilidad de uso percibida."
2618,2025-06-07,App Movil,Notificaciones push no llegan pese a estar activadas,Paciente,Cuenca,Efectividad,Funcionalidad,Falla de funcionalidad en el módulo App Movil que impide al usuario completar sus tareas de manera precisa y completa.
2619,2025-06-08,HCE,Receta electronica se genera con la dosis incorrecta tras guardar,Medico,Ambato,Libertad de Riesgo,Seguridad Clínica,"Riesgo extremo de salud para el paciente al guardar dosis farmacológicas erróneas en la receta electrónica, pudiendo causar sobredosis o inefectividad clínica."
2620,2025-06-09,Facturacion,El modulo de facturacion se cae durante el cierre de caja,Admision,Manta,Efectividad,Funcionalidad,Falla de funcionalidad en el módulo Facturacion que impide al usuario completar sus tareas de manera precisa y completa.
2621,2025-06-10,HCE,Duplicado de historia clinica al registrar un paciente ya existente,Medico,Quito,Libertad de Riesgo,Seguridad Clínica,"Riesgo de seguridad clínica debido a la fragmentación de la información de salud del paciente, lo que puede inducir a diagnósticos y tratamientos erróneos."
2622,2025-06-11,Telemedicina,Notificacion de inicio de teleconsulta llega con retraso de 33s,Paciente,Guayaquil,Eficiencia,Eficiencia Operativa,"El sistema presenta tiempos de respuesta elevados que consumen recursos de tiempo innecesarios, degradando la eficiencia del usuario en sus tareas."
2623,2025-06-12,Facturacion,Nota de credito no se aplica al saldo pendiente del paciente,Admision,Cuenca,Libertad de Riesgo,RNF-03 (Errores de Facturación),"Fallas en la aplicación de notas de crédito o reembolsos que distorsionan los estados de cuenta, arriesgando multas tributarias e inconformidad legal."
2624,2025-06-13,Imagenologia,Perdida de calidad en las imagenes al ser visualizadas desde la app,Radiologo,Ambato,Satisfacción,Usabilidad,Degradación visual que afecta la comodidad y confianza de los médicos al visualizar estudios clínicos desde la app móvil.
2625,2025-06-14,App Movil,Resultados de examenes no se visualizan en formato PDF,Paciente,Manta,Efectividad,Funcionalidad,Falla de funcionalidad en el módulo App Movil que impide al usuario completar sus tareas de manera precisa y completa.
2626,2025-06-15,App Movil,La aplicacion se cierra inesperadamente al abrir resultados de laboratorio,Paciente,Quito,Efectividad,Funcionalidad,"Interrupción abrupta del sistema que impide que el usuario termine el registro de datos, reduciendo la efectividad operativa."
2627,2025-06-16,Laboratorio,El sistema no permite adjuntar el reporte en PDF del laboratorio externo,Tecnico Laboratorio,Guayaquil,Efectividad,Funcionalidad,Restricción de funcionalidad que impide al usuario realizar una acción requerida para completar su tarea.
2628,2025-06-17,App Movil,El inicio de sesion con biometria falla de forma intermitente,Paciente,Cuenca,Satisfacción,Usabilidad,La inestabilidad en el inicio biométrico genera frustración y reduce la confianza y comodidad del usuario al acceder al aplicativo móvil.
2629,2025-06-18,Reportes Gerenciales,El reporte de ocupacion hospitalaria no se actualiza automaticamente,Gerencia,Ambato,Efectividad,Funcionalidad,Inconsistencia en la actualización de datos que impide la visualización correcta de información operativa reciente.
2630,2025-06-19,Laboratorio,Orden de laboratorio duplicada tras reintentar el envio,Tecnico Laboratorio,Manta,Efectividad,Funcionalidad,Falla de funcionalidad en el módulo Laboratorio que impide al usuario completar sus tareas de manera precisa y completa.
2631,2025-06-20,Facturacion,Error de calculo en el copago del seguro medico,Admision,Quito,Libertad de Riesgo,RNF-03 (Errores de Facturación),"Errores en el cálculo del copago de seguros o discrepancias de montos facturados, induciendo a pérdidas financieras o reclamaciones legales."
2632,2025-06-21,Facturacion,Factura electronica no llega al correo registrado del paciente,Admision,Guayaquil,Efectividad,Funcionalidad,Falla de funcionalidad en el módulo Facturacion que impide al usuario completar sus tareas de manera precisa y completa.
2633,2025-06-22,Portal Citas,"Formulario confuso, abandono de registro antes de completar la cita",Paciente,Cuenca,Satisfacción,RNF-02 (Pasos del Portal),"Diseño de interfaz de usuario confuso que provoca el abandono del registro, afectando la métrica de satisfacción y facilidad de uso percibida."
2634,2025-06-23,Facturacion,Factura duplicada al reintentar pago,Admision,Ambato,Libertad de Riesgo,RNF-03 (Errores de Facturación),"Violación del requerimiento no funcional RNF-03 de facturación; genera cobros indebidos en las tarjetas del cliente, comprometiendo la confianza y el riesgo financiero."
2635,2025-06-24,App Movil,La aplicacion se cierra inesperadamente al abrir resultados de laboratorio,Paciente,Manta,Efectividad,Funcionalidad,"Interrupción abrupta del sistema que impide que el usuario termine el registro de datos, reduciendo la efectividad operativa."
2636,2025-06-25,Facturacion,Factura electronica no llega al correo registrado del paciente,Admision,Quito,Efectividad,Funcionalidad,Falla de funcionalidad en el módulo Facturacion que impide al usuario completar sus tareas de manera precisa y completa.
2637,2025-06-26,Facturacion,Retraso de 35s al procesar el pago con tarjeta de credito,Admision,Guayaquil,Eficiencia,Eficiencia Operativa,El procesamiento lento del cobro con tarjeta retrasa el flujo de caja y la atención administrativa de admisión.
2638,2025-06-27,Telemedicina,La sesion se cierra automaticamente antes de terminar la consulta,Paciente,Cuenca,Efectividad,Funcionalidad,Falla de funcionalidad en el módulo Telemedicina que impide al usuario completar sus tareas de manera precisa y completa.
2639,2025-06-28,Facturacion,Factura duplicada al reintentar pago,Admision,Ambato,Libertad de Riesgo,RNF-03 (Errores de Facturación),"Violación del requerimiento no funcional RNF-03 de facturación; genera cobros indebidos en las tarjetas del cliente, comprometiendo la confianza y el riesgo financiero."
2640,2025-06-29,HCE,El sistema se congela al adjuntar resultados de laboratorio a la HCE,Medico,Manta,Efectividad,Funcionalidad,Falla de funcionalidad en el módulo HCE que impide al usuario completar sus tareas de manera precisa y completa.
2641,2025-06-30,Laboratorio,Codigo de barras de la muestra no es reconocido por el lector,Tecnico Laboratorio,Quito,Efectividad,Funcionalidad,Falla de funcionalidad en el módulo Laboratorio que impide al usuario completar sus tareas de manera precisa y completa.
2642,2025-07-01,Farmacia,Tiempo de respuesta del modulo de farmacia supera los 23s,Farmacia,Guayaquil,Eficiencia,Eficiencia Operativa,"El sistema presenta tiempos de respuesta elevados que consumen recursos de tiempo innecesarios, degradando la eficiencia del usuario en sus tareas."
2643,2025-07-02,Farmacia,El sistema bloquea la dispensacion sin mostrar el motivo,Farmacia,Cuenca,Satisfacción,Usabilidad,La falta de mensajes informativos claros y feedback del sistema incrementa la incertidumbre y frustración del operario farmacéutico.
2644,2025-07-03,HCE,Duplicado de historia clinica al registrar un paciente ya existente,Medico,Ambato,Libertad de Riesgo,Seguridad Clínica,"Riesgo de seguridad clínica debido a la fragmentación de la información de salud del paciente, lo que puede inducir a diagnósticos y tratamientos erróneos."
2645,2025-07-04,HCE,Nota de evolucion tarda 27s en guardarse,Medico,Manta,Eficiencia,RNF-01 (Latencia HCE),"El tiempo de guardado supera los 8 segundos tolerables, violando directamente el requerimiento no funcional RNF-01 de rendimiento del sistema para notas clínicas."
2646,2025-07-05,HCE,Alerta de interaccion medicamentosa no se despliega correctamente,Medico,Quito,Libertad de Riesgo,Seguridad Clínica,El fallo en el despliegue de alertas de interacción farmacológica pone en riesgo inminente la salud del paciente ante combinaciones letales.
2647,2025-07-06,Telemedicina,Videollamada se corta a los 5 minutos,Paciente,Guayaquil,Cobertura de Contexto,RNF-05 (Disponibilidad de llamada),"Falta de resiliencia del canal de comunicación ante variaciones en la conectividad del usuario, interrumpiendo la sesión de teleconsulta en producción."
2648,2025-07-07,Farmacia,Duplicidad de codigos entre dos presentaciones distintas de un mismo farmaco,Farmacia,Cuenca,Libertad de Riesgo,Seguridad Clínica,"La duplicación de códigos de fármacos introduce un riesgo de dispensación errónea en farmacia, comprometiendo la seguridad terapéutica del paciente."
2649,2025-07-08,Reportes Gerenciales,Exportacion a Excel del reporte gerencial falla de forma intermitente,Gerencia,Ambato,Efectividad,Funcionalidad,Falla intermitente en las exportaciones o ejecuciones de procesos del sistema que reduce la fiabilidad de las operaciones.
2650,2025-07-09,Imagenologia,El informe radiologico no se adjunta automaticamente a la HCE,Radiologo,Manta,Efectividad,Funcionalidad,Falla de funcionalidad en el módulo Imagenologia que impide al usuario completar sus tareas de manera precisa y completa.
2651,2025-07-10,App Movil,La app no permite actualizar el numero de contacto del paciente,Paciente,Quito,Efectividad,Funcionalidad,Restricción de funcionalidad que impide al usuario realizar una acción requerida para completar su tarea.
2652,2025-07-11,Reportes Gerenciales,El reporte de ocupacion hospitalaria no se actualiza automaticamente,Gerencia,Guayaquil,Efectividad,Funcionalidad,Inconsistencia en la actualización de datos que impide la visualización correcta de información operativa reciente.
2653,2025-07-12,HCE,Firma electronica del medico no se valida al cerrar la consulta,Medico,Cuenca,Efectividad,Funcionalidad,Falla de funcionalidad en el módulo HCE que impide al usuario completar sus tareas de manera precisa y completa.
2654,2025-07-13,Facturacion,El modulo de facturacion se cae durante el cierre de caja,Admision,Ambato,Efectividad,Funcionalidad,Falla de funcionalidad en el módulo Facturacion que impide al usuario completar sus tareas de manera precisa y completa.
2655,2025-07-14,Portal Citas,Filtro de especialidad medica no devuelve resultados,Paciente,Manta,Efectividad,Funcionalidad,Falla de funcionalidad en el módulo Portal Citas que impide al usuario completar sus tareas de manera precisa y completa.
2656,2025-07-15,Portal Citas,Doble reserva de un mismo cupo por dos pacientes distintos,Paciente,Quito,Libertad de Riesgo,RNF-03 (Errores de Facturación),"Doble agendamiento de un mismo cupo que genera sobreventa de citas, colapso de agenda de especialistas y multas o insatisfacción comercial."
2657,2025-07-16,Portal Citas,"Formulario confuso, abandono de registro antes de completar la cita",Paciente,Guayaquil,Satisfacción,RNF-02 (Pasos del Portal),"Diseño de interfaz de usuario confuso que provoca el abandono del registro, afectando la métrica de satisfacción y facilidad de uso percibida."
2658,2025-07-17,HCE,Perdida de la nota de evolucion tras un cierre inesperado de sesion,Medico,Cuenca,Efectividad,Funcionalidad,Falla de funcionalidad en el módulo HCE que impide al usuario completar sus tareas de manera precisa y completa.
2659,2025-07-18,Portal Citas,El sistema no envia la confirmacion por correo electronico,Paciente,Ambato,Efectividad,Funcionalidad,Falla funcional que impide completar la tarea de confirmación de cita al paciente por canal de correo electrónico.
2660,2025-07-19,Farmacia,Tiempo de respuesta del modulo de farmacia supera los 31s,Farmacia,Manta,Eficiencia,Eficiencia Operativa,"El sistema presenta tiempos de respuesta elevados que consumen recursos de tiempo innecesarios, degradando la eficiencia del usuario en sus tareas."
2661,2025-07-20,HCE,Firma electronica del medico no se valida al cerrar la consulta,Medico,Quito,Efectividad,Funcionalidad,Falla de funcionalidad en el módulo HCE que impide al usuario completar sus tareas de manera precisa y completa.
2662,2025-07-21,Facturacion,El modulo de facturacion se cae durante el cierre de caja,Admision,Guayaquil,Efectividad,Funcionalidad,Falla de funcionalidad en el módulo Facturacion que impide al usuario completar sus tareas de manera precisa y completa.
2663,2025-07-22,Facturacion,Reembolso aprobado no se refleja en el estado de cuenta,Admision,Cuenca,Libertad de Riesgo,RNF-03 (Errores de Facturación),"Fallas en la aplicación de notas de crédito o reembolsos que distorsionan los estados de cuenta, arriesgando multas tributarias e inconformidad legal."
2664,2025-07-23,Facturacion,Factura generada con el nombre del paciente incorrecto,Admision,Ambato,Efectividad,Funcionalidad,Falla de funcionalidad en el módulo Facturacion que impide al usuario completar sus tareas de manera precisa y completa.
2665,2025-07-24,Telemedicina,Paciente no puede unirse a la sala virtual a la hora agendada,Paciente,Manta,Efectividad,Funcionalidad,Falla de funcionalidad en el módulo Telemedicina que impide al usuario completar sus tareas de manera precisa y completa.
2666,2025-07-25,Farmacia,Inventario del sistema no coincide con el stock fisico del insumo,Farmacia,Quito,Efectividad,Funcionalidad,Falla de funcionalidad en el módulo Farmacia que impide al usuario completar sus tareas de manera precisa y completa.
2667,2025-07-26,Facturacion,Factura electronica no llega al correo registrado del paciente,Admision,Guayaquil,Efectividad,Funcionalidad,Falla de funcionalidad en el módulo Facturacion que impide al usuario completar sus tareas de manera precisa y completa.
2668,2025-07-27,HCE,Tiempo de carga de la ficha clinica supera los 21s en horas pico,Medico,Cuenca,Eficiencia,Eficiencia Operativa,La latencia en horas pico para abrir la ficha clínica perjudica la productividad del médico durante la consulta.
2669,2025-07-28,Farmacia,Alerta de vencimiento de lote no se muestra en el modulo,Farmacia,Ambato,Libertad de Riesgo,Seguridad Clínica,Omitir la alerta de vencimiento de lotes farmacéuticos puede llevar a la administración de medicamentos caducados a los pacientes.
2670,2025-07-29,HCE,Receta electronica se genera con la dosis incorrecta tras guardar,Medico,Manta,Libertad de Riesgo,Seguridad Clínica,"Riesgo extremo de salud para el paciente al guardar dosis farmacológicas erróneas en la receta electrónica, pudiendo causar sobredosis o inefectividad clínica."
2671,2025-07-30,Reportes Gerenciales,Exportacion a Excel del reporte gerencial falla de forma intermitente,Gerencia,Quito,Efectividad,Funcionalidad,Falla intermitente en las exportaciones o ejecuciones de procesos del sistema que reduce la fiabilidad de las operaciones.
2672,2025-07-31,Telemedicina,El medico no puede compartir pantalla con resultados de examenes,Paciente,Guayaquil,Efectividad,Funcionalidad,Falla de funcionalidad en el módulo Telemedicina que impide al usuario completar sus tareas de manera precisa y completa.
2673,2025-08-01,Facturacion,Nota de credito no se aplica al saldo pendiente del paciente,Admision,Cuenca,Libertad de Riesgo,RNF-03 (Errores de Facturación),"Fallas en la aplicación de notas de crédito o reembolsos que distorsionan los estados de cuenta, arriesgando multas tributarias e inconformidad legal."
2674,2025-08-02,Portal Citas,Error al reagendar una cita previamente confirmada,Paciente,Ambato,Efectividad,Funcionalidad,Falla de funcionalidad en el módulo Portal Citas que impide al usuario completar sus tareas de manera precisa y completa.
2675,2025-08-03,Facturacion,Reembolso aprobado no se refleja en el estado de cuenta,Admision,Manta,Libertad de Riesgo,RNF-03 (Errores de Facturación),"Fallas en la aplicación de notas de crédito o reembolsos que distorsionan los estados de cuenta, arriesgando multas tributarias e inconformidad legal."
2676,2025-08-04,Facturacion,Error de calculo en el copago del seguro medico,Admision,Quito,Libertad de Riesgo,RNF-03 (Errores de Facturación),"Errores en el cálculo del copago de seguros o discrepancias de montos facturados, induciendo a pérdidas financieras o reclamaciones legales."
2677,2025-08-05,Imagenologia,El informe radiologico no se adjunta automaticamente a la HCE,Radiologo,Guayaquil,Efectividad,Funcionalidad,Falla de funcionalidad en el módulo Imagenologia que impide al usuario completar sus tareas de manera precisa y completa.
2678,2025-08-06,App Movil,Resultados de examenes no se visualizan en formato PDF,Paciente,Cuenca,Efectividad,Funcionalidad,Falla de funcionalidad en el módulo App Movil que impide al usuario completar sus tareas de manera precisa y completa.
2679,2025-08-07,HCE,Nota de evolucion tarda 26s en guardarse,Medico,Ambato,Eficiencia,RNF-01 (Latencia HCE),"El tiempo de guardado supera los 8 segundos tolerables, violando directamente el requerimiento no funcional RNF-01 de rendimiento del sistema para notas clínicas."
2680,2025-08-08,Facturacion,El sistema no reconoce el convenio con la aseguradora,Admision,Manta,Libertad de Riesgo,RNF-03 (Errores de Facturación),El no reconocimiento de convenios de aseguradoras genera fricción de cobro y riesgo de pérdidas económicas por servicios no cubiertos correctamente.
2681,2025-08-09,Farmacia,Inventario del sistema no coincide con el stock fisico del insumo,Farmacia,Quito,Efectividad,Funcionalidad,Falla de funcionalidad en el módulo Farmacia que impide al usuario completar sus tareas de manera precisa y completa.
2682,2025-08-10,Portal Citas,El pago del bono de consulta no se refleja tras completarlo,Paciente,Guayaquil,Libertad de Riesgo,RNF-03 (Errores de Facturación),Inconsistencia financiera en los cobros o transacciones del sistema que infringe las normativas contables y expone al hospital a pérdidas económicas.
2683,2025-08-11,Portal Citas,Doble reserva de un mismo cupo por dos pacientes distintos,Paciente,Cuenca,Libertad de Riesgo,RNF-03 (Errores de Facturación),"Doble agendamiento de un mismo cupo que genera sobreventa de citas, colapso de agenda de especialistas y multas o insatisfacción comercial."
2684,2025-08-12,Portal Citas,Sesion expira antes de finalizar el proceso de agendamiento,Paciente,Ambato,Satisfacción,Usabilidad,"Mala experiencia de usuario que interrumpe de forma prematura el proceso de compra/agendamiento, forzando a repetir pasos."
2685,2025-08-13,HCE,El campo de diagnostico CIE-10 no permite busqueda por texto,Medico,Manta,Efectividad,Funcionalidad,Restricción de funcionalidad que impide al usuario realizar una acción requerida para completar su tarea.
2686,2025-08-14,Portal Citas,Usuario no logra agendar tras 3 intentos,Paciente,Quito,Satisfacción,RNF-02 (Pasos del Portal),"Incapacidad del usuario de lograr su meta tras múltiples intentos, violando el RNF-02 y provocando un alto nivel de frustración."
2687,2025-08-15,App Movil,La aplicacion se cierra inesperadamente al abrir resultados de laboratorio,Paciente,Guayaquil,Efectividad,Funcionalidad,"Interrupción abrupta del sistema que impide que el usuario termine el registro de datos, reduciendo la efectividad operativa."
2688,2025-08-16,Portal Citas,Boton de confirmar cita no responde en dispositivos moviles,Paciente,Cuenca,Cobertura de Contexto,Portabilidad,"Falla de adaptabilidad de la interfaz en el contexto de dispositivos móviles, impidiendo confirmar citas desde pantallas de formatos pequeños."
2689,2025-08-17,App Movil,La app no permite actualizar el numero de contacto del paciente,Paciente,Ambato,Efectividad,Funcionalidad,Restricción de funcionalidad que impide al usuario realizar una acción requerida para completar su tarea.
2690,2025-08-18,Facturacion,Retraso de 11s al procesar el pago con tarjeta de credito,Admision,Manta,Eficiencia,Eficiencia Operativa,El procesamiento lento del cobro con tarjeta retrasa el flujo de caja y la atención administrativa de admisión.
2691,2025-08-19,Telemedicina,Grabacion de la consulta no se almacena correctamente,Paciente,Quito,Efectividad,Funcionalidad,Falla de funcionalidad en el módulo Telemedicina que impide al usuario completar sus tareas de manera precisa y completa.
2692,2025-08-20,Telemedicina,La sesion se cierra automaticamente antes de terminar la consulta,Paciente,Guayaquil,Efectividad,Funcionalidad,Falla de funcionalidad en el módulo Telemedicina que impide al usuario completar sus tareas de manera precisa y completa.
2693,2025-08-21,Facturacion,El sistema no permite anular una factura emitida por error,Admision,Cuenca,Efectividad,Funcionalidad,Restricción de funcionalidad que impide al usuario realizar una acción requerida para completar su tarea.
2694,2025-08-22,Laboratorio,Codigo de barras de la muestra no es reconocido por el lector,Tecnico Laboratorio,Ambato,Efectividad,Funcionalidad,Falla de funcionalidad en el módulo Laboratorio que impide al usuario completar sus tareas de manera precisa y completa.
2695,2025-08-23,Telemedicina,La sesion se cierra automaticamente antes de terminar la consulta,Paciente,Manta,Efectividad,Funcionalidad,Falla de funcionalidad en el módulo Telemedicina que impide al usuario completar sus tareas de manera precisa y completa.
2696,2025-08-24,Facturacion,Factura generada con el nombre del paciente incorrecto,Admision,Quito,Efectividad,Funcionalidad,Falla de funcionalidad en el módulo Facturacion que impide al usuario completar sus tareas de manera precisa y completa.
2697,2025-08-25,HCE,Datos de otro paciente visibles brevemente al abrir un expediente,Medico,Guayaquil,Libertad de Riesgo,Seguridad Clínica,"Fuga de información y violación de la confidencialidad médica (HIPAA/Ley de Protección de Datos), exponiendo datos de otros pacientes."
2698,2025-08-26,App Movil,Version desactualizada del app impide iniciar sesion,Paciente,Cuenca,Cobertura de Contexto,Portabilidad,Incompatibilidad y falta de robustez del sistema cuando se ejecuta en el contexto de sistemas cliente que no cuentan con la última versión de software.
2699,2025-08-27,Portal Citas,Boton de confirmar cita no responde en dispositivos moviles,Paciente,Ambato,Cobertura de Contexto,Portabilidad,"Falla de adaptabilidad de la interfaz en el contexto de dispositivos móviles, impidiendo confirmar citas desde pantallas de formatos pequeños."
2700,2025-08-28,Portal Citas,El pago del bono de consulta no se refleja tras completarlo,Paciente,Manta,Libertad de Riesgo,RNF-03 (Errores de Facturación),Inconsistencia financiera en los cobros o transacciones del sistema que infringe las normativas contables y expone al hospital a pérdidas económicas.
2701,2025-08-29,Telemedicina,Notificacion de inicio de teleconsulta llega con retraso de 24s,Paciente,Quito,Eficiencia,Eficiencia Operativa,"El sistema presenta tiempos de respuesta elevados que consumen recursos de tiempo innecesarios, degradando la eficiencia del usuario en sus tareas."
2702,2025-08-30,HCE,El sistema no permite adjuntar imagenes de heridas desde la tablet,Medico,Guayaquil,Cobertura de Contexto,Flexibilidad de Dispositivo,El sistema presenta limitaciones de portabilidad y compatibilidad al operar en el contexto físico específico de tablets para adjuntar imágenes de heridas.
2703,2025-08-31,HCE,Nota de evolucion tarda 12s en guardarse,Medico,Cuenca,Eficiencia,RNF-01 (Latencia HCE),"El tiempo de guardado supera los 8 segundos tolerables, violando directamente el requerimiento no funcional RNF-01 de rendimiento del sistema para notas clínicas."
2704,2025-09-01,Portal Citas,"Formulario confuso, abandono de registro antes de completar la cita",Paciente,Ambato,Satisfacción,RNF-02 (Pasos del Portal),"Diseño de interfaz de usuario confuso que provoca el abandono del registro, afectando la métrica de satisfacción y facilidad de uso percibida."
2705,2025-09-02,Facturacion,Discrepancia entre el monto facturado y el detalle de servicios,Admision,Manta,Libertad de Riesgo,RNF-03 (Errores de Facturación),"Errores en el cálculo del copago de seguros o discrepancias de montos facturados, induciendo a pérdidas financieras o reclamaciones legales."
2706,2025-09-03,Laboratorio,El sistema no permite adjuntar el reporte en PDF del laboratorio externo,Tecnico Laboratorio,Quito,Efectividad,Funcionalidad,Restricción de funcionalidad que impide al usuario realizar una acción requerida para completar su tarea.
2707,2025-09-04,Laboratorio,Codigo de barras de la muestra no es reconocido por el lector,Tecnico Laboratorio,Guayaquil,Efectividad,Funcionalidad,Falla de funcionalidad en el módulo Laboratorio que impide al usuario completar sus tareas de manera precisa y completa.
2708,2025-09-05,App Movil,Version desactualizada del app impide iniciar sesion,Paciente,Cuenca,Cobertura de Contexto,Portabilidad,Incompatibilidad y falta de robustez del sistema cuando se ejecuta en el contexto de sistemas cliente que no cuentan con la última versión de software.
2709,2025-09-06,HCE,Historial de alergias no carga al abrir la ficha del paciente,Medico,Ambato,Libertad de Riesgo,Seguridad Clínica,"Falla crítica que expone la seguridad del paciente al omitir información vital de alergias, con un alto riesgo de shock anafiláctico o mala praxis."
2710,2025-09-07,Telemedicina,El medico no puede compartir pantalla con resultados de examenes,Paciente,Manta,Efectividad,Funcionalidad,Falla de funcionalidad en el módulo Telemedicina que impide al usuario completar sus tareas de manera precisa y completa.
2711,2025-09-08,Imagenologia,Perdida de calidad en las imagenes al ser visualizadas desde la app,Radiologo,Quito,Satisfacción,Usabilidad,Degradación visual que afecta la comodidad y confianza de los médicos al visualizar estudios clínicos desde la app móvil.
2712,2025-09-09,App Movil,Notificaciones push no llegan pese a estar activadas,Paciente,Guayaquil,Efectividad,Funcionalidad,Falla de funcionalidad en el módulo App Movil que impide al usuario completar sus tareas de manera precisa y completa.
2713,2025-09-10,Portal Citas,Doble reserva de un mismo cupo por dos pacientes distintos,Paciente,Cuenca,Libertad de Riesgo,RNF-03 (Errores de Facturación),"Doble agendamiento de un mismo cupo que genera sobreventa de citas, colapso de agenda de especialistas y multas o insatisfacción comercial."
2714,2025-09-11,Facturacion,Factura duplicada al reintentar pago,Admision,Ambato,Libertad de Riesgo,RNF-03 (Errores de Facturación),"Violación del requerimiento no funcional RNF-03 de facturación; genera cobros indebidos en las tarjetas del cliente, comprometiendo la confianza y el riesgo financiero."
2715,2025-09-12,HCE,Nota de evolucion tarda 15s en guardarse,Medico,Manta,Eficiencia,RNF-01 (Latencia HCE),"El tiempo de guardado supera los 8 segundos tolerables, violando directamente el requerimiento no funcional RNF-01 de rendimiento del sistema para notas clínicas."
2716,2025-09-13,App Movil,El boton de teleconsulta no redirige correctamente a la videollamada,Paciente,Quito,Efectividad,Funcionalidad,Falla de funcionalidad en el módulo App Movil que impide al usuario completar sus tareas de manera precisa y completa.
2717,2025-09-14,HCE,Orden medica no se sincroniza con el modulo de farmacia,Medico,Guayaquil,Efectividad,Integración Funcional,Error de integración funcional que impide la sincronización y actualización del registro médico entre módulos del HIS.
2718,2025-09-15,HCE,El campo de diagnostico CIE-10 no permite busqueda por texto,Medico,Cuenca,Efectividad,Funcionalidad,Restricción de funcionalidad que impide al usuario realizar una acción requerida para completar su tarea.
2719,2025-09-16,HCE,Signos vitales registrados por enfermeria no aparecen en la HCE del medico,Medico,Ambato,Efectividad,Integración de Datos,Falla de funcionalidad en el módulo HCE que impide al usuario completar sus tareas de manera precisa y completa.
2720,2025-09-17,Portal Citas,Notificacion de recordatorio de cita llega con la fecha incorrecta,Paciente,Manta,Efectividad,Funcionalidad,Falla de funcionalidad en el módulo Portal Citas que impide al usuario completar sus tareas de manera precisa y completa.
2721,2025-09-18,Portal Citas,El portal muestra disponibilidad para un horario ya ocupado,Paciente,Quito,Efectividad,Funcionalidad,Falla de funcionalidad en el módulo Portal Citas que impide al usuario completar sus tareas de manera precisa y completa.
2722,2025-09-19,HCE,Historial de alergias no carga al abrir la ficha del paciente,Medico,Guayaquil,Libertad de Riesgo,Seguridad Clínica,"Falla crítica que expone la seguridad del paciente al omitir información vital de alergias, con un alto riesgo de shock anafiláctico o mala praxis."
2723,2025-09-20,Portal Citas,Sesion expira antes de finalizar el proceso de agendamiento,Paciente,Cuenca,Satisfacción,Usabilidad,"Mala experiencia de usuario que interrumpe de forma prematura el proceso de compra/agendamiento, forzando a repetir pasos."
2724,2025-09-21,Facturacion,Reembolso aprobado no se refleja en el estado de cuenta,Admision,Ambato,Libertad de Riesgo,RNF-03 (Errores de Facturación),"Fallas en la aplicación de notas de crédito o reembolsos que distorsionan los estados de cuenta, arriesgando multas tributarias e inconformidad legal."
2725,2025-09-22,HCE,El campo de diagnostico CIE-10 no permite busqueda por texto,Medico,Manta,Efectividad,Funcionalidad,Restricción de funcionalidad que impide al usuario realizar una acción requerida para completar su tarea.
2726,2025-09-23,Portal Citas,Usuario no logra agendar tras 5 intentos,Paciente,Quito,Satisfacción,RNF-02 (Pasos del Portal),"Incapacidad del usuario de lograr su meta tras múltiples intentos, violando el RNF-02 y provocando un alto nivel de frustración."
2727,2025-09-24,Telemedicina,Receta electronica no se genera al finalizar la teleconsulta,Paciente,Guayaquil,Efectividad,Funcionalidad,Falla de funcionalidad en el módulo Telemedicina que impide al usuario completar sus tareas de manera precisa y completa.
2728,2025-09-25,Portal Citas,Notificacion de recordatorio de cita llega con la fecha incorrecta,Paciente,Cuenca,Efectividad,Funcionalidad,Falla de funcionalidad en el módulo Portal Citas que impide al usuario completar sus tareas de manera precisa y completa.
2729,2025-09-26,Telemedicina,La sesion se cierra automaticamente antes de terminar la consulta,Paciente,Ambato,Efectividad,Funcionalidad,Falla de funcionalidad en el módulo Telemedicina que impide al usuario completar sus tareas de manera precisa y completa.
2730,2025-09-27,Farmacia,El sistema bloquea la dispensacion sin mostrar el motivo,Farmacia,Manta,Satisfacción,Usabilidad,La falta de mensajes informativos claros y feedback del sistema incrementa la incertidumbre y frustración del operario farmacéutico.
2731,2025-09-28,Portal Citas,Cita agendada no aparece reflejada en el calendario del especialista,Paciente,Quito,Efectividad,Funcionalidad,Falla de funcionalidad en el módulo Portal Citas que impide al usuario completar sus tareas de manera precisa y completa.
2732,2025-09-29,Portal Citas,"Formulario confuso, abandono de registro antes de completar la cita",Paciente,Guayaquil,Satisfacción,RNF-02 (Pasos del Portal),"Diseño de interfaz de usuario confuso que provoca el abandono del registro, afectando la métrica de satisfacción y facilidad de uso percibida."
2733,2025-09-30,App Movil,La aplicacion se cierra inesperadamente al abrir resultados de laboratorio,Paciente,Cuenca,Efectividad,Funcionalidad,"Interrupción abrupta del sistema que impide que el usuario termine el registro de datos, reduciendo la efectividad operativa."
2734,2025-10-01,Portal Citas,Notificacion de recordatorio de cita llega con la fecha incorrecta,Paciente,Ambato,Efectividad,Funcionalidad,Falla de funcionalidad en el módulo Portal Citas que impide al usuario completar sus tareas de manera precisa y completa.
2735,2025-10-02,Portal Citas,Sesion expira antes de finalizar el proceso de agendamiento,Paciente,Manta,Satisfacción,Usabilidad,"Mala experiencia de usuario que interrumpe de forma prematura el proceso de compra/agendamiento, forzando a repetir pasos."
2736,2025-10-03,Telemedicina,Grabacion de la consulta no se almacena correctamente,Paciente,Quito,Efectividad,Funcionalidad,Falla de funcionalidad en el módulo Telemedicina que impide al usuario completar sus tareas de manera precisa y completa.
2737,2025-10-04,Facturacion,Reintento de transaccion genera doble cobro en la tarjeta,Admision,Guayaquil,Libertad de Riesgo,RNF-03 (Errores de Facturación),"Violación del requerimiento no funcional RNF-03 de facturación; genera cobros indebidos en las tarjetas del cliente, comprometiendo la confianza y el riesgo financiero."
2738,2025-10-05,Portal Citas,Cita agendada no aparece reflejada en el calendario del especialista,Paciente,Cuenca,Efectividad,Funcionalidad,Falla de funcionalidad en el módulo Portal Citas que impide al usuario completar sus tareas de manera precisa y completa.
2739,2025-10-06,Facturacion,Retraso de 33s al procesar el pago con tarjeta de credito,Admision,Ambato,Eficiencia,Eficiencia Operativa,El procesamiento lento del cobro con tarjeta retrasa el flujo de caja y la atención administrativa de admisión.
2740,2025-10-07,HCE,Receta electronica se genera con la dosis incorrecta tras guardar,Medico,Manta,Libertad de Riesgo,Seguridad Clínica,"Riesgo extremo de salud para el paciente al guardar dosis farmacológicas erróneas en la receta electrónica, pudiendo causar sobredosis o inefectividad clínica."
2741,2025-10-08,HCE,Consulta anterior no se muestra en el resumen de antecedentes,Medico,Quito,Efectividad,Funcionalidad,Falla de funcionalidad en el módulo HCE que impide al usuario completar sus tareas de manera precisa y completa.
2742,2025-10-09,Facturacion,Factura electronica no llega al correo registrado del paciente,Admision,Guayaquil,Efectividad,Funcionalidad,Falla de funcionalidad en el módulo Facturacion que impide al usuario completar sus tareas de manera precisa y completa.
2743,2025-10-10,Portal Citas,Boton de confirmar cita no responde en dispositivos moviles,Paciente,Cuenca,Cobertura de Contexto,Portabilidad,"Falla de adaptabilidad de la interfaz en el contexto de dispositivos móviles, impidiendo confirmar citas desde pantallas de formatos pequeños."
2744,2025-10-11,Laboratorio,Resultado de examen de laboratorio no se sincroniza con la HCE,Tecnico Laboratorio,Ambato,Efectividad,Integración de Datos,Error de integración funcional que impide la sincronización y actualización del registro médico entre módulos del HIS.
2745,2025-10-12,Farmacia,Duplicidad de codigos entre dos presentaciones distintas de un mismo farmaco,Farmacia,Manta,Libertad de Riesgo,Seguridad Clínica,"La duplicación de códigos de fármacos introduce un riesgo de dispensación errónea en farmacia, comprometiendo la seguridad terapéutica del paciente."
2746,2025-10-13,HCE,Historial de alergias no carga al abrir la ficha del paciente,Medico,Quito,Libertad de Riesgo,Seguridad Clínica,"Falla crítica que expone la seguridad del paciente al omitir información vital de alergias, con un alto riesgo de shock anafiláctico o mala praxis."
2747,2025-10-14,Telemedicina,Paciente no puede unirse a la sala virtual a la hora agendada,Paciente,Guayaquil,Efectividad,Funcionalidad,Falla de funcionalidad en el módulo Telemedicina que impide al usuario completar sus tareas de manera precisa y completa.
2748,2025-10-15,Portal Citas,Notificacion de recordatorio de cita llega con la fecha incorrecta,Paciente,Cuenca,Efectividad,Funcionalidad,Falla de funcionalidad en el módulo Portal Citas que impide al usuario completar sus tareas de manera precisa y completa.
2749,2025-10-16,Farmacia,El sistema no descuenta automaticamente el medicamento dispensado,Farmacia,Ambato,Efectividad,Funcionalidad,Falla de funcionalidad en el módulo Farmacia que impide al usuario completar sus tareas de manera precisa y completa.
2750,2025-10-17,Imagenologia,El informe radiologico no se adjunta automaticamente a la HCE,Radiologo,Manta,Efectividad,Funcionalidad,Falla de funcionalidad en el módulo Imagenologia que impide al usuario completar sus tareas de manera precisa y completa.
2751,2025-10-18,Imagenologia,Perdida de calidad en las imagenes al ser visualizadas desde la app,Radiologo,Quito,Satisfacción,Usabilidad,Degradación visual que afecta la comodidad y confianza de los médicos al visualizar estudios clínicos desde la app móvil.
2752,2025-10-19,App Movil,El inicio de sesion con biometria falla de forma intermitente,Paciente,Guayaquil,Satisfacción,Usabilidad,La inestabilidad en el inicio biométrico genera frustración y reduce la confianza y comodidad del usuario al acceder al aplicativo móvil.
2753,2025-10-20,HCE,Tiempo de carga de la ficha clinica supera los 25s en horas pico,Medico,Cuenca,Eficiencia,Eficiencia Operativa,La latencia en horas pico para abrir la ficha clínica perjudica la productividad del médico durante la consulta.
2754,2025-10-21,Farmacia,Alerta de vencimiento de lote no se muestra en el modulo,Farmacia,Ambato,Libertad de Riesgo,Seguridad Clínica,Omitir la alerta de vencimiento de lotes farmacéuticos puede llevar a la administración de medicamentos caducados a los pacientes.
2755,2025-10-22,HCE,Orden medica no se sincroniza con el modulo de farmacia,Medico,Manta,Efectividad,Integración Funcional,Error de integración funcional que impide la sincronización y actualización del registro médico entre módulos del HIS.
2756,2025-10-23,Imagenologia,Las imagenes de rayos X no cargan en el visor DICOM,Radiologo,Quito,Efectividad,Funcionalidad,Falla de funcionalidad en el módulo Imagenologia que impide al usuario completar sus tareas de manera precisa y completa.
2757,2025-10-24,Farmacia,Duplicidad de codigos entre dos presentaciones distintas de un mismo farmaco,Farmacia,Guayaquil,Libertad de Riesgo,Seguridad Clínica,"La duplicación de códigos de fármacos introduce un riesgo de dispensación errónea en farmacia, comprometiendo la seguridad terapéutica del paciente."
2758,2025-10-25,HCE,Nota de evolucion tarda 33s en guardarse,Medico,Cuenca,Eficiencia,RNF-01 (Latencia HCE),"El tiempo de guardado supera los 8 segundos tolerables, violando directamente el requerimiento no funcional RNF-01 de rendimiento del sistema para notas clínicas."
2759,2025-10-26,Facturacion,Reembolso aprobado no se refleja en el estado de cuenta,Admision,Ambato,Libertad de Riesgo,RNF-03 (Errores de Facturación),"Fallas en la aplicación de notas de crédito o reembolsos que distorsionan los estados de cuenta, arriesgando multas tributarias e inconformidad legal."
2760,2025-10-27,Imagenologia,Perdida de calidad en las imagenes al ser visualizadas desde la app,Radiologo,Manta,Satisfacción,Usabilidad,Degradación visual que afecta la comodidad y confianza de los médicos al visualizar estudios clínicos desde la app móvil.
2761,2025-10-28,Farmacia,Duplicidad de codigos entre dos presentaciones distintas de un mismo farmaco,Farmacia,Quito,Libertad de Riesgo,Seguridad Clínica,"La duplicación de códigos de fármacos introduce un riesgo de dispensación errónea en farmacia, comprometiendo la seguridad terapéutica del paciente."
2762,2025-10-29,Telemedicina,El chat de la consulta no permite enviar imagenes,Paciente,Guayaquil,Efectividad,Funcionalidad,Restricción de funcionalidad que impide al usuario realizar una acción requerida para completar su tarea.
2763,2025-10-30,Telemedicina,Notificacion de inicio de teleconsulta llega con retraso de 27s,Paciente,Cuenca,Eficiencia,Eficiencia Operativa,"El sistema presenta tiempos de respuesta elevados que consumen recursos de tiempo innecesarios, degradando la eficiencia del usuario en sus tareas."
2764,2025-10-31,Laboratorio,Codigo de barras de la muestra no es reconocido por el lector,Tecnico Laboratorio,Ambato,Efectividad,Funcionalidad,Falla de funcionalidad en el módulo Laboratorio que impide al usuario completar sus tareas de manera precisa y completa.
2765,2025-11-01,Facturacion,Reembolso aprobado no se refleja en el estado de cuenta,Admision,Manta,Libertad de Riesgo,RNF-03 (Errores de Facturación),"Fallas en la aplicación de notas de crédito o reembolsos que distorsionan los estados de cuenta, arriesgando multas tributarias e inconformidad legal."
2766,2025-11-02,Portal Citas,Boton de confirmar cita no responde en dispositivos moviles,Paciente,Quito,Cobertura de Contexto,Portabilidad,"Falla de adaptabilidad de la interfaz en el contexto de dispositivos móviles, impidiendo confirmar citas desde pantallas de formatos pequeños."
2767,2025-11-03,Portal Citas,Usuario no logra agendar tras 4 intentos,Paciente,Guayaquil,Satisfacción,RNF-02 (Pasos del Portal),"Incapacidad del usuario de lograr su meta tras múltiples intentos, violando el RNF-02 y provocando un alto nivel de frustración."
2768,2025-11-04,Farmacia,Receta electronica llega incompleta desde el modulo de HCE,Farmacia,Cuenca,Efectividad,Funcionalidad,Falla de funcionalidad en el módulo Farmacia que impide al usuario completar sus tareas de manera precisa y completa.
2769,2025-11-05,Facturacion,Error de calculo en el copago del seguro medico,Admision,Ambato,Libertad de Riesgo,RNF-03 (Errores de Facturación),"Errores en el cálculo del copago de seguros o discrepancias de montos facturados, induciendo a pérdidas financieras o reclamaciones legales."
2770,2025-11-06,Telemedicina,Notificacion de inicio de teleconsulta llega con retraso de 29s,Paciente,Manta,Eficiencia,Eficiencia Operativa,"El sistema presenta tiempos de respuesta elevados que consumen recursos de tiempo innecesarios, degradando la eficiencia del usuario en sus tareas."
2771,2025-11-07,Laboratorio,Retraso de 27s en la disponibilidad de resultados criticos,Tecnico Laboratorio,Quito,Eficiencia,Eficiencia Operativa,"El sistema presenta tiempos de respuesta elevados que consumen recursos de tiempo innecesarios, degradando la eficiencia del usuario en sus tareas."
2772,2025-11-08,Facturacion,Reintento de transaccion genera doble cobro en la tarjeta,Admision,Guayaquil,Libertad de Riesgo,RNF-03 (Errores de Facturación),"Violación del requerimiento no funcional RNF-03 de facturación; genera cobros indebidos en las tarjetas del cliente, comprometiendo la confianza y el riesgo financiero."
2773,2025-11-09,Portal Citas,Doble reserva de un mismo cupo por dos pacientes distintos,Paciente,Cuenca,Libertad de Riesgo,RNF-03 (Errores de Facturación),"Doble agendamiento de un mismo cupo que genera sobreventa de citas, colapso de agenda de especialistas y multas o insatisfacción comercial."
2774,2025-11-10,Telemedicina,Notificacion de inicio de teleconsulta llega con retraso de 16s,Paciente,Ambato,Eficiencia,Eficiencia Operativa,"El sistema presenta tiempos de respuesta elevados que consumen recursos de tiempo innecesarios, degradando la eficiencia del usuario en sus tareas."
2775,2025-11-11,Telemedicina,El medico no puede compartir pantalla con resultados de examenes,Paciente,Manta,Efectividad,Funcionalidad,Falla de funcionalidad en el módulo Telemedicina que impide al usuario completar sus tareas de manera precisa y completa.
2776,2025-11-12,HCE,El sistema se congela al adjuntar resultados de laboratorio a la HCE,Medico,Quito,Efectividad,Funcionalidad,Falla de funcionalidad en el módulo HCE que impide al usuario completar sus tareas de manera precisa y completa.
2777,2025-11-13,Telemedicina,Grabacion de la consulta no se almacena correctamente,Paciente,Guayaquil,Efectividad,Funcionalidad,Falla de funcionalidad en el módulo Telemedicina que impide al usuario completar sus tareas de manera precisa y completa.
2778,2025-11-14,HCE,Perdida de la nota de evolucion tras un cierre inesperado de sesion,Medico,Cuenca,Efectividad,Funcionalidad,Falla de funcionalidad en el módulo HCE que impide al usuario completar sus tareas de manera precisa y completa.
2779,2025-11-15,Telemedicina,Notificacion de inicio de teleconsulta llega con retraso de 28s,Paciente,Ambato,Eficiencia,Eficiencia Operativa,"El sistema presenta tiempos de respuesta elevados que consumen recursos de tiempo innecesarios, degradando la eficiencia del usuario en sus tareas."
2780,2025-11-16,Portal Citas,Filtro de especialidad medica no devuelve resultados,Paciente,Manta,Efectividad,Funcionalidad,Falla de funcionalidad en el módulo Portal Citas que impide al usuario completar sus tareas de manera precisa y completa.
2781,2025-11-17,HCE,Signos vitales registrados por enfermeria no aparecen en la HCE del medico,Medico,Quito,Efectividad,Integración de Datos,Falla de funcionalidad en el módulo HCE que impide al usuario completar sus tareas de manera precisa y completa.
2782,2025-11-18,HCE,Duplicado de historia clinica al registrar un paciente ya existente,Medico,Guayaquil,Libertad de Riesgo,Seguridad Clínica,"Riesgo de seguridad clínica debido a la fragmentación de la información de salud del paciente, lo que puede inducir a diagnósticos y tratamientos erróneos."
2783,2025-11-19,HCE,Historial de alergias no carga al abrir la ficha del paciente,Medico,Cuenca,Libertad de Riesgo,Seguridad Clínica,"Falla crítica que expone la seguridad del paciente al omitir información vital de alergias, con un alto riesgo de shock anafiláctico o mala praxis."
2784,2025-11-20,Facturacion,Retraso de 19s al procesar el pago con tarjeta de credito,Admision,Ambato,Eficiencia,Eficiencia Operativa,El procesamiento lento del cobro con tarjeta retrasa el flujo de caja y la atención administrativa de admisión.
2785,2025-11-21,Laboratorio,El sistema no permite adjuntar el reporte en PDF del laboratorio externo,Tecnico Laboratorio,Manta,Efectividad,Funcionalidad,Restricción de funcionalidad que impide al usuario realizar una acción requerida para completar su tarea.
2786,2025-11-22,Facturacion,Factura duplicada al reintentar pago,Admision,Quito,Libertad de Riesgo,RNF-03 (Errores de Facturación),"Violación del requerimiento no funcional RNF-03 de facturación; genera cobros indebidos en las tarjetas del cliente, comprometiendo la confianza y el riesgo financiero."
2787,2025-11-23,Facturacion,El sistema no permite anular una factura emitida por error,Admision,Guayaquil,Efectividad,Funcionalidad,Restricción de funcionalidad que impide al usuario realizar una acción requerida para completar su tarea.
2788,2025-11-24,Portal Citas,Boton de confirmar cita no responde en dispositivos moviles,Paciente,Cuenca,Cobertura de Contexto,Portabilidad,"Falla de adaptabilidad de la interfaz en el contexto de dispositivos móviles, impidiendo confirmar citas desde pantallas de formatos pequeños."
2789,2025-11-25,Portal Citas,Error al reagendar una cita previamente confirmada,Paciente,Ambato,Efectividad,Funcionalidad,Falla de funcionalidad en el módulo Portal Citas que impide al usuario completar sus tareas de manera precisa y completa.
2790,2025-11-26,HCE,Firma electronica del medico no se valida al cerrar la consulta,Medico,Manta,Efectividad,Funcionalidad,Falla de funcionalidad en el módulo HCE que impide al usuario completar sus tareas de manera precisa y completa.
2791,2025-11-27,App Movil,El inicio de sesion con biometria falla de forma intermitente,Paciente,Quito,Satisfacción,Usabilidad,La inestabilidad en el inicio biométrico genera frustración y reduce la confianza y comodidad del usuario al acceder al aplicativo móvil.
2792,2025-11-28,Reportes Gerenciales,Tiempo de generacion del reporte mensual supera los 34 minutos,Gerencia,Guayaquil,Eficiencia,Eficiencia Operativa,"Demoras severas en la generación de reportes mensuales de inteligencia de negocio, penalizando la eficiencia en el tiempo de procesamiento y toma de decisiones."
2793,2025-11-29,HCE,Receta electronica se genera con la dosis incorrecta tras guardar,Medico,Cuenca,Libertad de Riesgo,Seguridad Clínica,"Riesgo extremo de salud para el paciente al guardar dosis farmacológicas erróneas en la receta electrónica, pudiendo causar sobredosis o inefectividad clínica."
2794,2025-11-30,App Movil,Version desactualizada del app impide iniciar sesion,Paciente,Ambato,Cobertura de Contexto,Portabilidad,Incompatibilidad y falta de robustez del sistema cuando se ejecuta en el contexto de sistemas cliente que no cuentan con la última versión de software.
2795,2025-12-01,HCE,Historial de alergias no carga al abrir la ficha del paciente,Medico,Manta,Libertad de Riesgo,Seguridad Clínica,"Falla crítica que expone la seguridad del paciente al omitir información vital de alergias, con un alto riesgo de shock anafiláctico o mala praxis."
2796,2025-12-02,App Movil,La aplicacion se cierra inesperadamente al abrir resultados de laboratorio,Paciente,Quito,Efectividad,Funcionalidad,"Interrupción abrupta del sistema que impide que el usuario termine el registro de datos, reduciendo la efectividad operativa."
2797,2025-12-03,Portal Citas,Notificacion de recordatorio de cita llega con la fecha incorrecta,Paciente,Guayaquil,Efectividad,Funcionalidad,Falla de funcionalidad en el módulo Portal Citas que impide al usuario completar sus tareas de manera precisa y completa.
2798,2025-12-04,HCE,Historial de alergias no carga al abrir la ficha del paciente,Medico,Cuenca,Libertad de Riesgo,Seguridad Clínica,"Falla crítica que expone la seguridad del paciente al omitir información vital de alergias, con un alto riesgo de shock anafiláctico o mala praxis."
2799,2025-12-05,Portal Citas,El pago del bono de consulta no se refleja tras completarlo,Paciente,Ambato,Libertad de Riesgo,RNF-03 (Errores de Facturación),Inconsistencia financiera en los cobros o transacciones del sistema que infringe las normativas contables y expone al hospital a pérdidas económicas.
2800,2025-12-06,Imagenologia,Tiempo de carga de estudios de imagen supera los 25s,Radiologo,Manta,Eficiencia,Eficiencia Operativa,La lentitud en la carga y transferencia de archivos DICOM pesados degrada la eficiencia del flujo de trabajo clínico en imagenología.
2801,2025-12-07,HCE,Tiempo de carga de la ficha clinica supera los 23s en horas pico,Medico,Quito,Eficiencia,Eficiencia Operativa,La latencia en horas pico para abrir la ficha clínica perjudica la productividad del médico durante la consulta.
2802,2025-12-08,Facturacion,El modulo de facturacion se cae durante el cierre de caja,Admision,Guayaquil,Efectividad,Funcionalidad,Falla de funcionalidad en el módulo Facturacion que impide al usuario completar sus tareas de manera precisa y completa.
2803,2025-12-09,Portal Citas,Cancelacion de cita no libera el cupo en el calendario,Paciente,Cuenca,Efectividad,Funcionalidad,Falla de funcionalidad en el módulo Portal Citas que impide al usuario completar sus tareas de manera precisa y completa.
2804,2025-12-10,Portal Citas,"Formulario confuso, abandono de registro antes de completar la cita",Paciente,Ambato,Satisfacción,RNF-02 (Pasos del Portal),"Diseño de interfaz de usuario confuso que provoca el abandono del registro, afectando la métrica de satisfacción y facilidad de uso percibida."
2805,2025-12-11,Imagenologia,El informe radiologico no se adjunta automaticamente a la HCE,Radiologo,Manta,Efectividad,Funcionalidad,Falla de funcionalidad en el módulo Imagenologia que impide al usuario completar sus tareas de manera precisa y completa.
2806,2025-12-12,Telemedicina,Audio desincronizado durante la teleconsulta,Paciente,Quito,Satisfacción,RNF-05 (Disponibilidad de llamada),Mala experiencia sensorial e interactiva durante la teleconsulta que impacta el RNF-05 y la percepción de calidad del servicio.
2807,2025-12-13,Farmacia,Receta electronica llega incompleta desde el modulo de HCE,Farmacia,Guayaquil,Efectividad,Funcionalidad,Falla de funcionalidad en el módulo Farmacia que impide al usuario completar sus tareas de manera precisa y completa.
2808,2025-12-14,HCE,Datos de otro paciente visibles brevemente al abrir un expediente,Medico,Cuenca,Libertad de Riesgo,Seguridad Clínica,"Fuga de información y violación de la confidencialidad médica (HIPAA/Ley de Protección de Datos), exponiendo datos de otros pacientes."
2809,2025-12-15,Farmacia,El sistema no descuenta automaticamente el medicamento dispensado,Farmacia,Ambato,Efectividad,Funcionalidad,Falla de funcionalidad en el módulo Farmacia que impide al usuario completar sus tareas de manera precisa y completa.
2810,2025-12-16,Portal Citas,Notificacion de recordatorio de cita llega con la fecha incorrecta,Paciente,Manta,Efectividad,Funcionalidad,Falla de funcionalidad en el módulo Portal Citas que impide al usuario completar sus tareas de manera precisa y completa.
2811,2025-12-17,HCE,Nota de evolucion tarda 23s en guardarse,Medico,Quito,Eficiencia,RNF-01 (Latencia HCE),"El tiempo de guardado supera los 8 segundos tolerables, violando directamente el requerimiento no funcional RNF-01 de rendimiento del sistema para notas clínicas."
2812,2025-12-18,HCE,Alerta de interaccion medicamentosa no se despliega correctamente,Medico,Guayaquil,Libertad de Riesgo,Seguridad Clínica,El fallo en el despliegue de alertas de interacción farmacológica pone en riesgo inminente la salud del paciente ante combinaciones letales.
2813,2025-12-19,HCE,Tiempo de carga de la ficha clinica supera los 18s en horas pico,Medico,Cuenca,Eficiencia,Eficiencia Operativa,La latencia en horas pico para abrir la ficha clínica perjudica la productividad del médico durante la consulta.
2814,2025-12-20,App Movil,Version desactualizada del app impide iniciar sesion,Paciente,Ambato,Cobertura de Contexto,Portabilidad,Incompatibilidad y falta de robustez del sistema cuando se ejecuta en el contexto de sistemas cliente que no cuentan con la última versión de software.
2815,2025-12-21,App Movil,El inicio de sesion con biometria falla de forma intermitente,Paciente,Manta,Satisfacción,Usabilidad,La inestabilidad en el inicio biométrico genera frustración y reduce la confianza y comodidad del usuario al acceder al aplicativo móvil.
2816,2025-12-22,Portal Citas,Error al reagendar una cita previamente confirmada,Paciente,Quito,Efectividad,Funcionalidad,Falla de funcionalidad en el módulo Portal Citas que impide al usuario completar sus tareas de manera precisa y completa.
2817,2025-12-23,Reportes Gerenciales,El dashboard de indicadores no refleja los datos del ultimo cierre,Gerencia,Guayaquil,Efectividad,Funcionalidad,Inconsistencia en la actualización de datos que impide la visualización correcta de información operativa reciente.
2818,2025-12-24,HCE,Datos de otro paciente visibles brevemente al abrir un expediente,Medico,Cuenca,Libertad de Riesgo,Seguridad Clínica,"Fuga de información y violación de la confidencialidad médica (HIPAA/Ley de Protección de Datos), exponiendo datos de otros pacientes."
2819,2025-12-25,Laboratorio,Resultado de examen de laboratorio no se sincroniza con la HCE,Tecnico Laboratorio,Ambato,Efectividad,Integración de Datos,Error de integración funcional que impide la sincronización y actualización del registro médico entre módulos del HIS.
2820,2025-12-26,Reportes Gerenciales,Tiempo de generacion del reporte mensual supera los 26 minutos,Gerencia,Manta,Eficiencia,Eficiencia Operativa,"Demoras severas en la generación de reportes mensuales de inteligencia de negocio, penalizando la eficiencia en el tiempo de procesamiento y toma de decisiones."
2821,2025-12-27,Laboratorio,Retraso de 19s en la disponibilidad de resultados criticos,Tecnico Laboratorio,Quito,Eficiencia,Eficiencia Operativa,"El sistema presenta tiempos de respuesta elevados que consumen recursos de tiempo innecesarios, degradando la eficiencia del usuario en sus tareas."
2822,2025-12-28,Facturacion,Factura electronica no llega al correo registrado del paciente,Admision,Guayaquil,Efectividad,Funcionalidad,Falla de funcionalidad en el módulo Facturacion que impide al usuario completar sus tareas de manera precisa y completa.
2823,2025-12-29,HCE,El campo de diagnostico CIE-10 no permite busqueda por texto,Medico,Cuenca,Efectividad,Funcionalidad,Restricción de funcionalidad que impide al usuario realizar una acción requerida para completar su tarea.
2824,2025-12-30,HCE,Receta electronica se genera con la dosis incorrecta tras guardar,Medico,Ambato,Libertad de Riesgo,Seguridad Clínica,"Riesgo extremo de salud para el paciente al guardar dosis farmacológicas erróneas en la receta electrónica, pudiendo causar sobredosis o inefectividad clínica."
2825,2025-12-31,Portal Citas,El pago del bono de consulta no se refleja tras completarlo,Paciente,Manta,Libertad de Riesgo,RNF-03 (Errores de Facturación),Inconsistencia financiera en los cobros o transacciones del sistema que infringe las normativas contables y expone al hospital a pérdidas económicas.
2826,2025-01-01,Facturacion,Factura generada con el nombre del paciente incorrecto,Admision,Quito,Efectividad,Funcionalidad,Falla de funcionalidad en el módulo Facturacion que impide al usuario completar sus tareas de manera precisa y completa.
2827,2025-01-02,Facturacion,Factura electronica no llega al correo registrado del paciente,Admision,Guayaquil,Efectividad,Funcionalidad,Falla de funcionalidad en el módulo Facturacion que impide al usuario completar sus tareas de manera precisa y completa.
2828,2025-01-03,Portal Citas,Sesion expira antes de finalizar el proceso de agendamiento,Paciente,Cuenca,Satisfacción,Usabilidad,"Mala experiencia de usuario que interrumpe de forma prematura el proceso de compra/agendamiento, forzando a repetir pasos."
2829,2025-01-04,Telemedicina,Notificacion de inicio de teleconsulta llega con retraso de 11s,Paciente,Ambato,Eficiencia,Eficiencia Operativa,"El sistema presenta tiempos de respuesta elevados que consumen recursos de tiempo innecesarios, degradando la eficiencia del usuario en sus tareas."
2830,2025-01-05,Laboratorio,Orden de laboratorio duplicada tras reintentar el envio,Tecnico Laboratorio,Manta,Efectividad,Funcionalidad,Falla de funcionalidad en el módulo Laboratorio que impide al usuario completar sus tareas de manera precisa y completa.
2831,2025-01-06,HCE,Receta electronica se genera con la dosis incorrecta tras guardar,Medico,Quito,Libertad de Riesgo,Seguridad Clínica,"Riesgo extremo de salud para el paciente al guardar dosis farmacológicas erróneas en la receta electrónica, pudiendo causar sobredosis o inefectividad clínica."
2832,2025-01-07,Portal Citas,Tiempo de espera en el portal supera los 30s en horas pico,Paciente,Guayaquil,Eficiencia,Eficiencia Operativa,"El sistema presenta tiempos de respuesta elevados que consumen recursos de tiempo innecesarios, degradando la eficiencia del usuario en sus tareas."
2833,2025-01-08,HCE,Perdida de la nota de evolucion tras un cierre inesperado de sesion,Medico,Cuenca,Efectividad,Funcionalidad,Falla de funcionalidad en el módulo HCE que impide al usuario completar sus tareas de manera precisa y completa.
2834,2025-01-09,Facturacion,Factura duplicada al reintentar pago,Admision,Ambato,Libertad de Riesgo,RNF-03 (Errores de Facturación),"Violación del requerimiento no funcional RNF-03 de facturación; genera cobros indebidos en las tarjetas del cliente, comprometiendo la confianza y el riesgo financiero."
2835,2025-01-10,Imagenologia,El informe radiologico no se adjunta automaticamente a la HCE,Radiologo,Manta,Efectividad,Funcionalidad,Falla de funcionalidad en el módulo Imagenologia que impide al usuario completar sus tareas de manera precisa y completa.
2836,2025-01-11,App Movil,Consumo elevado de datos moviles al abrir el modulo de citas,Paciente,Quito,Cobertura de Contexto,Portabilidad,"Consumo excesivo de ancho de banda móvil, lo que restringe el uso eficiente del sistema en redes celulares de datos (fuera de la intranet del hospital)."
2837,2025-01-12,Facturacion,El modulo de facturacion se cae durante el cierre de caja,Admision,Guayaquil,Efectividad,Funcionalidad,Falla de funcionalidad en el módulo Facturacion que impide al usuario completar sus tareas de manera precisa y completa.
2838,2025-01-13,HCE,Alerta de interaccion medicamentosa no se despliega correctamente,Medico,Cuenca,Libertad de Riesgo,Seguridad Clínica,El fallo en el despliegue de alertas de interacción farmacológica pone en riesgo inminente la salud del paciente ante combinaciones letales.
2839,2025-01-14,Imagenologia,Las imagenes de rayos X no cargan en el visor DICOM,Radiologo,Ambato,Efectividad,Funcionalidad,Falla de funcionalidad en el módulo Imagenologia que impide al usuario completar sus tareas de manera precisa y completa.
2840,2025-01-15,Farmacia,Tiempo de respuesta del modulo de farmacia supera los 35s,Farmacia,Manta,Eficiencia,Eficiencia Operativa,"El sistema presenta tiempos de respuesta elevados que consumen recursos de tiempo innecesarios, degradando la eficiencia del usuario en sus tareas."
2841,2025-01-16,Farmacia,Receta electronica llega incompleta desde el modulo de HCE,Farmacia,Quito,Efectividad,Funcionalidad,Falla de funcionalidad en el módulo Farmacia que impide al usuario completar sus tareas de manera precisa y completa.
2842,2025-01-17,Portal Citas,El portal muestra disponibilidad para un horario ya ocupado,Paciente,Guayaquil,Efectividad,Funcionalidad,Falla de funcionalidad en el módulo Portal Citas que impide al usuario completar sus tareas de manera precisa y completa.
2843,2025-01-18,Portal Citas,"Formulario confuso, abandono de registro antes de completar la cita",Paciente,Cuenca,Satisfacción,RNF-02 (Pasos del Portal),"Diseño de interfaz de usuario confuso que provoca el abandono del registro, afectando la métrica de satisfacción y facilidad de uso percibida."
2844,2025-01-19,Laboratorio,Orden de laboratorio duplicada tras reintentar el envio,Tecnico Laboratorio,Ambato,Efectividad,Funcionalidad,Falla de funcionalidad en el módulo Laboratorio que impide al usuario completar sus tareas de manera precisa y completa.
2845,2025-01-20,App Movil,El inicio de sesion con biometria falla de forma intermitente,Paciente,Manta,Satisfacción,Usabilidad,La inestabilidad en el inicio biométrico genera frustración y reduce la confianza y comodidad del usuario al acceder al aplicativo móvil.
2846,2025-01-21,HCE,Firma electronica del medico no se valida al cerrar la consulta,Medico,Quito,Efectividad,Funcionalidad,Falla de funcionalidad en el módulo HCE que impide al usuario completar sus tareas de manera precisa y completa.
2847,2025-01-22,App Movil,Consumo elevado de datos moviles al abrir el modulo de citas,Paciente,Guayaquil,Cobertura de Contexto,Portabilidad,"Consumo excesivo de ancho de banda móvil, lo que restringe el uso eficiente del sistema en redes celulares de datos (fuera de la intranet del hospital)."
2848,2025-01-23,App Movil,Consumo elevado de datos moviles al abrir el modulo de citas,Paciente,Cuenca,Cobertura de Contexto,Portabilidad,"Consumo excesivo de ancho de banda móvil, lo que restringe el uso eficiente del sistema en redes celulares de datos (fuera de la intranet del hospital)."
2849,2025-01-24,Portal Citas,Tiempo de espera en el portal supera los 24s en horas pico,Paciente,Ambato,Eficiencia,Eficiencia Operativa,"El sistema presenta tiempos de respuesta elevados que consumen recursos de tiempo innecesarios, degradando la eficiencia del usuario en sus tareas."
2850,2025-01-25,HCE,Perdida de la nota de evolucion tras un cierre inesperado de sesion,Medico,Manta,Efectividad,Funcionalidad,Falla de funcionalidad en el módulo HCE que impide al usuario completar sus tareas de manera precisa y completa.
2851,2025-01-26,Laboratorio,Resultado de examen de laboratorio no se sincroniza con la HCE,Tecnico Laboratorio,Quito,Efectividad,Integración de Datos,Error de integración funcional que impide la sincronización y actualización del registro médico entre módulos del HIS.
2852,2025-01-27,Imagenologia,Las imagenes de rayos X no cargan en el visor DICOM,Radiologo,Guayaquil,Efectividad,Funcionalidad,Falla de funcionalidad en el módulo Imagenologia que impide al usuario completar sus tareas de manera precisa y completa.
2853,2025-01-28,Portal Citas,Filtro de especialidad medica no devuelve resultados,Paciente,Cuenca,Efectividad,Funcionalidad,Falla de funcionalidad en el módulo Portal Citas que impide al usuario completar sus tareas de manera precisa y completa.
2854,2025-01-29,HCE,El sistema se congela al adjuntar resultados de laboratorio a la HCE,Medico,Ambato,Efectividad,Funcionalidad,Falla de funcionalidad en el módulo HCE que impide al usuario completar sus tareas de manera precisa y completa.
2855,2025-01-30,Portal Citas,Sesion expira antes de finalizar el proceso de agendamiento,Paciente,Manta,Satisfacción,Usabilidad,"Mala experiencia de usuario que interrumpe de forma prematura el proceso de compra/agendamiento, forzando a repetir pasos."
2856,2025-01-31,Portal Citas,El pago del bono de consulta no se refleja tras completarlo,Paciente,Quito,Libertad de Riesgo,RNF-03 (Errores de Facturación),Inconsistencia financiera en los cobros o transacciones del sistema que infringe las normativas contables y expone al hospital a pérdidas económicas.
2857,2025-02-01,Imagenologia,El informe radiologico no se adjunta automaticamente a la HCE,Radiologo,Guayaquil,Efectividad,Funcionalidad,Falla de funcionalidad en el módulo Imagenologia que impide al usuario completar sus tareas de manera precisa y completa.
2858,2025-02-02,Portal Citas,Usuario no logra agendar tras 4 intentos,Paciente,Cuenca,Satisfacción,RNF-02 (Pasos del Portal),"Incapacidad del usuario de lograr su meta tras múltiples intentos, violando el RNF-02 y provocando un alto nivel de frustración."
2859,2025-02-03,HCE,Consulta anterior no se muestra en el resumen de antecedentes,Medico,Ambato,Efectividad,Funcionalidad,Falla de funcionalidad en el módulo HCE que impide al usuario completar sus tareas de manera precisa y completa.
2860,2025-02-04,Imagenologia,El informe radiologico no se adjunta automaticamente a la HCE,Radiologo,Manta,Efectividad,Funcionalidad,Falla de funcionalidad en el módulo Imagenologia que impide al usuario completar sus tareas de manera precisa y completa.
2861,2025-02-05,HCE,Duplicado de historia clinica al registrar un paciente ya existente,Medico,Quito,Libertad de Riesgo,Seguridad Clínica,"Riesgo de seguridad clínica debido a la fragmentación de la información de salud del paciente, lo que puede inducir a diagnósticos y tratamientos erróneos."
2862,2025-02-06,HCE,Consulta anterior no se muestra en el resumen de antecedentes,Medico,Guayaquil,Efectividad,Funcionalidad,Falla de funcionalidad en el módulo HCE que impide al usuario completar sus tareas de manera precisa y completa.
2863,2025-02-07,Reportes Gerenciales,Exportacion a Excel del reporte gerencial falla de forma intermitente,Gerencia,Cuenca,Efectividad,Funcionalidad,Falla intermitente en las exportaciones o ejecuciones de procesos del sistema que reduce la fiabilidad de las operaciones.
2864,2025-02-08,Portal Citas,Cancelacion de cita no libera el cupo en el calendario,Paciente,Ambato,Efectividad,Funcionalidad,Falla de funcionalidad en el módulo Portal Citas que impide al usuario completar sus tareas de manera precisa y completa.
2865,2025-02-09,Telemedicina,El chat de la consulta no permite enviar imagenes,Paciente,Manta,Efectividad,Funcionalidad,Restricción de funcionalidad que impide al usuario realizar una acción requerida para completar su tarea.
2866,2025-02-10,Farmacia,Tiempo de respuesta del modulo de farmacia supera los 32s,Farmacia,Quito,Eficiencia,Eficiencia Operativa,"El sistema presenta tiempos de respuesta elevados que consumen recursos de tiempo innecesarios, degradando la eficiencia del usuario en sus tareas."
2867,2025-02-11,Facturacion,Nota de credito no se aplica al saldo pendiente del paciente,Admision,Guayaquil,Libertad de Riesgo,RNF-03 (Errores de Facturación),"Fallas en la aplicación de notas de crédito o reembolsos que distorsionan los estados de cuenta, arriesgando multas tributarias e inconformidad legal."
2868,2025-02-12,Portal Citas,Notificacion de recordatorio de cita llega con la fecha incorrecta,Paciente,Cuenca,Efectividad,Funcionalidad,Falla de funcionalidad en el módulo Portal Citas que impide al usuario completar sus tareas de manera precisa y completa.
2869,2025-02-13,App Movil,Notificaciones push no llegan pese a estar activadas,Paciente,Ambato,Efectividad,Funcionalidad,Falla de funcionalidad en el módulo App Movil que impide al usuario completar sus tareas de manera precisa y completa.
2870,2025-02-14,App Movil,Notificaciones push no llegan pese a estar activadas,Paciente,Manta,Efectividad,Funcionalidad,Falla de funcionalidad en el módulo App Movil que impide al usuario completar sus tareas de manera precisa y completa.
2871,2025-02-15,Facturacion,Reintento de transaccion genera doble cobro en la tarjeta,Admision,Quito,Libertad de Riesgo,RNF-03 (Errores de Facturación),"Violación del requerimiento no funcional RNF-03 de facturación; genera cobros indebidos en las tarjetas del cliente, comprometiendo la confianza y el riesgo financiero."
2872,2025-02-16,HCE,Orden medica no se sincroniza con el modulo de farmacia,Medico,Guayaquil,Efectividad,Integración Funcional,Error de integración funcional que impide la sincronización y actualización del registro médico entre módulos del HIS.
2873,2025-02-17,Facturacion,Retraso de 10s al procesar el pago con tarjeta de credito,Admision,Cuenca,Eficiencia,Eficiencia Operativa,El procesamiento lento del cobro con tarjeta retrasa el flujo de caja y la atención administrativa de admisión.
2874,2025-02-18,HCE,Perdida de la nota de evolucion tras un cierre inesperado de sesion,Medico,Ambato,Efectividad,Funcionalidad,Falla de funcionalidad en el módulo HCE que impide al usuario completar sus tareas de manera precisa y completa.
2875,2025-02-19,Facturacion,Reintento de transaccion genera doble cobro en la tarjeta,Admision,Manta,Libertad de Riesgo,RNF-03 (Errores de Facturación),"Violación del requerimiento no funcional RNF-03 de facturación; genera cobros indebidos en las tarjetas del cliente, comprometiendo la confianza y el riesgo financiero."
2876,2025-02-20,Laboratorio,Codigo de barras de la muestra no es reconocido por el lector,Tecnico Laboratorio,Quito,Efectividad,Funcionalidad,Falla de funcionalidad en el módulo Laboratorio que impide al usuario completar sus tareas de manera precisa y completa.
2877,2025-02-21,Facturacion,Error de calculo en el copago del seguro medico,Admision,Guayaquil,Libertad de Riesgo,RNF-03 (Errores de Facturación),"Errores en el cálculo del copago de seguros o discrepancias de montos facturados, induciendo a pérdidas financieras o reclamaciones legales."
2878,2025-02-22,Facturacion,Reintento de transaccion genera doble cobro en la tarjeta,Admision,Cuenca,Libertad de Riesgo,RNF-03 (Errores de Facturación),"Violación del requerimiento no funcional RNF-03 de facturación; genera cobros indebidos en las tarjetas del cliente, comprometiendo la confianza y el riesgo financiero."
2879,2025-02-23,Facturacion,Factura electronica no llega al correo registrado del paciente,Admision,Ambato,Efectividad,Funcionalidad,Falla de funcionalidad en el módulo Facturacion que impide al usuario completar sus tareas de manera precisa y completa.
2880,2025-02-24,Facturacion,Factura generada con el nombre del paciente incorrecto,Admision,Manta,Efectividad,Funcionalidad,Falla de funcionalidad en el módulo Facturacion que impide al usuario completar sus tareas de manera precisa y completa.
2881,2025-02-25,Facturacion,Factura electronica no llega al correo registrado del paciente,Admision,Quito,Efectividad,Funcionalidad,Falla de funcionalidad en el módulo Facturacion que impide al usuario completar sus tareas de manera precisa y completa.
2882,2025-02-26,Laboratorio,Orden de laboratorio duplicada tras reintentar el envio,Tecnico Laboratorio,Guayaquil,Efectividad,Funcionalidad,Falla de funcionalidad en el módulo Laboratorio que impide al usuario completar sus tareas de manera precisa y completa.
2883,2025-02-27,Telemedicina,Receta electronica no se genera al finalizar la teleconsulta,Paciente,Cuenca,Efectividad,Funcionalidad,Falla de funcionalidad en el módulo Telemedicina que impide al usuario completar sus tareas de manera precisa y completa.
2884,2025-02-28,Imagenologia,Tiempo de carga de estudios de imagen supera los 29s,Radiologo,Ambato,Eficiencia,Eficiencia Operativa,La lentitud en la carga y transferencia de archivos DICOM pesados degrada la eficiencia del flujo de trabajo clínico en imagenología.
2885,2025-03-01,HCE,El sistema no permite adjuntar imagenes de heridas desde la tablet,Medico,Manta,Cobertura de Contexto,Flexibilidad de Dispositivo,El sistema presenta limitaciones de portabilidad y compatibilidad al operar en el contexto físico específico de tablets para adjuntar imágenes de heridas.
2886,2025-03-02,Portal Citas,Boton de confirmar cita no responde en dispositivos moviles,Paciente,Quito,Cobertura de Contexto,Portabilidad,"Falla de adaptabilidad de la interfaz en el contexto de dispositivos móviles, impidiendo confirmar citas desde pantallas de formatos pequeños."
2887,2025-03-03,HCE,Datos de otro paciente visibles brevemente al abrir un expediente,Medico,Guayaquil,Libertad de Riesgo,Seguridad Clínica,"Fuga de información y violación de la confidencialidad médica (HIPAA/Ley de Protección de Datos), exponiendo datos de otros pacientes."
2888,2025-03-04,Laboratorio,Orden de laboratorio duplicada tras reintentar el envio,Tecnico Laboratorio,Cuenca,Efectividad,Funcionalidad,Falla de funcionalidad en el módulo Laboratorio que impide al usuario completar sus tareas de manera precisa y completa.
2889,2025-03-05,HCE,Signos vitales registrados por enfermeria no aparecen en la HCE del medico,Medico,Ambato,Efectividad,Integración de Datos,Falla de funcionalidad en el módulo HCE que impide al usuario completar sus tareas de manera precisa y completa.
2890,2025-03-06,HCE,Consulta anterior no se muestra en el resumen de antecedentes,Medico,Manta,Efectividad,Funcionalidad,Falla de funcionalidad en el módulo HCE que impide al usuario completar sus tareas de manera precisa y completa.
2891,2025-03-07,Portal Citas,Error al reagendar una cita previamente confirmada,Paciente,Quito,Efectividad,Funcionalidad,Falla de funcionalidad en el módulo Portal Citas que impide al usuario completar sus tareas de manera precisa y completa.
2892,2025-03-08,Facturacion,El modulo de facturacion se cae durante el cierre de caja,Admision,Guayaquil,Efectividad,Funcionalidad,Falla de funcionalidad en el módulo Facturacion que impide al usuario completar sus tareas de manera precisa y completa.
2893,2025-03-09,Facturacion,Reembolso aprobado no se refleja en el estado de cuenta,Admision,Cuenca,Libertad de Riesgo,RNF-03 (Errores de Facturación),"Fallas en la aplicación de notas de crédito o reembolsos que distorsionan los estados de cuenta, arriesgando multas tributarias e inconformidad legal."
2894,2025-03-10,Laboratorio,Orden de laboratorio duplicada tras reintentar el envio,Tecnico Laboratorio,Ambato,Efectividad,Funcionalidad,Falla de funcionalidad en el módulo Laboratorio que impide al usuario completar sus tareas de manera precisa y completa.
2895,2025-03-11,Facturacion,El sistema no permite anular una factura emitida por error,Admision,Manta,Efectividad,Funcionalidad,Restricción de funcionalidad que impide al usuario realizar una acción requerida para completar su tarea.
2896,2025-03-12,HCE,Consulta anterior no se muestra en el resumen de antecedentes,Medico,Quito,Efectividad,Funcionalidad,Falla de funcionalidad en el módulo HCE que impide al usuario completar sus tareas de manera precisa y completa.
2897,2025-03-13,Laboratorio,Retraso de 31s en la disponibilidad de resultados criticos,Tecnico Laboratorio,Guayaquil,Eficiencia,Eficiencia Operativa,"El sistema presenta tiempos de respuesta elevados que consumen recursos de tiempo innecesarios, degradando la eficiencia del usuario en sus tareas."
2898,2025-03-14,HCE,Orden medica no se sincroniza con el modulo de farmacia,Medico,Cuenca,Efectividad,Integración Funcional,Error de integración funcional que impide la sincronización y actualización del registro médico entre módulos del HIS.
2899,2025-03-15,Facturacion,Error de calculo en el copago del seguro medico,Admision,Ambato,Libertad de Riesgo,RNF-03 (Errores de Facturación),"Errores en el cálculo del copago de seguros o discrepancias de montos facturados, induciendo a pérdidas financieras o reclamaciones legales."
2900,2025-03-16,Farmacia,Receta electronica llega incompleta desde el modulo de HCE,Farmacia,Manta,Efectividad,Funcionalidad,Falla de funcionalidad en el módulo Farmacia que impide al usuario completar sus tareas de manera precisa y completa.
2901,2025-03-17,Portal Citas,Usuario no logra agendar tras 4 intentos,Paciente,Quito,Satisfacción,RNF-02 (Pasos del Portal),"Incapacidad del usuario de lograr su meta tras múltiples intentos, violando el RNF-02 y provocando un alto nivel de frustración."
2902,2025-03-18,HCE,Alerta de interaccion medicamentosa no se despliega correctamente,Medico,Guayaquil,Libertad de Riesgo,Seguridad Clínica,El fallo en el despliegue de alertas de interacción farmacológica pone en riesgo inminente la salud del paciente ante combinaciones letales.
2903,2025-03-19,Facturacion,Retraso de 35s al procesar el pago con tarjeta de credito,Admision,Cuenca,Eficiencia,Eficiencia Operativa,El procesamiento lento del cobro con tarjeta retrasa el flujo de caja y la atención administrativa de admisión.
2904,2025-03-20,Portal Citas,Sesion expira antes de finalizar el proceso de agendamiento,Paciente,Ambato,Satisfacción,Usabilidad,"Mala experiencia de usuario que interrumpe de forma prematura el proceso de compra/agendamiento, forzando a repetir pasos."
2905,2025-03-21,Telemedicina,Videollamada se corta a los 2 minutos,Paciente,Manta,Cobertura de Contexto,RNF-05 (Disponibilidad de llamada),"Falta de resiliencia del canal de comunicación ante variaciones en la conectividad del usuario, interrumpiendo la sesión de teleconsulta en producción."
2906,2025-03-22,App Movil,La app no permite actualizar el numero de contacto del paciente,Paciente,Quito,Efectividad,Funcionalidad,Restricción de funcionalidad que impide al usuario realizar una acción requerida para completar su tarea.
2907,2025-03-23,App Movil,La aplicacion se cierra inesperadamente al abrir resultados de laboratorio,Paciente,Guayaquil,Efectividad,Funcionalidad,"Interrupción abrupta del sistema que impide que el usuario termine el registro de datos, reduciendo la efectividad operativa."
2908,2025-03-24,HCE,Alerta de interaccion medicamentosa no se despliega correctamente,Medico,Cuenca,Libertad de Riesgo,Seguridad Clínica,El fallo en el despliegue de alertas de interacción farmacológica pone en riesgo inminente la salud del paciente ante combinaciones letales.
2909,2025-03-25,HCE,El campo de diagnostico CIE-10 no permite busqueda por texto,Medico,Ambato,Efectividad,Funcionalidad,Restricción de funcionalidad que impide al usuario realizar una acción requerida para completar su tarea.
2910,2025-03-26,Laboratorio,Retraso de 33s en la disponibilidad de resultados criticos,Tecnico Laboratorio,Manta,Eficiencia,Eficiencia Operativa,"El sistema presenta tiempos de respuesta elevados que consumen recursos de tiempo innecesarios, degradando la eficiencia del usuario en sus tareas."
2911,2025-03-27,Portal Citas,Cita agendada no aparece reflejada en el calendario del especialista,Paciente,Quito,Efectividad,Funcionalidad,Falla de funcionalidad en el módulo Portal Citas que impide al usuario completar sus tareas de manera precisa y completa.
2912,2025-03-28,HCE,Alerta de interaccion medicamentosa no se despliega correctamente,Medico,Guayaquil,Libertad de Riesgo,Seguridad Clínica,El fallo en el despliegue de alertas de interacción farmacológica pone en riesgo inminente la salud del paciente ante combinaciones letales.
2913,2025-03-29,Facturacion,Reintento de transaccion genera doble cobro en la tarjeta,Admision,Cuenca,Libertad de Riesgo,RNF-03 (Errores de Facturación),"Violación del requerimiento no funcional RNF-03 de facturación; genera cobros indebidos en las tarjetas del cliente, comprometiendo la confianza y el riesgo financiero."
2914,2025-03-30,HCE,Duplicado de historia clinica al registrar un paciente ya existente,Medico,Ambato,Libertad de Riesgo,Seguridad Clínica,"Riesgo de seguridad clínica debido a la fragmentación de la información de salud del paciente, lo que puede inducir a diagnósticos y tratamientos erróneos."
2915,2025-03-31,Portal Citas,Boton de confirmar cita no responde en dispositivos moviles,Paciente,Manta,Cobertura de Contexto,Portabilidad,"Falla de adaptabilidad de la interfaz en el contexto de dispositivos móviles, impidiendo confirmar citas desde pantallas de formatos pequeños."
2916,2025-04-01,Facturacion,Nota de credito no se aplica al saldo pendiente del paciente,Admision,Quito,Libertad de Riesgo,RNF-03 (Errores de Facturación),"Fallas en la aplicación de notas de crédito o reembolsos que distorsionan los estados de cuenta, arriesgando multas tributarias e inconformidad legal."
2917,2025-04-02,Facturacion,Error de calculo en el copago del seguro medico,Admision,Guayaquil,Libertad de Riesgo,RNF-03 (Errores de Facturación),"Errores en el cálculo del copago de seguros o discrepancias de montos facturados, induciendo a pérdidas financieras o reclamaciones legales."
2918,2025-04-03,Facturacion,El sistema no permite anular una factura emitida por error,Admision,Cuenca,Efectividad,Funcionalidad,Restricción de funcionalidad que impide al usuario realizar una acción requerida para completar su tarea.
2919,2025-04-04,HCE,Perdida de la nota de evolucion tras un cierre inesperado de sesion,Medico,Ambato,Efectividad,Funcionalidad,Falla de funcionalidad en el módulo HCE que impide al usuario completar sus tareas de manera precisa y completa.
2920,2025-04-05,Portal Citas,Error al reagendar una cita previamente confirmada,Paciente,Manta,Efectividad,Funcionalidad,Falla de funcionalidad en el módulo Portal Citas que impide al usuario completar sus tareas de manera precisa y completa.
2921,2025-04-06,App Movil,El inicio de sesion con biometria falla de forma intermitente,Paciente,Quito,Satisfacción,Usabilidad,La inestabilidad en el inicio biométrico genera frustración y reduce la confianza y comodidad del usuario al acceder al aplicativo móvil.
2922,2025-04-07,App Movil,Notificaciones push no llegan pese a estar activadas,Paciente,Guayaquil,Efectividad,Funcionalidad,Falla de funcionalidad en el módulo App Movil que impide al usuario completar sus tareas de manera precisa y completa.
2923,2025-04-08,HCE,Orden medica no se sincroniza con el modulo de farmacia,Medico,Cuenca,Efectividad,Integración Funcional,Error de integración funcional que impide la sincronización y actualización del registro médico entre módulos del HIS.
2924,2025-04-09,Telemedicina,El chat de la consulta no permite enviar imagenes,Paciente,Ambato,Efectividad,Funcionalidad,Restricción de funcionalidad que impide al usuario realizar una acción requerida para completar su tarea.
2925,2025-04-10,App Movil,El boton de teleconsulta no redirige correctamente a la videollamada,Paciente,Manta,Efectividad,Funcionalidad,Falla de funcionalidad en el módulo App Movil que impide al usuario completar sus tareas de manera precisa y completa.
2926,2025-04-11,Farmacia,Receta electronica llega incompleta desde el modulo de HCE,Farmacia,Quito,Efectividad,Funcionalidad,Falla de funcionalidad en el módulo Farmacia que impide al usuario completar sus tareas de manera precisa y completa.
2927,2025-04-12,Portal Citas,Filtro de especialidad medica no devuelve resultados,Paciente,Guayaquil,Efectividad,Funcionalidad,Falla de funcionalidad en el módulo Portal Citas que impide al usuario completar sus tareas de manera precisa y completa.
2928,2025-04-13,Facturacion,Nota de credito no se aplica al saldo pendiente del paciente,Admision,Cuenca,Libertad de Riesgo,RNF-03 (Errores de Facturación),"Fallas en la aplicación de notas de crédito o reembolsos que distorsionan los estados de cuenta, arriesgando multas tributarias e inconformidad legal."
2929,2025-04-14,Portal Citas,Cancelacion de cita no libera el cupo en el calendario,Paciente,Ambato,Efectividad,Funcionalidad,Falla de funcionalidad en el módulo Portal Citas que impide al usuario completar sus tareas de manera precisa y completa.
2930,2025-04-15,Farmacia,El sistema bloquea la dispensacion sin mostrar el motivo,Farmacia,Manta,Satisfacción,Usabilidad,La falta de mensajes informativos claros y feedback del sistema incrementa la incertidumbre y frustración del operario farmacéutico.
2931,2025-04-16,Telemedicina,Receta electronica no se genera al finalizar la teleconsulta,Paciente,Quito,Efectividad,Funcionalidad,Falla de funcionalidad en el módulo Telemedicina que impide al usuario completar sus tareas de manera precisa y completa.
2932,2025-04-17,Farmacia,Receta electronica llega incompleta desde el modulo de HCE,Farmacia,Guayaquil,Efectividad,Funcionalidad,Falla de funcionalidad en el módulo Farmacia que impide al usuario completar sus tareas de manera precisa y completa.
2933,2025-04-18,HCE,Datos de otro paciente visibles brevemente al abrir un expediente,Medico,Cuenca,Libertad de Riesgo,Seguridad Clínica,"Fuga de información y violación de la confidencialidad médica (HIPAA/Ley de Protección de Datos), exponiendo datos de otros pacientes."
2934,2025-04-19,HCE,El sistema no permite adjuntar imagenes de heridas desde la tablet,Medico,Ambato,Cobertura de Contexto,Flexibilidad de Dispositivo,El sistema presenta limitaciones de portabilidad y compatibilidad al operar en el contexto físico específico de tablets para adjuntar imágenes de heridas.
2935,2025-04-20,HCE,Historial de alergias no carga al abrir la ficha del paciente,Medico,Manta,Libertad de Riesgo,Seguridad Clínica,"Falla crítica que expone la seguridad del paciente al omitir información vital de alergias, con un alto riesgo de shock anafiláctico o mala praxis."
2936,2025-04-21,Reportes Gerenciales,Tiempo de generacion del reporte mensual supera los 19 minutos,Gerencia,Quito,Eficiencia,Eficiencia Operativa,"Demoras severas en la generación de reportes mensuales de inteligencia de negocio, penalizando la eficiencia en el tiempo de procesamiento y toma de decisiones."
2937,2025-04-22,HCE,Receta electronica se genera con la dosis incorrecta tras guardar,Medico,Guayaquil,Libertad de Riesgo,Seguridad Clínica,"Riesgo extremo de salud para el paciente al guardar dosis farmacológicas erróneas en la receta electrónica, pudiendo causar sobredosis o inefectividad clínica."
2938,2025-04-23,HCE,Nota de evolucion tarda 22s en guardarse,Medico,Cuenca,Eficiencia,RNF-01 (Latencia HCE),"El tiempo de guardado supera los 8 segundos tolerables, violando directamente el requerimiento no funcional RNF-01 de rendimiento del sistema para notas clínicas."
2939,2025-04-24,Telemedicina,La sesion se cierra automaticamente antes de terminar la consulta,Paciente,Ambato,Efectividad,Funcionalidad,Falla de funcionalidad en el módulo Telemedicina que impide al usuario completar sus tareas de manera precisa y completa.
2940,2025-04-25,Facturacion,Reintento de transaccion genera doble cobro en la tarjeta,Admision,Manta,Libertad de Riesgo,RNF-03 (Errores de Facturación),"Violación del requerimiento no funcional RNF-03 de facturación; genera cobros indebidos en las tarjetas del cliente, comprometiendo la confianza y el riesgo financiero."
2941,2025-04-26,HCE,Orden medica no se sincroniza con el modulo de farmacia,Medico,Quito,Efectividad,Integración Funcional,Error de integración funcional que impide la sincronización y actualización del registro médico entre módulos del HIS.
2942,2025-04-27,Portal Citas,Boton de confirmar cita no responde en dispositivos moviles,Paciente,Guayaquil,Cobertura de Contexto,Portabilidad,"Falla de adaptabilidad de la interfaz en el contexto de dispositivos móviles, impidiendo confirmar citas desde pantallas de formatos pequeños."
2943,2025-04-28,Facturacion,Nota de credito no se aplica al saldo pendiente del paciente,Admision,Cuenca,Libertad de Riesgo,RNF-03 (Errores de Facturación),"Fallas en la aplicación de notas de crédito o reembolsos que distorsionan los estados de cuenta, arriesgando multas tributarias e inconformidad legal."
2944,2025-04-29,Laboratorio,Orden de laboratorio duplicada tras reintentar el envio,Tecnico Laboratorio,Ambato,Efectividad,Funcionalidad,Falla de funcionalidad en el módulo Laboratorio que impide al usuario completar sus tareas de manera precisa y completa.
2945,2025-04-30,HCE,Signos vitales registrados por enfermeria no aparecen en la HCE del medico,Medico,Manta,Efectividad,Integración de Datos,Falla de funcionalidad en el módulo HCE que impide al usuario completar sus tareas de manera precisa y completa.
2946,2025-05-01,App Movil,Resultados de examenes no se visualizan en formato PDF,Paciente,Quito,Efectividad,Funcionalidad,Falla de funcionalidad en el módulo App Movil que impide al usuario completar sus tareas de manera precisa y completa.
2947,2025-05-02,Farmacia,Receta electronica llega incompleta desde el modulo de HCE,Farmacia,Guayaquil,Efectividad,Funcionalidad,Falla de funcionalidad en el módulo Farmacia que impide al usuario completar sus tareas de manera precisa y completa.
2948,2025-05-03,App Movil,Notificaciones push no llegan pese a estar activadas,Paciente,Cuenca,Efectividad,Funcionalidad,Falla de funcionalidad en el módulo App Movil que impide al usuario completar sus tareas de manera precisa y completa.
2949,2025-05-04,Facturacion,Nota de credito no se aplica al saldo pendiente del paciente,Admision,Ambato,Libertad de Riesgo,RNF-03 (Errores de Facturación),"Fallas en la aplicación de notas de crédito o reembolsos que distorsionan los estados de cuenta, arriesgando multas tributarias e inconformidad legal."
2950,2025-05-05,Portal Citas,Usuario no logra agendar tras 4 intentos,Paciente,Manta,Satisfacción,RNF-02 (Pasos del Portal),"Incapacidad del usuario de lograr su meta tras múltiples intentos, violando el RNF-02 y provocando un alto nivel de frustración."
2951,2025-05-06,Facturacion,Nota de credito no se aplica al saldo pendiente del paciente,Admision,Quito,Libertad de Riesgo,RNF-03 (Errores de Facturación),"Fallas en la aplicación de notas de crédito o reembolsos que distorsionan los estados de cuenta, arriesgando multas tributarias e inconformidad legal."
2952,2025-05-07,App Movil,Consumo elevado de datos moviles al abrir el modulo de citas,Paciente,Guayaquil,Cobertura de Contexto,Portabilidad,"Consumo excesivo de ancho de banda móvil, lo que restringe el uso eficiente del sistema en redes celulares de datos (fuera de la intranet del hospital)."
2953,2025-05-08,Portal Citas,El sistema no envia la confirmacion por correo electronico,Paciente,Cuenca,Efectividad,Funcionalidad,Falla funcional que impide completar la tarea de confirmación de cita al paciente por canal de correo electrónico.
2954,2025-05-09,HCE,Nota de evolucion tarda 27s en guardarse,Medico,Ambato,Eficiencia,RNF-01 (Latencia HCE),"El tiempo de guardado supera los 8 segundos tolerables, violando directamente el requerimiento no funcional RNF-01 de rendimiento del sistema para notas clínicas."
2955,2025-05-10,HCE,Signos vitales registrados por enfermeria no aparecen en la HCE del medico,Medico,Manta,Efectividad,Integración de Datos,Falla de funcionalidad en el módulo HCE que impide al usuario completar sus tareas de manera precisa y completa.
2956,2025-05-11,HCE,Firma electronica del medico no se valida al cerrar la consulta,Medico,Quito,Efectividad,Funcionalidad,Falla de funcionalidad en el módulo HCE que impide al usuario completar sus tareas de manera precisa y completa.
2957,2025-05-12,HCE,Orden medica no se sincroniza con el modulo de farmacia,Medico,Guayaquil,Efectividad,Integración Funcional,Error de integración funcional que impide la sincronización y actualización del registro médico entre módulos del HIS.
2958,2025-05-13,Facturacion,El modulo de facturacion se cae durante el cierre de caja,Admision,Cuenca,Efectividad,Funcionalidad,Falla de funcionalidad en el módulo Facturacion que impide al usuario completar sus tareas de manera precisa y completa.
2959,2025-05-14,Portal Citas,El portal muestra disponibilidad para un horario ya ocupado,Paciente,Ambato,Efectividad,Funcionalidad,Falla de funcionalidad en el módulo Portal Citas que impide al usuario completar sus tareas de manera precisa y completa.
2960,2025-05-15,Farmacia,El sistema no descuenta automaticamente el medicamento dispensado,Farmacia,Manta,Efectividad,Funcionalidad,Falla de funcionalidad en el módulo Farmacia que impide al usuario completar sus tareas de manera precisa y completa.
2961,2025-05-16,Farmacia,Duplicidad de codigos entre dos presentaciones distintas de un mismo farmaco,Farmacia,Quito,Libertad de Riesgo,Seguridad Clínica,"La duplicación de códigos de fármacos introduce un riesgo de dispensación errónea en farmacia, comprometiendo la seguridad terapéutica del paciente."
2962,2025-05-17,Facturacion,Factura duplicada al reintentar pago,Admision,Guayaquil,Libertad de Riesgo,RNF-03 (Errores de Facturación),"Violación del requerimiento no funcional RNF-03 de facturación; genera cobros indebidos en las tarjetas del cliente, comprometiendo la confianza y el riesgo financiero."
2963,2025-05-18,Portal Citas,El pago del bono de consulta no se refleja tras completarlo,Paciente,Cuenca,Libertad de Riesgo,RNF-03 (Errores de Facturación),Inconsistencia financiera en los cobros o transacciones del sistema que infringe las normativas contables y expone al hospital a pérdidas económicas.
2964,2025-05-19,Facturacion,Factura duplicada al reintentar pago,Admision,Ambato,Libertad de Riesgo,RNF-03 (Errores de Facturación),"Violación del requerimiento no funcional RNF-03 de facturación; genera cobros indebidos en las tarjetas del cliente, comprometiendo la confianza y el riesgo financiero."
2965,2025-05-20,Facturacion,Factura duplicada al reintentar pago,Admision,Manta,Libertad de Riesgo,RNF-03 (Errores de Facturación),"Violación del requerimiento no funcional RNF-03 de facturación; genera cobros indebidos en las tarjetas del cliente, comprometiendo la confianza y el riesgo financiero."
2966,2025-05-21,HCE,Datos de otro paciente visibles brevemente al abrir un expediente,Medico,Quito,Libertad de Riesgo,Seguridad Clínica,"Fuga de información y violación de la confidencialidad médica (HIPAA/Ley de Protección de Datos), exponiendo datos de otros pacientes."
2967,2025-05-22,Portal Citas,Filtro de especialidad medica no devuelve resultados,Paciente,Guayaquil,Efectividad,Funcionalidad,Falla de funcionalidad en el módulo Portal Citas que impide al usuario completar sus tareas de manera precisa y completa.
2968,2025-05-23,Farmacia,Receta electronica llega incompleta desde el modulo de HCE,Farmacia,Cuenca,Efectividad,Funcionalidad,Falla de funcionalidad en el módulo Farmacia que impide al usuario completar sus tareas de manera precisa y completa.
2969,2025-05-24,Facturacion,Factura generada con el nombre del paciente incorrecto,Admision,Ambato,Efectividad,Funcionalidad,Falla de funcionalidad en el módulo Facturacion que impide al usuario completar sus tareas de manera precisa y completa.
2970,2025-05-25,Laboratorio,Resultado de examen de laboratorio no se sincroniza con la HCE,Tecnico Laboratorio,Manta,Efectividad,Integración de Datos,Error de integración funcional que impide la sincronización y actualización del registro médico entre módulos del HIS.
2971,2025-05-26,HCE,Signos vitales registrados por enfermeria no aparecen en la HCE del medico,Medico,Quito,Efectividad,Integración de Datos,Falla de funcionalidad en el módulo HCE que impide al usuario completar sus tareas de manera precisa y completa.
2972,2025-05-27,Portal Citas,Tiempo de espera en el portal supera los 27s en horas pico,Paciente,Guayaquil,Eficiencia,Eficiencia Operativa,"El sistema presenta tiempos de respuesta elevados que consumen recursos de tiempo innecesarios, degradando la eficiencia del usuario en sus tareas."
2973,2025-05-28,Telemedicina,Paciente no puede unirse a la sala virtual a la hora agendada,Paciente,Cuenca,Efectividad,Funcionalidad,Falla de funcionalidad en el módulo Telemedicina que impide al usuario completar sus tareas de manera precisa y completa.
2974,2025-05-29,Portal Citas,El portal muestra disponibilidad para un horario ya ocupado,Paciente,Ambato,Efectividad,Funcionalidad,Falla de funcionalidad en el módulo Portal Citas que impide al usuario completar sus tareas de manera precisa y completa.
2975,2025-05-30,Laboratorio,Retraso de 20s en la disponibilidad de resultados criticos,Tecnico Laboratorio,Manta,Eficiencia,Eficiencia Operativa,"El sistema presenta tiempos de respuesta elevados que consumen recursos de tiempo innecesarios, degradando la eficiencia del usuario en sus tareas."
2976,2025-05-31,Facturacion,Retraso de 25s al procesar el pago con tarjeta de credito,Admision,Quito,Eficiencia,Eficiencia Operativa,El procesamiento lento del cobro con tarjeta retrasa el flujo de caja y la atención administrativa de admisión.
2977,2025-06-01,HCE,Perdida de la nota de evolucion tras un cierre inesperado de sesion,Medico,Guayaquil,Efectividad,Funcionalidad,Falla de funcionalidad en el módulo HCE que impide al usuario completar sus tareas de manera precisa y completa.
2978,2025-06-02,Portal Citas,Cita agendada no aparece reflejada en el calendario del especialista,Paciente,Cuenca,Efectividad,Funcionalidad,Falla de funcionalidad en el módulo Portal Citas que impide al usuario completar sus tareas de manera precisa y completa.
2979,2025-06-03,Telemedicina,La sesion se cierra automaticamente antes de terminar la consulta,Paciente,Ambato,Efectividad,Funcionalidad,Falla de funcionalidad en el módulo Telemedicina que impide al usuario completar sus tareas de manera precisa y completa.
2980,2025-06-04,HCE,El campo de diagnostico CIE-10 no permite busqueda por texto,Medico,Manta,Efectividad,Funcionalidad,Restricción de funcionalidad que impide al usuario realizar una acción requerida para completar su tarea.
2981,2025-06-05,HCE,Perdida de la nota de evolucion tras un cierre inesperado de sesion,Medico,Quito,Efectividad,Funcionalidad,Falla de funcionalidad en el módulo HCE que impide al usuario completar sus tareas de manera precisa y completa.
2982,2025-06-06,Reportes Gerenciales,Discrepancia entre el reporte financiero y el modulo de facturacion,Gerencia,Guayaquil,Libertad de Riesgo,RNF-03 (Errores de Facturación),"Discrepancia contable entre reportes directivos y facturación real, afectando las decisiones del negocio y la integridad de las auditorías."
2983,2025-06-07,HCE,El campo de diagnostico CIE-10 no permite busqueda por texto,Medico,Cuenca,Efectividad,Funcionalidad,Restricción de funcionalidad que impide al usuario realizar una acción requerida para completar su tarea.
2984,2025-06-08,Facturacion,Discrepancia entre el monto facturado y el detalle de servicios,Admision,Ambato,Libertad de Riesgo,RNF-03 (Errores de Facturación),"Errores en el cálculo del copago de seguros o discrepancias de montos facturados, induciendo a pérdidas financieras o reclamaciones legales."
2985,2025-06-09,Imagenologia,El informe radiologico no se adjunta automaticamente a la HCE,Radiologo,Manta,Efectividad,Funcionalidad,Falla de funcionalidad en el módulo Imagenologia que impide al usuario completar sus tareas de manera precisa y completa.
2986,2025-06-10,Farmacia,Error al registrar la dispensacion de un medicamento controlado,Farmacia,Quito,Libertad de Riesgo,Seguridad Clínica,"Error en el registro de medicamentos regulados, lo que genera riesgos legales, regulatorios y de seguridad en el control de sustancias psicotrópicas."
2987,2025-06-11,Imagenologia,Tiempo de carga de estudios de imagen supera los 15s,Radiologo,Guayaquil,Eficiencia,Eficiencia Operativa,La lentitud en la carga y transferencia de archivos DICOM pesados degrada la eficiencia del flujo de trabajo clínico en imagenología.
2988,2025-06-12,Facturacion,El sistema no reconoce el convenio con la aseguradora,Admision,Cuenca,Libertad de Riesgo,RNF-03 (Errores de Facturación),El no reconocimiento de convenios de aseguradoras genera fricción de cobro y riesgo de pérdidas económicas por servicios no cubiertos correctamente.
2989,2025-06-13,Facturacion,Factura duplicada al reintentar pago,Admision,Ambato,Libertad de Riesgo,RNF-03 (Errores de Facturación),"Violación del requerimiento no funcional RNF-03 de facturación; genera cobros indebidos en las tarjetas del cliente, comprometiendo la confianza y el riesgo financiero."
2990,2025-06-14,Laboratorio,Codigo de barras de la muestra no es reconocido por el lector,Tecnico Laboratorio,Manta,Efectividad,Funcionalidad,Falla de funcionalidad en el módulo Laboratorio que impide al usuario completar sus tareas de manera precisa y completa.
2991,2025-06-15,Facturacion,Reembolso aprobado no se refleja en el estado de cuenta,Admision,Quito,Libertad de Riesgo,RNF-03 (Errores de Facturación),"Fallas en la aplicación de notas de crédito o reembolsos que distorsionan los estados de cuenta, arriesgando multas tributarias e inconformidad legal."
2992,2025-06-16,HCE,Signos vitales registrados por enfermeria no aparecen en la HCE del medico,Medico,Guayaquil,Efectividad,Integración de Datos,Falla de funcionalidad en el módulo HCE que impide al usuario completar sus tareas de manera precisa y completa.
2993,2025-06-17,Laboratorio,Codigo de barras de la muestra no es reconocido por el lector,Tecnico Laboratorio,Cuenca,Efectividad,Funcionalidad,Falla de funcionalidad en el módulo Laboratorio que impide al usuario completar sus tareas de manera precisa y completa.
2994,2025-06-18,Portal Citas,Doble reserva de un mismo cupo por dos pacientes distintos,Paciente,Ambato,Libertad de Riesgo,RNF-03 (Errores de Facturación),"Doble agendamiento de un mismo cupo que genera sobreventa de citas, colapso de agenda de especialistas y multas o insatisfacción comercial."
2995,2025-06-19,Facturacion,Factura duplicada al reintentar pago,Admision,Manta,Libertad de Riesgo,RNF-03 (Errores de Facturación),"Violación del requerimiento no funcional RNF-03 de facturación; genera cobros indebidos en las tarjetas del cliente, comprometiendo la confianza y el riesgo financiero."
2996,2025-06-20,Facturacion,Error de calculo en el copago del seguro medico,Admision,Quito,Libertad de Riesgo,RNF-03 (Errores de Facturación),"Errores en el cálculo del copago de seguros o discrepancias de montos facturados, induciendo a pérdidas financieras o reclamaciones legales."
2997,2025-06-21,Portal Citas,Boton de confirmar cita no responde en dispositivos moviles,Paciente,Guayaquil,Cobertura de Contexto,Portabilidad,"Falla de adaptabilidad de la interfaz en el contexto de dispositivos móviles, impidiendo confirmar citas desde pantallas de formatos pequeños."
2998,2025-06-22,HCE,Alerta de interaccion medicamentosa no se despliega correctamente,Medico,Cuenca,Libertad de Riesgo,Seguridad Clínica,El fallo en el despliegue de alertas de interacción farmacológica pone en riesgo inminente la salud del paciente ante combinaciones letales.
2999,2025-06-23,Imagenologia,Las imagenes de rayos X no cargan en el visor DICOM,Radiologo,Ambato,Efectividad,Funcionalidad,Falla de funcionalidad en el módulo Imagenologia que impide al usuario completar sus tareas de manera precisa y completa.
3000,2025-06-24,HCE,Consulta anterior no se muestra en el resumen de antecedentes,Medico,Manta,Efectividad,Funcionalidad,Falla de funcionalidad en el módulo HCE que impide al usuario completar sus tareas de manera precisa y completa.
3001,2025-06-25,Farmacia,Duplicidad de codigos entre dos presentaciones distintas de un mismo farmaco,Farmacia,Quito,Libertad de Riesgo,Seguridad Clínica,"La duplicación de códigos de fármacos introduce un riesgo de dispensación errónea en farmacia, comprometiendo la seguridad terapéutica del paciente."
3002,2025-06-26,Facturacion,Retraso de 19s al procesar el pago con tarjeta de credito,Admision,Guayaquil,Eficiencia,Eficiencia Operativa,El procesamiento lento del cobro con tarjeta retrasa el flujo de caja y la atención administrativa de admisión.
3003,2025-06-27,Reportes Gerenciales,El dashboard de indicadores no refleja los datos del ultimo cierre,Gerencia,Cuenca,Efectividad,Funcionalidad,Inconsistencia en la actualización de datos que impide la visualización correcta de información operativa reciente.
3004,2025-06-28,HCE,Receta electronica se genera con la dosis incorrecta tras guardar,Medico,Ambato,Libertad de Riesgo,Seguridad Clínica,"Riesgo extremo de salud para el paciente al guardar dosis farmacológicas erróneas en la receta electrónica, pudiendo causar sobredosis o inefectividad clínica."
3005,2025-06-29,Farmacia,Inventario del sistema no coincide con el stock fisico del insumo,Farmacia,Manta,Efectividad,Funcionalidad,Falla de funcionalidad en el módulo Farmacia que impide al usuario completar sus tareas de manera precisa y completa.
3006,2025-06-30,Facturacion,El sistema no permite anular una factura emitida por error,Admision,Quito,Efectividad,Funcionalidad,Restricción de funcionalidad que impide al usuario realizar una acción requerida para completar su tarea.
3007,2025-07-01,HCE,Consulta anterior no se muestra en el resumen de antecedentes,Medico,Guayaquil,Efectividad,Funcionalidad,Falla de funcionalidad en el módulo HCE que impide al usuario completar sus tareas de manera precisa y completa.
3008,2025-07-02,Facturacion,Factura electronica no llega al correo registrado del paciente,Admision,Cuenca,Efectividad,Funcionalidad,Falla de funcionalidad en el módulo Facturacion que impide al usuario completar sus tareas de manera precisa y completa.
3009,2025-07-03,Facturacion,Nota de credito no se aplica al saldo pendiente del paciente,Admision,Ambato,Libertad de Riesgo,RNF-03 (Errores de Facturación),"Fallas en la aplicación de notas de crédito o reembolsos que distorsionan los estados de cuenta, arriesgando multas tributarias e inconformidad legal."
3010,2025-07-04,Facturacion,Factura duplicada al reintentar pago,Admision,Manta,Libertad de Riesgo,RNF-03 (Errores de Facturación),"Violación del requerimiento no funcional RNF-03 de facturación; genera cobros indebidos en las tarjetas del cliente, comprometiendo la confianza y el riesgo financiero."
3011,2025-07-05,Portal Citas,Notificacion de recordatorio de cita llega con la fecha incorrecta,Paciente,Quito,Efectividad,Funcionalidad,Falla de funcionalidad en el módulo Portal Citas que impide al usuario completar sus tareas de manera precisa y completa.
3012,2025-07-06,HCE,Alerta de interaccion medicamentosa no se despliega correctamente,Medico,Guayaquil,Libertad de Riesgo,Seguridad Clínica,El fallo en el despliegue de alertas de interacción farmacológica pone en riesgo inminente la salud del paciente ante combinaciones letales.
3013,2025-07-07,Portal Citas,Sesion expira antes de finalizar el proceso de agendamiento,Paciente,Cuenca,Satisfacción,Usabilidad,"Mala experiencia de usuario que interrumpe de forma prematura el proceso de compra/agendamiento, forzando a repetir pasos."
3014,2025-07-08,HCE,Duplicado de historia clinica al registrar un paciente ya existente,Medico,Ambato,Libertad de Riesgo,Seguridad Clínica,"Riesgo de seguridad clínica debido a la fragmentación de la información de salud del paciente, lo que puede inducir a diagnósticos y tratamientos erróneos."
3015,2025-07-09,Telemedicina,Paciente no puede unirse a la sala virtual a la hora agendada,Paciente,Manta,Efectividad,Funcionalidad,Falla de funcionalidad en el módulo Telemedicina que impide al usuario completar sus tareas de manera precisa y completa.
3016,2025-07-10,HCE,Tiempo de carga de la ficha clinica supera los 31s en horas pico,Medico,Quito,Eficiencia,Eficiencia Operativa,La latencia en horas pico para abrir la ficha clínica perjudica la productividad del médico durante la consulta.
3017,2025-07-11,App Movil,Version desactualizada del app impide iniciar sesion,Paciente,Guayaquil,Cobertura de Contexto,Portabilidad,Incompatibilidad y falta de robustez del sistema cuando se ejecuta en el contexto de sistemas cliente que no cuentan con la última versión de software.
3018,2025-07-12,Laboratorio,Resultado de examen de laboratorio no se sincroniza con la HCE,Tecnico Laboratorio,Cuenca,Efectividad,Integración de Datos,Error de integración funcional que impide la sincronización y actualización del registro médico entre módulos del HIS.
3019,2025-07-13,Portal Citas,El pago del bono de consulta no se refleja tras completarlo,Paciente,Ambato,Libertad de Riesgo,RNF-03 (Errores de Facturación),Inconsistencia financiera en los cobros o transacciones del sistema que infringe las normativas contables y expone al hospital a pérdidas económicas.
3020,2025-07-14,App Movil,El boton de teleconsulta no redirige correctamente a la videollamada,Paciente,Manta,Efectividad,Funcionalidad,Falla de funcionalidad en el módulo App Movil que impide al usuario completar sus tareas de manera precisa y completa.
3021,2025-07-15,Portal Citas,Error al reagendar una cita previamente confirmada,Paciente,Quito,Efectividad,Funcionalidad,Falla de funcionalidad en el módulo Portal Citas que impide al usuario completar sus tareas de manera precisa y completa.
3022,2025-07-16,Telemedicina,Audio desincronizado durante la teleconsulta,Paciente,Guayaquil,Satisfacción,RNF-05 (Disponibilidad de llamada),Mala experiencia sensorial e interactiva durante la teleconsulta que impacta el RNF-05 y la percepción de calidad del servicio.
3023,2025-07-17,Farmacia,Alerta de vencimiento de lote no se muestra en el modulo,Farmacia,Cuenca,Libertad de Riesgo,Seguridad Clínica,Omitir la alerta de vencimiento de lotes farmacéuticos puede llevar a la administración de medicamentos caducados a los pacientes.
3024,2025-07-18,HCE,Orden medica no se sincroniza con el modulo de farmacia,Medico,Ambato,Efectividad,Integración Funcional,Error de integración funcional que impide la sincronización y actualización del registro médico entre módulos del HIS.
3025,2025-07-19,Laboratorio,Retraso de 31s en la disponibilidad de resultados criticos,Tecnico Laboratorio,Manta,Eficiencia,Eficiencia Operativa,"El sistema presenta tiempos de respuesta elevados que consumen recursos de tiempo innecesarios, degradando la eficiencia del usuario en sus tareas."
3026,2025-07-20,HCE,Datos de otro paciente visibles brevemente al abrir un expediente,Medico,Quito,Libertad de Riesgo,Seguridad Clínica,"Fuga de información y violación de la confidencialidad médica (HIPAA/Ley de Protección de Datos), exponiendo datos de otros pacientes."
3027,2025-07-21,Facturacion,Retraso de 15s al procesar el pago con tarjeta de credito,Admision,Guayaquil,Eficiencia,Eficiencia Operativa,El procesamiento lento del cobro con tarjeta retrasa el flujo de caja y la atención administrativa de admisión.
3028,2025-07-22,Telemedicina,El medico no puede compartir pantalla con resultados de examenes,Paciente,Cuenca,Efectividad,Funcionalidad,Falla de funcionalidad en el módulo Telemedicina que impide al usuario completar sus tareas de manera precisa y completa.
3029,2025-07-23,Telemedicina,Paciente no puede unirse a la sala virtual a la hora agendada,Paciente,Ambato,Efectividad,Funcionalidad,Falla de funcionalidad en el módulo Telemedicina que impide al usuario completar sus tareas de manera precisa y completa.
3030,2025-07-24,HCE,Duplicado de historia clinica al registrar un paciente ya existente,Medico,Manta,Libertad de Riesgo,Seguridad Clínica,"Riesgo de seguridad clínica debido a la fragmentación de la información de salud del paciente, lo que puede inducir a diagnósticos y tratamientos erróneos."
3031,2025-07-25,Facturacion,El modulo de facturacion se cae durante el cierre de caja,Admision,Quito,Efectividad,Funcionalidad,Falla de funcionalidad en el módulo Facturacion que impide al usuario completar sus tareas de manera precisa y completa.
3032,2025-07-26,HCE,Historial de alergias no carga al abrir la ficha del paciente,Medico,Guayaquil,Libertad de Riesgo,Seguridad Clínica,"Falla crítica que expone la seguridad del paciente al omitir información vital de alergias, con un alto riesgo de shock anafiláctico o mala praxis."
3033,2025-07-27,Portal Citas,Cita agendada no aparece reflejada en el calendario del especialista,Paciente,Cuenca,Efectividad,Funcionalidad,Falla de funcionalidad en el módulo Portal Citas que impide al usuario completar sus tareas de manera precisa y completa.
3034,2025-07-28,Facturacion,Error de calculo en el copago del seguro medico,Admision,Ambato,Libertad de Riesgo,RNF-03 (Errores de Facturación),"Errores en el cálculo del copago de seguros o discrepancias de montos facturados, induciendo a pérdidas financieras o reclamaciones legales."
3035,2025-07-29,HCE,El campo de diagnostico CIE-10 no permite busqueda por texto,Medico,Manta,Efectividad,Funcionalidad,Restricción de funcionalidad que impide al usuario realizar una acción requerida para completar su tarea.
3036,2025-07-30,Farmacia,El sistema bloquea la dispensacion sin mostrar el motivo,Farmacia,Quito,Satisfacción,Usabilidad,La falta de mensajes informativos claros y feedback del sistema incrementa la incertidumbre y frustración del operario farmacéutico.
3037,2025-07-31,Farmacia,Error al registrar la dispensacion de un medicamento controlado,Farmacia,Guayaquil,Libertad de Riesgo,Seguridad Clínica,"Error en el registro de medicamentos regulados, lo que genera riesgos legales, regulatorios y de seguridad en el control de sustancias psicotrópicas."
3038,2025-08-01,HCE,Tiempo de carga de la ficha clinica supera los 16s en horas pico,Medico,Cuenca,Eficiencia,Eficiencia Operativa,La latencia en horas pico para abrir la ficha clínica perjudica la productividad del médico durante la consulta.
3039,2025-08-02,App Movil,Resultados de examenes no se visualizan en formato PDF,Paciente,Ambato,Efectividad,Funcionalidad,Falla de funcionalidad en el módulo App Movil que impide al usuario completar sus tareas de manera precisa y completa.
3040,2025-08-03,HCE,El sistema se congela al adjuntar resultados de laboratorio a la HCE,Medico,Manta,Efectividad,Funcionalidad,Falla de funcionalidad en el módulo HCE que impide al usuario completar sus tareas de manera precisa y completa.
3041,2025-08-04,Facturacion,Nota de credito no se aplica al saldo pendiente del paciente,Admision,Quito,Libertad de Riesgo,RNF-03 (Errores de Facturación),"Fallas en la aplicación de notas de crédito o reembolsos que distorsionan los estados de cuenta, arriesgando multas tributarias e inconformidad legal."
3042,2025-08-05,HCE,El sistema no permite adjuntar imagenes de heridas desde la tablet,Medico,Guayaquil,Cobertura de Contexto,Flexibilidad de Dispositivo,El sistema presenta limitaciones de portabilidad y compatibilidad al operar en el contexto físico específico de tablets para adjuntar imágenes de heridas.
3043,2025-08-06,Facturacion,El modulo de facturacion se cae durante el cierre de caja,Admision,Cuenca,Efectividad,Funcionalidad,Falla de funcionalidad en el módulo Facturacion que impide al usuario completar sus tareas de manera precisa y completa.
3044,2025-08-07,Facturacion,Reintento de transaccion genera doble cobro en la tarjeta,Admision,Ambato,Libertad de Riesgo,RNF-03 (Errores de Facturación),"Violación del requerimiento no funcional RNF-03 de facturación; genera cobros indebidos en las tarjetas del cliente, comprometiendo la confianza y el riesgo financiero."
3045,2025-08-08,App Movil,La app no permite actualizar el numero de contacto del paciente,Paciente,Manta,Efectividad,Funcionalidad,Restricción de funcionalidad que impide al usuario realizar una acción requerida para completar su tarea.
3046,2025-08-09,Telemedicina,Calidad de video muy baja pese a tener buena conexion a internet,Paciente,Quito,Satisfacción,RNF-05 (Disponibilidad de llamada),Mala experiencia sensorial e interactiva durante la teleconsulta que impacta el RNF-05 y la percepción de calidad del servicio.
3047,2025-08-10,Facturacion,Error de calculo en el copago del seguro medico,Admision,Guayaquil,Libertad de Riesgo,RNF-03 (Errores de Facturación),"Errores en el cálculo del copago de seguros o discrepancias de montos facturados, induciendo a pérdidas financieras o reclamaciones legales."
3048,2025-08-11,HCE,Perdida de la nota de evolucion tras un cierre inesperado de sesion,Medico,Cuenca,Efectividad,Funcionalidad,Falla de funcionalidad en el módulo HCE que impide al usuario completar sus tareas de manera precisa y completa.
3049,2025-08-12,HCE,Receta electronica se genera con la dosis incorrecta tras guardar,Medico,Ambato,Libertad de Riesgo,Seguridad Clínica,"Riesgo extremo de salud para el paciente al guardar dosis farmacológicas erróneas en la receta electrónica, pudiendo causar sobredosis o inefectividad clínica."
3050,2025-08-13,Laboratorio,El sistema no permite adjuntar el reporte en PDF del laboratorio externo,Tecnico Laboratorio,Manta,Efectividad,Funcionalidad,Restricción de funcionalidad que impide al usuario realizar una acción requerida para completar su tarea.
3051,2025-08-14,HCE,Historial de alergias no carga al abrir la ficha del paciente,Medico,Quito,Libertad de Riesgo,Seguridad Clínica,"Falla crítica que expone la seguridad del paciente al omitir información vital de alergias, con un alto riesgo de shock anafiláctico o mala praxis."
3052,2025-08-15,Portal Citas,"Formulario confuso, abandono de registro antes de completar la cita",Paciente,Guayaquil,Satisfacción,RNF-02 (Pasos del Portal),"Diseño de interfaz de usuario confuso que provoca el abandono del registro, afectando la métrica de satisfacción y facilidad de uso percibida."
3053,2025-08-16,HCE,Consulta anterior no se muestra en el resumen de antecedentes,Medico,Cuenca,Efectividad,Funcionalidad,Falla de funcionalidad en el módulo HCE que impide al usuario completar sus tareas de manera precisa y completa.
3054,2025-08-17,App Movil,La aplicacion se cierra inesperadamente al abrir resultados de laboratorio,Paciente,Ambato,Efectividad,Funcionalidad,"Interrupción abrupta del sistema que impide que el usuario termine el registro de datos, reduciendo la efectividad operativa."
3055,2025-08-18,Farmacia,Alerta de vencimiento de lote no se muestra en el modulo,Farmacia,Manta,Libertad de Riesgo,Seguridad Clínica,Omitir la alerta de vencimiento de lotes farmacéuticos puede llevar a la administración de medicamentos caducados a los pacientes.
3056,2025-08-19,HCE,Perdida de la nota de evolucion tras un cierre inesperado de sesion,Medico,Quito,Efectividad,Funcionalidad,Falla de funcionalidad en el módulo HCE que impide al usuario completar sus tareas de manera precisa y completa.
3057,2025-08-20,HCE,Duplicado de historia clinica al registrar un paciente ya existente,Medico,Guayaquil,Libertad de Riesgo,Seguridad Clínica,"Riesgo de seguridad clínica debido a la fragmentación de la información de salud del paciente, lo que puede inducir a diagnósticos y tratamientos erróneos."
3058,2025-08-21,Facturacion,Error de calculo en el copago del seguro medico,Admision,Cuenca,Libertad de Riesgo,RNF-03 (Errores de Facturación),"Errores en el cálculo del copago de seguros o discrepancias de montos facturados, induciendo a pérdidas financieras o reclamaciones legales."
3059,2025-08-22,Telemedicina,El chat de la consulta no permite enviar imagenes,Paciente,Ambato,Efectividad,Funcionalidad,Restricción de funcionalidad que impide al usuario realizar una acción requerida para completar su tarea.
3060,2025-08-23,HCE,Perdida de la nota de evolucion tras un cierre inesperado de sesion,Medico,Manta,Efectividad,Funcionalidad,Falla de funcionalidad en el módulo HCE que impide al usuario completar sus tareas de manera precisa y completa.
3061,2025-08-24,Reportes Gerenciales,Discrepancia entre el reporte financiero y el modulo de facturacion,Gerencia,Quito,Libertad de Riesgo,RNF-03 (Errores de Facturación),"Discrepancia contable entre reportes directivos y facturación real, afectando las decisiones del negocio y la integridad de las auditorías."
3062,2025-08-25,HCE,Tiempo de carga de la ficha clinica supera los 9s en horas pico,Medico,Guayaquil,Eficiencia,Eficiencia Operativa,La latencia en horas pico para abrir la ficha clínica perjudica la productividad del médico durante la consulta.
3063,2025-08-26,Laboratorio,Retraso de 30s en la disponibilidad de resultados criticos,Tecnico Laboratorio,Cuenca,Eficiencia,Eficiencia Operativa,"El sistema presenta tiempos de respuesta elevados que consumen recursos de tiempo innecesarios, degradando la eficiencia del usuario en sus tareas."
3064,2025-08-27,Facturacion,Reembolso aprobado no se refleja en el estado de cuenta,Admision,Ambato,Libertad de Riesgo,RNF-03 (Errores de Facturación),"Fallas en la aplicación de notas de crédito o reembolsos que distorsionan los estados de cuenta, arriesgando multas tributarias e inconformidad legal."
3065,2025-08-28,Portal Citas,Usuario no logra agendar tras 2 intentos,Paciente,Manta,Satisfacción,RNF-02 (Pasos del Portal),"Incapacidad del usuario de lograr su meta tras múltiples intentos, violando el RNF-02 y provocando un alto nivel de frustración."
3066,2025-08-29,Portal Citas,Sesion expira antes de finalizar el proceso de agendamiento,Paciente,Quito,Satisfacción,Usabilidad,"Mala experiencia de usuario que interrumpe de forma prematura el proceso de compra/agendamiento, forzando a repetir pasos."
3067,2025-08-30,Facturacion,El sistema no reconoce el convenio con la aseguradora,Admision,Guayaquil,Libertad de Riesgo,RNF-03 (Errores de Facturación),El no reconocimiento de convenios de aseguradoras genera fricción de cobro y riesgo de pérdidas económicas por servicios no cubiertos correctamente.
3068,2025-08-31,HCE,Receta electronica se genera con la dosis incorrecta tras guardar,Medico,Cuenca,Libertad de Riesgo,Seguridad Clínica,"Riesgo extremo de salud para el paciente al guardar dosis farmacológicas erróneas en la receta electrónica, pudiendo causar sobredosis o inefectividad clínica."
3069,2025-09-01,Portal Citas,Doble reserva de un mismo cupo por dos pacientes distintos,Paciente,Ambato,Libertad de Riesgo,RNF-03 (Errores de Facturación),"Doble agendamiento de un mismo cupo que genera sobreventa de citas, colapso de agenda de especialistas y multas o insatisfacción comercial."
3070,2025-09-02,Portal Citas,El sistema no envia la confirmacion por correo electronico,Paciente,Manta,Efectividad,Funcionalidad,Falla funcional que impide completar la tarea de confirmación de cita al paciente por canal de correo electrónico.
3071,2025-09-03,Farmacia,Receta electronica llega incompleta desde el modulo de HCE,Farmacia,Quito,Efectividad,Funcionalidad,Falla de funcionalidad en el módulo Farmacia que impide al usuario completar sus tareas de manera precisa y completa.
3072,2025-09-04,HCE,Consulta anterior no se muestra en el resumen de antecedentes,Medico,Guayaquil,Efectividad,Funcionalidad,Falla de funcionalidad en el módulo HCE que impide al usuario completar sus tareas de manera precisa y completa.
3073,2025-09-05,Portal Citas,Cita agendada no aparece reflejada en el calendario del especialista,Paciente,Cuenca,Efectividad,Funcionalidad,Falla de funcionalidad en el módulo Portal Citas que impide al usuario completar sus tareas de manera precisa y completa.
3074,2025-09-06,Telemedicina,El medico no puede compartir pantalla con resultados de examenes,Paciente,Ambato,Efectividad,Funcionalidad,Falla de funcionalidad en el módulo Telemedicina que impide al usuario completar sus tareas de manera precisa y completa.
3075,2025-09-07,Portal Citas,Sesion expira antes de finalizar el proceso de agendamiento,Paciente,Manta,Satisfacción,Usabilidad,"Mala experiencia de usuario que interrumpe de forma prematura el proceso de compra/agendamiento, forzando a repetir pasos."
3076,2025-09-08,App Movil,Version desactualizada del app impide iniciar sesion,Paciente,Quito,Cobertura de Contexto,Portabilidad,Incompatibilidad y falta de robustez del sistema cuando se ejecuta en el contexto de sistemas cliente que no cuentan con la última versión de software.
3077,2025-09-09,Portal Citas,Doble reserva de un mismo cupo por dos pacientes distintos,Paciente,Guayaquil,Libertad de Riesgo,RNF-03 (Errores de Facturación),"Doble agendamiento de un mismo cupo que genera sobreventa de citas, colapso de agenda de especialistas y multas o insatisfacción comercial."
3078,2025-09-10,Farmacia,Error al registrar la dispensacion de un medicamento controlado,Farmacia,Cuenca,Libertad de Riesgo,Seguridad Clínica,"Error en el registro de medicamentos regulados, lo que genera riesgos legales, regulatorios y de seguridad en el control de sustancias psicotrópicas."
3079,2025-09-11,App Movil,La aplicacion se cierra inesperadamente al abrir resultados de laboratorio,Paciente,Ambato,Efectividad,Funcionalidad,"Interrupción abrupta del sistema que impide que el usuario termine el registro de datos, reduciendo la efectividad operativa."
3080,2025-09-12,Facturacion,Reintento de transaccion genera doble cobro en la tarjeta,Admision,Manta,Libertad de Riesgo,RNF-03 (Errores de Facturación),"Violación del requerimiento no funcional RNF-03 de facturación; genera cobros indebidos en las tarjetas del cliente, comprometiendo la confianza y el riesgo financiero."
3081,2025-09-13,HCE,Nota de evolucion tarda 31s en guardarse,Medico,Quito,Eficiencia,RNF-01 (Latencia HCE),"El tiempo de guardado supera los 8 segundos tolerables, violando directamente el requerimiento no funcional RNF-01 de rendimiento del sistema para notas clínicas."
3082,2025-09-14,HCE,Firma electronica del medico no se valida al cerrar la consulta,Medico,Guayaquil,Efectividad,Funcionalidad,Falla de funcionalidad en el módulo HCE que impide al usuario completar sus tareas de manera precisa y completa.
3083,2025-09-15,Facturacion,El modulo de facturacion se cae durante el cierre de caja,Admision,Cuenca,Efectividad,Funcionalidad,Falla de funcionalidad en el módulo Facturacion que impide al usuario completar sus tareas de manera precisa y completa.
3084,2025-09-16,Facturacion,Factura generada con el nombre del paciente incorrecto,Admision,Ambato,Efectividad,Funcionalidad,Falla de funcionalidad en el módulo Facturacion que impide al usuario completar sus tareas de manera precisa y completa.
3085,2025-09-17,HCE,Firma electronica del medico no se valida al cerrar la consulta,Medico,Manta,Efectividad,Funcionalidad,Falla de funcionalidad en el módulo HCE que impide al usuario completar sus tareas de manera precisa y completa.
3086,2025-09-18,Portal Citas,El pago del bono de consulta no se refleja tras completarlo,Paciente,Quito,Libertad de Riesgo,RNF-03 (Errores de Facturación),Inconsistencia financiera en los cobros o transacciones del sistema que infringe las normativas contables y expone al hospital a pérdidas económicas.
3087,2025-09-19,Portal Citas,Doble reserva de un mismo cupo por dos pacientes distintos,Paciente,Guayaquil,Libertad de Riesgo,RNF-03 (Errores de Facturación),"Doble agendamiento de un mismo cupo que genera sobreventa de citas, colapso de agenda de especialistas y multas o insatisfacción comercial."
3088,2025-09-20,Farmacia,Error al registrar la dispensacion de un medicamento controlado,Farmacia,Cuenca,Libertad de Riesgo,Seguridad Clínica,"Error en el registro de medicamentos regulados, lo que genera riesgos legales, regulatorios y de seguridad en el control de sustancias psicotrópicas."
3089,2025-09-21,Facturacion,Error de calculo en el copago del seguro medico,Admision,Ambato,Libertad de Riesgo,RNF-03 (Errores de Facturación),"Errores en el cálculo del copago de seguros o discrepancias de montos facturados, induciendo a pérdidas financieras o reclamaciones legales."
3090,2025-09-22,Portal Citas,Error al reagendar una cita previamente confirmada,Paciente,Manta,Efectividad,Funcionalidad,Falla de funcionalidad en el módulo Portal Citas que impide al usuario completar sus tareas de manera precisa y completa.
3091,2025-09-23,HCE,Tiempo de carga de la ficha clinica supera los 35s en horas pico,Medico,Quito,Eficiencia,Eficiencia Operativa,La latencia en horas pico para abrir la ficha clínica perjudica la productividad del médico durante la consulta.
3092,2025-09-24,Telemedicina,Receta electronica no se genera al finalizar la teleconsulta,Paciente,Guayaquil,Efectividad,Funcionalidad,Falla de funcionalidad en el módulo Telemedicina que impide al usuario completar sus tareas de manera precisa y completa.
3093,2025-09-25,Facturacion,Error de calculo en el copago del seguro medico,Admision,Cuenca,Libertad de Riesgo,RNF-03 (Errores de Facturación),"Errores en el cálculo del copago de seguros o discrepancias de montos facturados, induciendo a pérdidas financieras o reclamaciones legales."
3094,2025-09-26,App Movil,El boton de teleconsulta no redirige correctamente a la videollamada,Paciente,Ambato,Efectividad,Funcionalidad,Falla de funcionalidad en el módulo App Movil que impide al usuario completar sus tareas de manera precisa y completa.
3095,2025-09-27,Telemedicina,Audio desincronizado durante la teleconsulta,Paciente,Manta,Satisfacción,RNF-05 (Disponibilidad de llamada),Mala experiencia sensorial e interactiva durante la teleconsulta que impacta el RNF-05 y la percepción de calidad del servicio.
3096,2025-09-28,Portal Citas,El sistema no envia la confirmacion por correo electronico,Paciente,Quito,Efectividad,Funcionalidad,Falla funcional que impide completar la tarea de confirmación de cita al paciente por canal de correo electrónico.
3097,2025-09-29,HCE,El campo de diagnostico CIE-10 no permite busqueda por texto,Medico,Guayaquil,Efectividad,Funcionalidad,Restricción de funcionalidad que impide al usuario realizar una acción requerida para completar su tarea.
3098,2025-09-30,Portal Citas,Error al reagendar una cita previamente confirmada,Paciente,Cuenca,Efectividad,Funcionalidad,Falla de funcionalidad en el módulo Portal Citas que impide al usuario completar sus tareas de manera precisa y completa.
3099,2025-10-01,HCE,El sistema se congela al adjuntar resultados de laboratorio a la HCE,Medico,Ambato,Efectividad,Funcionalidad,Falla de funcionalidad en el módulo HCE que impide al usuario completar sus tareas de manera precisa y completa.
3100,2025-10-02,HCE,El sistema se congela al adjuntar resultados de laboratorio a la HCE,Medico,Manta,Efectividad,Funcionalidad,Falla de funcionalidad en el módulo HCE que impide al usuario completar sus tareas de manera precisa y completa.
3101,2025-10-03,Telemedicina,Videollamada se corta a los 2 minutos,Paciente,Quito,Cobertura de Contexto,RNF-05 (Disponibilidad de llamada),"Falta de resiliencia del canal de comunicación ante variaciones en la conectividad del usuario, interrumpiendo la sesión de teleconsulta en producción."
3102,2025-10-04,HCE,Orden medica no se sincroniza con el modulo de farmacia,Medico,Guayaquil,Efectividad,Integración Funcional,Error de integración funcional que impide la sincronización y actualización del registro médico entre módulos del HIS.
3103,2025-10-05,HCE,Receta electronica se genera con la dosis incorrecta tras guardar,Medico,Cuenca,Libertad de Riesgo,Seguridad Clínica,"Riesgo extremo de salud para el paciente al guardar dosis farmacológicas erróneas en la receta electrónica, pudiendo causar sobredosis o inefectividad clínica."
3104,2025-10-06,Farmacia,Alerta de vencimiento de lote no se muestra en el modulo,Farmacia,Ambato,Libertad de Riesgo,Seguridad Clínica,Omitir la alerta de vencimiento de lotes farmacéuticos puede llevar a la administración de medicamentos caducados a los pacientes.
3105,2025-10-07,Farmacia,Duplicidad de codigos entre dos presentaciones distintas de un mismo farmaco,Farmacia,Manta,Libertad de Riesgo,Seguridad Clínica,"La duplicación de códigos de fármacos introduce un riesgo de dispensación errónea en farmacia, comprometiendo la seguridad terapéutica del paciente."
3106,2025-10-08,Portal Citas,Boton de confirmar cita no responde en dispositivos moviles,Paciente,Quito,Cobertura de Contexto,Portabilidad,"Falla de adaptabilidad de la interfaz en el contexto de dispositivos móviles, impidiendo confirmar citas desde pantallas de formatos pequeños."
3107,2025-10-09,Telemedicina,Audio desincronizado durante la teleconsulta,Paciente,Guayaquil,Satisfacción,RNF-05 (Disponibilidad de llamada),Mala experiencia sensorial e interactiva durante la teleconsulta que impacta el RNF-05 y la percepción de calidad del servicio.
3108,2025-10-10,HCE,Receta electronica se genera con la dosis incorrecta tras guardar,Medico,Cuenca,Libertad de Riesgo,Seguridad Clínica,"Riesgo extremo de salud para el paciente al guardar dosis farmacológicas erróneas en la receta electrónica, pudiendo causar sobredosis o inefectividad clínica."
3109,2025-10-11,Facturacion,El sistema no permite anular una factura emitida por error,Admision,Ambato,Efectividad,Funcionalidad,Restricción de funcionalidad que impide al usuario realizar una acción requerida para completar su tarea.
3110,2025-10-12,HCE,Datos de otro paciente visibles brevemente al abrir un expediente,Medico,Manta,Libertad de Riesgo,Seguridad Clínica,"Fuga de información y violación de la confidencialidad médica (HIPAA/Ley de Protección de Datos), exponiendo datos de otros pacientes."
3111,2025-10-13,HCE,Orden medica no se sincroniza con el modulo de farmacia,Medico,Quito,Efectividad,Integración Funcional,Error de integración funcional que impide la sincronización y actualización del registro médico entre módulos del HIS.
3112,2025-10-14,Portal Citas,El pago del bono de consulta no se refleja tras completarlo,Paciente,Guayaquil,Libertad de Riesgo,RNF-03 (Errores de Facturación),Inconsistencia financiera en los cobros o transacciones del sistema que infringe las normativas contables y expone al hospital a pérdidas económicas.
3113,2025-10-15,Laboratorio,Retraso de 27s en la disponibilidad de resultados criticos,Tecnico Laboratorio,Cuenca,Eficiencia,Eficiencia Operativa,"El sistema presenta tiempos de respuesta elevados que consumen recursos de tiempo innecesarios, degradando la eficiencia del usuario en sus tareas."
3114,2025-10-16,Facturacion,Factura duplicada al reintentar pago,Admision,Ambato,Libertad de Riesgo,RNF-03 (Errores de Facturación),"Violación del requerimiento no funcional RNF-03 de facturación; genera cobros indebidos en las tarjetas del cliente, comprometiendo la confianza y el riesgo financiero."
3115,2025-10-17,HCE,Alerta de interaccion medicamentosa no se despliega correctamente,Medico,Manta,Libertad de Riesgo,Seguridad Clínica,El fallo en el despliegue de alertas de interacción farmacológica pone en riesgo inminente la salud del paciente ante combinaciones letales.
3116,2025-10-18,Portal Citas,Notificacion de recordatorio de cita llega con la fecha incorrecta,Paciente,Quito,Efectividad,Funcionalidad,Falla de funcionalidad en el módulo Portal Citas que impide al usuario completar sus tareas de manera precisa y completa.
3117,2025-10-19,Laboratorio,Retraso de 23s en la disponibilidad de resultados criticos,Tecnico Laboratorio,Guayaquil,Eficiencia,Eficiencia Operativa,"El sistema presenta tiempos de respuesta elevados que consumen recursos de tiempo innecesarios, degradando la eficiencia del usuario en sus tareas."
3118,2025-10-20,HCE,Receta electronica se genera con la dosis incorrecta tras guardar,Medico,Cuenca,Libertad de Riesgo,Seguridad Clínica,"Riesgo extremo de salud para el paciente al guardar dosis farmacológicas erróneas en la receta electrónica, pudiendo causar sobredosis o inefectividad clínica."
3119,2025-10-21,HCE,Alerta de interaccion medicamentosa no se despliega correctamente,Medico,Ambato,Libertad de Riesgo,Seguridad Clínica,El fallo en el despliegue de alertas de interacción farmacológica pone en riesgo inminente la salud del paciente ante combinaciones letales.
3120,2025-10-22,HCE,El campo de diagnostico CIE-10 no permite busqueda por texto,Medico,Manta,Efectividad,Funcionalidad,Restricción de funcionalidad que impide al usuario realizar una acción requerida para completar su tarea.
3121,2025-10-23,Telemedicina,La sesion se cierra automaticamente antes de terminar la consulta,Paciente,Quito,Efectividad,Funcionalidad,Falla de funcionalidad en el módulo Telemedicina que impide al usuario completar sus tareas de manera precisa y completa.
3122,2025-10-24,App Movil,Consumo elevado de datos moviles al abrir el modulo de citas,Paciente,Guayaquil,Cobertura de Contexto,Portabilidad,"Consumo excesivo de ancho de banda móvil, lo que restringe el uso eficiente del sistema en redes celulares de datos (fuera de la intranet del hospital)."
3123,2025-10-25,Facturacion,Factura generada con el nombre del paciente incorrecto,Admision,Cuenca,Efectividad,Funcionalidad,Falla de funcionalidad en el módulo Facturacion que impide al usuario completar sus tareas de manera precisa y completa.
3124,2025-10-26,Facturacion,El modulo de facturacion se cae durante el cierre de caja,Admision,Ambato,Efectividad,Funcionalidad,Falla de funcionalidad en el módulo Facturacion que impide al usuario completar sus tareas de manera precisa y completa.
3125,2025-10-27,HCE,El sistema no permite adjuntar imagenes de heridas desde la tablet,Medico,Manta,Cobertura de Contexto,Flexibilidad de Dispositivo,El sistema presenta limitaciones de portabilidad y compatibilidad al operar en el contexto físico específico de tablets para adjuntar imágenes de heridas.
3126,2025-10-28,Telemedicina,Videollamada se corta a los 5 minutos,Paciente,Quito,Cobertura de Contexto,RNF-05 (Disponibilidad de llamada),"Falta de resiliencia del canal de comunicación ante variaciones en la conectividad del usuario, interrumpiendo la sesión de teleconsulta en producción."
3127,2025-10-29,Portal Citas,Notificacion de recordatorio de cita llega con la fecha incorrecta,Paciente,Guayaquil,Efectividad,Funcionalidad,Falla de funcionalidad en el módulo Portal Citas que impide al usuario completar sus tareas de manera precisa y completa.
3128,2025-10-30,HCE,Duplicado de historia clinica al registrar un paciente ya existente,Medico,Cuenca,Libertad de Riesgo,Seguridad Clínica,"Riesgo de seguridad clínica debido a la fragmentación de la información de salud del paciente, lo que puede inducir a diagnósticos y tratamientos erróneos."
3129,2025-10-31,HCE,Orden medica no se sincroniza con el modulo de farmacia,Medico,Ambato,Efectividad,Integración Funcional,Error de integración funcional que impide la sincronización y actualización del registro médico entre módulos del HIS.
3130,2025-11-01,HCE,Firma electronica del medico no se valida al cerrar la consulta,Medico,Manta,Efectividad,Funcionalidad,Falla de funcionalidad en el módulo HCE que impide al usuario completar sus tareas de manera precisa y completa.
3131,2025-11-02,Portal Citas,Tiempo de espera en el portal supera los 30s en horas pico,Paciente,Quito,Eficiencia,Eficiencia Operativa,"El sistema presenta tiempos de respuesta elevados que consumen recursos de tiempo innecesarios, degradando la eficiencia del usuario en sus tareas."
3132,2025-11-03,Telemedicina,Videollamada se corta a los 3 minutos,Paciente,Guayaquil,Cobertura de Contexto,RNF-05 (Disponibilidad de llamada),"Falta de resiliencia del canal de comunicación ante variaciones en la conectividad del usuario, interrumpiendo la sesión de teleconsulta en producción."
3133,2025-11-04,HCE,Firma electronica del medico no se valida al cerrar la consulta,Medico,Cuenca,Efectividad,Funcionalidad,Falla de funcionalidad en el módulo HCE que impide al usuario completar sus tareas de manera precisa y completa.
3134,2025-11-05,Laboratorio,Retraso de 35s en la disponibilidad de resultados criticos,Tecnico Laboratorio,Ambato,Eficiencia,Eficiencia Operativa,"El sistema presenta tiempos de respuesta elevados que consumen recursos de tiempo innecesarios, degradando la eficiencia del usuario en sus tareas."
3135,2025-11-06,HCE,Historial de alergias no carga al abrir la ficha del paciente,Medico,Manta,Libertad de Riesgo,Seguridad Clínica,"Falla crítica que expone la seguridad del paciente al omitir información vital de alergias, con un alto riesgo de shock anafiláctico o mala praxis."
3136,2025-11-07,Reportes Gerenciales,Tiempo de generacion del reporte mensual supera los 35 minutos,Gerencia,Quito,Eficiencia,Eficiencia Operativa,"Demoras severas en la generación de reportes mensuales de inteligencia de negocio, penalizando la eficiencia en el tiempo de procesamiento y toma de decisiones."
3137,2025-11-08,Telemedicina,El chat de la consulta no permite enviar imagenes,Paciente,Guayaquil,Efectividad,Funcionalidad,Restricción de funcionalidad que impide al usuario realizar una acción requerida para completar su tarea.
3138,2025-11-09,Portal Citas,Filtro de especialidad medica no devuelve resultados,Paciente,Cuenca,Efectividad,Funcionalidad,Falla de funcionalidad en el módulo Portal Citas que impide al usuario completar sus tareas de manera precisa y completa.
3139,2025-11-10,HCE,Receta electronica se genera con la dosis incorrecta tras guardar,Medico,Ambato,Libertad de Riesgo,Seguridad Clínica,"Riesgo extremo de salud para el paciente al guardar dosis farmacológicas erróneas en la receta electrónica, pudiendo causar sobredosis o inefectividad clínica."
3140,2025-11-11,App Movil,Notificaciones push no llegan pese a estar activadas,Paciente,Manta,Efectividad,Funcionalidad,Falla de funcionalidad en el módulo App Movil que impide al usuario completar sus tareas de manera precisa y completa.
3141,2025-11-12,Portal Citas,Error al reagendar una cita previamente confirmada,Paciente,Quito,Efectividad,Funcionalidad,Falla de funcionalidad en el módulo Portal Citas que impide al usuario completar sus tareas de manera precisa y completa.
3142,2025-11-13,Farmacia,Duplicidad de codigos entre dos presentaciones distintas de un mismo farmaco,Farmacia,Guayaquil,Libertad de Riesgo,Seguridad Clínica,"La duplicación de códigos de fármacos introduce un riesgo de dispensación errónea en farmacia, comprometiendo la seguridad terapéutica del paciente."
3143,2025-11-14,HCE,Signos vitales registrados por enfermeria no aparecen en la HCE del medico,Medico,Cuenca,Efectividad,Integración de Datos,Falla de funcionalidad en el módulo HCE que impide al usuario completar sus tareas de manera precisa y completa.
3144,2025-11-15,Telemedicina,Receta electronica no se genera al finalizar la teleconsulta,Paciente,Ambato,Efectividad,Funcionalidad,Falla de funcionalidad en el módulo Telemedicina que impide al usuario completar sus tareas de manera precisa y completa.
3145,2025-11-16,Laboratorio,Orden de laboratorio duplicada tras reintentar el envio,Tecnico Laboratorio,Manta,Efectividad,Funcionalidad,Falla de funcionalidad en el módulo Laboratorio que impide al usuario completar sus tareas de manera precisa y completa.
3146,2025-11-17,Telemedicina,Calidad de video muy baja pese a tener buena conexion a internet,Paciente,Quito,Satisfacción,RNF-05 (Disponibilidad de llamada),Mala experiencia sensorial e interactiva durante la teleconsulta que impacta el RNF-05 y la percepción de calidad del servicio.
3147,2025-11-18,Telemedicina,Grabacion de la consulta no se almacena correctamente,Paciente,Guayaquil,Efectividad,Funcionalidad,Falla de funcionalidad en el módulo Telemedicina que impide al usuario completar sus tareas de manera precisa y completa.
3148,2025-11-19,Facturacion,El sistema no reconoce el convenio con la aseguradora,Admision,Cuenca,Libertad de Riesgo,RNF-03 (Errores de Facturación),El no reconocimiento de convenios de aseguradoras genera fricción de cobro y riesgo de pérdidas económicas por servicios no cubiertos correctamente.
3149,2025-11-20,Portal Citas,Tiempo de espera en el portal supera los 30s en horas pico,Paciente,Ambato,Eficiencia,Eficiencia Operativa,"El sistema presenta tiempos de respuesta elevados que consumen recursos de tiempo innecesarios, degradando la eficiencia del usuario en sus tareas."
3150,2025-11-21,Facturacion,Nota de credito no se aplica al saldo pendiente del paciente,Admision,Manta,Libertad de Riesgo,RNF-03 (Errores de Facturación),"Fallas en la aplicación de notas de crédito o reembolsos que distorsionan los estados de cuenta, arriesgando multas tributarias e inconformidad legal."
3151,2025-11-22,Laboratorio,Orden de laboratorio duplicada tras reintentar el envio,Tecnico Laboratorio,Quito,Efectividad,Funcionalidad,Falla de funcionalidad en el módulo Laboratorio que impide al usuario completar sus tareas de manera precisa y completa.
3152,2025-11-23,Laboratorio,Resultado de examen de laboratorio no se sincroniza con la HCE,Tecnico Laboratorio,Guayaquil,Efectividad,Integración de Datos,Error de integración funcional que impide la sincronización y actualización del registro médico entre módulos del HIS.
3153,2025-11-24,Reportes Gerenciales,Discrepancia entre el reporte financiero y el modulo de facturacion,Gerencia,Cuenca,Libertad de Riesgo,RNF-03 (Errores de Facturación),"Discrepancia contable entre reportes directivos y facturación real, afectando las decisiones del negocio y la integridad de las auditorías."
3154,2025-11-25,Telemedicina,Receta electronica no se genera al finalizar la teleconsulta,Paciente,Ambato,Efectividad,Funcionalidad,Falla de funcionalidad en el módulo Telemedicina que impide al usuario completar sus tareas de manera precisa y completa.
3155,2025-11-26,App Movil,Consumo elevado de datos moviles al abrir el modulo de citas,Paciente,Manta,Cobertura de Contexto,Portabilidad,"Consumo excesivo de ancho de banda móvil, lo que restringe el uso eficiente del sistema en redes celulares de datos (fuera de la intranet del hospital)."
3156,2025-11-27,Telemedicina,Notificacion de inicio de teleconsulta llega con retraso de 20s,Paciente,Quito,Eficiencia,Eficiencia Operativa,"El sistema presenta tiempos de respuesta elevados que consumen recursos de tiempo innecesarios, degradando la eficiencia del usuario en sus tareas."
3157,2025-11-28,Imagenologia,Perdida de calidad en las imagenes al ser visualizadas desde la app,Radiologo,Guayaquil,Satisfacción,Usabilidad,Degradación visual que afecta la comodidad y confianza de los médicos al visualizar estudios clínicos desde la app móvil.
3158,2025-11-29,Imagenologia,El informe radiologico no se adjunta automaticamente a la HCE,Radiologo,Cuenca,Efectividad,Funcionalidad,Falla de funcionalidad en el módulo Imagenologia que impide al usuario completar sus tareas de manera precisa y completa.
3159,2025-11-30,Farmacia,Inventario del sistema no coincide con el stock fisico del insumo,Farmacia,Ambato,Efectividad,Funcionalidad,Falla de funcionalidad en el módulo Farmacia que impide al usuario completar sus tareas de manera precisa y completa.
3160,2025-12-01,Portal Citas,Boton de confirmar cita no responde en dispositivos moviles,Paciente,Manta,Cobertura de Contexto,Portabilidad,"Falla de adaptabilidad de la interfaz en el contexto de dispositivos móviles, impidiendo confirmar citas desde pantallas de formatos pequeños."
3161,2025-12-02,Imagenologia,El informe radiologico no se adjunta automaticamente a la HCE,Radiologo,Quito,Efectividad,Funcionalidad,Falla de funcionalidad en el módulo Imagenologia que impide al usuario completar sus tareas de manera precisa y completa.
3162,2025-12-03,Farmacia,Tiempo de respuesta del modulo de farmacia supera los 10s,Farmacia,Guayaquil,Eficiencia,Eficiencia Operativa,"El sistema presenta tiempos de respuesta elevados que consumen recursos de tiempo innecesarios, degradando la eficiencia del usuario en sus tareas."
3163,2025-12-04,HCE,El sistema se congela al adjuntar resultados de laboratorio a la HCE,Medico,Cuenca,Efectividad,Funcionalidad,Falla de funcionalidad en el módulo HCE que impide al usuario completar sus tareas de manera precisa y completa.
3164,2025-12-05,Farmacia,Error al registrar la dispensacion de un medicamento controlado,Farmacia,Ambato,Libertad de Riesgo,Seguridad Clínica,"Error en el registro de medicamentos regulados, lo que genera riesgos legales, regulatorios y de seguridad en el control de sustancias psicotrópicas."
3165,2025-12-06,Farmacia,Inventario del sistema no coincide con el stock fisico del insumo,Farmacia,Manta,Efectividad,Funcionalidad,Falla de funcionalidad en el módulo Farmacia que impide al usuario completar sus tareas de manera precisa y completa.
3166,2025-12-07,HCE,Perdida de la nota de evolucion tras un cierre inesperado de sesion,Medico,Quito,Efectividad,Funcionalidad,Falla de funcionalidad en el módulo HCE que impide al usuario completar sus tareas de manera precisa y completa.
3167,2025-12-08,Imagenologia,Las imagenes de rayos X no cargan en el visor DICOM,Radiologo,Guayaquil,Efectividad,Funcionalidad,Falla de funcionalidad en el módulo Imagenologia que impide al usuario completar sus tareas de manera precisa y completa.
3168,2025-12-09,Facturacion,Error de calculo en el copago del seguro medico,Admision,Cuenca,Libertad de Riesgo,RNF-03 (Errores de Facturación),"Errores en el cálculo del copago de seguros o discrepancias de montos facturados, induciendo a pérdidas financieras o reclamaciones legales."
3169,2025-12-10,App Movil,La app no permite actualizar el numero de contacto del paciente,Paciente,Ambato,Efectividad,Funcionalidad,Restricción de funcionalidad que impide al usuario realizar una acción requerida para completar su tarea.
3170,2025-12-11,Telemedicina,El medico no puede compartir pantalla con resultados de examenes,Paciente,Manta,Efectividad,Funcionalidad,Falla de funcionalidad en el módulo Telemedicina que impide al usuario completar sus tareas de manera precisa y completa.
3171,2025-12-12,Facturacion,Reembolso aprobado no se refleja en el estado de cuenta,Admision,Quito,Libertad de Riesgo,RNF-03 (Errores de Facturación),"Fallas en la aplicación de notas de crédito o reembolsos que distorsionan los estados de cuenta, arriesgando multas tributarias e inconformidad legal."
3172,2025-12-13,App Movil,El boton de teleconsulta no redirige correctamente a la videollamada,Paciente,Guayaquil,Efectividad,Funcionalidad,Falla de funcionalidad en el módulo App Movil que impide al usuario completar sus tareas de manera precisa y completa.
3173,2025-12-14,Facturacion,Factura electronica no llega al correo registrado del paciente,Admision,Cuenca,Efectividad,Funcionalidad,Falla de funcionalidad en el módulo Facturacion que impide al usuario completar sus tareas de manera precisa y completa.
3174,2025-12-15,Laboratorio,Orden de laboratorio duplicada tras reintentar el envio,Tecnico Laboratorio,Ambato,Efectividad,Funcionalidad,Falla de funcionalidad en el módulo Laboratorio que impide al usuario completar sus tareas de manera precisa y completa.
3175,2025-12-16,Farmacia,El sistema bloquea la dispensacion sin mostrar el motivo,Farmacia,Manta,Satisfacción,Usabilidad,La falta de mensajes informativos claros y feedback del sistema incrementa la incertidumbre y frustración del operario farmacéutico.
3176,2025-12-17,App Movil,Resultados de examenes no se visualizan en formato PDF,Paciente,Quito,Efectividad,Funcionalidad,Falla de funcionalidad en el módulo App Movil que impide al usuario completar sus tareas de manera precisa y completa.
3177,2025-12-18,Portal Citas,El portal muestra disponibilidad para un horario ya ocupado,Paciente,Guayaquil,Efectividad,Funcionalidad,Falla de funcionalidad en el módulo Portal Citas que impide al usuario completar sus tareas de manera precisa y completa.
3178,2025-12-19,HCE,Receta electronica se genera con la dosis incorrecta tras guardar,Medico,Cuenca,Libertad de Riesgo,Seguridad Clínica,"Riesgo extremo de salud para el paciente al guardar dosis farmacológicas erróneas en la receta electrónica, pudiendo causar sobredosis o inefectividad clínica."
3179,2025-12-20,Farmacia,Alerta de vencimiento de lote no se muestra en el modulo,Farmacia,Ambato,Libertad de Riesgo,Seguridad Clínica,Omitir la alerta de vencimiento de lotes farmacéuticos puede llevar a la administración de medicamentos caducados a los pacientes.
3180,2025-12-21,Portal Citas,Filtro de especialidad medica no devuelve resultados,Paciente,Manta,Efectividad,Funcionalidad,Falla de funcionalidad en el módulo Portal Citas que impide al usuario completar sus tareas de manera precisa y completa.
3181,2025-12-22,App Movil,El boton de teleconsulta no redirige correctamente a la videollamada,Paciente,Quito,Efectividad,Funcionalidad,Falla de funcionalidad en el módulo App Movil que impide al usuario completar sus tareas de manera precisa y completa.
3182,2025-12-23,Farmacia,Receta electronica llega incompleta desde el modulo de HCE,Farmacia,Guayaquil,Efectividad,Funcionalidad,Falla de funcionalidad en el módulo Farmacia que impide al usuario completar sus tareas de manera precisa y completa.
3183,2025-12-24,Imagenologia,Tiempo de carga de estudios de imagen supera los 27s,Radiologo,Cuenca,Eficiencia,Eficiencia Operativa,La lentitud en la carga y transferencia de archivos DICOM pesados degrada la eficiencia del flujo de trabajo clínico en imagenología.
3184,2025-12-25,Reportes Gerenciales,Tiempo de generacion del reporte mensual supera los 25 minutos,Gerencia,Ambato,Eficiencia,Eficiencia Operativa,"Demoras severas en la generación de reportes mensuales de inteligencia de negocio, penalizando la eficiencia en el tiempo de procesamiento y toma de decisiones."
3185,2025-12-26,Facturacion,El sistema no permite anular una factura emitida por error,Admision,Manta,Efectividad,Funcionalidad,Restricción de funcionalidad que impide al usuario realizar una acción requerida para completar su tarea.
3186,2025-12-27,HCE,Nota de evolucion tarda 11s en guardarse,Medico,Quito,Eficiencia,RNF-01 (Latencia HCE),"El tiempo de guardado supera los 8 segundos tolerables, violando directamente el requerimiento no funcional RNF-01 de rendimiento del sistema para notas clínicas."
3187,2025-12-28,Telemedicina,Audio desincronizado durante la teleconsulta,Paciente,Guayaquil,Satisfacción,RNF-05 (Disponibilidad de llamada),Mala experiencia sensorial e interactiva durante la teleconsulta que impacta el RNF-05 y la percepción de calidad del servicio.
3188,2025-12-29,Imagenologia,Tiempo de carga de estudios de imagen supera los 19s,Radiologo,Cuenca,Eficiencia,Eficiencia Operativa,La lentitud en la carga y transferencia de archivos DICOM pesados degrada la eficiencia del flujo de trabajo clínico en imagenología.
3189,2025-12-30,Laboratorio,Retraso de 13s en la disponibilidad de resultados criticos,Tecnico Laboratorio,Ambato,Eficiencia,Eficiencia Operativa,"El sistema presenta tiempos de respuesta elevados que consumen recursos de tiempo innecesarios, degradando la eficiencia del usuario en sus tareas."
3190,2025-12-31,HCE,Nota de evolucion tarda 12s en guardarse,Medico,Manta,Eficiencia,RNF-01 (Latencia HCE),"El tiempo de guardado supera los 8 segundos tolerables, violando directamente el requerimiento no funcional RNF-01 de rendimiento del sistema para notas clínicas."
3191,2025-01-01,HCE,El sistema se congela al adjuntar resultados de laboratorio a la HCE,Medico,Quito,Efectividad,Funcionalidad,Falla de funcionalidad en el módulo HCE que impide al usuario completar sus tareas de manera precisa y completa.
3192,2025-01-02,HCE,Alerta de interaccion medicamentosa no se despliega correctamente,Medico,Guayaquil,Libertad de Riesgo,Seguridad Clínica,El fallo en el despliegue de alertas de interacción farmacológica pone en riesgo inminente la salud del paciente ante combinaciones letales.
3193,2025-01-03,Portal Citas,Usuario no logra agendar tras 4 intentos,Paciente,Cuenca,Satisfacción,RNF-02 (Pasos del Portal),"Incapacidad del usuario de lograr su meta tras múltiples intentos, violando el RNF-02 y provocando un alto nivel de frustración."
3194,2025-01-04,Laboratorio,Retraso de 21s en la disponibilidad de resultados criticos,Tecnico Laboratorio,Ambato,Eficiencia,Eficiencia Operativa,"El sistema presenta tiempos de respuesta elevados que consumen recursos de tiempo innecesarios, degradando la eficiencia del usuario en sus tareas."
3195,2025-01-05,Laboratorio,El sistema no permite adjuntar el reporte en PDF del laboratorio externo,Tecnico Laboratorio,Manta,Efectividad,Funcionalidad,Restricción de funcionalidad que impide al usuario realizar una acción requerida para completar su tarea.
3196,2025-01-06,Portal Citas,Usuario no logra agendar tras 3 intentos,Paciente,Quito,Satisfacción,RNF-02 (Pasos del Portal),"Incapacidad del usuario de lograr su meta tras múltiples intentos, violando el RNF-02 y provocando un alto nivel de frustración."
3197,2025-01-07,Portal Citas,Error al reagendar una cita previamente confirmada,Paciente,Guayaquil,Efectividad,Funcionalidad,Falla de funcionalidad en el módulo Portal Citas que impide al usuario completar sus tareas de manera precisa y completa.
3198,2025-01-08,Laboratorio,Codigo de barras de la muestra no es reconocido por el lector,Tecnico Laboratorio,Cuenca,Efectividad,Funcionalidad,Falla de funcionalidad en el módulo Laboratorio que impide al usuario completar sus tareas de manera precisa y completa.
3199,2025-01-09,Portal Citas,Doble reserva de un mismo cupo por dos pacientes distintos,Paciente,Ambato,Libertad de Riesgo,RNF-03 (Errores de Facturación),"Doble agendamiento de un mismo cupo que genera sobreventa de citas, colapso de agenda de especialistas y multas o insatisfacción comercial."
3200,2025-01-10,Telemedicina,Paciente no puede unirse a la sala virtual a la hora agendada,Paciente,Manta,Efectividad,Funcionalidad,Falla de funcionalidad en el módulo Telemedicina que impide al usuario completar sus tareas de manera precisa y completa.
3201,2025-01-11,HCE,Perdida de la nota de evolucion tras un cierre inesperado de sesion,Medico,Quito,Efectividad,Funcionalidad,Falla de funcionalidad en el módulo HCE que impide al usuario completar sus tareas de manera precisa y completa.
3202,2025-01-12,App Movil,La aplicacion se cierra inesperadamente al abrir resultados de laboratorio,Paciente,Guayaquil,Efectividad,Funcionalidad,"Interrupción abrupta del sistema que impide que el usuario termine el registro de datos, reduciendo la efectividad operativa."
3203,2025-01-13,HCE,Datos de otro paciente visibles brevemente al abrir un expediente,Medico,Cuenca,Libertad de Riesgo,Seguridad Clínica,"Fuga de información y violación de la confidencialidad médica (HIPAA/Ley de Protección de Datos), exponiendo datos de otros pacientes."
3204,2025-01-14,Facturacion,El modulo de facturacion se cae durante el cierre de caja,Admision,Ambato,Efectividad,Funcionalidad,Falla de funcionalidad en el módulo Facturacion que impide al usuario completar sus tareas de manera precisa y completa.
3205,2025-01-15,Facturacion,El sistema no permite anular una factura emitida por error,Admision,Manta,Efectividad,Funcionalidad,Restricción de funcionalidad que impide al usuario realizar una acción requerida para completar su tarea.
3206,2025-01-16,HCE,Receta electronica se genera con la dosis incorrecta tras guardar,Medico,Quito,Libertad de Riesgo,Seguridad Clínica,"Riesgo extremo de salud para el paciente al guardar dosis farmacológicas erróneas en la receta electrónica, pudiendo causar sobredosis o inefectividad clínica."
3207,2025-01-17,Portal Citas,Notificacion de recordatorio de cita llega con la fecha incorrecta,Paciente,Guayaquil,Efectividad,Funcionalidad,Falla de funcionalidad en el módulo Portal Citas que impide al usuario completar sus tareas de manera precisa y completa.
3208,2025-01-18,App Movil,Consumo elevado de datos moviles al abrir el modulo de citas,Paciente,Cuenca,Cobertura de Contexto,Portabilidad,"Consumo excesivo de ancho de banda móvil, lo que restringe el uso eficiente del sistema en redes celulares de datos (fuera de la intranet del hospital)."
3209,2025-01-19,Imagenologia,El informe radiologico no se adjunta automaticamente a la HCE,Radiologo,Ambato,Efectividad,Funcionalidad,Falla de funcionalidad en el módulo Imagenologia que impide al usuario completar sus tareas de manera precisa y completa.
3210,2025-01-20,Facturacion,Factura duplicada al reintentar pago,Admision,Manta,Libertad de Riesgo,RNF-03 (Errores de Facturación),"Violación del requerimiento no funcional RNF-03 de facturación; genera cobros indebidos en las tarjetas del cliente, comprometiendo la confianza y el riesgo financiero."
3211,2025-01-21,Facturacion,Reembolso aprobado no se refleja en el estado de cuenta,Admision,Quito,Libertad de Riesgo,RNF-03 (Errores de Facturación),"Fallas en la aplicación de notas de crédito o reembolsos que distorsionan los estados de cuenta, arriesgando multas tributarias e inconformidad legal."
3212,2025-01-22,HCE,El sistema no permite adjuntar imagenes de heridas desde la tablet,Medico,Guayaquil,Cobertura de Contexto,Flexibilidad de Dispositivo,El sistema presenta limitaciones de portabilidad y compatibilidad al operar en el contexto físico específico de tablets para adjuntar imágenes de heridas.
3213,2025-01-23,Portal Citas,Cancelacion de cita no libera el cupo en el calendario,Paciente,Cuenca,Efectividad,Funcionalidad,Falla de funcionalidad en el módulo Portal Citas que impide al usuario completar sus tareas de manera precisa y completa.
3214,2025-01-24,Farmacia,El sistema bloquea la dispensacion sin mostrar el motivo,Farmacia,Ambato,Satisfacción,Usabilidad,La falta de mensajes informativos claros y feedback del sistema incrementa la incertidumbre y frustración del operario farmacéutico.
3215,2025-01-25,Facturacion,Retraso de 22s al procesar el pago con tarjeta de credito,Admision,Manta,Eficiencia,Eficiencia Operativa,El procesamiento lento del cobro con tarjeta retrasa el flujo de caja y la atención administrativa de admisión.
3216,2025-01-26,Portal Citas,Boton de confirmar cita no responde en dispositivos moviles,Paciente,Quito,Cobertura de Contexto,Portabilidad,"Falla de adaptabilidad de la interfaz en el contexto de dispositivos móviles, impidiendo confirmar citas desde pantallas de formatos pequeños."
3217,2025-01-27,App Movil,El inicio de sesion con biometria falla de forma intermitente,Paciente,Guayaquil,Satisfacción,Usabilidad,La inestabilidad en el inicio biométrico genera frustración y reduce la confianza y comodidad del usuario al acceder al aplicativo móvil.
3218,2025-01-28,Portal Citas,"Formulario confuso, abandono de registro antes de completar la cita",Paciente,Cuenca,Satisfacción,RNF-02 (Pasos del Portal),"Diseño de interfaz de usuario confuso que provoca el abandono del registro, afectando la métrica de satisfacción y facilidad de uso percibida."
3219,2025-01-29,Imagenologia,Las imagenes de rayos X no cargan en el visor DICOM,Radiologo,Ambato,Efectividad,Funcionalidad,Falla de funcionalidad en el módulo Imagenologia que impide al usuario completar sus tareas de manera precisa y completa.
3220,2025-01-30,Imagenologia,El informe radiologico no se adjunta automaticamente a la HCE,Radiologo,Manta,Efectividad,Funcionalidad,Falla de funcionalidad en el módulo Imagenologia que impide al usuario completar sus tareas de manera precisa y completa.
3221,2025-01-31,HCE,El sistema se congela al adjuntar resultados de laboratorio a la HCE,Medico,Quito,Efectividad,Funcionalidad,Falla de funcionalidad en el módulo HCE que impide al usuario completar sus tareas de manera precisa y completa.
3222,2025-02-01,Reportes Gerenciales,Exportacion a Excel del reporte gerencial falla de forma intermitente,Gerencia,Guayaquil,Efectividad,Funcionalidad,Falla intermitente en las exportaciones o ejecuciones de procesos del sistema que reduce la fiabilidad de las operaciones.
3223,2025-02-02,App Movil,El inicio de sesion con biometria falla de forma intermitente,Paciente,Cuenca,Satisfacción,Usabilidad,La inestabilidad en el inicio biométrico genera frustración y reduce la confianza y comodidad del usuario al acceder al aplicativo móvil.
3224,2025-02-03,Facturacion,Reintento de transaccion genera doble cobro en la tarjeta,Admision,Ambato,Libertad de Riesgo,RNF-03 (Errores de Facturación),"Violación del requerimiento no funcional RNF-03 de facturación; genera cobros indebidos en las tarjetas del cliente, comprometiendo la confianza y el riesgo financiero."
3225,2025-02-04,App Movil,Version desactualizada del app impide iniciar sesion,Paciente,Manta,Cobertura de Contexto,Portabilidad,Incompatibilidad y falta de robustez del sistema cuando se ejecuta en el contexto de sistemas cliente que no cuentan con la última versión de software.
3226,2025-02-05,App Movil,La aplicacion se cierra inesperadamente al abrir resultados de laboratorio,Paciente,Quito,Efectividad,Funcionalidad,"Interrupción abrupta del sistema que impide que el usuario termine el registro de datos, reduciendo la efectividad operativa."
3227,2025-02-06,Farmacia,El sistema bloquea la dispensacion sin mostrar el motivo,Farmacia,Guayaquil,Satisfacción,Usabilidad,La falta de mensajes informativos claros y feedback del sistema incrementa la incertidumbre y frustración del operario farmacéutico.
3228,2025-02-07,Telemedicina,La sesion se cierra automaticamente antes de terminar la consulta,Paciente,Cuenca,Efectividad,Funcionalidad,Falla de funcionalidad en el módulo Telemedicina que impide al usuario completar sus tareas de manera precisa y completa.
3229,2025-02-08,HCE,Historial de alergias no carga al abrir la ficha del paciente,Medico,Ambato,Libertad de Riesgo,Seguridad Clínica,"Falla crítica que expone la seguridad del paciente al omitir información vital de alergias, con un alto riesgo de shock anafiláctico o mala praxis."
3230,2025-02-09,Telemedicina,La sesion se cierra automaticamente antes de terminar la consulta,Paciente,Manta,Efectividad,Funcionalidad,Falla de funcionalidad en el módulo Telemedicina que impide al usuario completar sus tareas de manera precisa y completa.
3231,2025-02-10,Portal Citas,Cancelacion de cita no libera el cupo en el calendario,Paciente,Quito,Efectividad,Funcionalidad,Falla de funcionalidad en el módulo Portal Citas que impide al usuario completar sus tareas de manera precisa y completa.
3232,2025-02-11,Imagenologia,Perdida de calidad en las imagenes al ser visualizadas desde la app,Radiologo,Guayaquil,Satisfacción,Usabilidad,Degradación visual que afecta la comodidad y confianza de los médicos al visualizar estudios clínicos desde la app móvil.
3233,2025-02-12,Farmacia,Error al registrar la dispensacion de un medicamento controlado,Farmacia,Cuenca,Libertad de Riesgo,Seguridad Clínica,"Error en el registro de medicamentos regulados, lo que genera riesgos legales, regulatorios y de seguridad en el control de sustancias psicotrópicas."
3234,2025-02-13,HCE,Historial de alergias no carga al abrir la ficha del paciente,Medico,Ambato,Libertad de Riesgo,Seguridad Clínica,"Falla crítica que expone la seguridad del paciente al omitir información vital de alergias, con un alto riesgo de shock anafiláctico o mala praxis."
3235,2025-02-14,Imagenologia,Perdida de calidad en las imagenes al ser visualizadas desde la app,Radiologo,Manta,Satisfacción,Usabilidad,Degradación visual que afecta la comodidad y confianza de los médicos al visualizar estudios clínicos desde la app móvil.
3236,2025-02-15,Portal Citas,Doble reserva de un mismo cupo por dos pacientes distintos,Paciente,Quito,Libertad de Riesgo,RNF-03 (Errores de Facturación),"Doble agendamiento de un mismo cupo que genera sobreventa de citas, colapso de agenda de especialistas y multas o insatisfacción comercial."
3237,2025-02-16,Telemedicina,Receta electronica no se genera al finalizar la teleconsulta,Paciente,Guayaquil,Efectividad,Funcionalidad,Falla de funcionalidad en el módulo Telemedicina que impide al usuario completar sus tareas de manera precisa y completa.
3238,2025-02-17,Portal Citas,"Formulario confuso, abandono de registro antes de completar la cita",Paciente,Cuenca,Satisfacción,RNF-02 (Pasos del Portal),"Diseño de interfaz de usuario confuso que provoca el abandono del registro, afectando la métrica de satisfacción y facilidad de uso percibida."
3239,2025-02-18,Portal Citas,Cancelacion de cita no libera el cupo en el calendario,Paciente,Ambato,Efectividad,Funcionalidad,Falla de funcionalidad en el módulo Portal Citas que impide al usuario completar sus tareas de manera precisa y completa.
3240,2025-02-19,HCE,Duplicado de historia clinica al registrar un paciente ya existente,Medico,Manta,Libertad de Riesgo,Seguridad Clínica,"Riesgo de seguridad clínica debido a la fragmentación de la información de salud del paciente, lo que puede inducir a diagnósticos y tratamientos erróneos."
3241,2025-02-20,Portal Citas,Tiempo de espera en el portal supera los 11s en horas pico,Paciente,Quito,Eficiencia,Eficiencia Operativa,"El sistema presenta tiempos de respuesta elevados que consumen recursos de tiempo innecesarios, degradando la eficiencia del usuario en sus tareas."
3242,2025-02-21,App Movil,La aplicacion se cierra inesperadamente al abrir resultados de laboratorio,Paciente,Guayaquil,Efectividad,Funcionalidad,"Interrupción abrupta del sistema que impide que el usuario termine el registro de datos, reduciendo la efectividad operativa."
3243,2025-02-22,HCE,Alerta de interaccion medicamentosa no se despliega correctamente,Medico,Cuenca,Libertad de Riesgo,Seguridad Clínica,El fallo en el despliegue de alertas de interacción farmacológica pone en riesgo inminente la salud del paciente ante combinaciones letales.
3244,2025-02-23,Telemedicina,Calidad de video muy baja pese a tener buena conexion a internet,Paciente,Ambato,Satisfacción,RNF-05 (Disponibilidad de llamada),Mala experiencia sensorial e interactiva durante la teleconsulta que impacta el RNF-05 y la percepción de calidad del servicio.
3245,2025-02-24,Portal Citas,Usuario no logra agendar tras 3 intentos,Paciente,Manta,Satisfacción,RNF-02 (Pasos del Portal),"Incapacidad del usuario de lograr su meta tras múltiples intentos, violando el RNF-02 y provocando un alto nivel de frustración."
3246,2025-02-25,Farmacia,Duplicidad de codigos entre dos presentaciones distintas de un mismo farmaco,Farmacia,Quito,Libertad de Riesgo,Seguridad Clínica,"La duplicación de códigos de fármacos introduce un riesgo de dispensación errónea en farmacia, comprometiendo la seguridad terapéutica del paciente."
3247,2025-02-26,Portal Citas,Cancelacion de cita no libera el cupo en el calendario,Paciente,Guayaquil,Efectividad,Funcionalidad,Falla de funcionalidad en el módulo Portal Citas que impide al usuario completar sus tareas de manera precisa y completa.
3248,2025-02-27,Facturacion,Factura electronica no llega al correo registrado del paciente,Admision,Cuenca,Efectividad,Funcionalidad,Falla de funcionalidad en el módulo Facturacion que impide al usuario completar sus tareas de manera precisa y completa.
3249,2025-02-28,Facturacion,Factura generada con el nombre del paciente incorrecto,Admision,Ambato,Efectividad,Funcionalidad,Falla de funcionalidad en el módulo Facturacion que impide al usuario completar sus tareas de manera precisa y completa.
3250,2025-03-01,Facturacion,El sistema no permite anular una factura emitida por error,Admision,Manta,Efectividad,Funcionalidad,Restricción de funcionalidad que impide al usuario realizar una acción requerida para completar su tarea.
3251,2025-03-02,Portal Citas,Cita agendada no aparece reflejada en el calendario del especialista,Paciente,Quito,Efectividad,Funcionalidad,Falla de funcionalidad en el módulo Portal Citas que impide al usuario completar sus tareas de manera precisa y completa.
3252,2025-03-03,Imagenologia,Las imagenes de rayos X no cargan en el visor DICOM,Radiologo,Guayaquil,Efectividad,Funcionalidad,Falla de funcionalidad en el módulo Imagenologia que impide al usuario completar sus tareas de manera precisa y completa.
3253,2025-03-04,Portal Citas,Doble reserva de un mismo cupo por dos pacientes distintos,Paciente,Cuenca,Libertad de Riesgo,RNF-03 (Errores de Facturación),"Doble agendamiento de un mismo cupo que genera sobreventa de citas, colapso de agenda de especialistas y multas o insatisfacción comercial."
3254,2025-03-05,Telemedicina,Calidad de video muy baja pese a tener buena conexion a internet,Paciente,Ambato,Satisfacción,RNF-05 (Disponibilidad de llamada),Mala experiencia sensorial e interactiva durante la teleconsulta que impacta el RNF-05 y la percepción de calidad del servicio.
3255,2025-03-06,Portal Citas,El portal muestra disponibilidad para un horario ya ocupado,Paciente,Manta,Efectividad,Funcionalidad,Falla de funcionalidad en el módulo Portal Citas que impide al usuario completar sus tareas de manera precisa y completa.
3256,2025-03-07,App Movil,Resultados de examenes no se visualizan en formato PDF,Paciente,Quito,Efectividad,Funcionalidad,Falla de funcionalidad en el módulo App Movil que impide al usuario completar sus tareas de manera precisa y completa.
3257,2025-03-08,Portal Citas,"Formulario confuso, abandono de registro antes de completar la cita",Paciente,Guayaquil,Satisfacción,RNF-02 (Pasos del Portal),"Diseño de interfaz de usuario confuso que provoca el abandono del registro, afectando la métrica de satisfacción y facilidad de uso percibida."
3258,2025-03-09,Telemedicina,La sesion se cierra automaticamente antes de terminar la consulta,Paciente,Cuenca,Efectividad,Funcionalidad,Falla de funcionalidad en el módulo Telemedicina que impide al usuario completar sus tareas de manera precisa y completa.
3259,2025-03-10,HCE,Orden medica no se sincroniza con el modulo de farmacia,Medico,Ambato,Efectividad,Integración Funcional,Error de integración funcional que impide la sincronización y actualización del registro médico entre módulos del HIS.
3260,2025-03-11,Telemedicina,El medico no puede compartir pantalla con resultados de examenes,Paciente,Manta,Efectividad,Funcionalidad,Falla de funcionalidad en el módulo Telemedicina que impide al usuario completar sus tareas de manera precisa y completa.
3261,2025-03-12,HCE,Signos vitales registrados por enfermeria no aparecen en la HCE del medico,Medico,Quito,Efectividad,Integración de Datos,Falla de funcionalidad en el módulo HCE que impide al usuario completar sus tareas de manera precisa y completa.
3262,2025-03-13,Telemedicina,Audio desincronizado durante la teleconsulta,Paciente,Guayaquil,Satisfacción,RNF-05 (Disponibilidad de llamada),Mala experiencia sensorial e interactiva durante la teleconsulta que impacta el RNF-05 y la percepción de calidad del servicio.
3263,2025-03-14,HCE,Consulta anterior no se muestra en el resumen de antecedentes,Medico,Cuenca,Efectividad,Funcionalidad,Falla de funcionalidad en el módulo HCE que impide al usuario completar sus tareas de manera precisa y completa.
3264,2025-03-15,Portal Citas,Error al reagendar una cita previamente confirmada,Paciente,Ambato,Efectividad,Funcionalidad,Falla de funcionalidad en el módulo Portal Citas que impide al usuario completar sus tareas de manera precisa y completa.
3265,2025-03-16,Facturacion,Factura duplicada al reintentar pago,Admision,Manta,Libertad de Riesgo,RNF-03 (Errores de Facturación),"Violación del requerimiento no funcional RNF-03 de facturación; genera cobros indebidos en las tarjetas del cliente, comprometiendo la confianza y el riesgo financiero."
3266,2025-03-17,Imagenologia,Perdida de calidad en las imagenes al ser visualizadas desde la app,Radiologo,Quito,Satisfacción,Usabilidad,Degradación visual que afecta la comodidad y confianza de los médicos al visualizar estudios clínicos desde la app móvil.
3267,2025-03-18,HCE,Nota de evolucion tarda 19s en guardarse,Medico,Guayaquil,Eficiencia,RNF-01 (Latencia HCE),"El tiempo de guardado supera los 8 segundos tolerables, violando directamente el requerimiento no funcional RNF-01 de rendimiento del sistema para notas clínicas."
3268,2025-03-19,HCE,Firma electronica del medico no se valida al cerrar la consulta,Medico,Cuenca,Efectividad,Funcionalidad,Falla de funcionalidad en el módulo HCE que impide al usuario completar sus tareas de manera precisa y completa.
3269,2025-03-20,Farmacia,Receta electronica llega incompleta desde el modulo de HCE,Farmacia,Ambato,Efectividad,Funcionalidad,Falla de funcionalidad en el módulo Farmacia que impide al usuario completar sus tareas de manera precisa y completa.
3270,2025-03-21,Portal Citas,Doble reserva de un mismo cupo por dos pacientes distintos,Paciente,Manta,Libertad de Riesgo,RNF-03 (Errores de Facturación),"Doble agendamiento de un mismo cupo que genera sobreventa de citas, colapso de agenda de especialistas y multas o insatisfacción comercial."
3271,2025-03-22,HCE,El sistema se congela al adjuntar resultados de laboratorio a la HCE,Medico,Quito,Efectividad,Funcionalidad,Falla de funcionalidad en el módulo HCE que impide al usuario completar sus tareas de manera precisa y completa.
3272,2025-03-23,Telemedicina,Receta electronica no se genera al finalizar la teleconsulta,Paciente,Guayaquil,Efectividad,Funcionalidad,Falla de funcionalidad en el módulo Telemedicina que impide al usuario completar sus tareas de manera precisa y completa.
3273,2025-03-24,HCE,Alerta de interaccion medicamentosa no se despliega correctamente,Medico,Cuenca,Libertad de Riesgo,Seguridad Clínica,El fallo en el despliegue de alertas de interacción farmacológica pone en riesgo inminente la salud del paciente ante combinaciones letales.
3274,2025-03-25,Telemedicina,El chat de la consulta no permite enviar imagenes,Paciente,Ambato,Efectividad,Funcionalidad,Restricción de funcionalidad que impide al usuario realizar una acción requerida para completar su tarea.
3275,2025-03-26,Facturacion,Discrepancia entre el monto facturado y el detalle de servicios,Admision,Manta,Libertad de Riesgo,RNF-03 (Errores de Facturación),"Errores en el cálculo del copago de seguros o discrepancias de montos facturados, induciendo a pérdidas financieras o reclamaciones legales."
3276,2025-03-27,Facturacion,El modulo de facturacion se cae durante el cierre de caja,Admision,Quito,Efectividad,Funcionalidad,Falla de funcionalidad en el módulo Facturacion que impide al usuario completar sus tareas de manera precisa y completa.
3277,2025-03-28,Reportes Gerenciales,El reporte de ocupacion hospitalaria no se actualiza automaticamente,Gerencia,Guayaquil,Efectividad,Funcionalidad,Inconsistencia en la actualización de datos que impide la visualización correcta de información operativa reciente.
3278,2025-03-29,Farmacia,Receta electronica llega incompleta desde el modulo de HCE,Farmacia,Cuenca,Efectividad,Funcionalidad,Falla de funcionalidad en el módulo Farmacia que impide al usuario completar sus tareas de manera precisa y completa.
3279,2025-03-30,HCE,Orden medica no se sincroniza con el modulo de farmacia,Medico,Ambato,Efectividad,Integración Funcional,Error de integración funcional que impide la sincronización y actualización del registro médico entre módulos del HIS.
3280,2025-03-31,Imagenologia,El informe radiologico no se adjunta automaticamente a la HCE,Radiologo,Manta,Efectividad,Funcionalidad,Falla de funcionalidad en el módulo Imagenologia que impide al usuario completar sus tareas de manera precisa y completa.
3281,2025-04-01,Reportes Gerenciales,Discrepancia entre el reporte financiero y el modulo de facturacion,Gerencia,Quito,Libertad de Riesgo,RNF-03 (Errores de Facturación),"Discrepancia contable entre reportes directivos y facturación real, afectando las decisiones del negocio y la integridad de las auditorías."
3282,2025-04-02,Portal Citas,El portal muestra disponibilidad para un horario ya ocupado,Paciente,Guayaquil,Efectividad,Funcionalidad,Falla de funcionalidad en el módulo Portal Citas que impide al usuario completar sus tareas de manera precisa y completa.
3283,2025-04-03,App Movil,La aplicacion se cierra inesperadamente al abrir resultados de laboratorio,Paciente,Cuenca,Efectividad,Funcionalidad,"Interrupción abrupta del sistema que impide que el usuario termine el registro de datos, reduciendo la efectividad operativa."
3284,2025-04-04,Reportes Gerenciales,Discrepancia entre el reporte financiero y el modulo de facturacion,Gerencia,Ambato,Libertad de Riesgo,RNF-03 (Errores de Facturación),"Discrepancia contable entre reportes directivos y facturación real, afectando las decisiones del negocio y la integridad de las auditorías."
3285,2025-04-05,App Movil,La aplicacion se cierra inesperadamente al abrir resultados de laboratorio,Paciente,Manta,Efectividad,Funcionalidad,"Interrupción abrupta del sistema que impide que el usuario termine el registro de datos, reduciendo la efectividad operativa."
3286,2025-04-06,HCE,El campo de diagnostico CIE-10 no permite busqueda por texto,Medico,Quito,Efectividad,Funcionalidad,Restricción de funcionalidad que impide al usuario realizar una acción requerida para completar su tarea.
3287,2025-04-07,Reportes Gerenciales,El reporte de ocupacion hospitalaria no se actualiza automaticamente,Gerencia,Guayaquil,Efectividad,Funcionalidad,Inconsistencia en la actualización de datos que impide la visualización correcta de información operativa reciente.
3288,2025-04-08,Portal Citas,Doble reserva de un mismo cupo por dos pacientes distintos,Paciente,Cuenca,Libertad de Riesgo,RNF-03 (Errores de Facturación),"Doble agendamiento de un mismo cupo que genera sobreventa de citas, colapso de agenda de especialistas y multas o insatisfacción comercial."
3289,2025-04-09,Telemedicina,Audio desincronizado durante la teleconsulta,Paciente,Ambato,Satisfacción,RNF-05 (Disponibilidad de llamada),Mala experiencia sensorial e interactiva durante la teleconsulta que impacta el RNF-05 y la percepción de calidad del servicio.
3290,2025-04-10,Portal Citas,Sesion expira antes de finalizar el proceso de agendamiento,Paciente,Manta,Satisfacción,Usabilidad,"Mala experiencia de usuario que interrumpe de forma prematura el proceso de compra/agendamiento, forzando a repetir pasos."
3291,2025-04-11,HCE,Perdida de la nota de evolucion tras un cierre inesperado de sesion,Medico,Quito,Efectividad,Funcionalidad,Falla de funcionalidad en el módulo HCE que impide al usuario completar sus tareas de manera precisa y completa.
3292,2025-04-12,HCE,Duplicado de historia clinica al registrar un paciente ya existente,Medico,Guayaquil,Libertad de Riesgo,Seguridad Clínica,"Riesgo de seguridad clínica debido a la fragmentación de la información de salud del paciente, lo que puede inducir a diagnósticos y tratamientos erróneos."
3293,2025-04-13,HCE,El sistema no permite adjuntar imagenes de heridas desde la tablet,Medico,Cuenca,Cobertura de Contexto,Flexibilidad de Dispositivo,El sistema presenta limitaciones de portabilidad y compatibilidad al operar en el contexto físico específico de tablets para adjuntar imágenes de heridas.
3294,2025-04-14,HCE,El sistema no permite adjuntar imagenes de heridas desde la tablet,Medico,Ambato,Cobertura de Contexto,Flexibilidad de Dispositivo,El sistema presenta limitaciones de portabilidad y compatibilidad al operar en el contexto físico específico de tablets para adjuntar imágenes de heridas.
3295,2025-04-15,Facturacion,Retraso de 21s al procesar el pago con tarjeta de credito,Admision,Manta,Eficiencia,Eficiencia Operativa,El procesamiento lento del cobro con tarjeta retrasa el flujo de caja y la atención administrativa de admisión.
3296,2025-04-16,Farmacia,Inventario del sistema no coincide con el stock fisico del insumo,Farmacia,Quito,Efectividad,Funcionalidad,Falla de funcionalidad en el módulo Farmacia que impide al usuario completar sus tareas de manera precisa y completa.
3297,2025-04-17,App Movil,El boton de teleconsulta no redirige correctamente a la videollamada,Paciente,Guayaquil,Efectividad,Funcionalidad,Falla de funcionalidad en el módulo App Movil que impide al usuario completar sus tareas de manera precisa y completa.
3298,2025-04-18,Telemedicina,Receta electronica no se genera al finalizar la teleconsulta,Paciente,Cuenca,Efectividad,Funcionalidad,Falla de funcionalidad en el módulo Telemedicina que impide al usuario completar sus tareas de manera precisa y completa.
3299,2025-04-19,Facturacion,El sistema no reconoce el convenio con la aseguradora,Admision,Ambato,Libertad de Riesgo,RNF-03 (Errores de Facturación),El no reconocimiento de convenios de aseguradoras genera fricción de cobro y riesgo de pérdidas económicas por servicios no cubiertos correctamente.
3300,2025-04-20,Imagenologia,Tiempo de carga de estudios de imagen supera los 18s,Radiologo,Manta,Eficiencia,Eficiencia Operativa,La lentitud en la carga y transferencia de archivos DICOM pesados degrada la eficiencia del flujo de trabajo clínico en imagenología.
3301,2025-04-21,HCE,Tiempo de carga de la ficha clinica supera los 24s en horas pico,Medico,Quito,Eficiencia,Eficiencia Operativa,La latencia en horas pico para abrir la ficha clínica perjudica la productividad del médico durante la consulta.
3302,2025-04-22,Portal Citas,Filtro de especialidad medica no devuelve resultados,Paciente,Guayaquil,Efectividad,Funcionalidad,Falla de funcionalidad en el módulo Portal Citas que impide al usuario completar sus tareas de manera precisa y completa.
3303,2025-04-23,HCE,Duplicado de historia clinica al registrar un paciente ya existente,Medico,Cuenca,Libertad de Riesgo,Seguridad Clínica,"Riesgo de seguridad clínica debido a la fragmentación de la información de salud del paciente, lo que puede inducir a diagnósticos y tratamientos erróneos."
3304,2025-04-24,HCE,Nota de evolucion tarda 21s en guardarse,Medico,Ambato,Eficiencia,RNF-01 (Latencia HCE),"El tiempo de guardado supera los 8 segundos tolerables, violando directamente el requerimiento no funcional RNF-01 de rendimiento del sistema para notas clínicas."
3305,2025-04-25,Portal Citas,Notificacion de recordatorio de cita llega con la fecha incorrecta,Paciente,Manta,Efectividad,Funcionalidad,Falla de funcionalidad en el módulo Portal Citas que impide al usuario completar sus tareas de manera precisa y completa.
3306,2025-04-26,HCE,Perdida de la nota de evolucion tras un cierre inesperado de sesion,Medico,Quito,Efectividad,Funcionalidad,Falla de funcionalidad en el módulo HCE que impide al usuario completar sus tareas de manera precisa y completa.
3307,2025-04-27,App Movil,El inicio de sesion con biometria falla de forma intermitente,Paciente,Guayaquil,Satisfacción,Usabilidad,La inestabilidad en el inicio biométrico genera frustración y reduce la confianza y comodidad del usuario al acceder al aplicativo móvil.
3308,2025-04-28,HCE,Alerta de interaccion medicamentosa no se despliega correctamente,Medico,Cuenca,Libertad de Riesgo,Seguridad Clínica,El fallo en el despliegue de alertas de interacción farmacológica pone en riesgo inminente la salud del paciente ante combinaciones letales.
3309,2025-04-29,HCE,Perdida de la nota de evolucion tras un cierre inesperado de sesion,Medico,Ambato,Efectividad,Funcionalidad,Falla de funcionalidad en el módulo HCE que impide al usuario completar sus tareas de manera precisa y completa.
3310,2025-04-30,Farmacia,Error al registrar la dispensacion de un medicamento controlado,Farmacia,Manta,Libertad de Riesgo,Seguridad Clínica,"Error en el registro de medicamentos regulados, lo que genera riesgos legales, regulatorios y de seguridad en el control de sustancias psicotrópicas."
3311,2025-05-01,Portal Citas,Tiempo de espera en el portal supera los 15s en horas pico,Paciente,Quito,Eficiencia,Eficiencia Operativa,"El sistema presenta tiempos de respuesta elevados que consumen recursos de tiempo innecesarios, degradando la eficiencia del usuario en sus tareas."
3312,2025-05-02,Telemedicina,Notificacion de inicio de teleconsulta llega con retraso de 14s,Paciente,Guayaquil,Eficiencia,Eficiencia Operativa,"El sistema presenta tiempos de respuesta elevados que consumen recursos de tiempo innecesarios, degradando la eficiencia del usuario en sus tareas."
3313,2025-05-03,Portal Citas,Error al reagendar una cita previamente confirmada,Paciente,Cuenca,Efectividad,Funcionalidad,Falla de funcionalidad en el módulo Portal Citas que impide al usuario completar sus tareas de manera precisa y completa.
3314,2025-05-04,App Movil,La app no permite actualizar el numero de contacto del paciente,Paciente,Ambato,Efectividad,Funcionalidad,Restricción de funcionalidad que impide al usuario realizar una acción requerida para completar su tarea.
3315,2025-05-05,HCE,Tiempo de carga de la ficha clinica supera los 24s en horas pico,Medico,Manta,Eficiencia,Eficiencia Operativa,La latencia en horas pico para abrir la ficha clínica perjudica la productividad del médico durante la consulta.
3316,2025-05-06,Portal Citas,"Formulario confuso, abandono de registro antes de completar la cita",Paciente,Quito,Satisfacción,RNF-02 (Pasos del Portal),"Diseño de interfaz de usuario confuso que provoca el abandono del registro, afectando la métrica de satisfacción y facilidad de uso percibida."
3317,2025-05-07,HCE,Firma electronica del medico no se valida al cerrar la consulta,Medico,Guayaquil,Efectividad,Funcionalidad,Falla de funcionalidad en el módulo HCE que impide al usuario completar sus tareas de manera precisa y completa.
3318,2025-05-08,Farmacia,Error al registrar la dispensacion de un medicamento controlado,Farmacia,Cuenca,Libertad de Riesgo,Seguridad Clínica,"Error en el registro de medicamentos regulados, lo que genera riesgos legales, regulatorios y de seguridad en el control de sustancias psicotrópicas."
3319,2025-05-09,App Movil,Version desactualizada del app impide iniciar sesion,Paciente,Ambato,Cobertura de Contexto,Portabilidad,Incompatibilidad y falta de robustez del sistema cuando se ejecuta en el contexto de sistemas cliente que no cuentan con la última versión de software.
3320,2025-05-10,Facturacion,Nota de credito no se aplica al saldo pendiente del paciente,Admision,Manta,Libertad de Riesgo,RNF-03 (Errores de Facturación),"Fallas en la aplicación de notas de crédito o reembolsos que distorsionan los estados de cuenta, arriesgando multas tributarias e inconformidad legal."
3321,2025-05-11,App Movil,La aplicacion se cierra inesperadamente al abrir resultados de laboratorio,Paciente,Quito,Efectividad,Funcionalidad,"Interrupción abrupta del sistema que impide que el usuario termine el registro de datos, reduciendo la efectividad operativa."
3322,2025-05-12,Imagenologia,Tiempo de carga de estudios de imagen supera los 34s,Radiologo,Guayaquil,Eficiencia,Eficiencia Operativa,La lentitud en la carga y transferencia de archivos DICOM pesados degrada la eficiencia del flujo de trabajo clínico en imagenología.
3323,2025-05-13,Farmacia,Inventario del sistema no coincide con el stock fisico del insumo,Farmacia,Cuenca,Efectividad,Funcionalidad,Falla de funcionalidad en el módulo Farmacia que impide al usuario completar sus tareas de manera precisa y completa.
3324,2025-05-14,HCE,Firma electronica del medico no se valida al cerrar la consulta,Medico,Ambato,Efectividad,Funcionalidad,Falla de funcionalidad en el módulo HCE que impide al usuario completar sus tareas de manera precisa y completa.
3325,2025-05-15,Portal Citas,Usuario no logra agendar tras 5 intentos,Paciente,Manta,Satisfacción,RNF-02 (Pasos del Portal),"Incapacidad del usuario de lograr su meta tras múltiples intentos, violando el RNF-02 y provocando un alto nivel de frustración."
3326,2025-05-16,Portal Citas,El pago del bono de consulta no se refleja tras completarlo,Paciente,Quito,Libertad de Riesgo,RNF-03 (Errores de Facturación),Inconsistencia financiera en los cobros o transacciones del sistema que infringe las normativas contables y expone al hospital a pérdidas económicas.
3327,2025-05-17,Facturacion,Reembolso aprobado no se refleja en el estado de cuenta,Admision,Guayaquil,Libertad de Riesgo,RNF-03 (Errores de Facturación),"Fallas en la aplicación de notas de crédito o reembolsos que distorsionan los estados de cuenta, arriesgando multas tributarias e inconformidad legal."
3328,2025-05-18,HCE,Firma electronica del medico no se valida al cerrar la consulta,Medico,Cuenca,Efectividad,Funcionalidad,Falla de funcionalidad en el módulo HCE que impide al usuario completar sus tareas de manera precisa y completa.
3329,2025-05-19,Imagenologia,El informe radiologico no se adjunta automaticamente a la HCE,Radiologo,Ambato,Efectividad,Funcionalidad,Falla de funcionalidad en el módulo Imagenologia que impide al usuario completar sus tareas de manera precisa y completa.
3330,2025-05-20,App Movil,Version desactualizada del app impide iniciar sesion,Paciente,Manta,Cobertura de Contexto,Portabilidad,Incompatibilidad y falta de robustez del sistema cuando se ejecuta en el contexto de sistemas cliente que no cuentan con la última versión de software.
3331,2025-05-21,Portal Citas,Cancelacion de cita no libera el cupo en el calendario,Paciente,Quito,Efectividad,Funcionalidad,Falla de funcionalidad en el módulo Portal Citas que impide al usuario completar sus tareas de manera precisa y completa.
3332,2025-05-22,Laboratorio,Retraso de 24s en la disponibilidad de resultados criticos,Tecnico Laboratorio,Guayaquil,Eficiencia,Eficiencia Operativa,"El sistema presenta tiempos de respuesta elevados que consumen recursos de tiempo innecesarios, degradando la eficiencia del usuario en sus tareas."
3333,2025-05-23,App Movil,La app no permite actualizar el numero de contacto del paciente,Paciente,Cuenca,Efectividad,Funcionalidad,Restricción de funcionalidad que impide al usuario realizar una acción requerida para completar su tarea.
3334,2025-05-24,Laboratorio,Codigo de barras de la muestra no es reconocido por el lector,Tecnico Laboratorio,Ambato,Efectividad,Funcionalidad,Falla de funcionalidad en el módulo Laboratorio que impide al usuario completar sus tareas de manera precisa y completa.
3335,2025-05-25,Telemedicina,El medico no puede compartir pantalla con resultados de examenes,Paciente,Manta,Efectividad,Funcionalidad,Falla de funcionalidad en el módulo Telemedicina que impide al usuario completar sus tareas de manera precisa y completa.
3336,2025-05-26,Facturacion,El modulo de facturacion se cae durante el cierre de caja,Admision,Quito,Efectividad,Funcionalidad,Falla de funcionalidad en el módulo Facturacion que impide al usuario completar sus tareas de manera precisa y completa.
3337,2025-05-27,Farmacia,Inventario del sistema no coincide con el stock fisico del insumo,Farmacia,Guayaquil,Efectividad,Funcionalidad,Falla de funcionalidad en el módulo Farmacia que impide al usuario completar sus tareas de manera precisa y completa.
3338,2025-05-28,Facturacion,Factura electronica no llega al correo registrado del paciente,Admision,Cuenca,Efectividad,Funcionalidad,Falla de funcionalidad en el módulo Facturacion que impide al usuario completar sus tareas de manera precisa y completa.
3339,2025-05-29,App Movil,La aplicacion se cierra inesperadamente al abrir resultados de laboratorio,Paciente,Ambato,Efectividad,Funcionalidad,"Interrupción abrupta del sistema que impide que el usuario termine el registro de datos, reduciendo la efectividad operativa."
3340,2025-05-30,Portal Citas,Sesion expira antes de finalizar el proceso de agendamiento,Paciente,Manta,Satisfacción,Usabilidad,"Mala experiencia de usuario que interrumpe de forma prematura el proceso de compra/agendamiento, forzando a repetir pasos."
3341,2025-05-31,Facturacion,Discrepancia entre el monto facturado y el detalle de servicios,Admision,Quito,Libertad de Riesgo,RNF-03 (Errores de Facturación),"Errores en el cálculo del copago de seguros o discrepancias de montos facturados, induciendo a pérdidas financieras o reclamaciones legales."
3342,2025-06-01,App Movil,Version desactualizada del app impide iniciar sesion,Paciente,Guayaquil,Cobertura de Contexto,Portabilidad,Incompatibilidad y falta de robustez del sistema cuando se ejecuta en el contexto de sistemas cliente que no cuentan con la última versión de software.
3343,2025-06-02,HCE,El sistema se congela al adjuntar resultados de laboratorio a la HCE,Medico,Cuenca,Efectividad,Funcionalidad,Falla de funcionalidad en el módulo HCE que impide al usuario completar sus tareas de manera precisa y completa.
3344,2025-06-03,Portal Citas,El portal muestra disponibilidad para un horario ya ocupado,Paciente,Ambato,Efectividad,Funcionalidad,Falla de funcionalidad en el módulo Portal Citas que impide al usuario completar sus tareas de manera precisa y completa.
3345,2025-06-04,Telemedicina,Paciente no puede unirse a la sala virtual a la hora agendada,Paciente,Manta,Efectividad,Funcionalidad,Falla de funcionalidad en el módulo Telemedicina que impide al usuario completar sus tareas de manera precisa y completa.
3346,2025-06-05,HCE,Historial de alergias no carga al abrir la ficha del paciente,Medico,Quito,Libertad de Riesgo,Seguridad Clínica,"Falla crítica que expone la seguridad del paciente al omitir información vital de alergias, con un alto riesgo de shock anafiláctico o mala praxis."
3347,2025-06-06,App Movil,Version desactualizada del app impide iniciar sesion,Paciente,Guayaquil,Cobertura de Contexto,Portabilidad,Incompatibilidad y falta de robustez del sistema cuando se ejecuta en el contexto de sistemas cliente que no cuentan con la última versión de software.
3348,2025-06-07,Facturacion,Factura generada con el nombre del paciente incorrecto,Admision,Cuenca,Efectividad,Funcionalidad,Falla de funcionalidad en el módulo Facturacion que impide al usuario completar sus tareas de manera precisa y completa.
3349,2025-06-08,Portal Citas,Filtro de especialidad medica no devuelve resultados,Paciente,Ambato,Efectividad,Funcionalidad,Falla de funcionalidad en el módulo Portal Citas que impide al usuario completar sus tareas de manera precisa y completa.
3350,2025-06-09,App Movil,La app no permite actualizar el numero de contacto del paciente,Paciente,Manta,Efectividad,Funcionalidad,Restricción de funcionalidad que impide al usuario realizar una acción requerida para completar su tarea.
3351,2025-06-10,HCE,Datos de otro paciente visibles brevemente al abrir un expediente,Medico,Quito,Libertad de Riesgo,Seguridad Clínica,"Fuga de información y violación de la confidencialidad médica (HIPAA/Ley de Protección de Datos), exponiendo datos de otros pacientes."
3352,2025-06-11,HCE,Duplicado de historia clinica al registrar un paciente ya existente,Medico,Guayaquil,Libertad de Riesgo,Seguridad Clínica,"Riesgo de seguridad clínica debido a la fragmentación de la información de salud del paciente, lo que puede inducir a diagnósticos y tratamientos erróneos."
3353,2025-06-12,Telemedicina,Calidad de video muy baja pese a tener buena conexion a internet,Paciente,Cuenca,Satisfacción,RNF-05 (Disponibilidad de llamada),Mala experiencia sensorial e interactiva durante la teleconsulta que impacta el RNF-05 y la percepción de calidad del servicio.
3354,2025-06-13,Facturacion,Reembolso aprobado no se refleja en el estado de cuenta,Admision,Ambato,Libertad de Riesgo,RNF-03 (Errores de Facturación),"Fallas en la aplicación de notas de crédito o reembolsos que distorsionan los estados de cuenta, arriesgando multas tributarias e inconformidad legal."
3355,2025-06-14,Imagenologia,Perdida de calidad en las imagenes al ser visualizadas desde la app,Radiologo,Manta,Satisfacción,Usabilidad,Degradación visual que afecta la comodidad y confianza de los médicos al visualizar estudios clínicos desde la app móvil.
3356,2025-06-15,Portal Citas,Doble reserva de un mismo cupo por dos pacientes distintos,Paciente,Quito,Libertad de Riesgo,RNF-03 (Errores de Facturación),"Doble agendamiento de un mismo cupo que genera sobreventa de citas, colapso de agenda de especialistas y multas o insatisfacción comercial."
3357,2025-06-16,HCE,El sistema no permite adjuntar imagenes de heridas desde la tablet,Medico,Guayaquil,Cobertura de Contexto,Flexibilidad de Dispositivo,El sistema presenta limitaciones de portabilidad y compatibilidad al operar en el contexto físico específico de tablets para adjuntar imágenes de heridas.
3358,2025-06-17,App Movil,Notificaciones push no llegan pese a estar activadas,Paciente,Cuenca,Efectividad,Funcionalidad,Falla de funcionalidad en el módulo App Movil que impide al usuario completar sus tareas de manera precisa y completa.
3359,2025-06-18,Portal Citas,Doble reserva de un mismo cupo por dos pacientes distintos,Paciente,Ambato,Libertad de Riesgo,RNF-03 (Errores de Facturación),"Doble agendamiento de un mismo cupo que genera sobreventa de citas, colapso de agenda de especialistas y multas o insatisfacción comercial."
3360,2025-06-19,App Movil,Version desactualizada del app impide iniciar sesion,Paciente,Manta,Cobertura de Contexto,Portabilidad,Incompatibilidad y falta de robustez del sistema cuando se ejecuta en el contexto de sistemas cliente que no cuentan con la última versión de software.
3361,2025-06-20,Portal Citas,El sistema no envia la confirmacion por correo electronico,Paciente,Quito,Efectividad,Funcionalidad,Falla funcional que impide completar la tarea de confirmación de cita al paciente por canal de correo electrónico.
3362,2025-06-21,Facturacion,El sistema no reconoce el convenio con la aseguradora,Admision,Guayaquil,Libertad de Riesgo,RNF-03 (Errores de Facturación),El no reconocimiento de convenios de aseguradoras genera fricción de cobro y riesgo de pérdidas económicas por servicios no cubiertos correctamente.
3363,2025-06-22,HCE,Perdida de la nota de evolucion tras un cierre inesperado de sesion,Medico,Cuenca,Efectividad,Funcionalidad,Falla de funcionalidad en el módulo HCE que impide al usuario completar sus tareas de manera precisa y completa.
3364,2025-06-23,Reportes Gerenciales,Discrepancia entre el reporte financiero y el modulo de facturacion,Gerencia,Ambato,Libertad de Riesgo,RNF-03 (Errores de Facturación),"Discrepancia contable entre reportes directivos y facturación real, afectando las decisiones del negocio y la integridad de las auditorías."
3365,2025-06-24,HCE,El sistema no permite adjuntar imagenes de heridas desde la tablet,Medico,Manta,Cobertura de Contexto,Flexibilidad de Dispositivo,El sistema presenta limitaciones de portabilidad y compatibilidad al operar en el contexto físico específico de tablets para adjuntar imágenes de heridas.
3366,2025-06-25,HCE,Consulta anterior no se muestra en el resumen de antecedentes,Medico,Quito,Efectividad,Funcionalidad,Falla de funcionalidad en el módulo HCE que impide al usuario completar sus tareas de manera precisa y completa.
3367,2025-06-26,Portal Citas,El pago del bono de consulta no se refleja tras completarlo,Paciente,Guayaquil,Libertad de Riesgo,RNF-03 (Errores de Facturación),Inconsistencia financiera en los cobros o transacciones del sistema que infringe las normativas contables y expone al hospital a pérdidas económicas.
3368,2025-06-27,HCE,Perdida de la nota de evolucion tras un cierre inesperado de sesion,Medico,Cuenca,Efectividad,Funcionalidad,Falla de funcionalidad en el módulo HCE que impide al usuario completar sus tareas de manera precisa y completa.
3369,2025-06-28,Telemedicina,Calidad de video muy baja pese a tener buena conexion a internet,Paciente,Ambato,Satisfacción,RNF-05 (Disponibilidad de llamada),Mala experiencia sensorial e interactiva durante la teleconsulta que impacta el RNF-05 y la percepción de calidad del servicio.
3370,2025-06-29,Farmacia,El sistema no descuenta automaticamente el medicamento dispensado,Farmacia,Manta,Efectividad,Funcionalidad,Falla de funcionalidad en el módulo Farmacia que impide al usuario completar sus tareas de manera precisa y completa.
3371,2025-06-30,Imagenologia,Las imagenes de rayos X no cargan en el visor DICOM,Radiologo,Quito,Efectividad,Funcionalidad,Falla de funcionalidad en el módulo Imagenologia que impide al usuario completar sus tareas de manera precisa y completa.
3372,2025-07-01,HCE,Consulta anterior no se muestra en el resumen de antecedentes,Medico,Guayaquil,Efectividad,Funcionalidad,Falla de funcionalidad en el módulo HCE que impide al usuario completar sus tareas de manera precisa y completa.
3373,2025-07-02,Portal Citas,El pago del bono de consulta no se refleja tras completarlo,Paciente,Cuenca,Libertad de Riesgo,RNF-03 (Errores de Facturación),Inconsistencia financiera en los cobros o transacciones del sistema que infringe las normativas contables y expone al hospital a pérdidas económicas.
3374,2025-07-03,Imagenologia,Perdida de calidad en las imagenes al ser visualizadas desde la app,Radiologo,Ambato,Satisfacción,Usabilidad,Degradación visual que afecta la comodidad y confianza de los médicos al visualizar estudios clínicos desde la app móvil.
3375,2025-07-04,Imagenologia,Perdida de calidad en las imagenes al ser visualizadas desde la app,Radiologo,Manta,Satisfacción,Usabilidad,Degradación visual que afecta la comodidad y confianza de los médicos al visualizar estudios clínicos desde la app móvil.
3376,2025-07-05,Portal Citas,Sesion expira antes de finalizar el proceso de agendamiento,Paciente,Quito,Satisfacción,Usabilidad,"Mala experiencia de usuario que interrumpe de forma prematura el proceso de compra/agendamiento, forzando a repetir pasos."
3377,2025-07-06,Facturacion,Factura electronica no llega al correo registrado del paciente,Admision,Guayaquil,Efectividad,Funcionalidad,Falla de funcionalidad en el módulo Facturacion que impide al usuario completar sus tareas de manera precisa y completa.
3378,2025-07-07,Facturacion,Reembolso aprobado no se refleja en el estado de cuenta,Admision,Cuenca,Libertad de Riesgo,RNF-03 (Errores de Facturación),"Fallas en la aplicación de notas de crédito o reembolsos que distorsionan los estados de cuenta, arriesgando multas tributarias e inconformidad legal."
3379,2025-07-08,Facturacion,Factura electronica no llega al correo registrado del paciente,Admision,Ambato,Efectividad,Funcionalidad,Falla de funcionalidad en el módulo Facturacion que impide al usuario completar sus tareas de manera precisa y completa.
3380,2025-07-09,Imagenologia,Perdida de calidad en las imagenes al ser visualizadas desde la app,Radiologo,Manta,Satisfacción,Usabilidad,Degradación visual que afecta la comodidad y confianza de los médicos al visualizar estudios clínicos desde la app móvil.
3381,2025-07-10,Facturacion,Reintento de transaccion genera doble cobro en la tarjeta,Admision,Quito,Libertad de Riesgo,RNF-03 (Errores de Facturación),"Violación del requerimiento no funcional RNF-03 de facturación; genera cobros indebidos en las tarjetas del cliente, comprometiendo la confianza y el riesgo financiero."
3382,2025-07-11,HCE,El sistema no permite adjuntar imagenes de heridas desde la tablet,Medico,Guayaquil,Cobertura de Contexto,Flexibilidad de Dispositivo,El sistema presenta limitaciones de portabilidad y compatibilidad al operar en el contexto físico específico de tablets para adjuntar imágenes de heridas.
3383,2025-07-12,Laboratorio,Resultado de examen de laboratorio no se sincroniza con la HCE,Tecnico Laboratorio,Cuenca,Efectividad,Integración de Datos,Error de integración funcional que impide la sincronización y actualización del registro médico entre módulos del HIS.
3384,2025-07-13,App Movil,Resultados de examenes no se visualizan en formato PDF,Paciente,Ambato,Efectividad,Funcionalidad,Falla de funcionalidad en el módulo App Movil que impide al usuario completar sus tareas de manera precisa y completa.
3385,2025-07-14,Laboratorio,Retraso de 19s en la disponibilidad de resultados criticos,Tecnico Laboratorio,Manta,Eficiencia,Eficiencia Operativa,"El sistema presenta tiempos de respuesta elevados que consumen recursos de tiempo innecesarios, degradando la eficiencia del usuario en sus tareas."
3386,2025-07-15,Telemedicina,Calidad de video muy baja pese a tener buena conexion a internet,Paciente,Quito,Satisfacción,RNF-05 (Disponibilidad de llamada),Mala experiencia sensorial e interactiva durante la teleconsulta que impacta el RNF-05 y la percepción de calidad del servicio.
3387,2025-07-16,HCE,El sistema no permite adjuntar imagenes de heridas desde la tablet,Medico,Guayaquil,Cobertura de Contexto,Flexibilidad de Dispositivo,El sistema presenta limitaciones de portabilidad y compatibilidad al operar en el contexto físico específico de tablets para adjuntar imágenes de heridas.
3388,2025-07-17,HCE,Consulta anterior no se muestra en el resumen de antecedentes,Medico,Cuenca,Efectividad,Funcionalidad,Falla de funcionalidad en el módulo HCE que impide al usuario completar sus tareas de manera precisa y completa.
3389,2025-07-18,Facturacion,Nota de credito no se aplica al saldo pendiente del paciente,Admision,Ambato,Libertad de Riesgo,RNF-03 (Errores de Facturación),"Fallas en la aplicación de notas de crédito o reembolsos que distorsionan los estados de cuenta, arriesgando multas tributarias e inconformidad legal."
3390,2025-07-19,HCE,Duplicado de historia clinica al registrar un paciente ya existente,Medico,Manta,Libertad de Riesgo,Seguridad Clínica,"Riesgo de seguridad clínica debido a la fragmentación de la información de salud del paciente, lo que puede inducir a diagnósticos y tratamientos erróneos."
3391,2025-07-20,Telemedicina,Videollamada se corta a los 2 minutos,Paciente,Quito,Cobertura de Contexto,RNF-05 (Disponibilidad de llamada),"Falta de resiliencia del canal de comunicación ante variaciones en la conectividad del usuario, interrumpiendo la sesión de teleconsulta en producción."
3392,2025-07-21,Telemedicina,Calidad de video muy baja pese a tener buena conexion a internet,Paciente,Guayaquil,Satisfacción,RNF-05 (Disponibilidad de llamada),Mala experiencia sensorial e interactiva durante la teleconsulta que impacta el RNF-05 y la percepción de calidad del servicio.
3393,2025-07-22,App Movil,El inicio de sesion con biometria falla de forma intermitente,Paciente,Cuenca,Satisfacción,Usabilidad,La inestabilidad en el inicio biométrico genera frustración y reduce la confianza y comodidad del usuario al acceder al aplicativo móvil.
3394,2025-07-23,Telemedicina,Audio desincronizado durante la teleconsulta,Paciente,Ambato,Satisfacción,RNF-05 (Disponibilidad de llamada),Mala experiencia sensorial e interactiva durante la teleconsulta que impacta el RNF-05 y la percepción de calidad del servicio.
3395,2025-07-24,HCE,Perdida de la nota de evolucion tras un cierre inesperado de sesion,Medico,Manta,Efectividad,Funcionalidad,Falla de funcionalidad en el módulo HCE que impide al usuario completar sus tareas de manera precisa y completa.
3396,2025-07-25,Facturacion,Factura generada con el nombre del paciente incorrecto,Admision,Quito,Efectividad,Funcionalidad,Falla de funcionalidad en el módulo Facturacion que impide al usuario completar sus tareas de manera precisa y completa.
3397,2025-07-26,Portal Citas,Usuario no logra agendar tras 2 intentos,Paciente,Guayaquil,Satisfacción,RNF-02 (Pasos del Portal),"Incapacidad del usuario de lograr su meta tras múltiples intentos, violando el RNF-02 y provocando un alto nivel de frustración."
3398,2025-07-27,HCE,Signos vitales registrados por enfermeria no aparecen en la HCE del medico,Medico,Cuenca,Efectividad,Integración de Datos,Falla de funcionalidad en el módulo HCE que impide al usuario completar sus tareas de manera precisa y completa.
3399,2025-07-28,Portal Citas,Cita agendada no aparece reflejada en el calendario del especialista,Paciente,Ambato,Efectividad,Funcionalidad,Falla de funcionalidad en el módulo Portal Citas que impide al usuario completar sus tareas de manera precisa y completa.
3400,2025-07-29,Telemedicina,Grabacion de la consulta no se almacena correctamente,Paciente,Manta,Efectividad,Funcionalidad,Falla de funcionalidad en el módulo Telemedicina que impide al usuario completar sus tareas de manera precisa y completa.
3401,2025-07-30,HCE,Nota de evolucion tarda 20s en guardarse,Medico,Quito,Eficiencia,RNF-01 (Latencia HCE),"El tiempo de guardado supera los 8 segundos tolerables, violando directamente el requerimiento no funcional RNF-01 de rendimiento del sistema para notas clínicas."
3402,2025-07-31,Portal Citas,Usuario no logra agendar tras 4 intentos,Paciente,Guayaquil,Satisfacción,RNF-02 (Pasos del Portal),"Incapacidad del usuario de lograr su meta tras múltiples intentos, violando el RNF-02 y provocando un alto nivel de frustración."
3403,2025-08-01,HCE,Datos de otro paciente visibles brevemente al abrir un expediente,Medico,Cuenca,Libertad de Riesgo,Seguridad Clínica,"Fuga de información y violación de la confidencialidad médica (HIPAA/Ley de Protección de Datos), exponiendo datos de otros pacientes."
3404,2025-08-02,Telemedicina,El chat de la consulta no permite enviar imagenes,Paciente,Ambato,Efectividad,Funcionalidad,Restricción de funcionalidad que impide al usuario realizar una acción requerida para completar su tarea.
3405,2025-08-03,Portal Citas,Usuario no logra agendar tras 3 intentos,Paciente,Manta,Satisfacción,RNF-02 (Pasos del Portal),"Incapacidad del usuario de lograr su meta tras múltiples intentos, violando el RNF-02 y provocando un alto nivel de frustración."
3406,2025-08-04,App Movil,Resultados de examenes no se visualizan en formato PDF,Paciente,Quito,Efectividad,Funcionalidad,Falla de funcionalidad en el módulo App Movil que impide al usuario completar sus tareas de manera precisa y completa.
3407,2025-08-05,Facturacion,Discrepancia entre el monto facturado y el detalle de servicios,Admision,Guayaquil,Libertad de Riesgo,RNF-03 (Errores de Facturación),"Errores en el cálculo del copago de seguros o discrepancias de montos facturados, induciendo a pérdidas financieras o reclamaciones legales."
3408,2025-08-06,HCE,Historial de alergias no carga al abrir la ficha del paciente,Medico,Cuenca,Libertad de Riesgo,Seguridad Clínica,"Falla crítica que expone la seguridad del paciente al omitir información vital de alergias, con un alto riesgo de shock anafiláctico o mala praxis."
3409,2025-08-07,Farmacia,Receta electronica llega incompleta desde el modulo de HCE,Farmacia,Ambato,Efectividad,Funcionalidad,Falla de funcionalidad en el módulo Farmacia que impide al usuario completar sus tareas de manera precisa y completa.
3410,2025-08-08,Portal Citas,Doble reserva de un mismo cupo por dos pacientes distintos,Paciente,Manta,Libertad de Riesgo,RNF-03 (Errores de Facturación),"Doble agendamiento de un mismo cupo que genera sobreventa de citas, colapso de agenda de especialistas y multas o insatisfacción comercial."
3411,2025-08-09,Facturacion,Factura duplicada al reintentar pago,Admision,Quito,Libertad de Riesgo,RNF-03 (Errores de Facturación),"Violación del requerimiento no funcional RNF-03 de facturación; genera cobros indebidos en las tarjetas del cliente, comprometiendo la confianza y el riesgo financiero."
3412,2025-08-10,HCE,Orden medica no se sincroniza con el modulo de farmacia,Medico,Guayaquil,Efectividad,Integración Funcional,Error de integración funcional que impide la sincronización y actualización del registro médico entre módulos del HIS.
3413,2025-08-11,Portal Citas,Boton de confirmar cita no responde en dispositivos moviles,Paciente,Cuenca,Cobertura de Contexto,Portabilidad,"Falla de adaptabilidad de la interfaz en el contexto de dispositivos móviles, impidiendo confirmar citas desde pantallas de formatos pequeños."
3414,2025-08-12,Facturacion,Reembolso aprobado no se refleja en el estado de cuenta,Admision,Ambato,Libertad de Riesgo,RNF-03 (Errores de Facturación),"Fallas en la aplicación de notas de crédito o reembolsos que distorsionan los estados de cuenta, arriesgando multas tributarias e inconformidad legal."
3415,2025-08-13,HCE,Orden medica no se sincroniza con el modulo de farmacia,Medico,Manta,Efectividad,Integración Funcional,Error de integración funcional que impide la sincronización y actualización del registro médico entre módulos del HIS.
3416,2025-08-14,Imagenologia,El informe radiologico no se adjunta automaticamente a la HCE,Radiologo,Quito,Efectividad,Funcionalidad,Falla de funcionalidad en el módulo Imagenologia que impide al usuario completar sus tareas de manera precisa y completa.
3417,2025-08-15,Portal Citas,Usuario no logra agendar tras 2 intentos,Paciente,Guayaquil,Satisfacción,RNF-02 (Pasos del Portal),"Incapacidad del usuario de lograr su meta tras múltiples intentos, violando el RNF-02 y provocando un alto nivel de frustración."
3418,2025-08-16,Reportes Gerenciales,Discrepancia entre el reporte financiero y el modulo de facturacion,Gerencia,Cuenca,Libertad de Riesgo,RNF-03 (Errores de Facturación),"Discrepancia contable entre reportes directivos y facturación real, afectando las decisiones del negocio y la integridad de las auditorías."
3419,2025-08-17,Portal Citas,Usuario no logra agendar tras 3 intentos,Paciente,Ambato,Satisfacción,RNF-02 (Pasos del Portal),"Incapacidad del usuario de lograr su meta tras múltiples intentos, violando el RNF-02 y provocando un alto nivel de frustración."
3420,2025-08-18,Portal Citas,Tiempo de espera en el portal supera los 29s en horas pico,Paciente,Manta,Eficiencia,Eficiencia Operativa,"El sistema presenta tiempos de respuesta elevados que consumen recursos de tiempo innecesarios, degradando la eficiencia del usuario en sus tareas."
3421,2025-08-19,HCE,Perdida de la nota de evolucion tras un cierre inesperado de sesion,Medico,Quito,Efectividad,Funcionalidad,Falla de funcionalidad en el módulo HCE que impide al usuario completar sus tareas de manera precisa y completa.
3422,2025-08-20,HCE,Perdida de la nota de evolucion tras un cierre inesperado de sesion,Medico,Guayaquil,Efectividad,Funcionalidad,Falla de funcionalidad en el módulo HCE que impide al usuario completar sus tareas de manera precisa y completa.
3423,2025-08-21,Facturacion,Nota de credito no se aplica al saldo pendiente del paciente,Admision,Cuenca,Libertad de Riesgo,RNF-03 (Errores de Facturación),"Fallas en la aplicación de notas de crédito o reembolsos que distorsionan los estados de cuenta, arriesgando multas tributarias e inconformidad legal."
3424,2025-08-22,HCE,Datos de otro paciente visibles brevemente al abrir un expediente,Medico,Ambato,Libertad de Riesgo,Seguridad Clínica,"Fuga de información y violación de la confidencialidad médica (HIPAA/Ley de Protección de Datos), exponiendo datos de otros pacientes."
3425,2025-08-23,App Movil,Consumo elevado de datos moviles al abrir el modulo de citas,Paciente,Manta,Cobertura de Contexto,Portabilidad,"Consumo excesivo de ancho de banda móvil, lo que restringe el uso eficiente del sistema en redes celulares de datos (fuera de la intranet del hospital)."
3426,2025-08-24,Portal Citas,Filtro de especialidad medica no devuelve resultados,Paciente,Quito,Efectividad,Funcionalidad,Falla de funcionalidad en el módulo Portal Citas que impide al usuario completar sus tareas de manera precisa y completa.
3427,2025-08-25,App Movil,Version desactualizada del app impide iniciar sesion,Paciente,Guayaquil,Cobertura de Contexto,Portabilidad,Incompatibilidad y falta de robustez del sistema cuando se ejecuta en el contexto de sistemas cliente que no cuentan con la última versión de software.
3428,2025-08-26,App Movil,Resultados de examenes no se visualizan en formato PDF,Paciente,Cuenca,Efectividad,Funcionalidad,Falla de funcionalidad en el módulo App Movil que impide al usuario completar sus tareas de manera precisa y completa.
3429,2025-08-27,Portal Citas,Usuario no logra agendar tras 3 intentos,Paciente,Ambato,Satisfacción,RNF-02 (Pasos del Portal),"Incapacidad del usuario de lograr su meta tras múltiples intentos, violando el RNF-02 y provocando un alto nivel de frustración."
3430,2025-08-28,Telemedicina,Calidad de video muy baja pese a tener buena conexion a internet,Paciente,Manta,Satisfacción,RNF-05 (Disponibilidad de llamada),Mala experiencia sensorial e interactiva durante la teleconsulta que impacta el RNF-05 y la percepción de calidad del servicio.
3431,2025-08-29,Laboratorio,El sistema no permite adjuntar el reporte en PDF del laboratorio externo,Tecnico Laboratorio,Quito,Efectividad,Funcionalidad,Restricción de funcionalidad que impide al usuario realizar una acción requerida para completar su tarea.
3432,2025-08-30,Portal Citas,Cita agendada no aparece reflejada en el calendario del especialista,Paciente,Guayaquil,Efectividad,Funcionalidad,Falla de funcionalidad en el módulo Portal Citas que impide al usuario completar sus tareas de manera precisa y completa.
3433,2025-08-31,HCE,Datos de otro paciente visibles brevemente al abrir un expediente,Medico,Cuenca,Libertad de Riesgo,Seguridad Clínica,"Fuga de información y violación de la confidencialidad médica (HIPAA/Ley de Protección de Datos), exponiendo datos de otros pacientes."
3434,2025-09-01,HCE,Perdida de la nota de evolucion tras un cierre inesperado de sesion,Medico,Ambato,Efectividad,Funcionalidad,Falla de funcionalidad en el módulo HCE que impide al usuario completar sus tareas de manera precisa y completa.
3435,2025-09-02,Portal Citas,El sistema no envia la confirmacion por correo electronico,Paciente,Manta,Efectividad,Funcionalidad,Falla funcional que impide completar la tarea de confirmación de cita al paciente por canal de correo electrónico.
3436,2025-09-03,Telemedicina,El chat de la consulta no permite enviar imagenes,Paciente,Quito,Efectividad,Funcionalidad,Restricción de funcionalidad que impide al usuario realizar una acción requerida para completar su tarea.
3437,2025-09-04,Facturacion,Nota de credito no se aplica al saldo pendiente del paciente,Admision,Guayaquil,Libertad de Riesgo,RNF-03 (Errores de Facturación),"Fallas en la aplicación de notas de crédito o reembolsos que distorsionan los estados de cuenta, arriesgando multas tributarias e inconformidad legal."
3438,2025-09-05,Imagenologia,Perdida de calidad en las imagenes al ser visualizadas desde la app,Radiologo,Cuenca,Satisfacción,Usabilidad,Degradación visual que afecta la comodidad y confianza de los médicos al visualizar estudios clínicos desde la app móvil.
3439,2025-09-06,App Movil,Resultados de examenes no se visualizan en formato PDF,Paciente,Ambato,Efectividad,Funcionalidad,Falla de funcionalidad en el módulo App Movil que impide al usuario completar sus tareas de manera precisa y completa.
3440,2025-09-07,Telemedicina,Receta electronica no se genera al finalizar la teleconsulta,Paciente,Manta,Efectividad,Funcionalidad,Falla de funcionalidad en el módulo Telemedicina que impide al usuario completar sus tareas de manera precisa y completa.
3441,2025-09-08,Farmacia,Tiempo de respuesta del modulo de farmacia supera los 27s,Farmacia,Quito,Eficiencia,Eficiencia Operativa,"El sistema presenta tiempos de respuesta elevados que consumen recursos de tiempo innecesarios, degradando la eficiencia del usuario en sus tareas."
3442,2025-09-09,Laboratorio,Retraso de 29s en la disponibilidad de resultados criticos,Tecnico Laboratorio,Guayaquil,Eficiencia,Eficiencia Operativa,"El sistema presenta tiempos de respuesta elevados que consumen recursos de tiempo innecesarios, degradando la eficiencia del usuario en sus tareas."
3443,2025-09-10,HCE,Orden medica no se sincroniza con el modulo de farmacia,Medico,Cuenca,Efectividad,Integración Funcional,Error de integración funcional que impide la sincronización y actualización del registro médico entre módulos del HIS.
3444,2025-09-11,Facturacion,El sistema no reconoce el convenio con la aseguradora,Admision,Ambato,Libertad de Riesgo,RNF-03 (Errores de Facturación),El no reconocimiento de convenios de aseguradoras genera fricción de cobro y riesgo de pérdidas económicas por servicios no cubiertos correctamente.
3445,2025-09-12,Laboratorio,El sistema no permite adjuntar el reporte en PDF del laboratorio externo,Tecnico Laboratorio,Manta,Efectividad,Funcionalidad,Restricción de funcionalidad que impide al usuario realizar una acción requerida para completar su tarea.
3446,2025-09-13,Portal Citas,El portal muestra disponibilidad para un horario ya ocupado,Paciente,Quito,Efectividad,Funcionalidad,Falla de funcionalidad en el módulo Portal Citas que impide al usuario completar sus tareas de manera precisa y completa.
3447,2025-09-14,Farmacia,Receta electronica llega incompleta desde el modulo de HCE,Farmacia,Guayaquil,Efectividad,Funcionalidad,Falla de funcionalidad en el módulo Farmacia que impide al usuario completar sus tareas de manera precisa y completa.
3448,2025-09-15,Facturacion,Reembolso aprobado no se refleja en el estado de cuenta,Admision,Cuenca,Libertad de Riesgo,RNF-03 (Errores de Facturación),"Fallas en la aplicación de notas de crédito o reembolsos que distorsionan los estados de cuenta, arriesgando multas tributarias e inconformidad legal."
3449,2025-09-16,Reportes Gerenciales,El reporte de ocupacion hospitalaria no se actualiza automaticamente,Gerencia,Ambato,Efectividad,Funcionalidad,Inconsistencia en la actualización de datos que impide la visualización correcta de información operativa reciente.
3450,2025-09-17,Farmacia,El sistema no descuenta automaticamente el medicamento dispensado,Farmacia,Manta,Efectividad,Funcionalidad,Falla de funcionalidad en el módulo Farmacia que impide al usuario completar sus tareas de manera precisa y completa.
3451,2025-09-18,Telemedicina,Notificacion de inicio de teleconsulta llega con retraso de 20s,Paciente,Quito,Eficiencia,Eficiencia Operativa,"El sistema presenta tiempos de respuesta elevados que consumen recursos de tiempo innecesarios, degradando la eficiencia del usuario en sus tareas."
3452,2025-09-19,Portal Citas,Sesion expira antes de finalizar el proceso de agendamiento,Paciente,Guayaquil,Satisfacción,Usabilidad,"Mala experiencia de usuario que interrumpe de forma prematura el proceso de compra/agendamiento, forzando a repetir pasos."
3453,2025-09-20,Telemedicina,Videollamada se corta a los 2 minutos,Paciente,Cuenca,Cobertura de Contexto,RNF-05 (Disponibilidad de llamada),"Falta de resiliencia del canal de comunicación ante variaciones en la conectividad del usuario, interrumpiendo la sesión de teleconsulta en producción."
3454,2025-09-21,Telemedicina,Calidad de video muy baja pese a tener buena conexion a internet,Paciente,Ambato,Satisfacción,RNF-05 (Disponibilidad de llamada),Mala experiencia sensorial e interactiva durante la teleconsulta que impacta el RNF-05 y la percepción de calidad del servicio.
3455,2025-09-22,Portal Citas,Cancelacion de cita no libera el cupo en el calendario,Paciente,Manta,Efectividad,Funcionalidad,Falla de funcionalidad en el módulo Portal Citas que impide al usuario completar sus tareas de manera precisa y completa.
3456,2025-09-23,Portal Citas,Cita agendada no aparece reflejada en el calendario del especialista,Paciente,Quito,Efectividad,Funcionalidad,Falla de funcionalidad en el módulo Portal Citas que impide al usuario completar sus tareas de manera precisa y completa.
3457,2025-09-24,Portal Citas,El sistema no envia la confirmacion por correo electronico,Paciente,Guayaquil,Efectividad,Funcionalidad,Falla funcional que impide completar la tarea de confirmación de cita al paciente por canal de correo electrónico.
3458,2025-09-25,Telemedicina,Receta electronica no se genera al finalizar la teleconsulta,Paciente,Cuenca,Efectividad,Funcionalidad,Falla de funcionalidad en el módulo Telemedicina que impide al usuario completar sus tareas de manera precisa y completa.
3459,2025-09-26,App Movil,Resultados de examenes no se visualizan en formato PDF,Paciente,Ambato,Efectividad,Funcionalidad,Falla de funcionalidad en el módulo App Movil que impide al usuario completar sus tareas de manera precisa y completa.
3460,2025-09-27,Imagenologia,Tiempo de carga de estudios de imagen supera los 14s,Radiologo,Manta,Eficiencia,Eficiencia Operativa,La lentitud en la carga y transferencia de archivos DICOM pesados degrada la eficiencia del flujo de trabajo clínico en imagenología.
3461,2025-09-28,App Movil,Consumo elevado de datos moviles al abrir el modulo de citas,Paciente,Quito,Cobertura de Contexto,Portabilidad,"Consumo excesivo de ancho de banda móvil, lo que restringe el uso eficiente del sistema en redes celulares de datos (fuera de la intranet del hospital)."
3462,2025-09-29,HCE,El sistema no permite adjuntar imagenes de heridas desde la tablet,Medico,Guayaquil,Cobertura de Contexto,Flexibilidad de Dispositivo,El sistema presenta limitaciones de portabilidad y compatibilidad al operar en el contexto físico específico de tablets para adjuntar imágenes de heridas.
3463,2025-09-30,Portal Citas,El pago del bono de consulta no se refleja tras completarlo,Paciente,Cuenca,Libertad de Riesgo,RNF-03 (Errores de Facturación),Inconsistencia financiera en los cobros o transacciones del sistema que infringe las normativas contables y expone al hospital a pérdidas económicas.
3464,2025-10-01,Farmacia,Tiempo de respuesta del modulo de farmacia supera los 21s,Farmacia,Ambato,Eficiencia,Eficiencia Operativa,"El sistema presenta tiempos de respuesta elevados que consumen recursos de tiempo innecesarios, degradando la eficiencia del usuario en sus tareas."
3465,2025-10-02,HCE,El sistema se congela al adjuntar resultados de laboratorio a la HCE,Medico,Manta,Efectividad,Funcionalidad,Falla de funcionalidad en el módulo HCE que impide al usuario completar sus tareas de manera precisa y completa.
3466,2025-10-03,Portal Citas,Cancelacion de cita no libera el cupo en el calendario,Paciente,Quito,Efectividad,Funcionalidad,Falla de funcionalidad en el módulo Portal Citas que impide al usuario completar sus tareas de manera precisa y completa.
3467,2025-10-04,App Movil,El boton de teleconsulta no redirige correctamente a la videollamada,Paciente,Guayaquil,Efectividad,Funcionalidad,Falla de funcionalidad en el módulo App Movil que impide al usuario completar sus tareas de manera precisa y completa.
3468,2025-10-05,HCE,Duplicado de historia clinica al registrar un paciente ya existente,Medico,Cuenca,Libertad de Riesgo,Seguridad Clínica,"Riesgo de seguridad clínica debido a la fragmentación de la información de salud del paciente, lo que puede inducir a diagnósticos y tratamientos erróneos."
3469,2025-10-06,Portal Citas,Usuario no logra agendar tras 4 intentos,Paciente,Ambato,Satisfacción,RNF-02 (Pasos del Portal),"Incapacidad del usuario de lograr su meta tras múltiples intentos, violando el RNF-02 y provocando un alto nivel de frustración."
3470,2025-10-07,App Movil,Consumo elevado de datos moviles al abrir el modulo de citas,Paciente,Manta,Cobertura de Contexto,Portabilidad,"Consumo excesivo de ancho de banda móvil, lo que restringe el uso eficiente del sistema en redes celulares de datos (fuera de la intranet del hospital)."
3471,2025-10-08,HCE,Consulta anterior no se muestra en el resumen de antecedentes,Medico,Quito,Efectividad,Funcionalidad,Falla de funcionalidad en el módulo HCE que impide al usuario completar sus tareas de manera precisa y completa.
3472,2025-10-09,Portal Citas,El sistema no envia la confirmacion por correo electronico,Paciente,Guayaquil,Efectividad,Funcionalidad,Falla funcional que impide completar la tarea de confirmación de cita al paciente por canal de correo electrónico.
3473,2025-10-10,HCE,El sistema no permite adjuntar imagenes de heridas desde la tablet,Medico,Cuenca,Cobertura de Contexto,Flexibilidad de Dispositivo,El sistema presenta limitaciones de portabilidad y compatibilidad al operar en el contexto físico específico de tablets para adjuntar imágenes de heridas.
3474,2025-10-11,HCE,Signos vitales registrados por enfermeria no aparecen en la HCE del medico,Medico,Ambato,Efectividad,Integración de Datos,Falla de funcionalidad en el módulo HCE que impide al usuario completar sus tareas de manera precisa y completa.
3475,2025-10-12,Facturacion,Error de calculo en el copago del seguro medico,Admision,Manta,Libertad de Riesgo,RNF-03 (Errores de Facturación),"Errores en el cálculo del copago de seguros o discrepancias de montos facturados, induciendo a pérdidas financieras o reclamaciones legales."
3476,2025-10-13,Portal Citas,Filtro de especialidad medica no devuelve resultados,Paciente,Quito,Efectividad,Funcionalidad,Falla de funcionalidad en el módulo Portal Citas que impide al usuario completar sus tareas de manera precisa y completa.
3477,2025-10-14,Facturacion,Factura generada con el nombre del paciente incorrecto,Admision,Guayaquil,Efectividad,Funcionalidad,Falla de funcionalidad en el módulo Facturacion que impide al usuario completar sus tareas de manera precisa y completa.
3478,2025-10-15,Telemedicina,Videollamada se corta a los 4 minutos,Paciente,Cuenca,Cobertura de Contexto,RNF-05 (Disponibilidad de llamada),"Falta de resiliencia del canal de comunicación ante variaciones en la conectividad del usuario, interrumpiendo la sesión de teleconsulta en producción."
3479,2025-10-16,Telemedicina,Receta electronica no se genera al finalizar la teleconsulta,Paciente,Ambato,Efectividad,Funcionalidad,Falla de funcionalidad en el módulo Telemedicina que impide al usuario completar sus tareas de manera precisa y completa.
3480,2025-10-17,Portal Citas,El portal muestra disponibilidad para un horario ya ocupado,Paciente,Manta,Efectividad,Funcionalidad,Falla de funcionalidad en el módulo Portal Citas que impide al usuario completar sus tareas de manera precisa y completa.
3481,2025-10-18,HCE,Alerta de interaccion medicamentosa no se despliega correctamente,Medico,Quito,Libertad de Riesgo,Seguridad Clínica,El fallo en el despliegue de alertas de interacción farmacológica pone en riesgo inminente la salud del paciente ante combinaciones letales.
3482,2025-10-19,Telemedicina,Paciente no puede unirse a la sala virtual a la hora agendada,Paciente,Guayaquil,Efectividad,Funcionalidad,Falla de funcionalidad en el módulo Telemedicina que impide al usuario completar sus tareas de manera precisa y completa.
3483,2025-10-20,HCE,Nota de evolucion tarda 24s en guardarse,Medico,Cuenca,Eficiencia,RNF-01 (Latencia HCE),"El tiempo de guardado supera los 8 segundos tolerables, violando directamente el requerimiento no funcional RNF-01 de rendimiento del sistema para notas clínicas."
3484,2025-10-21,Portal Citas,Error al reagendar una cita previamente confirmada,Paciente,Ambato,Efectividad,Funcionalidad,Falla de funcionalidad en el módulo Portal Citas que impide al usuario completar sus tareas de manera precisa y completa.
3485,2025-10-22,App Movil,El boton de teleconsulta no redirige correctamente a la videollamada,Paciente,Manta,Efectividad,Funcionalidad,Falla de funcionalidad en el módulo App Movil que impide al usuario completar sus tareas de manera precisa y completa.
3486,2025-10-23,Telemedicina,Audio desincronizado durante la teleconsulta,Paciente,Quito,Satisfacción,RNF-05 (Disponibilidad de llamada),Mala experiencia sensorial e interactiva durante la teleconsulta que impacta el RNF-05 y la percepción de calidad del servicio.
3487,2025-10-24,HCE,Alerta de interaccion medicamentosa no se despliega correctamente,Medico,Guayaquil,Libertad de Riesgo,Seguridad Clínica,El fallo en el despliegue de alertas de interacción farmacológica pone en riesgo inminente la salud del paciente ante combinaciones letales.
3488,2025-10-25,Telemedicina,Audio desincronizado durante la teleconsulta,Paciente,Cuenca,Satisfacción,RNF-05 (Disponibilidad de llamada),Mala experiencia sensorial e interactiva durante la teleconsulta que impacta el RNF-05 y la percepción de calidad del servicio.
3489,2025-10-26,Farmacia,Inventario del sistema no coincide con el stock fisico del insumo,Farmacia,Ambato,Efectividad,Funcionalidad,Falla de funcionalidad en el módulo Farmacia que impide al usuario completar sus tareas de manera precisa y completa.
3490,2025-10-27,App Movil,Resultados de examenes no se visualizan en formato PDF,Paciente,Manta,Efectividad,Funcionalidad,Falla de funcionalidad en el módulo App Movil que impide al usuario completar sus tareas de manera precisa y completa.
3491,2025-10-28,Farmacia,Alerta de vencimiento de lote no se muestra en el modulo,Farmacia,Quito,Libertad de Riesgo,Seguridad Clínica,Omitir la alerta de vencimiento de lotes farmacéuticos puede llevar a la administración de medicamentos caducados a los pacientes.
3492,2025-10-29,Farmacia,Inventario del sistema no coincide con el stock fisico del insumo,Farmacia,Guayaquil,Efectividad,Funcionalidad,Falla de funcionalidad en el módulo Farmacia que impide al usuario completar sus tareas de manera precisa y completa.
3493,2025-10-30,Imagenologia,Perdida de calidad en las imagenes al ser visualizadas desde la app,Radiologo,Cuenca,Satisfacción,Usabilidad,Degradación visual que afecta la comodidad y confianza de los médicos al visualizar estudios clínicos desde la app móvil.
3494,2025-10-31,Reportes Gerenciales,El reporte de ocupacion hospitalaria no se actualiza automaticamente,Gerencia,Ambato,Efectividad,Funcionalidad,Inconsistencia en la actualización de datos que impide la visualización correcta de información operativa reciente.
3495,2025-11-01,Facturacion,Factura electronica no llega al correo registrado del paciente,Admision,Manta,Efectividad,Funcionalidad,Falla de funcionalidad en el módulo Facturacion que impide al usuario completar sus tareas de manera precisa y completa.
3496,2025-11-02,HCE,Perdida de la nota de evolucion tras un cierre inesperado de sesion,Medico,Quito,Efectividad,Funcionalidad,Falla de funcionalidad en el módulo HCE que impide al usuario completar sus tareas de manera precisa y completa.
3497,2025-11-03,Portal Citas,Cita agendada no aparece reflejada en el calendario del especialista,Paciente,Guayaquil,Efectividad,Funcionalidad,Falla de funcionalidad en el módulo Portal Citas que impide al usuario completar sus tareas de manera precisa y completa.
3498,2025-11-04,Portal Citas,Error al reagendar una cita previamente confirmada,Paciente,Cuenca,Efectividad,Funcionalidad,Falla de funcionalidad en el módulo Portal Citas que impide al usuario completar sus tareas de manera precisa y completa.
3499,2025-11-05,HCE,Receta electronica se genera con la dosis incorrecta tras guardar,Medico,Ambato,Libertad de Riesgo,Seguridad Clínica,"Riesgo extremo de salud para el paciente al guardar dosis farmacológicas erróneas en la receta electrónica, pudiendo causar sobredosis o inefectividad clínica."
3500,2025-11-06,Portal Citas,Boton de confirmar cita no responde en dispositivos moviles,Paciente,Manta,Cobertura de Contexto,Portabilidad,"Falla de adaptabilidad de la interfaz en el contexto de dispositivos móviles, impidiendo confirmar citas desde pantallas de formatos pequeños."
3501,2025-11-07,Portal Citas,Filtro de especialidad medica no devuelve resultados,Paciente,Quito,Efectividad,Funcionalidad,Falla de funcionalidad en el módulo Portal Citas que impide al usuario completar sus tareas de manera precisa y completa.
3502,2025-11-08,Portal Citas,El portal muestra disponibilidad para un horario ya ocupado,Paciente,Guayaquil,Efectividad,Funcionalidad,Falla de funcionalidad en el módulo Portal Citas que impide al usuario completar sus tareas de manera precisa y completa.
3503,2025-11-09,App Movil,El inicio de sesion con biometria falla de forma intermitente,Paciente,Cuenca,Satisfacción,Usabilidad,La inestabilidad en el inicio biométrico genera frustración y reduce la confianza y comodidad del usuario al acceder al aplicativo móvil.
3504,2025-11-10,App Movil,Consumo elevado de datos moviles al abrir el modulo de citas,Paciente,Ambato,Cobertura de Contexto,Portabilidad,"Consumo excesivo de ancho de banda móvil, lo que restringe el uso eficiente del sistema en redes celulares de datos (fuera de la intranet del hospital)."
3505,2025-11-11,Laboratorio,Codigo de barras de la muestra no es reconocido por el lector,Tecnico Laboratorio,Manta,Efectividad,Funcionalidad,Falla de funcionalidad en el módulo Laboratorio que impide al usuario completar sus tareas de manera precisa y completa.
3506,2025-11-12,Laboratorio,Codigo de barras de la muestra no es reconocido por el lector,Tecnico Laboratorio,Quito,Efectividad,Funcionalidad,Falla de funcionalidad en el módulo Laboratorio que impide al usuario completar sus tareas de manera precisa y completa.
3507,2025-11-13,Farmacia,El sistema bloquea la dispensacion sin mostrar el motivo,Farmacia,Guayaquil,Satisfacción,Usabilidad,La falta de mensajes informativos claros y feedback del sistema incrementa la incertidumbre y frustración del operario farmacéutico.
3508,2025-11-14,Facturacion,El modulo de facturacion se cae durante el cierre de caja,Admision,Cuenca,Efectividad,Funcionalidad,Falla de funcionalidad en el módulo Facturacion que impide al usuario completar sus tareas de manera precisa y completa.
3509,2025-11-15,HCE,Datos de otro paciente visibles brevemente al abrir un expediente,Medico,Ambato,Libertad de Riesgo,Seguridad Clínica,"Fuga de información y violación de la confidencialidad médica (HIPAA/Ley de Protección de Datos), exponiendo datos de otros pacientes."
3510,2025-11-16,HCE,Nota de evolucion tarda 15s en guardarse,Medico,Manta,Eficiencia,RNF-01 (Latencia HCE),"El tiempo de guardado supera los 8 segundos tolerables, violando directamente el requerimiento no funcional RNF-01 de rendimiento del sistema para notas clínicas."
3511,2025-11-17,Telemedicina,Grabacion de la consulta no se almacena correctamente,Paciente,Quito,Efectividad,Funcionalidad,Falla de funcionalidad en el módulo Telemedicina que impide al usuario completar sus tareas de manera precisa y completa.
3512,2025-11-18,HCE,Signos vitales registrados por enfermeria no aparecen en la HCE del medico,Medico,Guayaquil,Efectividad,Integración de Datos,Falla de funcionalidad en el módulo HCE que impide al usuario completar sus tareas de manera precisa y completa.
3513,2025-11-19,Portal Citas,El sistema no envia la confirmacion por correo electronico,Paciente,Cuenca,Efectividad,Funcionalidad,Falla funcional que impide completar la tarea de confirmación de cita al paciente por canal de correo electrónico.
3514,2025-11-20,HCE,Historial de alergias no carga al abrir la ficha del paciente,Medico,Ambato,Libertad de Riesgo,Seguridad Clínica,"Falla crítica que expone la seguridad del paciente al omitir información vital de alergias, con un alto riesgo de shock anafiláctico o mala praxis."
3515,2025-11-21,Farmacia,Duplicidad de codigos entre dos presentaciones distintas de un mismo farmaco,Farmacia,Manta,Libertad de Riesgo,Seguridad Clínica,"La duplicación de códigos de fármacos introduce un riesgo de dispensación errónea en farmacia, comprometiendo la seguridad terapéutica del paciente."
3516,2025-11-22,HCE,Firma electronica del medico no se valida al cerrar la consulta,Medico,Quito,Efectividad,Funcionalidad,Falla de funcionalidad en el módulo HCE que impide al usuario completar sus tareas de manera precisa y completa.
3517,2025-11-23,Farmacia,Duplicidad de codigos entre dos presentaciones distintas de un mismo farmaco,Farmacia,Guayaquil,Libertad de Riesgo,Seguridad Clínica,"La duplicación de códigos de fármacos introduce un riesgo de dispensación errónea en farmacia, comprometiendo la seguridad terapéutica del paciente."
3518,2025-11-24,Imagenologia,Las imagenes de rayos X no cargan en el visor DICOM,Radiologo,Cuenca,Efectividad,Funcionalidad,Falla de funcionalidad en el módulo Imagenologia que impide al usuario completar sus tareas de manera precisa y completa.
3519,2025-11-25,HCE,Receta electronica se genera con la dosis incorrecta tras guardar,Medico,Ambato,Libertad de Riesgo,Seguridad Clínica,"Riesgo extremo de salud para el paciente al guardar dosis farmacológicas erróneas en la receta electrónica, pudiendo causar sobredosis o inefectividad clínica."
3520,2025-11-26,HCE,Duplicado de historia clinica al registrar un paciente ya existente,Medico,Manta,Libertad de Riesgo,Seguridad Clínica,"Riesgo de seguridad clínica debido a la fragmentación de la información de salud del paciente, lo que puede inducir a diagnósticos y tratamientos erróneos."
3521,2025-11-27,Farmacia,El sistema no descuenta automaticamente el medicamento dispensado,Farmacia,Quito,Efectividad,Funcionalidad,Falla de funcionalidad en el módulo Farmacia que impide al usuario completar sus tareas de manera precisa y completa.
3522,2025-11-28,App Movil,La aplicacion se cierra inesperadamente al abrir resultados de laboratorio,Paciente,Guayaquil,Efectividad,Funcionalidad,"Interrupción abrupta del sistema que impide que el usuario termine el registro de datos, reduciendo la efectividad operativa."
3523,2025-11-29,Telemedicina,Grabacion de la consulta no se almacena correctamente,Paciente,Cuenca,Efectividad,Funcionalidad,Falla de funcionalidad en el módulo Telemedicina que impide al usuario completar sus tareas de manera precisa y completa.
3524,2025-11-30,Telemedicina,La sesion se cierra automaticamente antes de terminar la consulta,Paciente,Ambato,Efectividad,Funcionalidad,Falla de funcionalidad en el módulo Telemedicina que impide al usuario completar sus tareas de manera precisa y completa.
3525,2025-12-01,Farmacia,Receta electronica llega incompleta desde el modulo de HCE,Farmacia,Manta,Efectividad,Funcionalidad,Falla de funcionalidad en el módulo Farmacia que impide al usuario completar sus tareas de manera precisa y completa.
3526,2025-12-02,Reportes Gerenciales,Tiempo de generacion del reporte mensual supera los 22 minutos,Gerencia,Quito,Eficiencia,Eficiencia Operativa,"Demoras severas en la generación de reportes mensuales de inteligencia de negocio, penalizando la eficiencia en el tiempo de procesamiento y toma de decisiones."
3527,2025-12-03,HCE,Signos vitales registrados por enfermeria no aparecen en la HCE del medico,Medico,Guayaquil,Efectividad,Integración de Datos,Falla de funcionalidad en el módulo HCE que impide al usuario completar sus tareas de manera precisa y completa.
3528,2025-12-04,Portal Citas,Cita agendada no aparece reflejada en el calendario del especialista,Paciente,Cuenca,Efectividad,Funcionalidad,Falla de funcionalidad en el módulo Portal Citas que impide al usuario completar sus tareas de manera precisa y completa.
3529,2025-12-05,Farmacia,Alerta de vencimiento de lote no se muestra en el modulo,Farmacia,Ambato,Libertad de Riesgo,Seguridad Clínica,Omitir la alerta de vencimiento de lotes farmacéuticos puede llevar a la administración de medicamentos caducados a los pacientes.
3530,2025-12-06,App Movil,El inicio de sesion con biometria falla de forma intermitente,Paciente,Manta,Satisfacción,Usabilidad,La inestabilidad en el inicio biométrico genera frustración y reduce la confianza y comodidad del usuario al acceder al aplicativo móvil.
3531,2025-12-07,HCE,Datos de otro paciente visibles brevemente al abrir un expediente,Medico,Quito,Libertad de Riesgo,Seguridad Clínica,"Fuga de información y violación de la confidencialidad médica (HIPAA/Ley de Protección de Datos), exponiendo datos de otros pacientes."
3532,2025-12-08,Laboratorio,Codigo de barras de la muestra no es reconocido por el lector,Tecnico Laboratorio,Guayaquil,Efectividad,Funcionalidad,Falla de funcionalidad en el módulo Laboratorio que impide al usuario completar sus tareas de manera precisa y completa.
3533,2025-12-09,Farmacia,Error al registrar la dispensacion de un medicamento controlado,Farmacia,Cuenca,Libertad de Riesgo,Seguridad Clínica,"Error en el registro de medicamentos regulados, lo que genera riesgos legales, regulatorios y de seguridad en el control de sustancias psicotrópicas."
3534,2025-12-10,Portal Citas,Doble reserva de un mismo cupo por dos pacientes distintos,Paciente,Ambato,Libertad de Riesgo,RNF-03 (Errores de Facturación),"Doble agendamiento de un mismo cupo que genera sobreventa de citas, colapso de agenda de especialistas y multas o insatisfacción comercial."
3535,2025-12-11,HCE,Datos de otro paciente visibles brevemente al abrir un expediente,Medico,Manta,Libertad de Riesgo,Seguridad Clínica,"Fuga de información y violación de la confidencialidad médica (HIPAA/Ley de Protección de Datos), exponiendo datos de otros pacientes."
3536,2025-12-12,App Movil,Version desactualizada del app impide iniciar sesion,Paciente,Quito,Cobertura de Contexto,Portabilidad,Incompatibilidad y falta de robustez del sistema cuando se ejecuta en el contexto de sistemas cliente que no cuentan con la última versión de software.
3537,2025-12-13,HCE,El sistema no permite adjuntar imagenes de heridas desde la tablet,Medico,Guayaquil,Cobertura de Contexto,Flexibilidad de Dispositivo,El sistema presenta limitaciones de portabilidad y compatibilidad al operar en el contexto físico específico de tablets para adjuntar imágenes de heridas.
3538,2025-12-14,HCE,Tiempo de carga de la ficha clinica supera los 11s en horas pico,Medico,Cuenca,Eficiencia,Eficiencia Operativa,La latencia en horas pico para abrir la ficha clínica perjudica la productividad del médico durante la consulta.
3539,2025-12-15,HCE,Historial de alergias no carga al abrir la ficha del paciente,Medico,Ambato,Libertad de Riesgo,Seguridad Clínica,"Falla crítica que expone la seguridad del paciente al omitir información vital de alergias, con un alto riesgo de shock anafiláctico o mala praxis."
3540,2025-12-16,Portal Citas,Cita agendada no aparece reflejada en el calendario del especialista,Paciente,Manta,Efectividad,Funcionalidad,Falla de funcionalidad en el módulo Portal Citas que impide al usuario completar sus tareas de manera precisa y completa.
3541,2025-12-17,Farmacia,Inventario del sistema no coincide con el stock fisico del insumo,Farmacia,Quito,Efectividad,Funcionalidad,Falla de funcionalidad en el módulo Farmacia que impide al usuario completar sus tareas de manera precisa y completa.
3542,2025-12-18,App Movil,Resultados de examenes no se visualizan en formato PDF,Paciente,Guayaquil,Efectividad,Funcionalidad,Falla de funcionalidad en el módulo App Movil que impide al usuario completar sus tareas de manera precisa y completa.
3543,2025-12-19,Facturacion,Reintento de transaccion genera doble cobro en la tarjeta,Admision,Cuenca,Libertad de Riesgo,RNF-03 (Errores de Facturación),"Violación del requerimiento no funcional RNF-03 de facturación; genera cobros indebidos en las tarjetas del cliente, comprometiendo la confianza y el riesgo financiero."
3544,2025-12-20,Imagenologia,Las imagenes de rayos X no cargan en el visor DICOM,Radiologo,Ambato,Efectividad,Funcionalidad,Falla de funcionalidad en el módulo Imagenologia que impide al usuario completar sus tareas de manera precisa y completa.
3545,2025-12-21,Reportes Gerenciales,Exportacion a Excel del reporte gerencial falla de forma intermitente,Gerencia,Manta,Efectividad,Funcionalidad,Falla intermitente en las exportaciones o ejecuciones de procesos del sistema que reduce la fiabilidad de las operaciones.
3546,2025-12-22,Portal Citas,"Formulario confuso, abandono de registro antes de completar la cita",Paciente,Quito,Satisfacción,RNF-02 (Pasos del Portal),"Diseño de interfaz de usuario confuso que provoca el abandono del registro, afectando la métrica de satisfacción y facilidad de uso percibida."
3547,2025-12-23,App Movil,Notificaciones push no llegan pese a estar activadas,Paciente,Guayaquil,Efectividad,Funcionalidad,Falla de funcionalidad en el módulo App Movil que impide al usuario completar sus tareas de manera precisa y completa.
3548,2025-12-24,App Movil,El boton de teleconsulta no redirige correctamente a la videollamada,Paciente,Cuenca,Efectividad,Funcionalidad,Falla de funcionalidad en el módulo App Movil que impide al usuario completar sus tareas de manera precisa y completa.
3549,2025-12-25,Farmacia,El sistema bloquea la dispensacion sin mostrar el motivo,Farmacia,Ambato,Satisfacción,Usabilidad,La falta de mensajes informativos claros y feedback del sistema incrementa la incertidumbre y frustración del operario farmacéutico.
3550,2025-12-26,HCE,Alerta de interaccion medicamentosa no se despliega correctamente,Medico,Manta,Libertad de Riesgo,Seguridad Clínica,El fallo en el despliegue de alertas de interacción farmacológica pone en riesgo inminente la salud del paciente ante combinaciones letales.
3551,2025-12-27,HCE,Orden medica no se sincroniza con el modulo de farmacia,Medico,Quito,Efectividad,Integración Funcional,Error de integración funcional que impide la sincronización y actualización del registro médico entre módulos del HIS.
3552,2025-12-28,HCE,Tiempo de carga de la ficha clinica supera los 18s en horas pico,Medico,Guayaquil,Eficiencia,Eficiencia Operativa,La latencia en horas pico para abrir la ficha clínica perjudica la productividad del médico durante la consulta.
3553,2025-12-29,HCE,El campo de diagnostico CIE-10 no permite busqueda por texto,Medico,Cuenca,Efectividad,Funcionalidad,Restricción de funcionalidad que impide al usuario realizar una acción requerida para completar su tarea.
3554,2025-12-30,Farmacia,Tiempo de respuesta del modulo de farmacia supera los 28s,Farmacia,Ambato,Eficiencia,Eficiencia Operativa,"El sistema presenta tiempos de respuesta elevados que consumen recursos de tiempo innecesarios, degradando la eficiencia del usuario en sus tareas."
3555,2025-12-31,App Movil,Notificaciones push no llegan pese a estar activadas,Paciente,Manta,Efectividad,Funcionalidad,Falla de funcionalidad en el módulo App Movil que impide al usuario completar sus tareas de manera precisa y completa.
3556,2025-01-01,Telemedicina,El medico no puede compartir pantalla con resultados de examenes,Paciente,Quito,Efectividad,Funcionalidad,Falla de funcionalidad en el módulo Telemedicina que impide al usuario completar sus tareas de manera precisa y completa.
3557,2025-01-02,Telemedicina,Grabacion de la consulta no se almacena correctamente,Paciente,Guayaquil,Efectividad,Funcionalidad,Falla de funcionalidad en el módulo Telemedicina que impide al usuario completar sus tareas de manera precisa y completa.
3558,2025-01-03,Facturacion,Factura generada con el nombre del paciente incorrecto,Admision,Cuenca,Efectividad,Funcionalidad,Falla de funcionalidad en el módulo Facturacion que impide al usuario completar sus tareas de manera precisa y completa.
3559,2025-01-04,Farmacia,Error al registrar la dispensacion de un medicamento controlado,Farmacia,Ambato,Libertad de Riesgo,Seguridad Clínica,"Error en el registro de medicamentos regulados, lo que genera riesgos legales, regulatorios y de seguridad en el control de sustancias psicotrópicas."
3560,2025-01-05,Facturacion,Discrepancia entre el monto facturado y el detalle de servicios,Admision,Manta,Libertad de Riesgo,RNF-03 (Errores de Facturación),"Errores en el cálculo del copago de seguros o discrepancias de montos facturados, induciendo a pérdidas financieras o reclamaciones legales."
3561,2025-01-06,Facturacion,Reintento de transaccion genera doble cobro en la tarjeta,Admision,Quito,Libertad de Riesgo,RNF-03 (Errores de Facturación),"Violación del requerimiento no funcional RNF-03 de facturación; genera cobros indebidos en las tarjetas del cliente, comprometiendo la confianza y el riesgo financiero."
3562,2025-01-07,App Movil,Version desactualizada del app impide iniciar sesion,Paciente,Guayaquil,Cobertura de Contexto,Portabilidad,Incompatibilidad y falta de robustez del sistema cuando se ejecuta en el contexto de sistemas cliente que no cuentan con la última versión de software.
3563,2025-01-08,Telemedicina,El medico no puede compartir pantalla con resultados de examenes,Paciente,Cuenca,Efectividad,Funcionalidad,Falla de funcionalidad en el módulo Telemedicina que impide al usuario completar sus tareas de manera precisa y completa.
3564,2025-01-09,HCE,Receta electronica se genera con la dosis incorrecta tras guardar,Medico,Ambato,Libertad de Riesgo,Seguridad Clínica,"Riesgo extremo de salud para el paciente al guardar dosis farmacológicas erróneas en la receta electrónica, pudiendo causar sobredosis o inefectividad clínica."
3565,2025-01-10,Facturacion,El sistema no permite anular una factura emitida por error,Admision,Manta,Efectividad,Funcionalidad,Restricción de funcionalidad que impide al usuario realizar una acción requerida para completar su tarea.
3566,2025-01-11,App Movil,El inicio de sesion con biometria falla de forma intermitente,Paciente,Quito,Satisfacción,Usabilidad,La inestabilidad en el inicio biométrico genera frustración y reduce la confianza y comodidad del usuario al acceder al aplicativo móvil.
3567,2025-01-12,Facturacion,Factura generada con el nombre del paciente incorrecto,Admision,Guayaquil,Efectividad,Funcionalidad,Falla de funcionalidad en el módulo Facturacion que impide al usuario completar sus tareas de manera precisa y completa.
3568,2025-01-13,Farmacia,Alerta de vencimiento de lote no se muestra en el modulo,Farmacia,Cuenca,Libertad de Riesgo,Seguridad Clínica,Omitir la alerta de vencimiento de lotes farmacéuticos puede llevar a la administración de medicamentos caducados a los pacientes.
3569,2025-01-14,Imagenologia,Las imagenes de rayos X no cargan en el visor DICOM,Radiologo,Ambato,Efectividad,Funcionalidad,Falla de funcionalidad en el módulo Imagenologia que impide al usuario completar sus tareas de manera precisa y completa.
3570,2025-01-15,Farmacia,Receta electronica llega incompleta desde el modulo de HCE,Farmacia,Manta,Efectividad,Funcionalidad,Falla de funcionalidad en el módulo Farmacia que impide al usuario completar sus tareas de manera precisa y completa.
3571,2025-01-16,HCE,Duplicado de historia clinica al registrar un paciente ya existente,Medico,Quito,Libertad de Riesgo,Seguridad Clínica,"Riesgo de seguridad clínica debido a la fragmentación de la información de salud del paciente, lo que puede inducir a diagnósticos y tratamientos erróneos."
3572,2025-01-17,App Movil,Resultados de examenes no se visualizan en formato PDF,Paciente,Guayaquil,Efectividad,Funcionalidad,Falla de funcionalidad en el módulo App Movil que impide al usuario completar sus tareas de manera precisa y completa.
3573,2025-01-18,Telemedicina,Grabacion de la consulta no se almacena correctamente,Paciente,Cuenca,Efectividad,Funcionalidad,Falla de funcionalidad en el módulo Telemedicina que impide al usuario completar sus tareas de manera precisa y completa.
3574,2025-01-19,Portal Citas,Doble reserva de un mismo cupo por dos pacientes distintos,Paciente,Ambato,Libertad de Riesgo,RNF-03 (Errores de Facturación),"Doble agendamiento de un mismo cupo que genera sobreventa de citas, colapso de agenda de especialistas y multas o insatisfacción comercial."
3575,2025-01-20,Facturacion,Retraso de 10s al procesar el pago con tarjeta de credito,Admision,Manta,Eficiencia,Eficiencia Operativa,El procesamiento lento del cobro con tarjeta retrasa el flujo de caja y la atención administrativa de admisión.
3576,2025-01-21,Farmacia,Error al registrar la dispensacion de un medicamento controlado,Farmacia,Quito,Libertad de Riesgo,Seguridad Clínica,"Error en el registro de medicamentos regulados, lo que genera riesgos legales, regulatorios y de seguridad en el control de sustancias psicotrópicas."
3577,2025-01-22,HCE,Consulta anterior no se muestra en el resumen de antecedentes,Medico,Guayaquil,Efectividad,Funcionalidad,Falla de funcionalidad en el módulo HCE que impide al usuario completar sus tareas de manera precisa y completa.
3578,2025-01-23,Facturacion,Reintento de transaccion genera doble cobro en la tarjeta,Admision,Cuenca,Libertad de Riesgo,RNF-03 (Errores de Facturación),"Violación del requerimiento no funcional RNF-03 de facturación; genera cobros indebidos en las tarjetas del cliente, comprometiendo la confianza y el riesgo financiero."
3579,2025-01-24,Telemedicina,El medico no puede compartir pantalla con resultados de examenes,Paciente,Ambato,Efectividad,Funcionalidad,Falla de funcionalidad en el módulo Telemedicina que impide al usuario completar sus tareas de manera precisa y completa.
3580,2025-01-25,Laboratorio,El sistema no permite adjuntar el reporte en PDF del laboratorio externo,Tecnico Laboratorio,Manta,Efectividad,Funcionalidad,Restricción de funcionalidad que impide al usuario realizar una acción requerida para completar su tarea.
3581,2025-01-26,Portal Citas,Filtro de especialidad medica no devuelve resultados,Paciente,Quito,Efectividad,Funcionalidad,Falla de funcionalidad en el módulo Portal Citas que impide al usuario completar sus tareas de manera precisa y completa.
3582,2025-01-27,Imagenologia,Las imagenes de rayos X no cargan en el visor DICOM,Radiologo,Guayaquil,Efectividad,Funcionalidad,Falla de funcionalidad en el módulo Imagenologia que impide al usuario completar sus tareas de manera precisa y completa.
3583,2025-01-28,Telemedicina,Receta electronica no se genera al finalizar la teleconsulta,Paciente,Cuenca,Efectividad,Funcionalidad,Falla de funcionalidad en el módulo Telemedicina que impide al usuario completar sus tareas de manera precisa y completa.
3584,2025-01-29,HCE,Tiempo de carga de la ficha clinica supera los 35s en horas pico,Medico,Ambato,Eficiencia,Eficiencia Operativa,La latencia en horas pico para abrir la ficha clínica perjudica la productividad del médico durante la consulta.
3585,2025-01-30,App Movil,El boton de teleconsulta no redirige correctamente a la videollamada,Paciente,Manta,Efectividad,Funcionalidad,Falla de funcionalidad en el módulo App Movil que impide al usuario completar sus tareas de manera precisa y completa.
3586,2025-01-31,Facturacion,Discrepancia entre el monto facturado y el detalle de servicios,Admision,Quito,Libertad de Riesgo,RNF-03 (Errores de Facturación),"Errores en el cálculo del copago de seguros o discrepancias de montos facturados, induciendo a pérdidas financieras o reclamaciones legales."
3587,2025-02-01,HCE,Firma electronica del medico no se valida al cerrar la consulta,Medico,Guayaquil,Efectividad,Funcionalidad,Falla de funcionalidad en el módulo HCE que impide al usuario completar sus tareas de manera precisa y completa.
3588,2025-02-02,Portal Citas,Tiempo de espera en el portal supera los 12s en horas pico,Paciente,Cuenca,Eficiencia,Eficiencia Operativa,"El sistema presenta tiempos de respuesta elevados que consumen recursos de tiempo innecesarios, degradando la eficiencia del usuario en sus tareas."
3589,2025-02-03,Portal Citas,Usuario no logra agendar tras 3 intentos,Paciente,Ambato,Satisfacción,RNF-02 (Pasos del Portal),"Incapacidad del usuario de lograr su meta tras múltiples intentos, violando el RNF-02 y provocando un alto nivel de frustración."
3590,2025-02-04,App Movil,Version desactualizada del app impide iniciar sesion,Paciente,Manta,Cobertura de Contexto,Portabilidad,Incompatibilidad y falta de robustez del sistema cuando se ejecuta en el contexto de sistemas cliente que no cuentan con la última versión de software.
3591,2025-02-05,App Movil,El boton de teleconsulta no redirige correctamente a la videollamada,Paciente,Quito,Efectividad,Funcionalidad,Falla de funcionalidad en el módulo App Movil que impide al usuario completar sus tareas de manera precisa y completa.
3592,2025-02-06,Facturacion,Factura generada con el nombre del paciente incorrecto,Admision,Guayaquil,Efectividad,Funcionalidad,Falla de funcionalidad en el módulo Facturacion que impide al usuario completar sus tareas de manera precisa y completa.
3593,2025-02-07,Portal Citas,Cita agendada no aparece reflejada en el calendario del especialista,Paciente,Cuenca,Efectividad,Funcionalidad,Falla de funcionalidad en el módulo Portal Citas que impide al usuario completar sus tareas de manera precisa y completa.
3594,2025-02-08,Laboratorio,El sistema no permite adjuntar el reporte en PDF del laboratorio externo,Tecnico Laboratorio,Ambato,Efectividad,Funcionalidad,Restricción de funcionalidad que impide al usuario realizar una acción requerida para completar su tarea.
3595,2025-02-09,HCE,El sistema se congela al adjuntar resultados de laboratorio a la HCE,Medico,Manta,Efectividad,Funcionalidad,Falla de funcionalidad en el módulo HCE que impide al usuario completar sus tareas de manera precisa y completa.
3596,2025-02-10,Portal Citas,Tiempo de espera en el portal supera los 26s en horas pico,Paciente,Quito,Eficiencia,Eficiencia Operativa,"El sistema presenta tiempos de respuesta elevados que consumen recursos de tiempo innecesarios, degradando la eficiencia del usuario en sus tareas."
3597,2025-02-11,Portal Citas,Boton de confirmar cita no responde en dispositivos moviles,Paciente,Guayaquil,Cobertura de Contexto,Portabilidad,"Falla de adaptabilidad de la interfaz en el contexto de dispositivos móviles, impidiendo confirmar citas desde pantallas de formatos pequeños."
3598,2025-02-12,Telemedicina,Grabacion de la consulta no se almacena correctamente,Paciente,Cuenca,Efectividad,Funcionalidad,Falla de funcionalidad en el módulo Telemedicina que impide al usuario completar sus tareas de manera precisa y completa.
3599,2025-02-13,Telemedicina,El medico no puede compartir pantalla con resultados de examenes,Paciente,Ambato,Efectividad,Funcionalidad,Falla de funcionalidad en el módulo Telemedicina que impide al usuario completar sus tareas de manera precisa y completa.
3600,2025-02-14,Laboratorio,Retraso de 18s en la disponibilidad de resultados criticos,Tecnico Laboratorio,Manta,Eficiencia,Eficiencia Operativa,"El sistema presenta tiempos de respuesta elevados que consumen recursos de tiempo innecesarios, degradando la eficiencia del usuario en sus tareas."
3601,2025-02-15,App Movil,Resultados de examenes no se visualizan en formato PDF,Paciente,Quito,Efectividad,Funcionalidad,Falla de funcionalidad en el módulo App Movil que impide al usuario completar sus tareas de manera precisa y completa.
3602,2025-02-16,HCE,Nota de evolucion tarda 25s en guardarse,Medico,Guayaquil,Eficiencia,RNF-01 (Latencia HCE),"El tiempo de guardado supera los 8 segundos tolerables, violando directamente el requerimiento no funcional RNF-01 de rendimiento del sistema para notas clínicas."
3603,2025-02-17,Telemedicina,Calidad de video muy baja pese a tener buena conexion a internet,Paciente,Cuenca,Satisfacción,RNF-05 (Disponibilidad de llamada),Mala experiencia sensorial e interactiva durante la teleconsulta que impacta el RNF-05 y la percepción de calidad del servicio.
3604,2025-02-18,HCE,Receta electronica se genera con la dosis incorrecta tras guardar,Medico,Ambato,Libertad de Riesgo,Seguridad Clínica,"Riesgo extremo de salud para el paciente al guardar dosis farmacológicas erróneas en la receta electrónica, pudiendo causar sobredosis o inefectividad clínica."
3605,2025-02-19,App Movil,Consumo elevado de datos moviles al abrir el modulo de citas,Paciente,Manta,Cobertura de Contexto,Portabilidad,"Consumo excesivo de ancho de banda móvil, lo que restringe el uso eficiente del sistema en redes celulares de datos (fuera de la intranet del hospital)."
3606,2025-02-20,Telemedicina,Audio desincronizado durante la teleconsulta,Paciente,Quito,Satisfacción,RNF-05 (Disponibilidad de llamada),Mala experiencia sensorial e interactiva durante la teleconsulta que impacta el RNF-05 y la percepción de calidad del servicio.
3607,2025-02-21,HCE,Consulta anterior no se muestra en el resumen de antecedentes,Medico,Guayaquil,Efectividad,Funcionalidad,Falla de funcionalidad en el módulo HCE que impide al usuario completar sus tareas de manera precisa y completa.
3608,2025-02-22,HCE,El sistema se congela al adjuntar resultados de laboratorio a la HCE,Medico,Cuenca,Efectividad,Funcionalidad,Falla de funcionalidad en el módulo HCE que impide al usuario completar sus tareas de manera precisa y completa.
3609,2025-02-23,Facturacion,Factura duplicada al reintentar pago,Admision,Ambato,Libertad de Riesgo,RNF-03 (Errores de Facturación),"Violación del requerimiento no funcional RNF-03 de facturación; genera cobros indebidos en las tarjetas del cliente, comprometiendo la confianza y el riesgo financiero."
3610,2025-02-24,Facturacion,Reembolso aprobado no se refleja en el estado de cuenta,Admision,Manta,Libertad de Riesgo,RNF-03 (Errores de Facturación),"Fallas en la aplicación de notas de crédito o reembolsos que distorsionan los estados de cuenta, arriesgando multas tributarias e inconformidad legal."
3611,2025-02-25,Farmacia,Alerta de vencimiento de lote no se muestra en el modulo,Farmacia,Quito,Libertad de Riesgo,Seguridad Clínica,Omitir la alerta de vencimiento de lotes farmacéuticos puede llevar a la administración de medicamentos caducados a los pacientes.
3612,2025-02-26,Portal Citas,Filtro de especialidad medica no devuelve resultados,Paciente,Guayaquil,Efectividad,Funcionalidad,Falla de funcionalidad en el módulo Portal Citas que impide al usuario completar sus tareas de manera precisa y completa.
3613,2025-02-27,App Movil,Resultados de examenes no se visualizan en formato PDF,Paciente,Cuenca,Efectividad,Funcionalidad,Falla de funcionalidad en el módulo App Movil que impide al usuario completar sus tareas de manera precisa y completa.
3614,2025-02-28,HCE,Tiempo de carga de la ficha clinica supera los 33s en horas pico,Medico,Ambato,Eficiencia,Eficiencia Operativa,La latencia en horas pico para abrir la ficha clínica perjudica la productividad del médico durante la consulta.
3615,2025-03-01,Telemedicina,El chat de la consulta no permite enviar imagenes,Paciente,Manta,Efectividad,Funcionalidad,Restricción de funcionalidad que impide al usuario realizar una acción requerida para completar su tarea.
3616,2025-03-02,Facturacion,Factura generada con el nombre del paciente incorrecto,Admision,Quito,Efectividad,Funcionalidad,Falla de funcionalidad en el módulo Facturacion que impide al usuario completar sus tareas de manera precisa y completa.
3617,2025-03-03,HCE,Consulta anterior no se muestra en el resumen de antecedentes,Medico,Guayaquil,Efectividad,Funcionalidad,Falla de funcionalidad en el módulo HCE que impide al usuario completar sus tareas de manera precisa y completa.
3618,2025-03-04,Laboratorio,Codigo de barras de la muestra no es reconocido por el lector,Tecnico Laboratorio,Cuenca,Efectividad,Funcionalidad,Falla de funcionalidad en el módulo Laboratorio que impide al usuario completar sus tareas de manera precisa y completa.
3619,2025-03-05,Farmacia,Tiempo de respuesta del modulo de farmacia supera los 31s,Farmacia,Ambato,Eficiencia,Eficiencia Operativa,"El sistema presenta tiempos de respuesta elevados que consumen recursos de tiempo innecesarios, degradando la eficiencia del usuario en sus tareas."
3620,2025-03-06,HCE,Tiempo de carga de la ficha clinica supera los 27s en horas pico,Medico,Manta,Eficiencia,Eficiencia Operativa,La latencia en horas pico para abrir la ficha clínica perjudica la productividad del médico durante la consulta.
3621,2025-03-07,Facturacion,El sistema no reconoce el convenio con la aseguradora,Admision,Quito,Libertad de Riesgo,RNF-03 (Errores de Facturación),El no reconocimiento de convenios de aseguradoras genera fricción de cobro y riesgo de pérdidas económicas por servicios no cubiertos correctamente.
3622,2025-03-08,Imagenologia,Tiempo de carga de estudios de imagen supera los 33s,Radiologo,Guayaquil,Eficiencia,Eficiencia Operativa,La lentitud en la carga y transferencia de archivos DICOM pesados degrada la eficiencia del flujo de trabajo clínico en imagenología.
3623,2025-03-09,Portal Citas,El pago del bono de consulta no se refleja tras completarlo,Paciente,Cuenca,Libertad de Riesgo,RNF-03 (Errores de Facturación),Inconsistencia financiera en los cobros o transacciones del sistema que infringe las normativas contables y expone al hospital a pérdidas económicas.
3624,2025-03-10,HCE,Duplicado de historia clinica al registrar un paciente ya existente,Medico,Ambato,Libertad de Riesgo,Seguridad Clínica,"Riesgo de seguridad clínica debido a la fragmentación de la información de salud del paciente, lo que puede inducir a diagnósticos y tratamientos erróneos."
3625,2025-03-11,HCE,Perdida de la nota de evolucion tras un cierre inesperado de sesion,Medico,Manta,Efectividad,Funcionalidad,Falla de funcionalidad en el módulo HCE que impide al usuario completar sus tareas de manera precisa y completa.
3626,2025-03-12,Reportes Gerenciales,El reporte de ocupacion hospitalaria no se actualiza automaticamente,Gerencia,Quito,Efectividad,Funcionalidad,Inconsistencia en la actualización de datos que impide la visualización correcta de información operativa reciente.
3627,2025-03-13,Telemedicina,El chat de la consulta no permite enviar imagenes,Paciente,Guayaquil,Efectividad,Funcionalidad,Restricción de funcionalidad que impide al usuario realizar una acción requerida para completar su tarea.
3628,2025-03-14,App Movil,El boton de teleconsulta no redirige correctamente a la videollamada,Paciente,Cuenca,Efectividad,Funcionalidad,Falla de funcionalidad en el módulo App Movil que impide al usuario completar sus tareas de manera precisa y completa.
3629,2025-03-15,Facturacion,Discrepancia entre el monto facturado y el detalle de servicios,Admision,Ambato,Libertad de Riesgo,RNF-03 (Errores de Facturación),"Errores en el cálculo del copago de seguros o discrepancias de montos facturados, induciendo a pérdidas financieras o reclamaciones legales."
3630,2025-03-16,Portal Citas,El portal muestra disponibilidad para un horario ya ocupado,Paciente,Manta,Efectividad,Funcionalidad,Falla de funcionalidad en el módulo Portal Citas que impide al usuario completar sus tareas de manera precisa y completa.
3631,2025-03-17,HCE,Historial de alergias no carga al abrir la ficha del paciente,Medico,Quito,Libertad de Riesgo,Seguridad Clínica,"Falla crítica que expone la seguridad del paciente al omitir información vital de alergias, con un alto riesgo de shock anafiláctico o mala praxis."
3632,2025-03-18,HCE,Nota de evolucion tarda 19s en guardarse,Medico,Guayaquil,Eficiencia,RNF-01 (Latencia HCE),"El tiempo de guardado supera los 8 segundos tolerables, violando directamente el requerimiento no funcional RNF-01 de rendimiento del sistema para notas clínicas."
3633,2025-03-19,Telemedicina,La sesion se cierra automaticamente antes de terminar la consulta,Paciente,Cuenca,Efectividad,Funcionalidad,Falla de funcionalidad en el módulo Telemedicina que impide al usuario completar sus tareas de manera precisa y completa.
3634,2025-03-20,Farmacia,Receta electronica llega incompleta desde el modulo de HCE,Farmacia,Ambato,Efectividad,Funcionalidad,Falla de funcionalidad en el módulo Farmacia que impide al usuario completar sus tareas de manera precisa y completa.
3635,2025-03-21,Facturacion,Error de calculo en el copago del seguro medico,Admision,Manta,Libertad de Riesgo,RNF-03 (Errores de Facturación),"Errores en el cálculo del copago de seguros o discrepancias de montos facturados, induciendo a pérdidas financieras o reclamaciones legales."
3636,2025-03-22,App Movil,El boton de teleconsulta no redirige correctamente a la videollamada,Paciente,Quito,Efectividad,Funcionalidad,Falla de funcionalidad en el módulo App Movil que impide al usuario completar sus tareas de manera precisa y completa.
3637,2025-03-23,HCE,Nota de evolucion tarda 11s en guardarse,Medico,Guayaquil,Eficiencia,RNF-01 (Latencia HCE),"El tiempo de guardado supera los 8 segundos tolerables, violando directamente el requerimiento no funcional RNF-01 de rendimiento del sistema para notas clínicas."
3638,2025-03-24,Portal Citas,Usuario no logra agendar tras 4 intentos,Paciente,Cuenca,Satisfacción,RNF-02 (Pasos del Portal),"Incapacidad del usuario de lograr su meta tras múltiples intentos, violando el RNF-02 y provocando un alto nivel de frustración."
3639,2025-03-25,Telemedicina,Notificacion de inicio de teleconsulta llega con retraso de 31s,Paciente,Ambato,Eficiencia,Eficiencia Operativa,"El sistema presenta tiempos de respuesta elevados que consumen recursos de tiempo innecesarios, degradando la eficiencia del usuario en sus tareas."
3640,2025-03-26,Laboratorio,Orden de laboratorio duplicada tras reintentar el envio,Tecnico Laboratorio,Manta,Efectividad,Funcionalidad,Falla de funcionalidad en el módulo Laboratorio que impide al usuario completar sus tareas de manera precisa y completa.
3641,2025-03-27,HCE,Nota de evolucion tarda 31s en guardarse,Medico,Quito,Eficiencia,RNF-01 (Latencia HCE),"El tiempo de guardado supera los 8 segundos tolerables, violando directamente el requerimiento no funcional RNF-01 de rendimiento del sistema para notas clínicas."
3642,2025-03-28,Telemedicina,Grabacion de la consulta no se almacena correctamente,Paciente,Guayaquil,Efectividad,Funcionalidad,Falla de funcionalidad en el módulo Telemedicina que impide al usuario completar sus tareas de manera precisa y completa.
3643,2025-03-29,HCE,Receta electronica se genera con la dosis incorrecta tras guardar,Medico,Cuenca,Libertad de Riesgo,Seguridad Clínica,"Riesgo extremo de salud para el paciente al guardar dosis farmacológicas erróneas en la receta electrónica, pudiendo causar sobredosis o inefectividad clínica."
3644,2025-03-30,Laboratorio,Orden de laboratorio duplicada tras reintentar el envio,Tecnico Laboratorio,Ambato,Efectividad,Funcionalidad,Falla de funcionalidad en el módulo Laboratorio que impide al usuario completar sus tareas de manera precisa y completa.
3645,2025-03-31,HCE,Firma electronica del medico no se valida al cerrar la consulta,Medico,Manta,Efectividad,Funcionalidad,Falla de funcionalidad en el módulo HCE que impide al usuario completar sus tareas de manera precisa y completa.
3646,2025-04-01,HCE,Historial de alergias no carga al abrir la ficha del paciente,Medico,Quito,Libertad de Riesgo,Seguridad Clínica,"Falla crítica que expone la seguridad del paciente al omitir información vital de alergias, con un alto riesgo de shock anafiláctico o mala praxis."
3647,2025-04-02,Reportes Gerenciales,El reporte de ocupacion hospitalaria no se actualiza automaticamente,Gerencia,Guayaquil,Efectividad,Funcionalidad,Inconsistencia en la actualización de datos que impide la visualización correcta de información operativa reciente.
3648,2025-04-03,Portal Citas,Error al reagendar una cita previamente confirmada,Paciente,Cuenca,Efectividad,Funcionalidad,Falla de funcionalidad en el módulo Portal Citas que impide al usuario completar sus tareas de manera precisa y completa.
3649,2025-04-04,Imagenologia,Las imagenes de rayos X no cargan en el visor DICOM,Radiologo,Ambato,Efectividad,Funcionalidad,Falla de funcionalidad en el módulo Imagenologia que impide al usuario completar sus tareas de manera precisa y completa.
3650,2025-04-05,Portal Citas,Cancelacion de cita no libera el cupo en el calendario,Paciente,Manta,Efectividad,Funcionalidad,Falla de funcionalidad en el módulo Portal Citas que impide al usuario completar sus tareas de manera precisa y completa.
3651,2025-04-06,Portal Citas,El sistema no envia la confirmacion por correo electronico,Paciente,Quito,Efectividad,Funcionalidad,Falla funcional que impide completar la tarea de confirmación de cita al paciente por canal de correo electrónico.
3652,2025-04-07,Facturacion,Factura electronica no llega al correo registrado del paciente,Admision,Guayaquil,Efectividad,Funcionalidad,Falla de funcionalidad en el módulo Facturacion que impide al usuario completar sus tareas de manera precisa y completa.
3653,2025-04-08,Portal Citas,Usuario no logra agendar tras 4 intentos,Paciente,Cuenca,Satisfacción,RNF-02 (Pasos del Portal),"Incapacidad del usuario de lograr su meta tras múltiples intentos, violando el RNF-02 y provocando un alto nivel de frustración."
3654,2025-04-09,Imagenologia,Perdida de calidad en las imagenes al ser visualizadas desde la app,Radiologo,Ambato,Satisfacción,Usabilidad,Degradación visual que afecta la comodidad y confianza de los médicos al visualizar estudios clínicos desde la app móvil.
3655,2025-04-10,Reportes Gerenciales,Exportacion a Excel del reporte gerencial falla de forma intermitente,Gerencia,Manta,Efectividad,Funcionalidad,Falla intermitente en las exportaciones o ejecuciones de procesos del sistema que reduce la fiabilidad de las operaciones.
3656,2025-04-11,Reportes Gerenciales,El reporte de ocupacion hospitalaria no se actualiza automaticamente,Gerencia,Quito,Efectividad,Funcionalidad,Inconsistencia en la actualización de datos que impide la visualización correcta de información operativa reciente.
3657,2025-04-12,Portal Citas,Notificacion de recordatorio de cita llega con la fecha incorrecta,Paciente,Guayaquil,Efectividad,Funcionalidad,Falla de funcionalidad en el módulo Portal Citas que impide al usuario completar sus tareas de manera precisa y completa.
3658,2025-04-13,Telemedicina,Audio desincronizado durante la teleconsulta,Paciente,Cuenca,Satisfacción,RNF-05 (Disponibilidad de llamada),Mala experiencia sensorial e interactiva durante la teleconsulta que impacta el RNF-05 y la percepción de calidad del servicio.
3659,2025-04-14,Telemedicina,Audio desincronizado durante la teleconsulta,Paciente,Ambato,Satisfacción,RNF-05 (Disponibilidad de llamada),Mala experiencia sensorial e interactiva durante la teleconsulta que impacta el RNF-05 y la percepción de calidad del servicio.
3660,2025-04-15,Portal Citas,Sesion expira antes de finalizar el proceso de agendamiento,Paciente,Manta,Satisfacción,Usabilidad,"Mala experiencia de usuario que interrumpe de forma prematura el proceso de compra/agendamiento, forzando a repetir pasos."
3661,2025-04-16,Facturacion,Reembolso aprobado no se refleja en el estado de cuenta,Admision,Quito,Libertad de Riesgo,RNF-03 (Errores de Facturación),"Fallas en la aplicación de notas de crédito o reembolsos que distorsionan los estados de cuenta, arriesgando multas tributarias e inconformidad legal."
3662,2025-04-17,HCE,Historial de alergias no carga al abrir la ficha del paciente,Medico,Guayaquil,Libertad de Riesgo,Seguridad Clínica,"Falla crítica que expone la seguridad del paciente al omitir información vital de alergias, con un alto riesgo de shock anafiláctico o mala praxis."
3663,2025-04-18,App Movil,El boton de teleconsulta no redirige correctamente a la videollamada,Paciente,Cuenca,Efectividad,Funcionalidad,Falla de funcionalidad en el módulo App Movil que impide al usuario completar sus tareas de manera precisa y completa.
3664,2025-04-19,Portal Citas,Notificacion de recordatorio de cita llega con la fecha incorrecta,Paciente,Ambato,Efectividad,Funcionalidad,Falla de funcionalidad en el módulo Portal Citas que impide al usuario completar sus tareas de manera precisa y completa.
3665,2025-04-20,Portal Citas,Sesion expira antes de finalizar el proceso de agendamiento,Paciente,Manta,Satisfacción,Usabilidad,"Mala experiencia de usuario que interrumpe de forma prematura el proceso de compra/agendamiento, forzando a repetir pasos."
3666,2025-04-21,Telemedicina,Audio desincronizado durante la teleconsulta,Paciente,Quito,Satisfacción,RNF-05 (Disponibilidad de llamada),Mala experiencia sensorial e interactiva durante la teleconsulta que impacta el RNF-05 y la percepción de calidad del servicio.
3667,2025-04-22,Portal Citas,Doble reserva de un mismo cupo por dos pacientes distintos,Paciente,Guayaquil,Libertad de Riesgo,RNF-03 (Errores de Facturación),"Doble agendamiento de un mismo cupo que genera sobreventa de citas, colapso de agenda de especialistas y multas o insatisfacción comercial."
3668,2025-04-23,Facturacion,Reintento de transaccion genera doble cobro en la tarjeta,Admision,Cuenca,Libertad de Riesgo,RNF-03 (Errores de Facturación),"Violación del requerimiento no funcional RNF-03 de facturación; genera cobros indebidos en las tarjetas del cliente, comprometiendo la confianza y el riesgo financiero."
3669,2025-04-24,Telemedicina,El medico no puede compartir pantalla con resultados de examenes,Paciente,Ambato,Efectividad,Funcionalidad,Falla de funcionalidad en el módulo Telemedicina que impide al usuario completar sus tareas de manera precisa y completa.
3670,2025-04-25,HCE,Datos de otro paciente visibles brevemente al abrir un expediente,Medico,Manta,Libertad de Riesgo,Seguridad Clínica,"Fuga de información y violación de la confidencialidad médica (HIPAA/Ley de Protección de Datos), exponiendo datos de otros pacientes."
3671,2025-04-26,App Movil,El boton de teleconsulta no redirige correctamente a la videollamada,Paciente,Quito,Efectividad,Funcionalidad,Falla de funcionalidad en el módulo App Movil que impide al usuario completar sus tareas de manera precisa y completa.
3672,2025-04-27,Telemedicina,Paciente no puede unirse a la sala virtual a la hora agendada,Paciente,Guayaquil,Efectividad,Funcionalidad,Falla de funcionalidad en el módulo Telemedicina que impide al usuario completar sus tareas de manera precisa y completa.
3673,2025-04-28,Portal Citas,Notificacion de recordatorio de cita llega con la fecha incorrecta,Paciente,Cuenca,Efectividad,Funcionalidad,Falla de funcionalidad en el módulo Portal Citas que impide al usuario completar sus tareas de manera precisa y completa.
3674,2025-04-29,Telemedicina,El chat de la consulta no permite enviar imagenes,Paciente,Ambato,Efectividad,Funcionalidad,Restricción de funcionalidad que impide al usuario realizar una acción requerida para completar su tarea.
3675,2025-04-30,Farmacia,Tiempo de respuesta del modulo de farmacia supera los 13s,Farmacia,Manta,Eficiencia,Eficiencia Operativa,"El sistema presenta tiempos de respuesta elevados que consumen recursos de tiempo innecesarios, degradando la eficiencia del usuario en sus tareas."
3676,2025-05-01,Farmacia,El sistema no descuenta automaticamente el medicamento dispensado,Farmacia,Quito,Efectividad,Funcionalidad,Falla de funcionalidad en el módulo Farmacia que impide al usuario completar sus tareas de manera precisa y completa.
3677,2025-05-02,Telemedicina,El medico no puede compartir pantalla con resultados de examenes,Paciente,Guayaquil,Efectividad,Funcionalidad,Falla de funcionalidad en el módulo Telemedicina que impide al usuario completar sus tareas de manera precisa y completa.
3678,2025-05-03,Farmacia,El sistema bloquea la dispensacion sin mostrar el motivo,Farmacia,Cuenca,Satisfacción,Usabilidad,La falta de mensajes informativos claros y feedback del sistema incrementa la incertidumbre y frustración del operario farmacéutico.
3679,2025-05-04,HCE,Duplicado de historia clinica al registrar un paciente ya existente,Medico,Ambato,Libertad de Riesgo,Seguridad Clínica,"Riesgo de seguridad clínica debido a la fragmentación de la información de salud del paciente, lo que puede inducir a diagnósticos y tratamientos erróneos."
3680,2025-05-05,Portal Citas,Tiempo de espera en el portal supera los 19s en horas pico,Paciente,Manta,Eficiencia,Eficiencia Operativa,"El sistema presenta tiempos de respuesta elevados que consumen recursos de tiempo innecesarios, degradando la eficiencia del usuario en sus tareas."
3681,2025-05-06,Facturacion,Reintento de transaccion genera doble cobro en la tarjeta,Admision,Quito,Libertad de Riesgo,RNF-03 (Errores de Facturación),"Violación del requerimiento no funcional RNF-03 de facturación; genera cobros indebidos en las tarjetas del cliente, comprometiendo la confianza y el riesgo financiero."
3682,2025-05-07,Telemedicina,El chat de la consulta no permite enviar imagenes,Paciente,Guayaquil,Efectividad,Funcionalidad,Restricción de funcionalidad que impide al usuario realizar una acción requerida para completar su tarea.
3683,2025-05-08,Portal Citas,Error al reagendar una cita previamente confirmada,Paciente,Cuenca,Efectividad,Funcionalidad,Falla de funcionalidad en el módulo Portal Citas que impide al usuario completar sus tareas de manera precisa y completa.
3684,2025-05-09,Reportes Gerenciales,El dashboard de indicadores no refleja los datos del ultimo cierre,Gerencia,Ambato,Efectividad,Funcionalidad,Inconsistencia en la actualización de datos que impide la visualización correcta de información operativa reciente.
3685,2025-05-10,Laboratorio,El sistema no permite adjuntar el reporte en PDF del laboratorio externo,Tecnico Laboratorio,Manta,Efectividad,Funcionalidad,Restricción de funcionalidad que impide al usuario realizar una acción requerida para completar su tarea.
3686,2025-05-11,App Movil,Consumo elevado de datos moviles al abrir el modulo de citas,Paciente,Quito,Cobertura de Contexto,Portabilidad,"Consumo excesivo de ancho de banda móvil, lo que restringe el uso eficiente del sistema en redes celulares de datos (fuera de la intranet del hospital)."
3687,2025-05-12,HCE,Receta electronica se genera con la dosis incorrecta tras guardar,Medico,Guayaquil,Libertad de Riesgo,Seguridad Clínica,"Riesgo extremo de salud para el paciente al guardar dosis farmacológicas erróneas en la receta electrónica, pudiendo causar sobredosis o inefectividad clínica."
3688,2025-05-13,Facturacion,Factura electronica no llega al correo registrado del paciente,Admision,Cuenca,Efectividad,Funcionalidad,Falla de funcionalidad en el módulo Facturacion que impide al usuario completar sus tareas de manera precisa y completa.
3689,2025-05-14,HCE,Perdida de la nota de evolucion tras un cierre inesperado de sesion,Medico,Ambato,Efectividad,Funcionalidad,Falla de funcionalidad en el módulo HCE que impide al usuario completar sus tareas de manera precisa y completa.
3690,2025-05-15,Telemedicina,Receta electronica no se genera al finalizar la teleconsulta,Paciente,Manta,Efectividad,Funcionalidad,Falla de funcionalidad en el módulo Telemedicina que impide al usuario completar sus tareas de manera precisa y completa.
3691,2025-05-16,Imagenologia,Tiempo de carga de estudios de imagen supera los 25s,Radiologo,Quito,Eficiencia,Eficiencia Operativa,La lentitud en la carga y transferencia de archivos DICOM pesados degrada la eficiencia del flujo de trabajo clínico en imagenología.
3692,2025-05-17,HCE,Signos vitales registrados por enfermeria no aparecen en la HCE del medico,Medico,Guayaquil,Efectividad,Integración de Datos,Falla de funcionalidad en el módulo HCE que impide al usuario completar sus tareas de manera precisa y completa.
3693,2025-05-18,Facturacion,Factura duplicada al reintentar pago,Admision,Cuenca,Libertad de Riesgo,RNF-03 (Errores de Facturación),"Violación del requerimiento no funcional RNF-03 de facturación; genera cobros indebidos en las tarjetas del cliente, comprometiendo la confianza y el riesgo financiero."
3694,2025-05-19,Portal Citas,El portal muestra disponibilidad para un horario ya ocupado,Paciente,Ambato,Efectividad,Funcionalidad,Falla de funcionalidad en el módulo Portal Citas que impide al usuario completar sus tareas de manera precisa y completa.
3695,2025-05-20,Portal Citas,Sesion expira antes de finalizar el proceso de agendamiento,Paciente,Manta,Satisfacción,Usabilidad,"Mala experiencia de usuario que interrumpe de forma prematura el proceso de compra/agendamiento, forzando a repetir pasos."
3696,2025-05-21,Portal Citas,Error al reagendar una cita previamente confirmada,Paciente,Quito,Efectividad,Funcionalidad,Falla de funcionalidad en el módulo Portal Citas que impide al usuario completar sus tareas de manera precisa y completa.
3697,2025-05-22,Imagenologia,El informe radiologico no se adjunta automaticamente a la HCE,Radiologo,Guayaquil,Efectividad,Funcionalidad,Falla de funcionalidad en el módulo Imagenologia que impide al usuario completar sus tareas de manera precisa y completa.
3698,2025-05-23,HCE,Firma electronica del medico no se valida al cerrar la consulta,Medico,Cuenca,Efectividad,Funcionalidad,Falla de funcionalidad en el módulo HCE que impide al usuario completar sus tareas de manera precisa y completa.
3699,2025-05-24,Facturacion,Factura electronica no llega al correo registrado del paciente,Admision,Ambato,Efectividad,Funcionalidad,Falla de funcionalidad en el módulo Facturacion que impide al usuario completar sus tareas de manera precisa y completa.
3700,2025-05-25,Portal Citas,Notificacion de recordatorio de cita llega con la fecha incorrecta,Paciente,Manta,Efectividad,Funcionalidad,Falla de funcionalidad en el módulo Portal Citas que impide al usuario completar sus tareas de manera precisa y completa.
3701,2025-05-26,Facturacion,Reintento de transaccion genera doble cobro en la tarjeta,Admision,Quito,Libertad de Riesgo,RNF-03 (Errores de Facturación),"Violación del requerimiento no funcional RNF-03 de facturación; genera cobros indebidos en las tarjetas del cliente, comprometiendo la confianza y el riesgo financiero."
3702,2025-05-27,Portal Citas,Filtro de especialidad medica no devuelve resultados,Paciente,Guayaquil,Efectividad,Funcionalidad,Falla de funcionalidad en el módulo Portal Citas que impide al usuario completar sus tareas de manera precisa y completa.
3703,2025-05-28,Portal Citas,"Formulario confuso, abandono de registro antes de completar la cita",Paciente,Cuenca,Satisfacción,RNF-02 (Pasos del Portal),"Diseño de interfaz de usuario confuso que provoca el abandono del registro, afectando la métrica de satisfacción y facilidad de uso percibida."
3704,2025-05-29,Imagenologia,Las imagenes de rayos X no cargan en el visor DICOM,Radiologo,Ambato,Efectividad,Funcionalidad,Falla de funcionalidad en el módulo Imagenologia que impide al usuario completar sus tareas de manera precisa y completa.
3705,2025-05-30,Reportes Gerenciales,Exportacion a Excel del reporte gerencial falla de forma intermitente,Gerencia,Manta,Efectividad,Funcionalidad,Falla intermitente en las exportaciones o ejecuciones de procesos del sistema que reduce la fiabilidad de las operaciones.
3706,2025-05-31,Facturacion,Factura generada con el nombre del paciente incorrecto,Admision,Quito,Efectividad,Funcionalidad,Falla de funcionalidad en el módulo Facturacion que impide al usuario completar sus tareas de manera precisa y completa.
3707,2025-06-01,Laboratorio,Resultado de examen de laboratorio no se sincroniza con la HCE,Tecnico Laboratorio,Guayaquil,Efectividad,Integración de Datos,Error de integración funcional que impide la sincronización y actualización del registro médico entre módulos del HIS.
3708,2025-06-02,Telemedicina,La sesion se cierra automaticamente antes de terminar la consulta,Paciente,Cuenca,Efectividad,Funcionalidad,Falla de funcionalidad en el módulo Telemedicina que impide al usuario completar sus tareas de manera precisa y completa.
3709,2025-06-03,HCE,Duplicado de historia clinica al registrar un paciente ya existente,Medico,Ambato,Libertad de Riesgo,Seguridad Clínica,"Riesgo de seguridad clínica debido a la fragmentación de la información de salud del paciente, lo que puede inducir a diagnósticos y tratamientos erróneos."
3710,2025-06-04,Portal Citas,Usuario no logra agendar tras 4 intentos,Paciente,Manta,Satisfacción,RNF-02 (Pasos del Portal),"Incapacidad del usuario de lograr su meta tras múltiples intentos, violando el RNF-02 y provocando un alto nivel de frustración."
3711,2025-06-05,Telemedicina,Notificacion de inicio de teleconsulta llega con retraso de 30s,Paciente,Quito,Eficiencia,Eficiencia Operativa,"El sistema presenta tiempos de respuesta elevados que consumen recursos de tiempo innecesarios, degradando la eficiencia del usuario en sus tareas."
3712,2025-06-06,Telemedicina,Notificacion de inicio de teleconsulta llega con retraso de 10s,Paciente,Guayaquil,Eficiencia,Eficiencia Operativa,"El sistema presenta tiempos de respuesta elevados que consumen recursos de tiempo innecesarios, degradando la eficiencia del usuario en sus tareas."
3713,2025-06-07,Telemedicina,El medico no puede compartir pantalla con resultados de examenes,Paciente,Cuenca,Efectividad,Funcionalidad,Falla de funcionalidad en el módulo Telemedicina que impide al usuario completar sus tareas de manera precisa y completa.
3714,2025-06-08,Portal Citas,El pago del bono de consulta no se refleja tras completarlo,Paciente,Ambato,Libertad de Riesgo,RNF-03 (Errores de Facturación),Inconsistencia financiera en los cobros o transacciones del sistema que infringe las normativas contables y expone al hospital a pérdidas económicas.
3715,2025-06-09,Laboratorio,Orden de laboratorio duplicada tras reintentar el envio,Tecnico Laboratorio,Manta,Efectividad,Funcionalidad,Falla de funcionalidad en el módulo Laboratorio que impide al usuario completar sus tareas de manera precisa y completa.
3716,2025-06-10,Facturacion,Nota de credito no se aplica al saldo pendiente del paciente,Admision,Quito,Libertad de Riesgo,RNF-03 (Errores de Facturación),"Fallas en la aplicación de notas de crédito o reembolsos que distorsionan los estados de cuenta, arriesgando multas tributarias e inconformidad legal."
3717,2025-06-11,HCE,Receta electronica se genera con la dosis incorrecta tras guardar,Medico,Guayaquil,Libertad de Riesgo,Seguridad Clínica,"Riesgo extremo de salud para el paciente al guardar dosis farmacológicas erróneas en la receta electrónica, pudiendo causar sobredosis o inefectividad clínica."
3718,2025-06-12,App Movil,Version desactualizada del app impide iniciar sesion,Paciente,Cuenca,Cobertura de Contexto,Portabilidad,Incompatibilidad y falta de robustez del sistema cuando se ejecuta en el contexto de sistemas cliente que no cuentan con la última versión de software.
3719,2025-06-13,Imagenologia,Las imagenes de rayos X no cargan en el visor DICOM,Radiologo,Ambato,Efectividad,Funcionalidad,Falla de funcionalidad en el módulo Imagenologia que impide al usuario completar sus tareas de manera precisa y completa.
3720,2025-06-14,Facturacion,Factura generada con el nombre del paciente incorrecto,Admision,Manta,Efectividad,Funcionalidad,Falla de funcionalidad en el módulo Facturacion que impide al usuario completar sus tareas de manera precisa y completa.
3721,2025-06-15,Facturacion,Error de calculo en el copago del seguro medico,Admision,Quito,Libertad de Riesgo,RNF-03 (Errores de Facturación),"Errores en el cálculo del copago de seguros o discrepancias de montos facturados, induciendo a pérdidas financieras o reclamaciones legales."
3722,2025-06-16,Telemedicina,Audio desincronizado durante la teleconsulta,Paciente,Guayaquil,Satisfacción,RNF-05 (Disponibilidad de llamada),Mala experiencia sensorial e interactiva durante la teleconsulta que impacta el RNF-05 y la percepción de calidad del servicio.
3723,2025-06-17,HCE,Orden medica no se sincroniza con el modulo de farmacia,Medico,Cuenca,Efectividad,Integración Funcional,Error de integración funcional que impide la sincronización y actualización del registro médico entre módulos del HIS.
3724,2025-06-18,Portal Citas,Cancelacion de cita no libera el cupo en el calendario,Paciente,Ambato,Efectividad,Funcionalidad,Falla de funcionalidad en el módulo Portal Citas que impide al usuario completar sus tareas de manera precisa y completa.
3725,2025-06-19,HCE,El campo de diagnostico CIE-10 no permite busqueda por texto,Medico,Manta,Efectividad,Funcionalidad,Restricción de funcionalidad que impide al usuario realizar una acción requerida para completar su tarea.
3726,2025-06-20,Portal Citas,Tiempo de espera en el portal supera los 28s en horas pico,Paciente,Quito,Eficiencia,Eficiencia Operativa,"El sistema presenta tiempos de respuesta elevados que consumen recursos de tiempo innecesarios, degradando la eficiencia del usuario en sus tareas."
3727,2025-06-21,Portal Citas,El portal muestra disponibilidad para un horario ya ocupado,Paciente,Guayaquil,Efectividad,Funcionalidad,Falla de funcionalidad en el módulo Portal Citas que impide al usuario completar sus tareas de manera precisa y completa.
3728,2025-06-22,Portal Citas,Boton de confirmar cita no responde en dispositivos moviles,Paciente,Cuenca,Cobertura de Contexto,Portabilidad,"Falla de adaptabilidad de la interfaz en el contexto de dispositivos móviles, impidiendo confirmar citas desde pantallas de formatos pequeños."
3729,2025-06-23,Facturacion,Factura electronica no llega al correo registrado del paciente,Admision,Ambato,Efectividad,Funcionalidad,Falla de funcionalidad en el módulo Facturacion que impide al usuario completar sus tareas de manera precisa y completa.
3730,2025-06-24,HCE,Duplicado de historia clinica al registrar un paciente ya existente,Medico,Manta,Libertad de Riesgo,Seguridad Clínica,"Riesgo de seguridad clínica debido a la fragmentación de la información de salud del paciente, lo que puede inducir a diagnósticos y tratamientos erróneos."
3731,2025-06-25,Telemedicina,Calidad de video muy baja pese a tener buena conexion a internet,Paciente,Quito,Satisfacción,RNF-05 (Disponibilidad de llamada),Mala experiencia sensorial e interactiva durante la teleconsulta que impacta el RNF-05 y la percepción de calidad del servicio.
3732,2025-06-26,HCE,Tiempo de carga de la ficha clinica supera los 20s en horas pico,Medico,Guayaquil,Eficiencia,Eficiencia Operativa,La latencia en horas pico para abrir la ficha clínica perjudica la productividad del médico durante la consulta.
3733,2025-06-27,HCE,Perdida de la nota de evolucion tras un cierre inesperado de sesion,Medico,Cuenca,Efectividad,Funcionalidad,Falla de funcionalidad en el módulo HCE que impide al usuario completar sus tareas de manera precisa y completa.
3734,2025-06-28,Portal Citas,Sesion expira antes de finalizar el proceso de agendamiento,Paciente,Ambato,Satisfacción,Usabilidad,"Mala experiencia de usuario que interrumpe de forma prematura el proceso de compra/agendamiento, forzando a repetir pasos."
3735,2025-06-29,Facturacion,El sistema no reconoce el convenio con la aseguradora,Admision,Manta,Libertad de Riesgo,RNF-03 (Errores de Facturación),El no reconocimiento de convenios de aseguradoras genera fricción de cobro y riesgo de pérdidas económicas por servicios no cubiertos correctamente.
3736,2025-06-30,Laboratorio,Retraso de 16s en la disponibilidad de resultados criticos,Tecnico Laboratorio,Quito,Eficiencia,Eficiencia Operativa,"El sistema presenta tiempos de respuesta elevados que consumen recursos de tiempo innecesarios, degradando la eficiencia del usuario en sus tareas."
3737,2025-07-01,HCE,Firma electronica del medico no se valida al cerrar la consulta,Medico,Guayaquil,Efectividad,Funcionalidad,Falla de funcionalidad en el módulo HCE que impide al usuario completar sus tareas de manera precisa y completa.
3738,2025-07-02,Facturacion,El sistema no permite anular una factura emitida por error,Admision,Cuenca,Efectividad,Funcionalidad,Restricción de funcionalidad que impide al usuario realizar una acción requerida para completar su tarea.
3739,2025-07-03,Telemedicina,Paciente no puede unirse a la sala virtual a la hora agendada,Paciente,Ambato,Efectividad,Funcionalidad,Falla de funcionalidad en el módulo Telemedicina que impide al usuario completar sus tareas de manera precisa y completa.
3740,2025-07-04,HCE,Duplicado de historia clinica al registrar un paciente ya existente,Medico,Manta,Libertad de Riesgo,Seguridad Clínica,"Riesgo de seguridad clínica debido a la fragmentación de la información de salud del paciente, lo que puede inducir a diagnósticos y tratamientos erróneos."
3741,2025-07-05,Farmacia,Duplicidad de codigos entre dos presentaciones distintas de un mismo farmaco,Farmacia,Quito,Libertad de Riesgo,Seguridad Clínica,"La duplicación de códigos de fármacos introduce un riesgo de dispensación errónea en farmacia, comprometiendo la seguridad terapéutica del paciente."
3742,2025-07-06,Portal Citas,Cancelacion de cita no libera el cupo en el calendario,Paciente,Guayaquil,Efectividad,Funcionalidad,Falla de funcionalidad en el módulo Portal Citas que impide al usuario completar sus tareas de manera precisa y completa.
3743,2025-07-07,HCE,Datos de otro paciente visibles brevemente al abrir un expediente,Medico,Cuenca,Libertad de Riesgo,Seguridad Clínica,"Fuga de información y violación de la confidencialidad médica (HIPAA/Ley de Protección de Datos), exponiendo datos de otros pacientes."
3744,2025-07-08,Laboratorio,Resultado de examen de laboratorio no se sincroniza con la HCE,Tecnico Laboratorio,Ambato,Efectividad,Integración de Datos,Error de integración funcional que impide la sincronización y actualización del registro médico entre módulos del HIS.
3745,2025-07-09,Facturacion,Nota de credito no se aplica al saldo pendiente del paciente,Admision,Manta,Libertad de Riesgo,RNF-03 (Errores de Facturación),"Fallas en la aplicación de notas de crédito o reembolsos que distorsionan los estados de cuenta, arriesgando multas tributarias e inconformidad legal."
3746,2025-07-10,Facturacion,El modulo de facturacion se cae durante el cierre de caja,Admision,Quito,Efectividad,Funcionalidad,Falla de funcionalidad en el módulo Facturacion que impide al usuario completar sus tareas de manera precisa y completa.
3747,2025-07-11,Portal Citas,"Formulario confuso, abandono de registro antes de completar la cita",Paciente,Guayaquil,Satisfacción,RNF-02 (Pasos del Portal),"Diseño de interfaz de usuario confuso que provoca el abandono del registro, afectando la métrica de satisfacción y facilidad de uso percibida."
3748,2025-07-12,Laboratorio,El sistema no permite adjuntar el reporte en PDF del laboratorio externo,Tecnico Laboratorio,Cuenca,Efectividad,Funcionalidad,Restricción de funcionalidad que impide al usuario realizar una acción requerida para completar su tarea.
3749,2025-07-13,HCE,Firma electronica del medico no se valida al cerrar la consulta,Medico,Ambato,Efectividad,Funcionalidad,Falla de funcionalidad en el módulo HCE que impide al usuario completar sus tareas de manera precisa y completa.
3750,2025-07-14,Portal Citas,El pago del bono de consulta no se refleja tras completarlo,Paciente,Manta,Libertad de Riesgo,RNF-03 (Errores de Facturación),Inconsistencia financiera en los cobros o transacciones del sistema que infringe las normativas contables y expone al hospital a pérdidas económicas.
3751,2025-07-15,HCE,Orden medica no se sincroniza con el modulo de farmacia,Medico,Quito,Efectividad,Integración Funcional,Error de integración funcional que impide la sincronización y actualización del registro médico entre módulos del HIS.
3752,2025-07-16,Facturacion,Nota de credito no se aplica al saldo pendiente del paciente,Admision,Guayaquil,Libertad de Riesgo,RNF-03 (Errores de Facturación),"Fallas en la aplicación de notas de crédito o reembolsos que distorsionan los estados de cuenta, arriesgando multas tributarias e inconformidad legal."
3753,2025-07-17,Portal Citas,Tiempo de espera en el portal supera los 13s en horas pico,Paciente,Cuenca,Eficiencia,Eficiencia Operativa,"El sistema presenta tiempos de respuesta elevados que consumen recursos de tiempo innecesarios, degradando la eficiencia del usuario en sus tareas."
3754,2025-07-18,Portal Citas,Cita agendada no aparece reflejada en el calendario del especialista,Paciente,Ambato,Efectividad,Funcionalidad,Falla de funcionalidad en el módulo Portal Citas que impide al usuario completar sus tareas de manera precisa y completa.
3755,2025-07-19,HCE,El sistema se congela al adjuntar resultados de laboratorio a la HCE,Medico,Manta,Efectividad,Funcionalidad,Falla de funcionalidad en el módulo HCE que impide al usuario completar sus tareas de manera precisa y completa.
3756,2025-07-20,Facturacion,Factura electronica no llega al correo registrado del paciente,Admision,Quito,Efectividad,Funcionalidad,Falla de funcionalidad en el módulo Facturacion que impide al usuario completar sus tareas de manera precisa y completa.
3757,2025-07-21,Portal Citas,"Formulario confuso, abandono de registro antes de completar la cita",Paciente,Guayaquil,Satisfacción,RNF-02 (Pasos del Portal),"Diseño de interfaz de usuario confuso que provoca el abandono del registro, afectando la métrica de satisfacción y facilidad de uso percibida."
3758,2025-07-22,Laboratorio,El sistema no permite adjuntar el reporte en PDF del laboratorio externo,Tecnico Laboratorio,Cuenca,Efectividad,Funcionalidad,Restricción de funcionalidad que impide al usuario realizar una acción requerida para completar su tarea.
3759,2025-07-23,Telemedicina,Calidad de video muy baja pese a tener buena conexion a internet,Paciente,Ambato,Satisfacción,RNF-05 (Disponibilidad de llamada),Mala experiencia sensorial e interactiva durante la teleconsulta que impacta el RNF-05 y la percepción de calidad del servicio.
3760,2025-07-24,HCE,Nota de evolucion tarda 18s en guardarse,Medico,Manta,Eficiencia,RNF-01 (Latencia HCE),"El tiempo de guardado supera los 8 segundos tolerables, violando directamente el requerimiento no funcional RNF-01 de rendimiento del sistema para notas clínicas."
3761,2025-07-25,HCE,Firma electronica del medico no se valida al cerrar la consulta,Medico,Quito,Efectividad,Funcionalidad,Falla de funcionalidad en el módulo HCE que impide al usuario completar sus tareas de manera precisa y completa.
3762,2025-07-26,Farmacia,Duplicidad de codigos entre dos presentaciones distintas de un mismo farmaco,Farmacia,Guayaquil,Libertad de Riesgo,Seguridad Clínica,"La duplicación de códigos de fármacos introduce un riesgo de dispensación errónea en farmacia, comprometiendo la seguridad terapéutica del paciente."
3763,2025-07-27,HCE,Perdida de la nota de evolucion tras un cierre inesperado de sesion,Medico,Cuenca,Efectividad,Funcionalidad,Falla de funcionalidad en el módulo HCE que impide al usuario completar sus tareas de manera precisa y completa.
3764,2025-07-28,Imagenologia,Tiempo de carga de estudios de imagen supera los 27s,Radiologo,Ambato,Eficiencia,Eficiencia Operativa,La lentitud en la carga y transferencia de archivos DICOM pesados degrada la eficiencia del flujo de trabajo clínico en imagenología.
3765,2025-07-29,HCE,Perdida de la nota de evolucion tras un cierre inesperado de sesion,Medico,Manta,Efectividad,Funcionalidad,Falla de funcionalidad en el módulo HCE que impide al usuario completar sus tareas de manera precisa y completa.
3766,2025-07-30,Farmacia,Tiempo de respuesta del modulo de farmacia supera los 21s,Farmacia,Quito,Eficiencia,Eficiencia Operativa,"El sistema presenta tiempos de respuesta elevados que consumen recursos de tiempo innecesarios, degradando la eficiencia del usuario en sus tareas."
3767,2025-07-31,Portal Citas,Doble reserva de un mismo cupo por dos pacientes distintos,Paciente,Guayaquil,Libertad de Riesgo,RNF-03 (Errores de Facturación),"Doble agendamiento de un mismo cupo que genera sobreventa de citas, colapso de agenda de especialistas y multas o insatisfacción comercial."
3768,2025-08-01,Facturacion,El modulo de facturacion se cae durante el cierre de caja,Admision,Cuenca,Efectividad,Funcionalidad,Falla de funcionalidad en el módulo Facturacion que impide al usuario completar sus tareas de manera precisa y completa.
3769,2025-08-02,Farmacia,El sistema bloquea la dispensacion sin mostrar el motivo,Farmacia,Ambato,Satisfacción,Usabilidad,La falta de mensajes informativos claros y feedback del sistema incrementa la incertidumbre y frustración del operario farmacéutico.
3770,2025-08-03,Laboratorio,El sistema no permite adjuntar el reporte en PDF del laboratorio externo,Tecnico Laboratorio,Manta,Efectividad,Funcionalidad,Restricción de funcionalidad que impide al usuario realizar una acción requerida para completar su tarea.
3771,2025-08-04,Facturacion,Factura electronica no llega al correo registrado del paciente,Admision,Quito,Efectividad,Funcionalidad,Falla de funcionalidad en el módulo Facturacion que impide al usuario completar sus tareas de manera precisa y completa.
3772,2025-08-05,App Movil,Consumo elevado de datos moviles al abrir el modulo de citas,Paciente,Guayaquil,Cobertura de Contexto,Portabilidad,"Consumo excesivo de ancho de banda móvil, lo que restringe el uso eficiente del sistema en redes celulares de datos (fuera de la intranet del hospital)."
3773,2025-08-06,Portal Citas,El sistema no envia la confirmacion por correo electronico,Paciente,Cuenca,Efectividad,Funcionalidad,Falla funcional que impide completar la tarea de confirmación de cita al paciente por canal de correo electrónico.
3774,2025-08-07,Portal Citas,Error al reagendar una cita previamente confirmada,Paciente,Ambato,Efectividad,Funcionalidad,Falla de funcionalidad en el módulo Portal Citas que impide al usuario completar sus tareas de manera precisa y completa.
3775,2025-08-08,Portal Citas,Notificacion de recordatorio de cita llega con la fecha incorrecta,Paciente,Manta,Efectividad,Funcionalidad,Falla de funcionalidad en el módulo Portal Citas que impide al usuario completar sus tareas de manera precisa y completa.
3776,2025-08-09,Facturacion,Nota de credito no se aplica al saldo pendiente del paciente,Admision,Quito,Libertad de Riesgo,RNF-03 (Errores de Facturación),"Fallas en la aplicación de notas de crédito o reembolsos que distorsionan los estados de cuenta, arriesgando multas tributarias e inconformidad legal."
3777,2025-08-10,Facturacion,Factura duplicada al reintentar pago,Admision,Guayaquil,Libertad de Riesgo,RNF-03 (Errores de Facturación),"Violación del requerimiento no funcional RNF-03 de facturación; genera cobros indebidos en las tarjetas del cliente, comprometiendo la confianza y el riesgo financiero."
3778,2025-08-11,Farmacia,El sistema no descuenta automaticamente el medicamento dispensado,Farmacia,Cuenca,Efectividad,Funcionalidad,Falla de funcionalidad en el módulo Farmacia que impide al usuario completar sus tareas de manera precisa y completa.
3779,2025-08-12,HCE,Datos de otro paciente visibles brevemente al abrir un expediente,Medico,Ambato,Libertad de Riesgo,Seguridad Clínica,"Fuga de información y violación de la confidencialidad médica (HIPAA/Ley de Protección de Datos), exponiendo datos de otros pacientes."
3780,2025-08-13,Facturacion,El sistema no reconoce el convenio con la aseguradora,Admision,Manta,Libertad de Riesgo,RNF-03 (Errores de Facturación),El no reconocimiento de convenios de aseguradoras genera fricción de cobro y riesgo de pérdidas económicas por servicios no cubiertos correctamente.
3781,2025-08-14,Portal Citas,El portal muestra disponibilidad para un horario ya ocupado,Paciente,Quito,Efectividad,Funcionalidad,Falla de funcionalidad en el módulo Portal Citas que impide al usuario completar sus tareas de manera precisa y completa.
3782,2025-08-15,Imagenologia,El informe radiologico no se adjunta automaticamente a la HCE,Radiologo,Guayaquil,Efectividad,Funcionalidad,Falla de funcionalidad en el módulo Imagenologia que impide al usuario completar sus tareas de manera precisa y completa.
3783,2025-08-16,Telemedicina,Videollamada se corta a los 3 minutos,Paciente,Cuenca,Cobertura de Contexto,RNF-05 (Disponibilidad de llamada),"Falta de resiliencia del canal de comunicación ante variaciones en la conectividad del usuario, interrumpiendo la sesión de teleconsulta en producción."
3784,2025-08-17,Telemedicina,El medico no puede compartir pantalla con resultados de examenes,Paciente,Ambato,Efectividad,Funcionalidad,Falla de funcionalidad en el módulo Telemedicina que impide al usuario completar sus tareas de manera precisa y completa.
3785,2025-08-18,App Movil,La aplicacion se cierra inesperadamente al abrir resultados de laboratorio,Paciente,Manta,Efectividad,Funcionalidad,"Interrupción abrupta del sistema que impide que el usuario termine el registro de datos, reduciendo la efectividad operativa."
3786,2025-08-19,HCE,El sistema se congela al adjuntar resultados de laboratorio a la HCE,Medico,Quito,Efectividad,Funcionalidad,Falla de funcionalidad en el módulo HCE que impide al usuario completar sus tareas de manera precisa y completa.
3787,2025-08-20,HCE,Historial de alergias no carga al abrir la ficha del paciente,Medico,Guayaquil,Libertad de Riesgo,Seguridad Clínica,"Falla crítica que expone la seguridad del paciente al omitir información vital de alergias, con un alto riesgo de shock anafiláctico o mala praxis."
3788,2025-08-21,Portal Citas,Tiempo de espera en el portal supera los 27s en horas pico,Paciente,Cuenca,Eficiencia,Eficiencia Operativa,"El sistema presenta tiempos de respuesta elevados que consumen recursos de tiempo innecesarios, degradando la eficiencia del usuario en sus tareas."
3789,2025-08-22,Portal Citas,Boton de confirmar cita no responde en dispositivos moviles,Paciente,Ambato,Cobertura de Contexto,Portabilidad,"Falla de adaptabilidad de la interfaz en el contexto de dispositivos móviles, impidiendo confirmar citas desde pantallas de formatos pequeños."
3790,2025-08-23,App Movil,Version desactualizada del app impide iniciar sesion,Paciente,Manta,Cobertura de Contexto,Portabilidad,Incompatibilidad y falta de robustez del sistema cuando se ejecuta en el contexto de sistemas cliente que no cuentan con la última versión de software.
3791,2025-08-24,Portal Citas,El pago del bono de consulta no se refleja tras completarlo,Paciente,Quito,Libertad de Riesgo,RNF-03 (Errores de Facturación),Inconsistencia financiera en los cobros o transacciones del sistema que infringe las normativas contables y expone al hospital a pérdidas económicas.
3792,2025-08-25,HCE,Receta electronica se genera con la dosis incorrecta tras guardar,Medico,Guayaquil,Libertad de Riesgo,Seguridad Clínica,"Riesgo extremo de salud para el paciente al guardar dosis farmacológicas erróneas en la receta electrónica, pudiendo causar sobredosis o inefectividad clínica."
3793,2025-08-26,HCE,Orden medica no se sincroniza con el modulo de farmacia,Medico,Cuenca,Efectividad,Integración Funcional,Error de integración funcional que impide la sincronización y actualización del registro médico entre módulos del HIS.
3794,2025-08-27,HCE,Orden medica no se sincroniza con el modulo de farmacia,Medico,Ambato,Efectividad,Integración Funcional,Error de integración funcional que impide la sincronización y actualización del registro médico entre módulos del HIS.
3795,2025-08-28,Telemedicina,El chat de la consulta no permite enviar imagenes,Paciente,Manta,Efectividad,Funcionalidad,Restricción de funcionalidad que impide al usuario realizar una acción requerida para completar su tarea.
3796,2025-08-29,Facturacion,Factura duplicada al reintentar pago,Admision,Quito,Libertad de Riesgo,RNF-03 (Errores de Facturación),"Violación del requerimiento no funcional RNF-03 de facturación; genera cobros indebidos en las tarjetas del cliente, comprometiendo la confianza y el riesgo financiero."
3797,2025-08-30,Farmacia,Inventario del sistema no coincide con el stock fisico del insumo,Farmacia,Guayaquil,Efectividad,Funcionalidad,Falla de funcionalidad en el módulo Farmacia que impide al usuario completar sus tareas de manera precisa y completa.
3798,2025-08-31,Laboratorio,Orden de laboratorio duplicada tras reintentar el envio,Tecnico Laboratorio,Cuenca,Efectividad,Funcionalidad,Falla de funcionalidad en el módulo Laboratorio que impide al usuario completar sus tareas de manera precisa y completa.
3799,2025-09-01,HCE,Alerta de interaccion medicamentosa no se despliega correctamente,Medico,Ambato,Libertad de Riesgo,Seguridad Clínica,El fallo en el despliegue de alertas de interacción farmacológica pone en riesgo inminente la salud del paciente ante combinaciones letales.
3800,2025-09-02,Portal Citas,Tiempo de espera en el portal supera los 23s en horas pico,Paciente,Manta,Eficiencia,Eficiencia Operativa,"El sistema presenta tiempos de respuesta elevados que consumen recursos de tiempo innecesarios, degradando la eficiencia del usuario en sus tareas."
3801,2025-09-03,Facturacion,Factura duplicada al reintentar pago,Admision,Quito,Libertad de Riesgo,RNF-03 (Errores de Facturación),"Violación del requerimiento no funcional RNF-03 de facturación; genera cobros indebidos en las tarjetas del cliente, comprometiendo la confianza y el riesgo financiero."
3802,2025-09-04,Imagenologia,Perdida de calidad en las imagenes al ser visualizadas desde la app,Radiologo,Guayaquil,Satisfacción,Usabilidad,Degradación visual que afecta la comodidad y confianza de los médicos al visualizar estudios clínicos desde la app móvil.
3803,2025-09-05,Portal Citas,El sistema no envia la confirmacion por correo electronico,Paciente,Cuenca,Efectividad,Funcionalidad,Falla funcional que impide completar la tarea de confirmación de cita al paciente por canal de correo electrónico.
3804,2025-09-06,HCE,Firma electronica del medico no se valida al cerrar la consulta,Medico,Ambato,Efectividad,Funcionalidad,Falla de funcionalidad en el módulo HCE que impide al usuario completar sus tareas de manera precisa y completa.
3805,2025-09-07,Farmacia,Alerta de vencimiento de lote no se muestra en el modulo,Farmacia,Manta,Libertad de Riesgo,Seguridad Clínica,Omitir la alerta de vencimiento de lotes farmacéuticos puede llevar a la administración de medicamentos caducados a los pacientes.
3806,2025-09-08,HCE,Datos de otro paciente visibles brevemente al abrir un expediente,Medico,Quito,Libertad de Riesgo,Seguridad Clínica,"Fuga de información y violación de la confidencialidad médica (HIPAA/Ley de Protección de Datos), exponiendo datos de otros pacientes."
3807,2025-09-09,App Movil,La aplicacion se cierra inesperadamente al abrir resultados de laboratorio,Paciente,Guayaquil,Efectividad,Funcionalidad,"Interrupción abrupta del sistema que impide que el usuario termine el registro de datos, reduciendo la efectividad operativa."
3808,2025-09-10,Imagenologia,Tiempo de carga de estudios de imagen supera los 30s,Radiologo,Cuenca,Eficiencia,Eficiencia Operativa,La lentitud en la carga y transferencia de archivos DICOM pesados degrada la eficiencia del flujo de trabajo clínico en imagenología.
3809,2025-09-11,Portal Citas,El portal muestra disponibilidad para un horario ya ocupado,Paciente,Ambato,Efectividad,Funcionalidad,Falla de funcionalidad en el módulo Portal Citas que impide al usuario completar sus tareas de manera precisa y completa.
3810,2025-09-12,Farmacia,Error al registrar la dispensacion de un medicamento controlado,Farmacia,Manta,Libertad de Riesgo,Seguridad Clínica,"Error en el registro de medicamentos regulados, lo que genera riesgos legales, regulatorios y de seguridad en el control de sustancias psicotrópicas."
3811,2025-09-13,HCE,Receta electronica se genera con la dosis incorrecta tras guardar,Medico,Quito,Libertad de Riesgo,Seguridad Clínica,"Riesgo extremo de salud para el paciente al guardar dosis farmacológicas erróneas en la receta electrónica, pudiendo causar sobredosis o inefectividad clínica."
3812,2025-09-14,Telemedicina,Paciente no puede unirse a la sala virtual a la hora agendada,Paciente,Guayaquil,Efectividad,Funcionalidad,Falla de funcionalidad en el módulo Telemedicina que impide al usuario completar sus tareas de manera precisa y completa.
3813,2025-09-15,HCE,Tiempo de carga de la ficha clinica supera los 30s en horas pico,Medico,Cuenca,Eficiencia,Eficiencia Operativa,La latencia en horas pico para abrir la ficha clínica perjudica la productividad del médico durante la consulta.
3814,2025-09-16,HCE,Historial de alergias no carga al abrir la ficha del paciente,Medico,Ambato,Libertad de Riesgo,Seguridad Clínica,"Falla crítica que expone la seguridad del paciente al omitir información vital de alergias, con un alto riesgo de shock anafiláctico o mala praxis."
3815,2025-09-17,HCE,Alerta de interaccion medicamentosa no se despliega correctamente,Medico,Manta,Libertad de Riesgo,Seguridad Clínica,El fallo en el despliegue de alertas de interacción farmacológica pone en riesgo inminente la salud del paciente ante combinaciones letales.
3816,2025-09-18,HCE,Historial de alergias no carga al abrir la ficha del paciente,Medico,Quito,Libertad de Riesgo,Seguridad Clínica,"Falla crítica que expone la seguridad del paciente al omitir información vital de alergias, con un alto riesgo de shock anafiláctico o mala praxis."
3817,2025-09-19,HCE,Tiempo de carga de la ficha clinica supera los 22s en horas pico,Medico,Guayaquil,Eficiencia,Eficiencia Operativa,La latencia en horas pico para abrir la ficha clínica perjudica la productividad del médico durante la consulta.
3818,2025-09-20,App Movil,Resultados de examenes no se visualizan en formato PDF,Paciente,Cuenca,Efectividad,Funcionalidad,Falla de funcionalidad en el módulo App Movil que impide al usuario completar sus tareas de manera precisa y completa.
3819,2025-09-21,HCE,Historial de alergias no carga al abrir la ficha del paciente,Medico,Ambato,Libertad de Riesgo,Seguridad Clínica,"Falla crítica que expone la seguridad del paciente al omitir información vital de alergias, con un alto riesgo de shock anafiláctico o mala praxis."
3820,2025-09-22,Reportes Gerenciales,El reporte de ocupacion hospitalaria no se actualiza automaticamente,Gerencia,Manta,Efectividad,Funcionalidad,Inconsistencia en la actualización de datos que impide la visualización correcta de información operativa reciente.
3821,2025-09-23,Portal Citas,Boton de confirmar cita no responde en dispositivos moviles,Paciente,Quito,Cobertura de Contexto,Portabilidad,"Falla de adaptabilidad de la interfaz en el contexto de dispositivos móviles, impidiendo confirmar citas desde pantallas de formatos pequeños."
3822,2025-09-24,HCE,El sistema no permite adjuntar imagenes de heridas desde la tablet,Medico,Guayaquil,Cobertura de Contexto,Flexibilidad de Dispositivo,El sistema presenta limitaciones de portabilidad y compatibilidad al operar en el contexto físico específico de tablets para adjuntar imágenes de heridas.
3823,2025-09-25,Telemedicina,Grabacion de la consulta no se almacena correctamente,Paciente,Cuenca,Efectividad,Funcionalidad,Falla de funcionalidad en el módulo Telemedicina que impide al usuario completar sus tareas de manera precisa y completa.
3824,2025-09-26,Facturacion,Discrepancia entre el monto facturado y el detalle de servicios,Admision,Ambato,Libertad de Riesgo,RNF-03 (Errores de Facturación),"Errores en el cálculo del copago de seguros o discrepancias de montos facturados, induciendo a pérdidas financieras o reclamaciones legales."
3825,2025-09-27,Imagenologia,Tiempo de carga de estudios de imagen supera los 17s,Radiologo,Manta,Eficiencia,Eficiencia Operativa,La lentitud en la carga y transferencia de archivos DICOM pesados degrada la eficiencia del flujo de trabajo clínico en imagenología.
3826,2025-09-28,Portal Citas,El portal muestra disponibilidad para un horario ya ocupado,Paciente,Quito,Efectividad,Funcionalidad,Falla de funcionalidad en el módulo Portal Citas que impide al usuario completar sus tareas de manera precisa y completa.
3827,2025-09-29,Laboratorio,Retraso de 20s en la disponibilidad de resultados criticos,Tecnico Laboratorio,Guayaquil,Eficiencia,Eficiencia Operativa,"El sistema presenta tiempos de respuesta elevados que consumen recursos de tiempo innecesarios, degradando la eficiencia del usuario en sus tareas."
3828,2025-09-30,Telemedicina,La sesion se cierra automaticamente antes de terminar la consulta,Paciente,Cuenca,Efectividad,Funcionalidad,Falla de funcionalidad en el módulo Telemedicina que impide al usuario completar sus tareas de manera precisa y completa.
3829,2025-10-01,Reportes Gerenciales,Exportacion a Excel del reporte gerencial falla de forma intermitente,Gerencia,Ambato,Efectividad,Funcionalidad,Falla intermitente en las exportaciones o ejecuciones de procesos del sistema que reduce la fiabilidad de las operaciones.
3830,2025-10-02,Facturacion,Factura duplicada al reintentar pago,Admision,Manta,Libertad de Riesgo,RNF-03 (Errores de Facturación),"Violación del requerimiento no funcional RNF-03 de facturación; genera cobros indebidos en las tarjetas del cliente, comprometiendo la confianza y el riesgo financiero."
3831,2025-10-03,Facturacion,Reembolso aprobado no se refleja en el estado de cuenta,Admision,Quito,Libertad de Riesgo,RNF-03 (Errores de Facturación),"Fallas en la aplicación de notas de crédito o reembolsos que distorsionan los estados de cuenta, arriesgando multas tributarias e inconformidad legal."
3832,2025-10-04,Farmacia,El sistema bloquea la dispensacion sin mostrar el motivo,Farmacia,Guayaquil,Satisfacción,Usabilidad,La falta de mensajes informativos claros y feedback del sistema incrementa la incertidumbre y frustración del operario farmacéutico.
3833,2025-10-05,Portal Citas,Cancelacion de cita no libera el cupo en el calendario,Paciente,Cuenca,Efectividad,Funcionalidad,Falla de funcionalidad en el módulo Portal Citas que impide al usuario completar sus tareas de manera precisa y completa.
3834,2025-10-06,Portal Citas,Error al reagendar una cita previamente confirmada,Paciente,Ambato,Efectividad,Funcionalidad,Falla de funcionalidad en el módulo Portal Citas que impide al usuario completar sus tareas de manera precisa y completa.
3835,2025-10-07,Portal Citas,Boton de confirmar cita no responde en dispositivos moviles,Paciente,Manta,Cobertura de Contexto,Portabilidad,"Falla de adaptabilidad de la interfaz en el contexto de dispositivos móviles, impidiendo confirmar citas desde pantallas de formatos pequeños."
3836,2025-10-08,Facturacion,Discrepancia entre el monto facturado y el detalle de servicios,Admision,Quito,Libertad de Riesgo,RNF-03 (Errores de Facturación),"Errores en el cálculo del copago de seguros o discrepancias de montos facturados, induciendo a pérdidas financieras o reclamaciones legales."
3837,2025-10-09,HCE,Consulta anterior no se muestra en el resumen de antecedentes,Medico,Guayaquil,Efectividad,Funcionalidad,Falla de funcionalidad en el módulo HCE que impide al usuario completar sus tareas de manera precisa y completa.
3838,2025-10-10,Laboratorio,Codigo de barras de la muestra no es reconocido por el lector,Tecnico Laboratorio,Cuenca,Efectividad,Funcionalidad,Falla de funcionalidad en el módulo Laboratorio que impide al usuario completar sus tareas de manera precisa y completa.
3839,2025-10-11,HCE,Duplicado de historia clinica al registrar un paciente ya existente,Medico,Ambato,Libertad de Riesgo,Seguridad Clínica,"Riesgo de seguridad clínica debido a la fragmentación de la información de salud del paciente, lo que puede inducir a diagnósticos y tratamientos erróneos."
3840,2025-10-12,Telemedicina,Receta electronica no se genera al finalizar la teleconsulta,Paciente,Manta,Efectividad,Funcionalidad,Falla de funcionalidad en el módulo Telemedicina que impide al usuario completar sus tareas de manera precisa y completa.
3841,2025-10-13,Portal Citas,"Formulario confuso, abandono de registro antes de completar la cita",Paciente,Quito,Satisfacción,RNF-02 (Pasos del Portal),"Diseño de interfaz de usuario confuso que provoca el abandono del registro, afectando la métrica de satisfacción y facilidad de uso percibida."
3842,2025-10-14,HCE,Receta electronica se genera con la dosis incorrecta tras guardar,Medico,Guayaquil,Libertad de Riesgo,Seguridad Clínica,"Riesgo extremo de salud para el paciente al guardar dosis farmacológicas erróneas en la receta electrónica, pudiendo causar sobredosis o inefectividad clínica."
3843,2025-10-15,HCE,Orden medica no se sincroniza con el modulo de farmacia,Medico,Cuenca,Efectividad,Integración Funcional,Error de integración funcional que impide la sincronización y actualización del registro médico entre módulos del HIS.
3844,2025-10-16,HCE,Duplicado de historia clinica al registrar un paciente ya existente,Medico,Ambato,Libertad de Riesgo,Seguridad Clínica,"Riesgo de seguridad clínica debido a la fragmentación de la información de salud del paciente, lo que puede inducir a diagnósticos y tratamientos erróneos."
3845,2025-10-17,Reportes Gerenciales,Exportacion a Excel del reporte gerencial falla de forma intermitente,Gerencia,Manta,Efectividad,Funcionalidad,Falla intermitente en las exportaciones o ejecuciones de procesos del sistema que reduce la fiabilidad de las operaciones.
3846,2025-10-18,HCE,Datos de otro paciente visibles brevemente al abrir un expediente,Medico,Quito,Libertad de Riesgo,Seguridad Clínica,"Fuga de información y violación de la confidencialidad médica (HIPAA/Ley de Protección de Datos), exponiendo datos de otros pacientes."
3847,2025-10-19,Portal Citas,Error al reagendar una cita previamente confirmada,Paciente,Guayaquil,Efectividad,Funcionalidad,Falla de funcionalidad en el módulo Portal Citas que impide al usuario completar sus tareas de manera precisa y completa.
3848,2025-10-20,Laboratorio,Codigo de barras de la muestra no es reconocido por el lector,Tecnico Laboratorio,Cuenca,Efectividad,Funcionalidad,Falla de funcionalidad en el módulo Laboratorio que impide al usuario completar sus tareas de manera precisa y completa.
3849,2025-10-21,Facturacion,Discrepancia entre el monto facturado y el detalle de servicios,Admision,Ambato,Libertad de Riesgo,RNF-03 (Errores de Facturación),"Errores en el cálculo del copago de seguros o discrepancias de montos facturados, induciendo a pérdidas financieras o reclamaciones legales."
3850,2025-10-22,Reportes Gerenciales,Tiempo de generacion del reporte mensual supera los 31 minutos,Gerencia,Manta,Eficiencia,Eficiencia Operativa,"Demoras severas en la generación de reportes mensuales de inteligencia de negocio, penalizando la eficiencia en el tiempo de procesamiento y toma de decisiones."
3851,2025-10-23,Reportes Gerenciales,El dashboard de indicadores no refleja los datos del ultimo cierre,Gerencia,Quito,Efectividad,Funcionalidad,Inconsistencia en la actualización de datos que impide la visualización correcta de información operativa reciente.
3852,2025-10-24,Portal Citas,Cita agendada no aparece reflejada en el calendario del especialista,Paciente,Guayaquil,Efectividad,Funcionalidad,Falla de funcionalidad en el módulo Portal Citas que impide al usuario completar sus tareas de manera precisa y completa.
3853,2025-10-25,Laboratorio,Resultado de examen de laboratorio no se sincroniza con la HCE,Tecnico Laboratorio,Cuenca,Efectividad,Integración de Datos,Error de integración funcional que impide la sincronización y actualización del registro médico entre módulos del HIS.
3854,2025-10-26,Facturacion,Factura duplicada al reintentar pago,Admision,Ambato,Libertad de Riesgo,RNF-03 (Errores de Facturación),"Violación del requerimiento no funcional RNF-03 de facturación; genera cobros indebidos en las tarjetas del cliente, comprometiendo la confianza y el riesgo financiero."
3855,2025-10-27,HCE,Historial de alergias no carga al abrir la ficha del paciente,Medico,Manta,Libertad de Riesgo,Seguridad Clínica,"Falla crítica que expone la seguridad del paciente al omitir información vital de alergias, con un alto riesgo de shock anafiláctico o mala praxis."
3856,2025-10-28,HCE,Firma electronica del medico no se valida al cerrar la consulta,Medico,Quito,Efectividad,Funcionalidad,Falla de funcionalidad en el módulo HCE que impide al usuario completar sus tareas de manera precisa y completa.
3857,2025-10-29,Portal Citas,Doble reserva de un mismo cupo por dos pacientes distintos,Paciente,Guayaquil,Libertad de Riesgo,RNF-03 (Errores de Facturación),"Doble agendamiento de un mismo cupo que genera sobreventa de citas, colapso de agenda de especialistas y multas o insatisfacción comercial."
3858,2025-10-30,Portal Citas,Usuario no logra agendar tras 5 intentos,Paciente,Cuenca,Satisfacción,RNF-02 (Pasos del Portal),"Incapacidad del usuario de lograr su meta tras múltiples intentos, violando el RNF-02 y provocando un alto nivel de frustración."
3859,2025-10-31,HCE,El sistema se congela al adjuntar resultados de laboratorio a la HCE,Medico,Ambato,Efectividad,Funcionalidad,Falla de funcionalidad en el módulo HCE que impide al usuario completar sus tareas de manera precisa y completa.
3860,2025-11-01,Facturacion,Factura electronica no llega al correo registrado del paciente,Admision,Manta,Efectividad,Funcionalidad,Falla de funcionalidad en el módulo Facturacion que impide al usuario completar sus tareas de manera precisa y completa.
3861,2025-11-02,Laboratorio,El sistema no permite adjuntar el reporte en PDF del laboratorio externo,Tecnico Laboratorio,Quito,Efectividad,Funcionalidad,Restricción de funcionalidad que impide al usuario realizar una acción requerida para completar su tarea.
3862,2025-11-03,HCE,Firma electronica del medico no se valida al cerrar la consulta,Medico,Guayaquil,Efectividad,Funcionalidad,Falla de funcionalidad en el módulo HCE que impide al usuario completar sus tareas de manera precisa y completa.
3863,2025-11-04,HCE,Duplicado de historia clinica al registrar un paciente ya existente,Medico,Cuenca,Libertad de Riesgo,Seguridad Clínica,"Riesgo de seguridad clínica debido a la fragmentación de la información de salud del paciente, lo que puede inducir a diagnósticos y tratamientos erróneos."
3864,2025-11-05,HCE,Perdida de la nota de evolucion tras un cierre inesperado de sesion,Medico,Ambato,Efectividad,Funcionalidad,Falla de funcionalidad en el módulo HCE que impide al usuario completar sus tareas de manera precisa y completa.
3865,2025-11-06,Facturacion,Factura generada con el nombre del paciente incorrecto,Admision,Manta,Efectividad,Funcionalidad,Falla de funcionalidad en el módulo Facturacion que impide al usuario completar sus tareas de manera precisa y completa.
3866,2025-11-07,Telemedicina,La sesion se cierra automaticamente antes de terminar la consulta,Paciente,Quito,Efectividad,Funcionalidad,Falla de funcionalidad en el módulo Telemedicina que impide al usuario completar sus tareas de manera precisa y completa.
3867,2025-11-08,HCE,El sistema no permite adjuntar imagenes de heridas desde la tablet,Medico,Guayaquil,Cobertura de Contexto,Flexibilidad de Dispositivo,El sistema presenta limitaciones de portabilidad y compatibilidad al operar en el contexto físico específico de tablets para adjuntar imágenes de heridas.
3868,2025-11-09,Telemedicina,Notificacion de inicio de teleconsulta llega con retraso de 27s,Paciente,Cuenca,Eficiencia,Eficiencia Operativa,"El sistema presenta tiempos de respuesta elevados que consumen recursos de tiempo innecesarios, degradando la eficiencia del usuario en sus tareas."
3869,2025-11-10,Farmacia,El sistema bloquea la dispensacion sin mostrar el motivo,Farmacia,Ambato,Satisfacción,Usabilidad,La falta de mensajes informativos claros y feedback del sistema incrementa la incertidumbre y frustración del operario farmacéutico.
3870,2025-11-11,Portal Citas,Notificacion de recordatorio de cita llega con la fecha incorrecta,Paciente,Manta,Efectividad,Funcionalidad,Falla de funcionalidad en el módulo Portal Citas que impide al usuario completar sus tareas de manera precisa y completa.
3871,2025-11-12,HCE,Tiempo de carga de la ficha clinica supera los 13s en horas pico,Medico,Quito,Eficiencia,Eficiencia Operativa,La latencia en horas pico para abrir la ficha clínica perjudica la productividad del médico durante la consulta.
3872,2025-11-13,HCE,Nota de evolucion tarda 25s en guardarse,Medico,Guayaquil,Eficiencia,RNF-01 (Latencia HCE),"El tiempo de guardado supera los 8 segundos tolerables, violando directamente el requerimiento no funcional RNF-01 de rendimiento del sistema para notas clínicas."
3873,2025-11-14,Telemedicina,Notificacion de inicio de teleconsulta llega con retraso de 25s,Paciente,Cuenca,Eficiencia,Eficiencia Operativa,"El sistema presenta tiempos de respuesta elevados que consumen recursos de tiempo innecesarios, degradando la eficiencia del usuario en sus tareas."
3874,2025-11-15,Portal Citas,El portal muestra disponibilidad para un horario ya ocupado,Paciente,Ambato,Efectividad,Funcionalidad,Falla de funcionalidad en el módulo Portal Citas que impide al usuario completar sus tareas de manera precisa y completa.
3875,2025-11-16,Facturacion,Nota de credito no se aplica al saldo pendiente del paciente,Admision,Manta,Libertad de Riesgo,RNF-03 (Errores de Facturación),"Fallas en la aplicación de notas de crédito o reembolsos que distorsionan los estados de cuenta, arriesgando multas tributarias e inconformidad legal."
3876,2025-11-17,Portal Citas,Doble reserva de un mismo cupo por dos pacientes distintos,Paciente,Quito,Libertad de Riesgo,RNF-03 (Errores de Facturación),"Doble agendamiento de un mismo cupo que genera sobreventa de citas, colapso de agenda de especialistas y multas o insatisfacción comercial."
3877,2025-11-18,Portal Citas,Usuario no logra agendar tras 4 intentos,Paciente,Guayaquil,Satisfacción,RNF-02 (Pasos del Portal),"Incapacidad del usuario de lograr su meta tras múltiples intentos, violando el RNF-02 y provocando un alto nivel de frustración."
3878,2025-11-19,HCE,El campo de diagnostico CIE-10 no permite busqueda por texto,Medico,Cuenca,Efectividad,Funcionalidad,Restricción de funcionalidad que impide al usuario realizar una acción requerida para completar su tarea.
3879,2025-11-20,Imagenologia,El informe radiologico no se adjunta automaticamente a la HCE,Radiologo,Ambato,Efectividad,Funcionalidad,Falla de funcionalidad en el módulo Imagenologia que impide al usuario completar sus tareas de manera precisa y completa.
3880,2025-11-21,Portal Citas,El pago del bono de consulta no se refleja tras completarlo,Paciente,Manta,Libertad de Riesgo,RNF-03 (Errores de Facturación),Inconsistencia financiera en los cobros o transacciones del sistema que infringe las normativas contables y expone al hospital a pérdidas económicas.
3881,2025-11-22,Telemedicina,La sesion se cierra automaticamente antes de terminar la consulta,Paciente,Quito,Efectividad,Funcionalidad,Falla de funcionalidad en el módulo Telemedicina que impide al usuario completar sus tareas de manera precisa y completa.
3882,2025-11-23,Laboratorio,El sistema no permite adjuntar el reporte en PDF del laboratorio externo,Tecnico Laboratorio,Guayaquil,Efectividad,Funcionalidad,Restricción de funcionalidad que impide al usuario realizar una acción requerida para completar su tarea.
3883,2025-11-24,Farmacia,El sistema no descuenta automaticamente el medicamento dispensado,Farmacia,Cuenca,Efectividad,Funcionalidad,Falla de funcionalidad en el módulo Farmacia que impide al usuario completar sus tareas de manera precisa y completa.
3884,2025-11-25,Farmacia,Tiempo de respuesta del modulo de farmacia supera los 31s,Farmacia,Ambato,Eficiencia,Eficiencia Operativa,"El sistema presenta tiempos de respuesta elevados que consumen recursos de tiempo innecesarios, degradando la eficiencia del usuario en sus tareas."
3885,2025-11-26,Farmacia,Alerta de vencimiento de lote no se muestra en el modulo,Farmacia,Manta,Libertad de Riesgo,Seguridad Clínica,Omitir la alerta de vencimiento de lotes farmacéuticos puede llevar a la administración de medicamentos caducados a los pacientes.
3886,2025-11-27,HCE,Tiempo de carga de la ficha clinica supera los 26s en horas pico,Medico,Quito,Eficiencia,Eficiencia Operativa,La latencia en horas pico para abrir la ficha clínica perjudica la productividad del médico durante la consulta.
3887,2025-11-28,HCE,Signos vitales registrados por enfermeria no aparecen en la HCE del medico,Medico,Guayaquil,Efectividad,Integración de Datos,Falla de funcionalidad en el módulo HCE que impide al usuario completar sus tareas de manera precisa y completa.
3888,2025-11-29,Farmacia,Duplicidad de codigos entre dos presentaciones distintas de un mismo farmaco,Farmacia,Cuenca,Libertad de Riesgo,Seguridad Clínica,"La duplicación de códigos de fármacos introduce un riesgo de dispensación errónea en farmacia, comprometiendo la seguridad terapéutica del paciente."
3889,2025-11-30,Portal Citas,"Formulario confuso, abandono de registro antes de completar la cita",Paciente,Ambato,Satisfacción,RNF-02 (Pasos del Portal),"Diseño de interfaz de usuario confuso que provoca el abandono del registro, afectando la métrica de satisfacción y facilidad de uso percibida."
3890,2025-12-01,App Movil,Resultados de examenes no se visualizan en formato PDF,Paciente,Manta,Efectividad,Funcionalidad,Falla de funcionalidad en el módulo App Movil que impide al usuario completar sus tareas de manera precisa y completa.
3891,2025-12-02,App Movil,La app no permite actualizar el numero de contacto del paciente,Paciente,Quito,Efectividad,Funcionalidad,Restricción de funcionalidad que impide al usuario realizar una acción requerida para completar su tarea.
3892,2025-12-03,Facturacion,Factura electronica no llega al correo registrado del paciente,Admision,Guayaquil,Efectividad,Funcionalidad,Falla de funcionalidad en el módulo Facturacion que impide al usuario completar sus tareas de manera precisa y completa.
3893,2025-12-04,Farmacia,Duplicidad de codigos entre dos presentaciones distintas de un mismo farmaco,Farmacia,Cuenca,Libertad de Riesgo,Seguridad Clínica,"La duplicación de códigos de fármacos introduce un riesgo de dispensación errónea en farmacia, comprometiendo la seguridad terapéutica del paciente."
3894,2025-12-05,Portal Citas,Doble reserva de un mismo cupo por dos pacientes distintos,Paciente,Ambato,Libertad de Riesgo,RNF-03 (Errores de Facturación),"Doble agendamiento de un mismo cupo que genera sobreventa de citas, colapso de agenda de especialistas y multas o insatisfacción comercial."
3895,2025-12-06,HCE,Duplicado de historia clinica al registrar un paciente ya existente,Medico,Manta,Libertad de Riesgo,Seguridad Clínica,"Riesgo de seguridad clínica debido a la fragmentación de la información de salud del paciente, lo que puede inducir a diagnósticos y tratamientos erróneos."
3896,2025-12-07,Farmacia,Tiempo de respuesta del modulo de farmacia supera los 25s,Farmacia,Quito,Eficiencia,Eficiencia Operativa,"El sistema presenta tiempos de respuesta elevados que consumen recursos de tiempo innecesarios, degradando la eficiencia del usuario en sus tareas."
3897,2025-12-08,Facturacion,Error de calculo en el copago del seguro medico,Admision,Guayaquil,Libertad de Riesgo,RNF-03 (Errores de Facturación),"Errores en el cálculo del copago de seguros o discrepancias de montos facturados, induciendo a pérdidas financieras o reclamaciones legales."
3898,2025-12-09,Imagenologia,Perdida de calidad en las imagenes al ser visualizadas desde la app,Radiologo,Cuenca,Satisfacción,Usabilidad,Degradación visual que afecta la comodidad y confianza de los médicos al visualizar estudios clínicos desde la app móvil.
3899,2025-12-10,Farmacia,El sistema no descuenta automaticamente el medicamento dispensado,Farmacia,Ambato,Efectividad,Funcionalidad,Falla de funcionalidad en el módulo Farmacia que impide al usuario completar sus tareas de manera precisa y completa.
3900,2025-12-11,HCE,El campo de diagnostico CIE-10 no permite busqueda por texto,Medico,Manta,Efectividad,Funcionalidad,Restricción de funcionalidad que impide al usuario realizar una acción requerida para completar su tarea.
3901,2025-12-12,HCE,Tiempo de carga de la ficha clinica supera los 27s en horas pico,Medico,Quito,Eficiencia,Eficiencia Operativa,La latencia en horas pico para abrir la ficha clínica perjudica la productividad del médico durante la consulta.
3902,2025-12-13,App Movil,Resultados de examenes no se visualizan en formato PDF,Paciente,Guayaquil,Efectividad,Funcionalidad,Falla de funcionalidad en el módulo App Movil que impide al usuario completar sus tareas de manera precisa y completa.
3903,2025-12-14,Telemedicina,Videollamada se corta a los 2 minutos,Paciente,Cuenca,Cobertura de Contexto,RNF-05 (Disponibilidad de llamada),"Falta de resiliencia del canal de comunicación ante variaciones en la conectividad del usuario, interrumpiendo la sesión de teleconsulta en producción."
3904,2025-12-15,HCE,Firma electronica del medico no se valida al cerrar la consulta,Medico,Ambato,Efectividad,Funcionalidad,Falla de funcionalidad en el módulo HCE que impide al usuario completar sus tareas de manera precisa y completa.
3905,2025-12-16,Telemedicina,El chat de la consulta no permite enviar imagenes,Paciente,Manta,Efectividad,Funcionalidad,Restricción de funcionalidad que impide al usuario realizar una acción requerida para completar su tarea.
3906,2025-12-17,Facturacion,Factura duplicada al reintentar pago,Admision,Quito,Libertad de Riesgo,RNF-03 (Errores de Facturación),"Violación del requerimiento no funcional RNF-03 de facturación; genera cobros indebidos en las tarjetas del cliente, comprometiendo la confianza y el riesgo financiero."
3907,2025-12-18,App Movil,El boton de teleconsulta no redirige correctamente a la videollamada,Paciente,Guayaquil,Efectividad,Funcionalidad,Falla de funcionalidad en el módulo App Movil que impide al usuario completar sus tareas de manera precisa y completa.
3908,2025-12-19,Facturacion,Retraso de 11s al procesar el pago con tarjeta de credito,Admision,Cuenca,Eficiencia,Eficiencia Operativa,El procesamiento lento del cobro con tarjeta retrasa el flujo de caja y la atención administrativa de admisión.
3909,2025-12-20,HCE,Alerta de interaccion medicamentosa no se despliega correctamente,Medico,Ambato,Libertad de Riesgo,Seguridad Clínica,El fallo en el despliegue de alertas de interacción farmacológica pone en riesgo inminente la salud del paciente ante combinaciones letales.
3910,2025-12-21,Reportes Gerenciales,Discrepancia entre el reporte financiero y el modulo de facturacion,Gerencia,Manta,Libertad de Riesgo,RNF-03 (Errores de Facturación),"Discrepancia contable entre reportes directivos y facturación real, afectando las decisiones del negocio y la integridad de las auditorías."
3911,2025-12-22,HCE,Orden medica no se sincroniza con el modulo de farmacia,Medico,Quito,Efectividad,Integración Funcional,Error de integración funcional que impide la sincronización y actualización del registro médico entre módulos del HIS.
3912,2025-12-23,Telemedicina,La sesion se cierra automaticamente antes de terminar la consulta,Paciente,Guayaquil,Efectividad,Funcionalidad,Falla de funcionalidad en el módulo Telemedicina que impide al usuario completar sus tareas de manera precisa y completa.
3913,2025-12-24,App Movil,Notificaciones push no llegan pese a estar activadas,Paciente,Cuenca,Efectividad,Funcionalidad,Falla de funcionalidad en el módulo App Movil que impide al usuario completar sus tareas de manera precisa y completa.
3914,2025-12-25,HCE,Alerta de interaccion medicamentosa no se despliega correctamente,Medico,Ambato,Libertad de Riesgo,Seguridad Clínica,El fallo en el despliegue de alertas de interacción farmacológica pone en riesgo inminente la salud del paciente ante combinaciones letales.
3915,2025-12-26,Facturacion,Factura generada con el nombre del paciente incorrecto,Admision,Manta,Efectividad,Funcionalidad,Falla de funcionalidad en el módulo Facturacion que impide al usuario completar sus tareas de manera precisa y completa.
3916,2025-12-27,Telemedicina,Grabacion de la consulta no se almacena correctamente,Paciente,Quito,Efectividad,Funcionalidad,Falla de funcionalidad en el módulo Telemedicina que impide al usuario completar sus tareas de manera precisa y completa.
3917,2025-12-28,HCE,El sistema se congela al adjuntar resultados de laboratorio a la HCE,Medico,Guayaquil,Efectividad,Funcionalidad,Falla de funcionalidad en el módulo HCE que impide al usuario completar sus tareas de manera precisa y completa.
3918,2025-12-29,Farmacia,Tiempo de respuesta del modulo de farmacia supera los 24s,Farmacia,Cuenca,Eficiencia,Eficiencia Operativa,"El sistema presenta tiempos de respuesta elevados que consumen recursos de tiempo innecesarios, degradando la eficiencia del usuario en sus tareas."
3919,2025-12-30,Telemedicina,Notificacion de inicio de teleconsulta llega con retraso de 14s,Paciente,Ambato,Eficiencia,Eficiencia Operativa,"El sistema presenta tiempos de respuesta elevados que consumen recursos de tiempo innecesarios, degradando la eficiencia del usuario en sus tareas."
3920,2025-12-31,Laboratorio,Orden de laboratorio duplicada tras reintentar el envio,Tecnico Laboratorio,Manta,Efectividad,Funcionalidad,Falla de funcionalidad en el módulo Laboratorio que impide al usuario completar sus tareas de manera precisa y completa.
3921,2025-01-01,Portal Citas,Cita agendada no aparece reflejada en el calendario del especialista,Paciente,Quito,Efectividad,Funcionalidad,Falla de funcionalidad en el módulo Portal Citas que impide al usuario completar sus tareas de manera precisa y completa.
3922,2025-01-02,Imagenologia,Perdida de calidad en las imagenes al ser visualizadas desde la app,Radiologo,Guayaquil,Satisfacción,Usabilidad,Degradación visual que afecta la comodidad y confianza de los médicos al visualizar estudios clínicos desde la app móvil.
3923,2025-01-03,HCE,El campo de diagnostico CIE-10 no permite busqueda por texto,Medico,Cuenca,Efectividad,Funcionalidad,Restricción de funcionalidad que impide al usuario realizar una acción requerida para completar su tarea.
3924,2025-01-04,HCE,El sistema se congela al adjuntar resultados de laboratorio a la HCE,Medico,Ambato,Efectividad,Funcionalidad,Falla de funcionalidad en el módulo HCE que impide al usuario completar sus tareas de manera precisa y completa.
3925,2025-01-05,HCE,Historial de alergias no carga al abrir la ficha del paciente,Medico,Manta,Libertad de Riesgo,Seguridad Clínica,"Falla crítica que expone la seguridad del paciente al omitir información vital de alergias, con un alto riesgo de shock anafiláctico o mala praxis."
3926,2025-01-06,App Movil,La aplicacion se cierra inesperadamente al abrir resultados de laboratorio,Paciente,Quito,Efectividad,Funcionalidad,"Interrupción abrupta del sistema que impide que el usuario termine el registro de datos, reduciendo la efectividad operativa."
3927,2025-01-07,Farmacia,El sistema bloquea la dispensacion sin mostrar el motivo,Farmacia,Guayaquil,Satisfacción,Usabilidad,La falta de mensajes informativos claros y feedback del sistema incrementa la incertidumbre y frustración del operario farmacéutico.
3928,2025-01-08,Facturacion,Factura electronica no llega al correo registrado del paciente,Admision,Cuenca,Efectividad,Funcionalidad,Falla de funcionalidad en el módulo Facturacion que impide al usuario completar sus tareas de manera precisa y completa.
3929,2025-01-09,App Movil,Version desactualizada del app impide iniciar sesion,Paciente,Ambato,Cobertura de Contexto,Portabilidad,Incompatibilidad y falta de robustez del sistema cuando se ejecuta en el contexto de sistemas cliente que no cuentan con la última versión de software.
3930,2025-01-10,HCE,Firma electronica del medico no se valida al cerrar la consulta,Medico,Manta,Efectividad,Funcionalidad,Falla de funcionalidad en el módulo HCE que impide al usuario completar sus tareas de manera precisa y completa.
3931,2025-01-11,HCE,El campo de diagnostico CIE-10 no permite busqueda por texto,Medico,Quito,Efectividad,Funcionalidad,Restricción de funcionalidad que impide al usuario realizar una acción requerida para completar su tarea.
3932,2025-01-12,Telemedicina,Grabacion de la consulta no se almacena correctamente,Paciente,Guayaquil,Efectividad,Funcionalidad,Falla de funcionalidad en el módulo Telemedicina que impide al usuario completar sus tareas de manera precisa y completa.
3933,2025-01-13,Portal Citas,Error al reagendar una cita previamente confirmada,Paciente,Cuenca,Efectividad,Funcionalidad,Falla de funcionalidad en el módulo Portal Citas que impide al usuario completar sus tareas de manera precisa y completa.
3934,2025-01-14,Portal Citas,Filtro de especialidad medica no devuelve resultados,Paciente,Ambato,Efectividad,Funcionalidad,Falla de funcionalidad en el módulo Portal Citas que impide al usuario completar sus tareas de manera precisa y completa.
3935,2025-01-15,Portal Citas,El sistema no envia la confirmacion por correo electronico,Paciente,Manta,Efectividad,Funcionalidad,Falla funcional que impide completar la tarea de confirmación de cita al paciente por canal de correo electrónico.
3936,2025-01-16,Portal Citas,Error al reagendar una cita previamente confirmada,Paciente,Quito,Efectividad,Funcionalidad,Falla de funcionalidad en el módulo Portal Citas que impide al usuario completar sus tareas de manera precisa y completa.
3937,2025-01-17,Telemedicina,El medico no puede compartir pantalla con resultados de examenes,Paciente,Guayaquil,Efectividad,Funcionalidad,Falla de funcionalidad en el módulo Telemedicina que impide al usuario completar sus tareas de manera precisa y completa.
3938,2025-01-18,HCE,Firma electronica del medico no se valida al cerrar la consulta,Medico,Cuenca,Efectividad,Funcionalidad,Falla de funcionalidad en el módulo HCE que impide al usuario completar sus tareas de manera precisa y completa.
3939,2025-01-19,Portal Citas,Filtro de especialidad medica no devuelve resultados,Paciente,Ambato,Efectividad,Funcionalidad,Falla de funcionalidad en el módulo Portal Citas que impide al usuario completar sus tareas de manera precisa y completa.
3940,2025-01-20,Portal Citas,Notificacion de recordatorio de cita llega con la fecha incorrecta,Paciente,Manta,Efectividad,Funcionalidad,Falla de funcionalidad en el módulo Portal Citas que impide al usuario completar sus tareas de manera precisa y completa.
3941,2025-01-21,Telemedicina,Notificacion de inicio de teleconsulta llega con retraso de 34s,Paciente,Quito,Eficiencia,Eficiencia Operativa,"El sistema presenta tiempos de respuesta elevados que consumen recursos de tiempo innecesarios, degradando la eficiencia del usuario en sus tareas."
3942,2025-01-22,Imagenologia,Las imagenes de rayos X no cargan en el visor DICOM,Radiologo,Guayaquil,Efectividad,Funcionalidad,Falla de funcionalidad en el módulo Imagenologia que impide al usuario completar sus tareas de manera precisa y completa.
3943,2025-01-23,Portal Citas,Cita agendada no aparece reflejada en el calendario del especialista,Paciente,Cuenca,Efectividad,Funcionalidad,Falla de funcionalidad en el módulo Portal Citas que impide al usuario completar sus tareas de manera precisa y completa.
3944,2025-01-24,Portal Citas,El sistema no envia la confirmacion por correo electronico,Paciente,Ambato,Efectividad,Funcionalidad,Falla funcional que impide completar la tarea de confirmación de cita al paciente por canal de correo electrónico.
3945,2025-01-25,Farmacia,Alerta de vencimiento de lote no se muestra en el modulo,Farmacia,Manta,Libertad de Riesgo,Seguridad Clínica,Omitir la alerta de vencimiento de lotes farmacéuticos puede llevar a la administración de medicamentos caducados a los pacientes.
3946,2025-01-26,Imagenologia,Las imagenes de rayos X no cargan en el visor DICOM,Radiologo,Quito,Efectividad,Funcionalidad,Falla de funcionalidad en el módulo Imagenologia que impide al usuario completar sus tareas de manera precisa y completa.
3947,2025-01-27,Portal Citas,Doble reserva de un mismo cupo por dos pacientes distintos,Paciente,Guayaquil,Libertad de Riesgo,RNF-03 (Errores de Facturación),"Doble agendamiento de un mismo cupo que genera sobreventa de citas, colapso de agenda de especialistas y multas o insatisfacción comercial."
3948,2025-01-28,Facturacion,Nota de credito no se aplica al saldo pendiente del paciente,Admision,Cuenca,Libertad de Riesgo,RNF-03 (Errores de Facturación),"Fallas en la aplicación de notas de crédito o reembolsos que distorsionan los estados de cuenta, arriesgando multas tributarias e inconformidad legal."
3949,2025-01-29,HCE,Perdida de la nota de evolucion tras un cierre inesperado de sesion,Medico,Ambato,Efectividad,Funcionalidad,Falla de funcionalidad en el módulo HCE que impide al usuario completar sus tareas de manera precisa y completa.
3950,2025-01-30,Laboratorio,El sistema no permite adjuntar el reporte en PDF del laboratorio externo,Tecnico Laboratorio,Manta,Efectividad,Funcionalidad,Restricción de funcionalidad que impide al usuario realizar una acción requerida para completar su tarea.
3951,2025-01-31,Imagenologia,Perdida de calidad en las imagenes al ser visualizadas desde la app,Radiologo,Quito,Satisfacción,Usabilidad,Degradación visual que afecta la comodidad y confianza de los médicos al visualizar estudios clínicos desde la app móvil.
3952,2025-02-01,HCE,Signos vitales registrados por enfermeria no aparecen en la HCE del medico,Medico,Guayaquil,Efectividad,Integración de Datos,Falla de funcionalidad en el módulo HCE que impide al usuario completar sus tareas de manera precisa y completa.
3953,2025-02-02,Farmacia,Duplicidad de codigos entre dos presentaciones distintas de un mismo farmaco,Farmacia,Cuenca,Libertad de Riesgo,Seguridad Clínica,"La duplicación de códigos de fármacos introduce un riesgo de dispensación errónea en farmacia, comprometiendo la seguridad terapéutica del paciente."
3954,2025-02-03,App Movil,Resultados de examenes no se visualizan en formato PDF,Paciente,Ambato,Efectividad,Funcionalidad,Falla de funcionalidad en el módulo App Movil que impide al usuario completar sus tareas de manera precisa y completa.
3955,2025-02-04,Facturacion,Discrepancia entre el monto facturado y el detalle de servicios,Admision,Manta,Libertad de Riesgo,RNF-03 (Errores de Facturación),"Errores en el cálculo del copago de seguros o discrepancias de montos facturados, induciendo a pérdidas financieras o reclamaciones legales."
3956,2025-02-05,HCE,El sistema no permite adjuntar imagenes de heridas desde la tablet,Medico,Quito,Cobertura de Contexto,Flexibilidad de Dispositivo,El sistema presenta limitaciones de portabilidad y compatibilidad al operar en el contexto físico específico de tablets para adjuntar imágenes de heridas.
3957,2025-02-06,HCE,Nota de evolucion tarda 15s en guardarse,Medico,Guayaquil,Eficiencia,RNF-01 (Latencia HCE),"El tiempo de guardado supera los 8 segundos tolerables, violando directamente el requerimiento no funcional RNF-01 de rendimiento del sistema para notas clínicas."
3958,2025-02-07,Portal Citas,Doble reserva de un mismo cupo por dos pacientes distintos,Paciente,Cuenca,Libertad de Riesgo,RNF-03 (Errores de Facturación),"Doble agendamiento de un mismo cupo que genera sobreventa de citas, colapso de agenda de especialistas y multas o insatisfacción comercial."
3959,2025-02-08,Portal Citas,Cancelacion de cita no libera el cupo en el calendario,Paciente,Ambato,Efectividad,Funcionalidad,Falla de funcionalidad en el módulo Portal Citas que impide al usuario completar sus tareas de manera precisa y completa.
3960,2025-02-09,HCE,Nota de evolucion tarda 28s en guardarse,Medico,Manta,Eficiencia,RNF-01 (Latencia HCE),"El tiempo de guardado supera los 8 segundos tolerables, violando directamente el requerimiento no funcional RNF-01 de rendimiento del sistema para notas clínicas."
3961,2025-02-10,Imagenologia,Las imagenes de rayos X no cargan en el visor DICOM,Radiologo,Quito,Efectividad,Funcionalidad,Falla de funcionalidad en el módulo Imagenologia que impide al usuario completar sus tareas de manera precisa y completa.
3962,2025-02-11,Facturacion,Reembolso aprobado no se refleja en el estado de cuenta,Admision,Guayaquil,Libertad de Riesgo,RNF-03 (Errores de Facturación),"Fallas en la aplicación de notas de crédito o reembolsos que distorsionan los estados de cuenta, arriesgando multas tributarias e inconformidad legal."
3963,2025-02-12,HCE,El sistema se congela al adjuntar resultados de laboratorio a la HCE,Medico,Cuenca,Efectividad,Funcionalidad,Falla de funcionalidad en el módulo HCE que impide al usuario completar sus tareas de manera precisa y completa.
3964,2025-02-13,Farmacia,El sistema no descuenta automaticamente el medicamento dispensado,Farmacia,Ambato,Efectividad,Funcionalidad,Falla de funcionalidad en el módulo Farmacia que impide al usuario completar sus tareas de manera precisa y completa.
3965,2025-02-14,Farmacia,Receta electronica llega incompleta desde el modulo de HCE,Farmacia,Manta,Efectividad,Funcionalidad,Falla de funcionalidad en el módulo Farmacia que impide al usuario completar sus tareas de manera precisa y completa.
3966,2025-02-15,HCE,Datos de otro paciente visibles brevemente al abrir un expediente,Medico,Quito,Libertad de Riesgo,Seguridad Clínica,"Fuga de información y violación de la confidencialidad médica (HIPAA/Ley de Protección de Datos), exponiendo datos de otros pacientes."
3967,2025-02-16,Telemedicina,El medico no puede compartir pantalla con resultados de examenes,Paciente,Guayaquil,Efectividad,Funcionalidad,Falla de funcionalidad en el módulo Telemedicina que impide al usuario completar sus tareas de manera precisa y completa.
3968,2025-02-17,Portal Citas,El pago del bono de consulta no se refleja tras completarlo,Paciente,Cuenca,Libertad de Riesgo,RNF-03 (Errores de Facturación),Inconsistencia financiera en los cobros o transacciones del sistema que infringe las normativas contables y expone al hospital a pérdidas económicas.
3969,2025-02-18,Reportes Gerenciales,Tiempo de generacion del reporte mensual supera los 33 minutos,Gerencia,Ambato,Eficiencia,Eficiencia Operativa,"Demoras severas en la generación de reportes mensuales de inteligencia de negocio, penalizando la eficiencia en el tiempo de procesamiento y toma de decisiones."
3970,2025-02-19,HCE,Consulta anterior no se muestra en el resumen de antecedentes,Medico,Manta,Efectividad,Funcionalidad,Falla de funcionalidad en el módulo HCE que impide al usuario completar sus tareas de manera precisa y completa.
3971,2025-02-20,Imagenologia,Tiempo de carga de estudios de imagen supera los 16s,Radiologo,Quito,Eficiencia,Eficiencia Operativa,La lentitud en la carga y transferencia de archivos DICOM pesados degrada la eficiencia del flujo de trabajo clínico en imagenología.
3972,2025-02-21,Facturacion,El modulo de facturacion se cae durante el cierre de caja,Admision,Guayaquil,Efectividad,Funcionalidad,Falla de funcionalidad en el módulo Facturacion que impide al usuario completar sus tareas de manera precisa y completa.
3973,2025-02-22,Portal Citas,Error al reagendar una cita previamente confirmada,Paciente,Cuenca,Efectividad,Funcionalidad,Falla de funcionalidad en el módulo Portal Citas que impide al usuario completar sus tareas de manera precisa y completa.
3974,2025-02-23,HCE,Signos vitales registrados por enfermeria no aparecen en la HCE del medico,Medico,Ambato,Efectividad,Integración de Datos,Falla de funcionalidad en el módulo HCE que impide al usuario completar sus tareas de manera precisa y completa.
3975,2025-02-24,HCE,Datos de otro paciente visibles brevemente al abrir un expediente,Medico,Manta,Libertad de Riesgo,Seguridad Clínica,"Fuga de información y violación de la confidencialidad médica (HIPAA/Ley de Protección de Datos), exponiendo datos de otros pacientes."
3976,2025-02-25,Facturacion,Factura generada con el nombre del paciente incorrecto,Admision,Quito,Efectividad,Funcionalidad,Falla de funcionalidad en el módulo Facturacion que impide al usuario completar sus tareas de manera precisa y completa.
3977,2025-02-26,Facturacion,Nota de credito no se aplica al saldo pendiente del paciente,Admision,Guayaquil,Libertad de Riesgo,RNF-03 (Errores de Facturación),"Fallas en la aplicación de notas de crédito o reembolsos que distorsionan los estados de cuenta, arriesgando multas tributarias e inconformidad legal."
3978,2025-02-27,Portal Citas,Usuario no logra agendar tras 3 intentos,Paciente,Cuenca,Satisfacción,RNF-02 (Pasos del Portal),"Incapacidad del usuario de lograr su meta tras múltiples intentos, violando el RNF-02 y provocando un alto nivel de frustración."
3979,2025-02-28,Portal Citas,Boton de confirmar cita no responde en dispositivos moviles,Paciente,Ambato,Cobertura de Contexto,Portabilidad,"Falla de adaptabilidad de la interfaz en el contexto de dispositivos móviles, impidiendo confirmar citas desde pantallas de formatos pequeños."
3980,2025-03-01,HCE,Receta electronica se genera con la dosis incorrecta tras guardar,Medico,Manta,Libertad de Riesgo,Seguridad Clínica,"Riesgo extremo de salud para el paciente al guardar dosis farmacológicas erróneas en la receta electrónica, pudiendo causar sobredosis o inefectividad clínica."
3981,2025-03-02,Portal Citas,Cancelacion de cita no libera el cupo en el calendario,Paciente,Quito,Efectividad,Funcionalidad,Falla de funcionalidad en el módulo Portal Citas que impide al usuario completar sus tareas de manera precisa y completa.
3982,2025-03-03,App Movil,La app no permite actualizar el numero de contacto del paciente,Paciente,Guayaquil,Efectividad,Funcionalidad,Restricción de funcionalidad que impide al usuario realizar una acción requerida para completar su tarea.
3983,2025-03-04,Facturacion,El sistema no reconoce el convenio con la aseguradora,Admision,Cuenca,Libertad de Riesgo,RNF-03 (Errores de Facturación),El no reconocimiento de convenios de aseguradoras genera fricción de cobro y riesgo de pérdidas económicas por servicios no cubiertos correctamente.
3984,2025-03-05,Telemedicina,Audio desincronizado durante la teleconsulta,Paciente,Ambato,Satisfacción,RNF-05 (Disponibilidad de llamada),Mala experiencia sensorial e interactiva durante la teleconsulta que impacta el RNF-05 y la percepción de calidad del servicio.
3985,2025-03-06,HCE,Alerta de interaccion medicamentosa no se despliega correctamente,Medico,Manta,Libertad de Riesgo,Seguridad Clínica,El fallo en el despliegue de alertas de interacción farmacológica pone en riesgo inminente la salud del paciente ante combinaciones letales.
3986,2025-03-07,HCE,Perdida de la nota de evolucion tras un cierre inesperado de sesion,Medico,Quito,Efectividad,Funcionalidad,Falla de funcionalidad en el módulo HCE que impide al usuario completar sus tareas de manera precisa y completa.
3987,2025-03-08,Imagenologia,Las imagenes de rayos X no cargan en el visor DICOM,Radiologo,Guayaquil,Efectividad,Funcionalidad,Falla de funcionalidad en el módulo Imagenologia que impide al usuario completar sus tareas de manera precisa y completa.
3988,2025-03-09,App Movil,Version desactualizada del app impide iniciar sesion,Paciente,Cuenca,Cobertura de Contexto,Portabilidad,Incompatibilidad y falta de robustez del sistema cuando se ejecuta en el contexto de sistemas cliente que no cuentan con la última versión de software.
3989,2025-03-10,Telemedicina,Grabacion de la consulta no se almacena correctamente,Paciente,Ambato,Efectividad,Funcionalidad,Falla de funcionalidad en el módulo Telemedicina que impide al usuario completar sus tareas de manera precisa y completa.
3990,2025-03-11,Laboratorio,El sistema no permite adjuntar el reporte en PDF del laboratorio externo,Tecnico Laboratorio,Manta,Efectividad,Funcionalidad,Restricción de funcionalidad que impide al usuario realizar una acción requerida para completar su tarea.
3991,2025-03-12,HCE,Signos vitales registrados por enfermeria no aparecen en la HCE del medico,Medico,Quito,Efectividad,Integración de Datos,Falla de funcionalidad en el módulo HCE que impide al usuario completar sus tareas de manera precisa y completa.
3992,2025-03-13,HCE,Alerta de interaccion medicamentosa no se despliega correctamente,Medico,Guayaquil,Libertad de Riesgo,Seguridad Clínica,El fallo en el despliegue de alertas de interacción farmacológica pone en riesgo inminente la salud del paciente ante combinaciones letales.
3993,2025-03-14,HCE,El sistema no permite adjuntar imagenes de heridas desde la tablet,Medico,Cuenca,Cobertura de Contexto,Flexibilidad de Dispositivo,El sistema presenta limitaciones de portabilidad y compatibilidad al operar en el contexto físico específico de tablets para adjuntar imágenes de heridas.
3994,2025-03-15,Reportes Gerenciales,Exportacion a Excel del reporte gerencial falla de forma intermitente,Gerencia,Ambato,Efectividad,Funcionalidad,Falla intermitente en las exportaciones o ejecuciones de procesos del sistema que reduce la fiabilidad de las operaciones.
3995,2025-03-16,App Movil,Notificaciones push no llegan pese a estar activadas,Paciente,Manta,Efectividad,Funcionalidad,Falla de funcionalidad en el módulo App Movil que impide al usuario completar sus tareas de manera precisa y completa.
3996,2025-03-17,HCE,Alerta de interaccion medicamentosa no se despliega correctamente,Medico,Quito,Libertad de Riesgo,Seguridad Clínica,El fallo en el despliegue de alertas de interacción farmacológica pone en riesgo inminente la salud del paciente ante combinaciones letales.
3997,2025-03-18,App Movil,Version desactualizada del app impide iniciar sesion,Paciente,Guayaquil,Cobertura de Contexto,Portabilidad,Incompatibilidad y falta de robustez del sistema cuando se ejecuta en el contexto de sistemas cliente que no cuentan con la última versión de software.
3998,2025-03-19,HCE,Nota de evolucion tarda 21s en guardarse,Medico,Cuenca,Eficiencia,RNF-01 (Latencia HCE),"El tiempo de guardado supera los 8 segundos tolerables, violando directamente el requerimiento no funcional RNF-01 de rendimiento del sistema para notas clínicas."
3999,2025-03-20,Farmacia,Inventario del sistema no coincide con el stock fisico del insumo,Farmacia,Ambato,Efectividad,Funcionalidad,Falla de funcionalidad en el módulo Farmacia que impide al usuario completar sus tareas de manera precisa y completa.
4000,2025-03-21,Telemedicina,El chat de la consulta no permite enviar imagenes,Paciente,Manta,Efectividad,Funcionalidad,Restricción de funcionalidad que impide al usuario realizar una acción requerida para completar su tarea.
