id,fecha,modulo,descripcion,rol_usuario,sede,caracteristica_iso_25022,justificacion_tecnica
1210,1/2/2025,HCE,Historial de alergias no carga al abrir la ficha del paciente,Medico,Guayaquil,Libertad de Riesgo,"Falla crítica que expone la seguridad del paciente al omitir información vital de alergias, con un alto riesgo de shock anafiláctico o mala praxis."
1509,1/2/2025,Portal Citas,El sistema no envia la confirmacion por correo electronico,Admision,Guayaquil,Efectividad,Falla funcional que impide completar la tarea de confirmación de cita al paciente por canal de correo electrónico.
1786,1/2/2025,Farmacia,Duplicidad de codigos entre dos presentaciones distintas de un mismo farmaco,Farmacia,Quito,Libertad de Riesgo,"La duplicación de códigos de fármacos introduce un riesgo de dispensación errónea en farmacia, comprometiendo la seguridad terapéutica del paciente."
2017,1/2/2025,Portal Citas,"Formulario confuso, abandono de registro antes de completar la cita",Admision,Quito,Satisfacción,"Diseño de interfaz de usuario confuso que provoca el abandono del registro, afectando la métrica de satisfacción y facilidad de uso percibida."
2020,1/2/2025,Facturacion,El sistema no reconoce el convenio con la aseguradora,Admision,Quito,Libertad de Riesgo,El no reconocimiento de convenios de aseguradoras genera fricción de cobro y riesgo de pérdidas económicas por servicios no cubiertos correctamente.
2209,1/2/2025,Facturacion,El sistema no permite anular una factura emitida por error,Paciente,Quito,Efectividad,Restricción de funcionalidad que impide al usuario realizar una acción requerida para completar su tarea.
2416,1/2/2025,HCE,Signos vitales registrados por enfermeria no aparecen en la HCE del medico,Medico,Quito,Efectividad,Falla de funcionalidad en el módulo HCE que impide al usuario completar sus tareas de manera precisa y completa.
3137,1/2/2025,Telemedicina,El chat de la consulta no permite enviar imagenes,Paciente,Ambato,Efectividad,Restricción de funcionalidad que impide al usuario realizar una acción requerida para completar su tarea.
3262,1/2/2025,Telemedicina,Audio desincronizado durante la teleconsulta,Paciente,Quito,Satisfacción,Mala experiencia sensorial e interactiva durante la teleconsulta que impacta el RNF-05 y la percepción de calidad del servicio.
3291,1/2/2025,HCE,Perdida de la nota de evolucion tras un cierre inesperado de sesion,Medico,Cuenca,Efectividad,Falla de funcionalidad en el módulo HCE que impide al usuario completar sus tareas de manera precisa y completa.
3846,1/2/2025,HCE,Datos de otro paciente visibles brevemente al abrir un expediente,Enfermeria,Manta,Libertad de Riesgo,"Fuga de información y violación de la confidencialidad médica (HIPAA/Ley de Protección de Datos), exponiendo datos de otros pacientes."
1072,1/3/2025,Farmacia,Alerta de vencimiento de lote no se muestra en el modulo,Farmacia,Guayaquil,Libertad de Riesgo,Omitir la alerta de vencimiento de lotes farmacéuticos puede llevar a la administración de medicamentos caducados a los pacientes.
1134,1/3/2025,Imagenologia,Tiempo de carga de estudios de imagen supera los 18s,Medico,Quito,Eficiencia,La lentitud en la carga y transferencia de archivos DICOM pesados degrada la eficiencia del flujo de trabajo clínico en imagenología.
2008,1/3/2025,Facturacion,El modulo de facturacion se cae durante el cierre de caja,Paciente,Quito,Efectividad,Falla de funcionalidad en el módulo Facturacion que impide al usuario completar sus tareas de manera precisa y completa.
3980,1/3/2025,HCE,Receta electronica se genera con la dosis incorrecta tras guardar,Medico,Manta,Libertad de Riesgo,"Riesgo extremo de salud para el paciente al guardar dosis farmacológicas erróneas en la receta electrónica, pudiendo causar sobredosis o inefectividad clínica."
1020,1/4/2025,HCE,Datos de otro paciente visibles brevemente al abrir un expediente,Enfermeria,Ambato,Libertad de Riesgo,"Fuga de información y violación de la confidencialidad médica (HIPAA/Ley de Protección de Datos), exponiendo datos de otros pacientes."
1075,1/4/2025,HCE,Orden medica no se sincroniza con el modulo de farmacia,Enfermeria,Guayaquil,Efectividad,Error de integración funcional que impide la sincronización y actualización del registro médico entre módulos del HIS.
1301,1/4/2025,Farmacia,Alerta de vencimiento de lote no se muestra en el modulo,Enfermeria,Quito,Libertad de Riesgo,Omitir la alerta de vencimiento de lotes farmacéuticos puede llevar a la administración de medicamentos caducados a los pacientes.
1490,1/4/2025,Imagenologia,Tiempo de carga de estudios de imagen supera los 19s,Medico,Ambato,Eficiencia,La lentitud en la carga y transferencia de archivos DICOM pesados degrada la eficiencia del flujo de trabajo clínico en imagenología.
1904,1/4/2025,Farmacia,El sistema no descuenta automaticamente el medicamento dispensado,Farmacia,Quito,Efectividad,Falla de funcionalidad en el módulo Farmacia que impide al usuario completar sus tareas de manera precisa y completa.
2196,1/4/2025,Portal Citas,Boton de confirmar cita no responde en dispositivos moviles,Admision,Quito,Cobertura de Contexto,"Falla de adaptabilidad de la interfaz en el contexto de dispositivos móviles, impidiendo confirmar citas desde pantallas de formatos pequeños."
2235,1/4/2025,Portal Citas,Doble reserva de un mismo cupo por dos pacientes distintos,Admision,Guayaquil,Libertad de Riesgo,"Doble agendamiento de un mismo cupo que genera sobreventa de citas, colapso de agenda de especialistas y multas o insatisfacción comercial."
3173,1/4/2025,Facturacion,Factura electronica no llega al correo registrado del paciente,Paciente,Guayaquil,Efectividad,Falla de funcionalidad en el módulo Facturacion que impide al usuario completar sus tareas de manera precisa y completa.
3347,1/4/2025,App Movil,Version desactualizada del app impide iniciar sesion,Paciente,Guayaquil,Cobertura de Contexto,Incompatibilidad y falta de robustez del sistema cuando se ejecuta en el contexto de sistemas cliente que no cuentan con la última versión de software.
1120,1/5/2025,Facturacion,Nota de credito no se aplica al saldo pendiente del paciente,Paciente,Cuenca,Libertad de Riesgo,"Fallas en la aplicación de notas de crédito o reembolsos que distorsionan los estados de cuenta, arriesgando multas tributarias e inconformidad legal."
1377,1/5/2025,HCE,Alerta de interaccion medicamentosa no se despliega correctamente,Medico,Quito,Libertad de Riesgo,El fallo en el despliegue de alertas de interacción farmacológica pone en riesgo inminente la salud del paciente ante combinaciones letales.
1454,1/5/2025,Farmacia,Duplicidad de codigos entre dos presentaciones distintas de un mismo farmaco,Enfermeria,Guayaquil,Libertad de Riesgo,"La duplicación de códigos de fármacos introduce un riesgo de dispensación errónea en farmacia, comprometiendo la seguridad terapéutica del paciente."
2368,1/5/2025,App Movil,La app no permite actualizar el numero de contacto del paciente,Paciente,Quito,Efectividad,Restricción de funcionalidad que impide al usuario realizar una acción requerida para completar su tarea.
2506,1/5/2025,Farmacia,Alerta de vencimiento de lote no se muestra en el modulo,Enfermeria,Cuenca,Libertad de Riesgo,Omitir la alerta de vencimiento de lotes farmacéuticos puede llevar a la administración de medicamentos caducados a los pacientes.
2872,1/5/2025,HCE,Orden medica no se sincroniza con el modulo de farmacia,Enfermeria,Quito,Efectividad,Error de integración funcional que impide la sincronización y actualización del registro médico entre módulos del HIS.
3155,1/5/2025,App Movil,Consumo elevado de datos moviles al abrir el modulo de citas,Paciente,Guayaquil,Cobertura de Contexto,"Consumo excesivo de ancho de banda móvil, lo que restringe el uso eficiente del sistema en redes celulares de datos (fuera de la intranet del hospital)."
3430,1/5/2025,Telemedicina,Calidad de video muy baja pese a tener buena conexion a internet,Medico,Guayaquil,Satisfacción,Mala experiencia sensorial e interactiva durante la teleconsulta que impacta el RNF-05 y la percepción de calidad del servicio.
3543,1/5/2025,Facturacion,Reintento de transaccion genera doble cobro en la tarjeta,Paciente,Guayaquil,Libertad de Riesgo,"Violación del requerimiento no funcional RNF-03 de facturación; genera cobros indebidos en las tarjetas del cliente, comprometiendo la confianza y el riesgo financiero."
1286,1/6/2025,HCE,Orden medica no se sincroniza con el modulo de farmacia,Enfermeria,Guayaquil,Efectividad,Error de integración funcional que impide la sincronización y actualización del registro médico entre módulos del HIS.
1530,1/6/2025,HCE,Duplicado de historia clinica al registrar un paciente ya existente,Medico,Guayaquil,Libertad de Riesgo,"Riesgo de seguridad clínica debido a la fragmentación de la información de salud del paciente, lo que puede inducir a diagnósticos y tratamientos erróneos."
2371,1/6/2025,Farmacia,Error al registrar la dispensacion de un medicamento controlado,Farmacia,Cuenca,Libertad de Riesgo,"Error en el registro de medicamentos regulados, lo que genera riesgos legales, regulatorios y de seguridad en el control de sustancias psicotrópicas."
2895,1/6/2025,Facturacion,El sistema no permite anular una factura emitida por error,Admision,Quito,Efectividad,Restricción de funcionalidad que impide al usuario realizar una acción requerida para completar su tarea.
3147,1/6/2025,Telemedicina,Grabacion de la consulta no se almacena correctamente,Medico,Guayaquil,Efectividad,Falla de funcionalidad en el módulo Telemedicina que impide al usuario completar sus tareas de manera precisa y completa.
3360,1/6/2025,App Movil,Version desactualizada del app impide iniciar sesion,Paciente,Quito,Cobertura de Contexto,Incompatibilidad y falta de robustez del sistema cuando se ejecuta en el contexto de sistemas cliente que no cuentan con la última versión de software.
3522,1/6/2025,App Movil,La aplicacion se cierra inesperadamente al abrir resultados de laboratorio,Paciente,Ambato,Efectividad,"Interrupción abrupta del sistema que impide que el usuario termine el registro de datos, reduciendo la efectividad operativa."
1062,1/7/2025,HCE,Tiempo de carga de la ficha clinica supera los 23s en horas pico,Medico,Quito,Eficiencia,La latencia en horas pico para abrir la ficha clínica perjudica la productividad del médico durante la consulta.
1151,1/7/2025,HCE,El sistema no permite adjuntar imagenes de heridas desde la tablet,Enfermeria,Quito,Cobertura de Contexto,El sistema presenta limitaciones de portabilidad y compatibilidad al operar en el contexto físico específico de tablets para adjuntar imágenes de heridas.
1246,1/7/2025,Laboratorio,El sistema no permite adjuntar el reporte en PDF del laboratorio externo,Enfermeria,Guayaquil,Efectividad,Restricción de funcionalidad que impide al usuario realizar una acción requerida para completar su tarea.
2057,1/7/2025,Portal Citas,Tiempo de espera en el portal supera los 11s en horas pico,Admision,Guayaquil,Eficiencia,"El sistema presenta tiempos de respuesta elevados que consumen recursos de tiempo innecesarios, degradando la eficiencia del usuario en sus tareas."
2294,1/7/2025,Telemedicina,El medico no puede compartir pantalla con resultados de examenes,Medico,Quito,Efectividad,Falla de funcionalidad en el módulo Telemedicina que impide al usuario completar sus tareas de manera precisa y completa.
3028,1/7/2025,Telemedicina,El medico no puede compartir pantalla con resultados de examenes,Medico,Cuenca,Efectividad,Falla de funcionalidad en el módulo Telemedicina que impide al usuario completar sus tareas de manera precisa y completa.
3363,1/7/2025,HCE,Perdida de la nota de evolucion tras un cierre inesperado de sesion,Medico,Cuenca,Efectividad,Falla de funcionalidad en el módulo HCE que impide al usuario completar sus tareas de manera precisa y completa.
3617,1/7/2025,HCE,Consulta anterior no se muestra en el resumen de antecedentes,Enfermeria,Quito,Efectividad,Falla de funcionalidad en el módulo HCE que impide al usuario completar sus tareas de manera precisa y completa.
3791,1/7/2025,Portal Citas,El pago del bono de consulta no se refleja tras completarlo,Paciente,Guayaquil,Libertad de Riesgo,Inconsistencia financiera en los cobros o transacciones del sistema que infringe las normativas contables y expone al hospital a pérdidas económicas.
3814,1/7/2025,HCE,Historial de alergias no carga al abrir la ficha del paciente,Enfermeria,Cuenca,Libertad de Riesgo,"Falla crítica que expone la seguridad del paciente al omitir información vital de alergias, con un alto riesgo de shock anafiláctico o mala praxis."
3934,1/7/2025,Portal Citas,Filtro de especialidad medica no devuelve resultados,Paciente,Ambato,Efectividad,Falla de funcionalidad en el módulo Portal Citas que impide al usuario completar sus tareas de manera precisa y completa.
1340,1/8/2025,Portal Citas,Error al reagendar una cita previamente confirmada,Paciente,Cuenca,Efectividad,Falla de funcionalidad en el módulo Portal Citas que impide al usuario completar sus tareas de manera precisa y completa.
1473,1/8/2025,Telemedicina,La sesion se cierra automaticamente antes de terminar la consulta,Medico,Manta,Efectividad,Falla de funcionalidad en el módulo Telemedicina que impide al usuario completar sus tareas de manera precisa y completa.
1610,1/8/2025,Facturacion,Error de calculo en el copago del seguro medico,Paciente,Ambato,Libertad de Riesgo,"Errores en el cálculo del copago de seguros o discrepancias de montos facturados, induciendo a pérdidas financieras o reclamaciones legales."
1670,1/8/2025,Farmacia,Receta electronica llega incompleta desde el modulo de HCE,Farmacia,Cuenca,Efectividad,Falla de funcionalidad en el módulo Farmacia que impide al usuario completar sus tareas de manera precisa y completa.
1737,1/8/2025,App Movil,El boton de teleconsulta no redirige correctamente a la videollamada,Paciente,Cuenca,Efectividad,Falla de funcionalidad en el módulo App Movil que impide al usuario completar sus tareas de manera precisa y completa.
1952,1/8/2025,Laboratorio,El sistema no permite adjuntar el reporte en PDF del laboratorio externo,Enfermeria,Quito,Efectividad,Restricción de funcionalidad que impide al usuario realizar una acción requerida para completar su tarea.
1986,1/8/2025,Reportes Gerenciales,El reporte de ocupacion hospitalaria no se actualiza automaticamente,Gerencia,Quito,Efectividad,Inconsistencia en la actualización de datos que impide la visualización correcta de información operativa reciente.
2067,1/8/2025,App Movil,La aplicacion se cierra inesperadamente al abrir resultados de laboratorio,Paciente,Manta,Efectividad,"Interrupción abrupta del sistema que impide que el usuario termine el registro de datos, reduciendo la efectividad operativa."
2349,1/8/2025,Telemedicina,Receta electronica no se genera al finalizar la teleconsulta,Paciente,Guayaquil,Efectividad,Falla de funcionalidad en el módulo Telemedicina que impide al usuario completar sus tareas de manera precisa y completa.
2445,1/8/2025,App Movil,El inicio de sesion con biometria falla de forma intermitente,Paciente,Ambato,Satisfacción,La inestabilidad en el inicio biométrico genera frustración y reduce la confianza y comodidad del usuario al acceder al aplicativo móvil.
2670,1/8/2025,HCE,Receta electronica se genera con la dosis incorrecta tras guardar,Enfermeria,Quito,Libertad de Riesgo,"Riesgo extremo de salud para el paciente al guardar dosis farmacológicas erróneas en la receta electrónica, pudiendo causar sobredosis o inefectividad clínica."
3253,1/8/2025,Portal Citas,Doble reserva de un mismo cupo por dos pacientes distintos,Admision,Ambato,Libertad de Riesgo,"Doble agendamiento de un mismo cupo que genera sobreventa de citas, colapso de agenda de especialistas y multas o insatisfacción comercial."
3517,1/8/2025,Farmacia,Duplicidad de codigos entre dos presentaciones distintas de un mismo farmaco,Enfermeria,Ambato,Libertad de Riesgo,"La duplicación de códigos de fármacos introduce un riesgo de dispensación errónea en farmacia, comprometiendo la seguridad terapéutica del paciente."
1066,1/9/2025,Telemedicina,Videollamada se corta a los 4 minutos,Medico,Guayaquil,Cobertura de Contexto,"Falta de resiliencia del canal de comunicación ante variaciones en la conectividad del usuario, interrumpiendo la sesión de teleconsulta en producción."
1196,1/9/2025,Reportes Gerenciales,Discrepancia entre el reporte financiero y el modulo de facturacion,Gerencia,Cuenca,Libertad de Riesgo,"Discrepancia contable entre reportes directivos y facturación real, afectando las decisiones del negocio y la integridad de las auditorías."
1269,1/9/2025,App Movil,Version desactualizada del app impide iniciar sesion,Paciente,Guayaquil,Cobertura de Contexto,Incompatibilidad y falta de robustez del sistema cuando se ejecuta en el contexto de sistemas cliente que no cuentan con la última versión de software.
1280,1/9/2025,Imagenologia,Las imagenes de rayos X no cargan en el visor DICOM,Enfermeria,Quito,Efectividad,Falla de funcionalidad en el módulo Imagenologia que impide al usuario completar sus tareas de manera precisa y completa.
1321,1/9/2025,Facturacion,Retraso de 11s al procesar el pago con tarjeta de credito,Paciente,Guayaquil,Eficiencia,El procesamiento lento del cobro con tarjeta retrasa el flujo de caja y la atención administrativa de admisión.
1441,1/9/2025,HCE,Nota de evolucion tarda 10s en guardarse,Medico,Guayaquil,Eficiencia,"El tiempo de guardado supera los 8 segundos tolerables, violando directamente el requerimiento no funcional RNF-01 de rendimiento del sistema para notas clínicas."
1532,1/9/2025,Farmacia,Receta electronica llega incompleta desde el modulo de HCE,Enfermeria,Quito,Efectividad,Falla de funcionalidad en el módulo Farmacia que impide al usuario completar sus tareas de manera precisa y completa.
1567,1/9/2025,Facturacion,Reembolso aprobado no se refleja en el estado de cuenta,Admision,Manta,Libertad de Riesgo,"Fallas en la aplicación de notas de crédito o reembolsos que distorsionan los estados de cuenta, arriesgando multas tributarias e inconformidad legal."
1674,1/9/2025,Telemedicina,Audio desincronizado durante la teleconsulta,Medico,Quito,Satisfacción,Mala experiencia sensorial e interactiva durante la teleconsulta que impacta el RNF-05 y la percepción de calidad del servicio.
2626,1/9/2025,App Movil,La aplicacion se cierra inesperadamente al abrir resultados de laboratorio,Paciente,Ambato,Efectividad,"Interrupción abrupta del sistema que impide que el usuario termine el registro de datos, reduciendo la efectividad operativa."
3011,1/9/2025,Portal Citas,Notificacion de recordatorio de cita llega con la fecha incorrecta,Admision,Quito,Efectividad,Falla de funcionalidad en el módulo Portal Citas que impide al usuario completar sus tareas de manera precisa y completa.
3046,1/9/2025,Telemedicina,Calidad de video muy baja pese a tener buena conexion a internet,Paciente,Manta,Satisfacción,Mala experiencia sensorial e interactiva durante la teleconsulta que impacta el RNF-05 y la percepción de calidad del servicio.
3177,1/9/2025,Portal Citas,El portal muestra disponibilidad para un horario ya ocupado,Admision,Quito,Efectividad,Falla de funcionalidad en el módulo Portal Citas que impide al usuario completar sus tareas de manera precisa y completa.
3242,1/10/2025,App Movil,La aplicacion se cierra inesperadamente al abrir resultados de laboratorio,Paciente,Guayaquil,Efectividad,"Interrupción abrupta del sistema que impide que el usuario termine el registro de datos, reduciendo la efectividad operativa."
3301,1/10/2025,HCE,Tiempo de carga de la ficha clinica supera los 24s en horas pico,Medico,Manta,Eficiencia,La latencia en horas pico para abrir la ficha clínica perjudica la productividad del médico durante la consulta.
3348,1/10/2025,Facturacion,Factura generada con el nombre del paciente incorrecto,Admision,Ambato,Efectividad,Falla de funcionalidad en el módulo Facturacion que impide al usuario completar sus tareas de manera precisa y completa.
3411,1/10/2025,Facturacion,Factura duplicada al reintentar pago,Paciente,Quito,Libertad de Riesgo,"Violación del requerimiento no funcional RNF-03 de facturación; genera cobros indebidos en las tarjetas del cliente, comprometiendo la confianza y el riesgo financiero."
3776,1/10/2025,Facturacion,Nota de credito no se aplica al saldo pendiente del paciente,Admision,Ambato,Libertad de Riesgo,"Fallas en la aplicación de notas de crédito o reembolsos que distorsionan los estados de cuenta, arriesgando multas tributarias e inconformidad legal."
3900,1/10/2025,HCE,El campo de diagnostico CIE-10 no permite busqueda por texto,Enfermeria,Quito,Efectividad,Restricción de funcionalidad que impide al usuario realizar una acción requerida para completar su tarea.
3978,1/10/2025,Portal Citas,Usuario no logra agendar tras 3 intentos,Paciente,Guayaquil,Satisfacción,"Incapacidad del usuario de lograr su meta tras múltiples intentos, violando el RNF-02 y provocando un alto nivel de frustración."
1056,1/11/2025,Farmacia,Tiempo de respuesta del modulo de farmacia supera los 31s,Farmacia,Guayaquil,Eficiencia,"El sistema presenta tiempos de respuesta elevados que consumen recursos de tiempo innecesarios, degradando la eficiencia del usuario en sus tareas."
1272,1/11/2025,Telemedicina,Audio desincronizado durante la teleconsulta,Paciente,Quito,Satisfacción,Mala experiencia sensorial e interactiva durante la teleconsulta que impacta el RNF-05 y la percepción de calidad del servicio.
1328,1/11/2025,Facturacion,Reembolso aprobado no se refleja en el estado de cuenta,Admision,Quito,Libertad de Riesgo,"Fallas en la aplicación de notas de crédito o reembolsos que distorsionan los estados de cuenta, arriesgando multas tributarias e inconformidad legal."
2177,1/11/2025,Facturacion,Factura duplicada al reintentar pago,Admision,Cuenca,Libertad de Riesgo,"Violación del requerimiento no funcional RNF-03 de facturación; genera cobros indebidos en las tarjetas del cliente, comprometiendo la confianza y el riesgo financiero."
2674,1/11/2025,Portal Citas,Error al reagendar una cita previamente confirmada,Admision,Guayaquil,Efectividad,Falla de funcionalidad en el módulo Portal Citas que impide al usuario completar sus tareas de manera precisa y completa.
2695,1/11/2025,Telemedicina,La sesion se cierra automaticamente antes de terminar la consulta,Paciente,Cuenca,Efectividad,Falla de funcionalidad en el módulo Telemedicina que impide al usuario completar sus tareas de manera precisa y completa.
3172,1/11/2025,App Movil,El boton de teleconsulta no redirige correctamente a la videollamada,Paciente,Cuenca,Efectividad,Falla de funcionalidad en el módulo App Movil que impide al usuario completar sus tareas de manera precisa y completa.
3632,1/11/2025,HCE,Nota de evolucion tarda 19s en guardarse,Medico,Quito,Eficiencia,"El tiempo de guardado supera los 8 segundos tolerables, violando directamente el requerimiento no funcional RNF-01 de rendimiento del sistema para notas clínicas."
1447,1/12/2025,HCE,Signos vitales registrados por enfermeria no aparecen en la HCE del medico,Enfermeria,Quito,Efectividad,Falla de funcionalidad en el módulo HCE que impide al usuario completar sus tareas de manera precisa y completa.
2024,1/12/2025,Telemedicina,Calidad de video muy baja pese a tener buena conexion a internet,Paciente,Quito,Satisfacción,Mala experiencia sensorial e interactiva durante la teleconsulta que impacta el RNF-05 y la percepción de calidad del servicio.
2660,1/12/2025,Farmacia,Tiempo de respuesta del modulo de farmacia supera los 31s,Enfermeria,Ambato,Eficiencia,"El sistema presenta tiempos de respuesta elevados que consumen recursos de tiempo innecesarios, degradando la eficiencia del usuario en sus tareas."
3125,1/12/2025,HCE,El sistema no permite adjuntar imagenes de heridas desde la tablet,Enfermeria,Guayaquil,Cobertura de Contexto,El sistema presenta limitaciones de portabilidad y compatibilidad al operar en el contexto físico específico de tablets para adjuntar imágenes de heridas.
3640,1/12/2025,Laboratorio,Orden de laboratorio duplicada tras reintentar el envio,Medico,Guayaquil,Efectividad,Falla de funcionalidad en el módulo Laboratorio que impide al usuario completar sus tareas de manera precisa y completa.
3692,1/12/2025,HCE,Signos vitales registrados por enfermeria no aparecen en la HCE del medico,Enfermeria,Ambato,Efectividad,Falla de funcionalidad en el módulo HCE que impide al usuario completar sus tareas de manera precisa y completa.
1076,1/13/2025,HCE,Signos vitales registrados por enfermeria no aparecen en la HCE del medico,Medico,Quito,Efectividad,Falla de funcionalidad en el módulo HCE que impide al usuario completar sus tareas de manera precisa y completa.
1110,1/13/2025,Laboratorio,Retraso de 18s en la disponibilidad de resultados criticos,Medico,Guayaquil,Eficiencia,"El sistema presenta tiempos de respuesta elevados que consumen recursos de tiempo innecesarios, degradando la eficiencia del usuario en sus tareas."
1118,1/13/2025,HCE,El campo de diagnostico CIE-10 no permite busqueda por texto,Medico,Quito,Efectividad,Restricción de funcionalidad que impide al usuario realizar una acción requerida para completar su tarea.
1306,1/13/2025,Laboratorio,Resultado de examen de laboratorio no se sincroniza con la HCE,Enfermeria,Ambato,Efectividad,Error de integración funcional que impide la sincronización y actualización del registro médico entre módulos del HIS.
1348,1/13/2025,Facturacion,Factura generada con el nombre del paciente incorrecto,Paciente,Ambato,Efectividad,Falla de funcionalidad en el módulo Facturacion que impide al usuario completar sus tareas de manera precisa y completa.
1632,1/13/2025,App Movil,Resultados de examenes no se visualizan en formato PDF,Paciente,Ambato,Efectividad,Falla de funcionalidad en el módulo App Movil que impide al usuario completar sus tareas de manera precisa y completa.
1814,1/13/2025,Farmacia,Inventario del sistema no coincide con el stock fisico del insumo,Farmacia,Ambato,Efectividad,Falla de funcionalidad en el módulo Farmacia que impide al usuario completar sus tareas de manera precisa y completa.
2297,1/13/2025,Facturacion,Factura generada con el nombre del paciente incorrecto,Paciente,Cuenca,Efectividad,Falla de funcionalidad en el módulo Facturacion que impide al usuario completar sus tareas de manera precisa y completa.
2334,1/13/2025,HCE,Firma electronica del medico no se valida al cerrar la consulta,Medico,Manta,Efectividad,Falla de funcionalidad en el módulo HCE que impide al usuario completar sus tareas de manera precisa y completa.
3266,1/13/2025,Imagenologia,Perdida de calidad en las imagenes al ser visualizadas desde la app,Enfermeria,Ambato,Satisfacción,Degradación visual que afecta la comodidad y confianza de los médicos al visualizar estudios clínicos desde la app móvil.
3403,1/13/2025,HCE,Datos de otro paciente visibles brevemente al abrir un expediente,Medico,Guayaquil,Libertad de Riesgo,"Fuga de información y violación de la confidencialidad médica (HIPAA/Ley de Protección de Datos), exponiendo datos de otros pacientes."
3806,1/13/2025,HCE,Datos de otro paciente visibles brevemente al abrir un expediente,Medico,Ambato,Libertad de Riesgo,"Fuga de información y violación de la confidencialidad médica (HIPAA/Ley de Protección de Datos), exponiendo datos de otros pacientes."
3861,1/13/2025,Laboratorio,El sistema no permite adjuntar el reporte en PDF del laboratorio externo,Enfermeria,Ambato,Efectividad,Restricción de funcionalidad que impide al usuario realizar una acción requerida para completar su tarea.
3894,1/13/2025,Portal Citas,Doble reserva de un mismo cupo por dos pacientes distintos,Paciente,Quito,Libertad de Riesgo,"Doble agendamiento de un mismo cupo que genera sobreventa de citas, colapso de agenda de especialistas y multas o insatisfacción comercial."
1702,1/14/2025,App Movil,Resultados de examenes no se visualizan en formato PDF,Paciente,Cuenca,Efectividad,Falla de funcionalidad en el módulo App Movil que impide al usuario completar sus tareas de manera precisa y completa.
1729,1/14/2025,HCE,Alerta de interaccion medicamentosa no se despliega correctamente,Medico,Quito,Libertad de Riesgo,El fallo en el despliegue de alertas de interacción farmacológica pone en riesgo inminente la salud del paciente ante combinaciones letales.
1739,1/14/2025,Facturacion,Factura duplicada al reintentar pago,Paciente,Cuenca,Libertad de Riesgo,"Violación del requerimiento no funcional RNF-03 de facturación; genera cobros indebidos en las tarjetas del cliente, comprometiendo la confianza y el riesgo financiero."
2410,1/14/2025,Telemedicina,Videollamada se corta a los 4 minutos,Paciente,Quito,Cobertura de Contexto,"Falta de resiliencia del canal de comunicación ante variaciones en la conectividad del usuario, interrumpiendo la sesión de teleconsulta en producción."
2733,1/14/2025,App Movil,La aplicacion se cierra inesperadamente al abrir resultados de laboratorio,Paciente,Ambato,Efectividad,"Interrupción abrupta del sistema que impide que el usuario termine el registro de datos, reduciendo la efectividad operativa."
2745,1/14/2025,Farmacia,Duplicidad de codigos entre dos presentaciones distintas de un mismo farmaco,Farmacia,Guayaquil,Libertad de Riesgo,"La duplicación de códigos de fármacos introduce un riesgo de dispensación errónea en farmacia, comprometiendo la seguridad terapéutica del paciente."
2766,1/14/2025,Portal Citas,Boton de confirmar cita no responde en dispositivos moviles,Admision,Manta,Cobertura de Contexto,"Falla de adaptabilidad de la interfaz en el contexto de dispositivos móviles, impidiendo confirmar citas desde pantallas de formatos pequeños."
2812,1/14/2025,HCE,Alerta de interaccion medicamentosa no se despliega correctamente,Enfermeria,Quito,Libertad de Riesgo,El fallo en el despliegue de alertas de interacción farmacológica pone en riesgo inminente la salud del paciente ante combinaciones letales.
2873,1/14/2025,Facturacion,Retraso de 10s al procesar el pago con tarjeta de credito,Paciente,Ambato,Eficiencia,El procesamiento lento del cobro con tarjeta retrasa el flujo de caja y la atención administrativa de admisión.
2941,1/14/2025,HCE,Orden medica no se sincroniza con el modulo de farmacia,Medico,Guayaquil,Efectividad,Error de integración funcional que impide la sincronización y actualización del registro médico entre módulos del HIS.
3795,1/14/2025,Telemedicina,El chat de la consulta no permite enviar imagenes,Paciente,Manta,Efectividad,Restricción de funcionalidad que impide al usuario realizar una acción requerida para completar su tarea.
1358,1/15/2025,Portal Citas,El portal muestra disponibilidad para un horario ya ocupado,Paciente,Manta,Efectividad,Falla de funcionalidad en el módulo Portal Citas que impide al usuario completar sus tareas de manera precisa y completa.
1528,1/15/2025,Farmacia,Duplicidad de codigos entre dos presentaciones distintas de un mismo farmaco,Enfermeria,Guayaquil,Libertad de Riesgo,"La duplicación de códigos de fármacos introduce un riesgo de dispensación errónea en farmacia, comprometiendo la seguridad terapéutica del paciente."
1768,1/15/2025,Portal Citas,El sistema no envia la confirmacion por correo electronico,Paciente,Quito,Efectividad,Falla funcional que impide completar la tarea de confirmación de cita al paciente por canal de correo electrónico.
2167,1/15/2025,HCE,Perdida de la nota de evolucion tras un cierre inesperado de sesion,Enfermeria,Guayaquil,Efectividad,Falla de funcionalidad en el módulo HCE que impide al usuario completar sus tareas de manera precisa y completa.
3143,1/15/2025,HCE,Signos vitales registrados por enfermeria no aparecen en la HCE del medico,Medico,Guayaquil,Efectividad,Falla de funcionalidad en el módulo HCE que impide al usuario completar sus tareas de manera precisa y completa.
3148,1/15/2025,Facturacion,El sistema no reconoce el convenio con la aseguradora,Paciente,Guayaquil,Libertad de Riesgo,El no reconocimiento de convenios de aseguradoras genera fricción de cobro y riesgo de pérdidas económicas por servicios no cubiertos correctamente.
1418,1/16/2025,Imagenologia,Las imagenes de rayos X no cargan en el visor DICOM,Enfermeria,Cuenca,Efectividad,Falla de funcionalidad en el módulo Imagenologia que impide al usuario completar sus tareas de manera precisa y completa.
1672,1/16/2025,HCE,Orden medica no se sincroniza con el modulo de farmacia,Enfermeria,Cuenca,Efectividad,Error de integración funcional que impide la sincronización y actualización del registro médico entre módulos del HIS.
2488,1/16/2025,Telemedicina,Paciente no puede unirse a la sala virtual a la hora agendada,Paciente,Quito,Efectividad,Falla de funcionalidad en el módulo Telemedicina que impide al usuario completar sus tareas de manera precisa y completa.
2549,1/16/2025,Telemedicina,El chat de la consulta no permite enviar imagenes,Paciente,Quito,Efectividad,Restricción de funcionalidad que impide al usuario realizar una acción requerida para completar su tarea.
3005,1/16/2025,Farmacia,Inventario del sistema no coincide con el stock fisico del insumo,Enfermeria,Ambato,Efectividad,Falla de funcionalidad en el módulo Farmacia que impide al usuario completar sus tareas de manera precisa y completa.
3652,1/16/2025,Facturacion,Factura electronica no llega al correo registrado del paciente,Admision,Manta,Efectividad,Falla de funcionalidad en el módulo Facturacion que impide al usuario completar sus tareas de manera precisa y completa.
3715,1/16/2025,Laboratorio,Orden de laboratorio duplicada tras reintentar el envio,Medico,Quito,Efectividad,Falla de funcionalidad en el módulo Laboratorio que impide al usuario completar sus tareas de manera precisa y completa.
3959,1/16/2025,Portal Citas,Cancelacion de cita no libera el cupo en el calendario,Paciente,Ambato,Efectividad,Falla de funcionalidad en el módulo Portal Citas que impide al usuario completar sus tareas de manera precisa y completa.
3983,1/16/2025,Facturacion,El sistema no reconoce el convenio con la aseguradora,Paciente,Quito,Libertad de Riesgo,El no reconocimiento de convenios de aseguradoras genera fricción de cobro y riesgo de pérdidas económicas por servicios no cubiertos correctamente.
1080,1/17/2025,HCE,Signos vitales registrados por enfermeria no aparecen en la HCE del medico,Medico,Ambato,Efectividad,Falla de funcionalidad en el módulo HCE que impide al usuario completar sus tareas de manera precisa y completa.
1369,1/17/2025,HCE,El sistema se congela al adjuntar resultados de laboratorio a la HCE,Enfermeria,Guayaquil,Efectividad,Falla de funcionalidad en el módulo HCE que impide al usuario completar sus tareas de manera precisa y completa.
1744,1/17/2025,HCE,Alerta de interaccion medicamentosa no se despliega correctamente,Medico,Quito,Libertad de Riesgo,El fallo en el despliegue de alertas de interacción farmacológica pone en riesgo inminente la salud del paciente ante combinaciones letales.
2029,1/17/2025,Portal Citas,Doble reserva de un mismo cupo por dos pacientes distintos,Paciente,Ambato,Libertad de Riesgo,"Doble agendamiento de un mismo cupo que genera sobreventa de citas, colapso de agenda de especialistas y multas o insatisfacción comercial."
1275,1/18/2025,Farmacia,Error al registrar la dispensacion de un medicamento controlado,Enfermeria,Cuenca,Libertad de Riesgo,"Error en el registro de medicamentos regulados, lo que genera riesgos legales, regulatorios y de seguridad en el control de sustancias psicotrópicas."
1551,1/18/2025,Facturacion,Retraso de 21s al procesar el pago con tarjeta de credito,Admision,Quito,Eficiencia,El procesamiento lento del cobro con tarjeta retrasa el flujo de caja y la atención administrativa de admisión.
2374,1/18/2025,Farmacia,El sistema no descuenta automaticamente el medicamento dispensado,Enfermeria,Ambato,Efectividad,Falla de funcionalidad en el módulo Farmacia que impide al usuario completar sus tareas de manera precisa y completa.
2525,1/18/2025,Telemedicina,Paciente no puede unirse a la sala virtual a la hora agendada,Medico,Manta,Efectividad,Falla de funcionalidad en el módulo Telemedicina que impide al usuario completar sus tareas de manera precisa y completa.
3483,1/18/2025,HCE,Nota de evolucion tarda 24s en guardarse,Enfermeria,Quito,Eficiencia,"El tiempo de guardado supera los 8 segundos tolerables, violando directamente el requerimiento no funcional RNF-01 de rendimiento del sistema para notas clínicas."
3506,1/18/2025,Laboratorio,Codigo de barras de la muestra no es reconocido por el lector,Enfermeria,Manta,Efectividad,Falla de funcionalidad en el módulo Laboratorio que impide al usuario completar sus tareas de manera precisa y completa.
3650,1/18/2025,Portal Citas,Cancelacion de cita no libera el cupo en el calendario,Admision,Guayaquil,Efectividad,Falla de funcionalidad en el módulo Portal Citas que impide al usuario completar sus tareas de manera precisa y completa.
1073,1/19/2025,Portal Citas,Sesion expira antes de finalizar el proceso de agendamiento,Admision,Manta,Satisfacción,"Mala experiencia de usuario que interrumpe de forma prematura el proceso de compra/agendamiento, forzando a repetir pasos."
1457,1/19/2025,HCE,Signos vitales registrados por enfermeria no aparecen en la HCE del medico,Enfermeria,Guayaquil,Efectividad,Falla de funcionalidad en el módulo HCE que impide al usuario completar sus tareas de manera precisa y completa.
1617,1/19/2025,App Movil,Resultados de examenes no se visualizan en formato PDF,Paciente,Quito,Efectividad,Falla de funcionalidad en el módulo App Movil que impide al usuario completar sus tareas de manera precisa y completa.
1964,1/19/2025,Laboratorio,Resultado de examen de laboratorio no se sincroniza con la HCE,Enfermeria,Quito,Efectividad,Error de integración funcional que impide la sincronización y actualización del registro médico entre módulos del HIS.
2150,1/19/2025,HCE,Historial de alergias no carga al abrir la ficha del paciente,Medico,Cuenca,Libertad de Riesgo,"Falla crítica que expone la seguridad del paciente al omitir información vital de alergias, con un alto riesgo de shock anafiláctico o mala praxis."
2255,1/19/2025,HCE,Firma electronica del medico no se valida al cerrar la consulta,Enfermeria,Manta,Efectividad,Falla de funcionalidad en el módulo HCE que impide al usuario completar sus tareas de manera precisa y completa.
2333,1/19/2025,Imagenologia,Las imagenes de rayos X no cargan en el visor DICOM,Enfermeria,Manta,Efectividad,Falla de funcionalidad en el módulo Imagenologia que impide al usuario completar sus tareas de manera precisa y completa.
2979,1/19/2025,Telemedicina,La sesion se cierra automaticamente antes de terminar la consulta,Medico,Guayaquil,Efectividad,Falla de funcionalidad en el módulo Telemedicina que impide al usuario completar sus tareas de manera precisa y completa.
2983,1/19/2025,HCE,El campo de diagnostico CIE-10 no permite busqueda por texto,Medico,Cuenca,Efectividad,Restricción de funcionalidad que impide al usuario realizar una acción requerida para completar su tarea.
3195,1/19/2025,Laboratorio,El sistema no permite adjuntar el reporte en PDF del laboratorio externo,Enfermeria,Cuenca,Efectividad,Restricción de funcionalidad que impide al usuario realizar una acción requerida para completar su tarea.
3495,1/19/2025,Facturacion,Factura electronica no llega al correo registrado del paciente,Admision,Quito,Efectividad,Falla de funcionalidad en el módulo Facturacion que impide al usuario completar sus tareas de manera precisa y completa.
3498,1/19/2025,Portal Citas,Error al reagendar una cita previamente confirmada,Admision,Cuenca,Efectividad,Falla de funcionalidad en el módulo Portal Citas que impide al usuario completar sus tareas de manera precisa y completa.
3568,1/19/2025,Farmacia,Alerta de vencimiento de lote no se muestra en el modulo,Farmacia,Cuenca,Libertad de Riesgo,Omitir la alerta de vencimiento de lotes farmacéuticos puede llevar a la administración de medicamentos caducados a los pacientes.
3727,1/19/2025,Portal Citas,El portal muestra disponibilidad para un horario ya ocupado,Paciente,Ambato,Efectividad,Falla de funcionalidad en el módulo Portal Citas que impide al usuario completar sus tareas de manera precisa y completa.
3948,1/19/2025,Facturacion,Nota de credito no se aplica al saldo pendiente del paciente,Admision,Quito,Libertad de Riesgo,"Fallas en la aplicación de notas de crédito o reembolsos que distorsionan los estados de cuenta, arriesgando multas tributarias e inconformidad legal."
3956,1/19/2025,HCE,El sistema no permite adjuntar imagenes de heridas desde la tablet,Medico,Guayaquil,Cobertura de Contexto,El sistema presenta limitaciones de portabilidad y compatibilidad al operar en el contexto físico específico de tablets para adjuntar imágenes de heridas.
1890,1/20/2025,HCE,Nota de evolucion tarda 19s en guardarse,Medico,Guayaquil,Eficiencia,"El tiempo de guardado supera los 8 segundos tolerables, violando directamente el requerimiento no funcional RNF-01 de rendimiento del sistema para notas clínicas."
1948,1/20/2025,Facturacion,Factura generada con el nombre del paciente incorrecto,Paciente,Ambato,Efectividad,Falla de funcionalidad en el módulo Facturacion que impide al usuario completar sus tareas de manera precisa y completa.
2602,1/20/2025,Portal Citas,Doble reserva de un mismo cupo por dos pacientes distintos,Paciente,Quito,Libertad de Riesgo,"Doble agendamiento de un mismo cupo que genera sobreventa de citas, colapso de agenda de especialistas y multas o insatisfacción comercial."
2970,1/20/2025,Laboratorio,Resultado de examen de laboratorio no se sincroniza con la HCE,Enfermeria,Ambato,Efectividad,Error de integración funcional que impide la sincronización y actualización del registro médico entre módulos del HIS.
3442,1/20/2025,Laboratorio,Retraso de 29s en la disponibilidad de resultados criticos,Medico,Ambato,Eficiencia,"El sistema presenta tiempos de respuesta elevados que consumen recursos de tiempo innecesarios, degradando la eficiencia del usuario en sus tareas."
1194,1/21/2025,Facturacion,Reintento de transaccion genera doble cobro en la tarjeta,Admision,Manta,Libertad de Riesgo,"Violación del requerimiento no funcional RNF-03 de facturación; genera cobros indebidos en las tarjetas del cliente, comprometiendo la confianza y el riesgo financiero."
1294,1/21/2025,HCE,Duplicado de historia clinica al registrar un paciente ya existente,Enfermeria,Guayaquil,Libertad de Riesgo,"Riesgo de seguridad clínica debido a la fragmentación de la información de salud del paciente, lo que puede inducir a diagnósticos y tratamientos erróneos."
1553,1/21/2025,HCE,Receta electronica se genera con la dosis incorrecta tras guardar,Medico,Guayaquil,Libertad de Riesgo,"Riesgo extremo de salud para el paciente al guardar dosis farmacológicas erróneas en la receta electrónica, pudiendo causar sobredosis o inefectividad clínica."
2002,1/21/2025,Portal Citas,Usuario no logra agendar tras 2 intentos,Admision,Guayaquil,Satisfacción,"Incapacidad del usuario de lograr su meta tras múltiples intentos, violando el RNF-02 y provocando un alto nivel de frustración."
2843,1/21/2025,Portal Citas,"Formulario confuso, abandono de registro antes de completar la cita",Paciente,Guayaquil,Satisfacción,"Diseño de interfaz de usuario confuso que provoca el abandono del registro, afectando la métrica de satisfacción y facilidad de uso percibida."
3261,1/21/2025,HCE,Signos vitales registrados por enfermeria no aparecen en la HCE del medico,Enfermeria,Quito,Efectividad,Falla de funcionalidad en el módulo HCE que impide al usuario completar sus tareas de manera precisa y completa.
1147,1/22/2025,Reportes Gerenciales,Discrepancia entre el reporte financiero y el modulo de facturacion,Gerencia,Quito,Libertad de Riesgo,"Discrepancia contable entre reportes directivos y facturación real, afectando las decisiones del negocio y la integridad de las auditorías."
2574,1/22/2025,Telemedicina,El medico no puede compartir pantalla con resultados de examenes,Paciente,Guayaquil,Efectividad,Falla de funcionalidad en el módulo Telemedicina que impide al usuario completar sus tareas de manera precisa y completa.
2612,1/22/2025,Laboratorio,Codigo de barras de la muestra no es reconocido por el lector,Enfermeria,Quito,Efectividad,Falla de funcionalidad en el módulo Laboratorio que impide al usuario completar sus tareas de manera precisa y completa.
2857,1/22/2025,Imagenologia,El informe radiologico no se adjunta automaticamente a la HCE,Medico,Quito,Efectividad,Falla de funcionalidad en el módulo Imagenologia que impide al usuario completar sus tareas de manera precisa y completa.
3699,1/22/2025,Facturacion,Factura electronica no llega al correo registrado del paciente,Admision,Guayaquil,Efectividad,Falla de funcionalidad en el módulo Facturacion que impide al usuario completar sus tareas de manera precisa y completa.
3852,1/22/2025,Portal Citas,Cita agendada no aparece reflejada en el calendario del especialista,Paciente,Cuenca,Efectividad,Falla de funcionalidad en el módulo Portal Citas que impide al usuario completar sus tareas de manera precisa y completa.
1422,1/23/2025,HCE,Historial de alergias no carga al abrir la ficha del paciente,Enfermeria,Ambato,Libertad de Riesgo,"Falla crítica que expone la seguridad del paciente al omitir información vital de alergias, con un alto riesgo de shock anafiláctico o mala praxis."
1650,1/23/2025,Portal Citas,Usuario no logra agendar tras 5 intentos,Paciente,Ambato,Satisfacción,"Incapacidad del usuario de lograr su meta tras múltiples intentos, violando el RNF-02 y provocando un alto nivel de frustración."
1699,1/23/2025,HCE,Consulta anterior no se muestra en el resumen de antecedentes,Enfermeria,Quito,Efectividad,Falla de funcionalidad en el módulo HCE que impide al usuario completar sus tareas de manera precisa y completa.
2086,1/23/2025,App Movil,Version desactualizada del app impide iniciar sesion,Paciente,Manta,Cobertura de Contexto,Incompatibilidad y falta de robustez del sistema cuando se ejecuta en el contexto de sistemas cliente que no cuentan con la última versión de software.
2089,1/23/2025,Portal Citas,"Formulario confuso, abandono de registro antes de completar la cita",Paciente,Guayaquil,Satisfacción,"Diseño de interfaz de usuario confuso que provoca el abandono del registro, afectando la métrica de satisfacción y facilidad de uso percibida."
2203,1/23/2025,Portal Citas,Filtro de especialidad medica no devuelve resultados,Admision,Quito,Efectividad,Falla de funcionalidad en el módulo Portal Citas que impide al usuario completar sus tareas de manera precisa y completa.
2337,1/23/2025,HCE,El sistema se congela al adjuntar resultados de laboratorio a la HCE,Medico,Guayaquil,Efectividad,Falla de funcionalidad en el módulo HCE que impide al usuario completar sus tareas de manera precisa y completa.
2500,1/23/2025,Laboratorio,Orden de laboratorio duplicada tras reintentar el envio,Medico,Quito,Efectividad,Falla de funcionalidad en el módulo Laboratorio que impide al usuario completar sus tareas de manera precisa y completa.
2516,1/23/2025,App Movil,Resultados de examenes no se visualizan en formato PDF,Paciente,Manta,Efectividad,Falla de funcionalidad en el módulo App Movil que impide al usuario completar sus tareas de manera precisa y completa.
2619,1/23/2025,HCE,Receta electronica se genera con la dosis incorrecta tras guardar,Medico,Quito,Libertad de Riesgo,"Riesgo extremo de salud para el paciente al guardar dosis farmacológicas erróneas en la receta electrónica, pudiendo causar sobredosis o inefectividad clínica."
2848,1/23/2025,App Movil,Consumo elevado de datos moviles al abrir el modulo de citas,Paciente,Ambato,Cobertura de Contexto,"Consumo excesivo de ancho de banda móvil, lo que restringe el uso eficiente del sistema en redes celulares de datos (fuera de la intranet del hospital)."
2920,1/23/2025,Portal Citas,Error al reagendar una cita previamente confirmada,Paciente,Quito,Efectividad,Falla de funcionalidad en el módulo Portal Citas que impide al usuario completar sus tareas de manera precisa y completa.
3844,1/23/2025,HCE,Duplicado de historia clinica al registrar un paciente ya existente,Medico,Ambato,Libertad de Riesgo,"Riesgo de seguridad clínica debido a la fragmentación de la información de salud del paciente, lo que puede inducir a diagnósticos y tratamientos erróneos."
1150,1/24/2025,Telemedicina,Calidad de video muy baja pese a tener buena conexion a internet,Medico,Quito,Satisfacción,Mala experiencia sensorial e interactiva durante la teleconsulta que impacta el RNF-05 y la percepción de calidad del servicio.
1290,1/24/2025,Portal Citas,Sesion expira antes de finalizar el proceso de agendamiento,Admision,Guayaquil,Satisfacción,"Mala experiencia de usuario que interrumpe de forma prematura el proceso de compra/agendamiento, forzando a repetir pasos."
1641,1/24/2025,Facturacion,Error de calculo en el copago del seguro medico,Admision,Quito,Libertad de Riesgo,"Errores en el cálculo del copago de seguros o discrepancias de montos facturados, induciendo a pérdidas financieras o reclamaciones legales."
1956,1/24/2025,HCE,Receta electronica se genera con la dosis incorrecta tras guardar,Medico,Quito,Libertad de Riesgo,"Riesgo extremo de salud para el paciente al guardar dosis farmacológicas erróneas en la receta electrónica, pudiendo causar sobredosis o inefectividad clínica."
2084,1/24/2025,Telemedicina,Audio desincronizado durante la teleconsulta,Paciente,Manta,Satisfacción,Mala experiencia sensorial e interactiva durante la teleconsulta que impacta el RNF-05 y la percepción de calidad del servicio.
2127,1/24/2025,Farmacia,Error al registrar la dispensacion de un medicamento controlado,Enfermeria,Quito,Libertad de Riesgo,"Error en el registro de medicamentos regulados, lo que genera riesgos legales, regulatorios y de seguridad en el control de sustancias psicotrópicas."
2230,1/24/2025,Farmacia,Error al registrar la dispensacion de un medicamento controlado,Enfermeria,Ambato,Libertad de Riesgo,"Error en el registro de medicamentos regulados, lo que genera riesgos legales, regulatorios y de seguridad en el control de sustancias psicotrópicas."
2309,1/24/2025,Farmacia,El sistema no descuenta automaticamente el medicamento dispensado,Farmacia,Quito,Efectividad,Falla de funcionalidad en el módulo Farmacia que impide al usuario completar sus tareas de manera precisa y completa.
2385,1/24/2025,HCE,El sistema se congela al adjuntar resultados de laboratorio a la HCE,Medico,Manta,Efectividad,Falla de funcionalidad en el módulo HCE que impide al usuario completar sus tareas de manera precisa y completa.
2531,1/24/2025,HCE,Perdida de la nota de evolucion tras un cierre inesperado de sesion,Medico,Cuenca,Efectividad,Falla de funcionalidad en el módulo HCE que impide al usuario completar sus tareas de manera precisa y completa.
3418,1/24/2025,Reportes Gerenciales,Discrepancia entre el reporte financiero y el modulo de facturacion,Gerencia,Quito,Libertad de Riesgo,"Discrepancia contable entre reportes directivos y facturación real, afectando las decisiones del negocio y la integridad de las auditorías."
3595,1/24/2025,HCE,El sistema se congela al adjuntar resultados de laboratorio a la HCE,Enfermeria,Guayaquil,Efectividad,Falla de funcionalidad en el módulo HCE que impide al usuario completar sus tareas de manera precisa y completa.
1202,1/25/2025,Farmacia,Inventario del sistema no coincide con el stock fisico del insumo,Farmacia,Quito,Efectividad,Falla de funcionalidad en el módulo Farmacia que impide al usuario completar sus tareas de manera precisa y completa.
1255,1/25/2025,HCE,Nota de evolucion tarda 28s en guardarse,Enfermeria,Cuenca,Eficiencia,"El tiempo de guardado supera los 8 segundos tolerables, violando directamente el requerimiento no funcional RNF-01 de rendimiento del sistema para notas clínicas."
1998,1/25/2025,HCE,Duplicado de historia clinica al registrar un paciente ya existente,Enfermeria,Manta,Libertad de Riesgo,"Riesgo de seguridad clínica debido a la fragmentación de la información de salud del paciente, lo que puede inducir a diagnósticos y tratamientos erróneos."
2397,1/25/2025,HCE,Perdida de la nota de evolucion tras un cierre inesperado de sesion,Medico,Quito,Efectividad,Falla de funcionalidad en el módulo HCE que impide al usuario completar sus tareas de manera precisa y completa.
2570,1/25/2025,Facturacion,El sistema no permite anular una factura emitida por error,Admision,Manta,Efectividad,Restricción de funcionalidad que impide al usuario realizar una acción requerida para completar su tarea.
2699,1/25/2025,Portal Citas,Boton de confirmar cita no responde en dispositivos moviles,Admision,Cuenca,Cobertura de Contexto,"Falla de adaptabilidad de la interfaz en el contexto de dispositivos móviles, impidiendo confirmar citas desde pantallas de formatos pequeños."
2703,1/25/2025,HCE,Nota de evolucion tarda 12s en guardarse,Enfermeria,Cuenca,Eficiencia,"El tiempo de guardado supera los 8 segundos tolerables, violando directamente el requerimiento no funcional RNF-01 de rendimiento del sistema para notas clínicas."
3058,1/25/2025,Facturacion,Error de calculo en el copago del seguro medico,Paciente,Manta,Libertad de Riesgo,"Errores en el cálculo del copago de seguros o discrepancias de montos facturados, induciendo a pérdidas financieras o reclamaciones legales."
3315,1/25/2025,HCE,Tiempo de carga de la ficha clinica supera los 24s en horas pico,Enfermeria,Quito,Eficiencia,La latencia en horas pico para abrir la ficha clínica perjudica la productividad del médico durante la consulta.
3830,1/25/2025,Facturacion,Factura duplicada al reintentar pago,Admision,Manta,Libertad de Riesgo,"Violación del requerimiento no funcional RNF-03 de facturación; genera cobros indebidos en las tarjetas del cliente, comprometiendo la confianza y el riesgo financiero."
3875,1/25/2025,Facturacion,Nota de credito no se aplica al saldo pendiente del paciente,Admision,Quito,Libertad de Riesgo,"Fallas en la aplicación de notas de crédito o reembolsos que distorsionan los estados de cuenta, arriesgando multas tributarias e inconformidad legal."
1467,1/26/2025,Facturacion,Factura generada con el nombre del paciente incorrecto,Admision,Cuenca,Efectividad,Falla de funcionalidad en el módulo Facturacion que impide al usuario completar sus tareas de manera precisa y completa.
2436,1/26/2025,HCE,Duplicado de historia clinica al registrar un paciente ya existente,Medico,Quito,Libertad de Riesgo,"Riesgo de seguridad clínica debido a la fragmentación de la información de salud del paciente, lo que puede inducir a diagnósticos y tratamientos erróneos."
2631,1/26/2025,Facturacion,Error de calculo en el copago del seguro medico,Paciente,Quito,Libertad de Riesgo,"Errores en el cálculo del copago de seguros o discrepancias de montos facturados, induciendo a pérdidas financieras o reclamaciones legales."
2868,1/26/2025,Portal Citas,Notificacion de recordatorio de cita llega con la fecha incorrecta,Paciente,Quito,Efectividad,Falla de funcionalidad en el módulo Portal Citas que impide al usuario completar sus tareas de manera precisa y completa.
2876,1/26/2025,Laboratorio,Codigo de barras de la muestra no es reconocido por el lector,Enfermeria,Quito,Efectividad,Falla de funcionalidad en el módulo Laboratorio que impide al usuario completar sus tareas de manera precisa y completa.
2944,1/26/2025,Laboratorio,Orden de laboratorio duplicada tras reintentar el envio,Medico,Cuenca,Efectividad,Falla de funcionalidad en el módulo Laboratorio que impide al usuario completar sus tareas de manera precisa y completa.
3659,1/26/2025,Telemedicina,Audio desincronizado durante la teleconsulta,Paciente,Quito,Satisfacción,Mala experiencia sensorial e interactiva durante la teleconsulta que impacta el RNF-05 y la percepción de calidad del servicio.
3739,1/26/2025,Telemedicina,Paciente no puede unirse a la sala virtual a la hora agendada,Medico,Ambato,Efectividad,Falla de funcionalidad en el módulo Telemedicina que impide al usuario completar sus tareas de manera precisa y completa.
3761,1/26/2025,HCE,Firma electronica del medico no se valida al cerrar la consulta,Medico,Guayaquil,Efectividad,Falla de funcionalidad en el módulo HCE que impide al usuario completar sus tareas de manera precisa y completa.
1081,1/27/2025,HCE,El campo de diagnostico CIE-10 no permite busqueda por texto,Enfermeria,Manta,Efectividad,Restricción de funcionalidad que impide al usuario realizar una acción requerida para completar su tarea.
1129,1/27/2025,Facturacion,Reintento de transaccion genera doble cobro en la tarjeta,Admision,Guayaquil,Libertad de Riesgo,"Violación del requerimiento no funcional RNF-03 de facturación; genera cobros indebidos en las tarjetas del cliente, comprometiendo la confianza y el riesgo financiero."
1687,1/27/2025,App Movil,El boton de teleconsulta no redirige correctamente a la videollamada,Paciente,Cuenca,Efectividad,Falla de funcionalidad en el módulo App Movil que impide al usuario completar sus tareas de manera precisa y completa.
1846,1/27/2025,Telemedicina,Paciente no puede unirse a la sala virtual a la hora agendada,Medico,Manta,Efectividad,Falla de funcionalidad en el módulo Telemedicina que impide al usuario completar sus tareas de manera precisa y completa.
2467,1/27/2025,Reportes Gerenciales,Tiempo de generacion del reporte mensual supera los 25 minutos,Gerencia,Cuenca,Eficiencia,"Demoras severas en la generación de reportes mensuales de inteligencia de negocio, penalizando la eficiencia en el tiempo de procesamiento y toma de decisiones."
2992,1/27/2025,HCE,Signos vitales registrados por enfermeria no aparecen en la HCE del medico,Enfermeria,Guayaquil,Efectividad,Falla de funcionalidad en el módulo HCE que impide al usuario completar sus tareas de manera precisa y completa.
3158,1/27/2025,Imagenologia,El informe radiologico no se adjunta automaticamente a la HCE,Medico,Quito,Efectividad,Falla de funcionalidad en el módulo Imagenologia que impide al usuario completar sus tareas de manera precisa y completa.
3369,1/27/2025,Telemedicina,Calidad de video muy baja pese a tener buena conexion a internet,Paciente,Guayaquil,Satisfacción,Mala experiencia sensorial e interactiva durante la teleconsulta que impacta el RNF-05 y la percepción de calidad del servicio.
3832,1/27/2025,Farmacia,El sistema bloquea la dispensacion sin mostrar el motivo,Farmacia,Quito,Satisfacción,La falta de mensajes informativos claros y feedback del sistema incrementa la incertidumbre y frustración del operario farmacéutico.
3985,1/27/2025,HCE,Alerta de interaccion medicamentosa no se despliega correctamente,Enfermeria,Quito,Libertad de Riesgo,El fallo en el despliegue de alertas de interacción farmacológica pone en riesgo inminente la salud del paciente ante combinaciones letales.
1158,1/28/2025,Portal Citas,Cita agendada no aparece reflejada en el calendario del especialista,Admision,Guayaquil,Efectividad,Falla de funcionalidad en el módulo Portal Citas que impide al usuario completar sus tareas de manera precisa y completa.
2103,1/28/2025,HCE,Orden medica no se sincroniza con el modulo de farmacia,Medico,Guayaquil,Efectividad,Error de integración funcional que impide la sincronización y actualización del registro médico entre módulos del HIS.
2266,1/28/2025,Facturacion,Retraso de 14s al procesar el pago con tarjeta de credito,Paciente,Manta,Eficiencia,El procesamiento lento del cobro con tarjeta retrasa el flujo de caja y la atención administrativa de admisión.
3086,1/28/2025,Portal Citas,El pago del bono de consulta no se refleja tras completarlo,Paciente,Quito,Libertad de Riesgo,Inconsistencia financiera en los cobros o transacciones del sistema que infringe las normativas contables y expone al hospital a pérdidas económicas.
3134,1/28/2025,Laboratorio,Retraso de 35s en la disponibilidad de resultados criticos,Medico,Quito,Eficiencia,"El sistema presenta tiempos de respuesta elevados que consumen recursos de tiempo innecesarios, degradando la eficiencia del usuario en sus tareas."
3581,1/28/2025,Portal Citas,Filtro de especialidad medica no devuelve resultados,Paciente,Quito,Efectividad,Falla de funcionalidad en el módulo Portal Citas que impide al usuario completar sus tareas de manera precisa y completa.
1069,1/29/2025,Reportes Gerenciales,Discrepancia entre el reporte financiero y el modulo de facturacion,Gerencia,Quito,Libertad de Riesgo,"Discrepancia contable entre reportes directivos y facturación real, afectando las decisiones del negocio y la integridad de las auditorías."
1375,1/29/2025,HCE,Duplicado de historia clinica al registrar un paciente ya existente,Medico,Guayaquil,Libertad de Riesgo,"Riesgo de seguridad clínica debido a la fragmentación de la información de salud del paciente, lo que puede inducir a diagnósticos y tratamientos erróneos."
1404,1/29/2025,HCE,Perdida de la nota de evolucion tras un cierre inesperado de sesion,Enfermeria,Guayaquil,Efectividad,Falla de funcionalidad en el módulo HCE que impide al usuario completar sus tareas de manera precisa y completa.
1851,1/29/2025,Facturacion,Retraso de 9s al procesar el pago con tarjeta de credito,Paciente,Guayaquil,Eficiencia,El procesamiento lento del cobro con tarjeta retrasa el flujo de caja y la atención administrativa de admisión.
2099,1/29/2025,HCE,Duplicado de historia clinica al registrar un paciente ya existente,Enfermeria,Guayaquil,Libertad de Riesgo,"Riesgo de seguridad clínica debido a la fragmentación de la información de salud del paciente, lo que puede inducir a diagnósticos y tratamientos erróneos."
3066,1/29/2025,Portal Citas,Sesion expira antes de finalizar el proceso de agendamiento,Paciente,Cuenca,Satisfacción,"Mala experiencia de usuario que interrumpe de forma prematura el proceso de compra/agendamiento, forzando a repetir pasos."
3570,1/29/2025,Farmacia,Receta electronica llega incompleta desde el modulo de HCE,Farmacia,Guayaquil,Efectividad,Falla de funcionalidad en el módulo Farmacia que impide al usuario completar sus tareas de manera precisa y completa.
3606,1/29/2025,Telemedicina,Audio desincronizado durante la teleconsulta,Paciente,Manta,Satisfacción,Mala experiencia sensorial e interactiva durante la teleconsulta que impacta el RNF-05 y la percepción de calidad del servicio.
3709,1/29/2025,HCE,Duplicado de historia clinica al registrar un paciente ya existente,Medico,Guayaquil,Libertad de Riesgo,"Riesgo de seguridad clínica debido a la fragmentación de la información de salud del paciente, lo que puede inducir a diagnósticos y tratamientos erróneos."
3898,1/29/2025,Imagenologia,Perdida de calidad en las imagenes al ser visualizadas desde la app,Medico,Quito,Satisfacción,Degradación visual que afecta la comodidad y confianza de los médicos al visualizar estudios clínicos desde la app móvil.
1070,1/30/2025,App Movil,La app no permite actualizar el numero de contacto del paciente,Paciente,Quito,Efectividad,Restricción de funcionalidad que impide al usuario realizar una acción requerida para completar su tarea.
1123,1/30/2025,Facturacion,Discrepancia entre el monto facturado y el detalle de servicios,Admision,Manta,Libertad de Riesgo,"Errores en el cálculo del copago de seguros o discrepancias de montos facturados, induciendo a pérdidas financieras o reclamaciones legales."
1235,1/30/2025,HCE,Signos vitales registrados por enfermeria no aparecen en la HCE del medico,Medico,Cuenca,Efectividad,Falla de funcionalidad en el módulo HCE que impide al usuario completar sus tareas de manera precisa y completa.
1320,1/30/2025,HCE,Firma electronica del medico no se valida al cerrar la consulta,Medico,Cuenca,Efectividad,Falla de funcionalidad en el módulo HCE que impide al usuario completar sus tareas de manera precisa y completa.
1808,1/30/2025,Laboratorio,El sistema no permite adjuntar el reporte en PDF del laboratorio externo,Enfermeria,Cuenca,Efectividad,Restricción de funcionalidad que impide al usuario realizar una acción requerida para completar su tarea.
2797,1/30/2025,Portal Citas,Notificacion de recordatorio de cita llega con la fecha incorrecta,Paciente,Guayaquil,Efectividad,Falla de funcionalidad en el módulo Portal Citas que impide al usuario completar sus tareas de manera precisa y completa.
2886,1/30/2025,Portal Citas,Boton de confirmar cita no responde en dispositivos moviles,Paciente,Ambato,Cobertura de Contexto,"Falla de adaptabilidad de la interfaz en el contexto de dispositivos móviles, impidiendo confirmar citas desde pantallas de formatos pequeños."
3039,1/30/2025,App Movil,Resultados de examenes no se visualizan en formato PDF,Paciente,Guayaquil,Efectividad,Falla de funcionalidad en el módulo App Movil que impide al usuario completar sus tareas de manera precisa y completa.
3412,1/30/2025,HCE,Orden medica no se sincroniza con el modulo de farmacia,Medico,Quito,Efectividad,Error de integración funcional que impide la sincronización y actualización del registro médico entre módulos del HIS.
1251,1/31/2025,Portal Citas,Filtro de especialidad medica no devuelve resultados,Paciente,Ambato,Efectividad,Falla de funcionalidad en el módulo Portal Citas que impide al usuario completar sus tareas de manera precisa y completa.
1543,1/31/2025,App Movil,El boton de teleconsulta no redirige correctamente a la videollamada,Paciente,Guayaquil,Efectividad,Falla de funcionalidad en el módulo App Movil que impide al usuario completar sus tareas de manera precisa y completa.
1548,1/31/2025,Telemedicina,Notificacion de inicio de teleconsulta llega con retraso de 13s,Medico,Cuenca,Eficiencia,"El sistema presenta tiempos de respuesta elevados que consumen recursos de tiempo innecesarios, degradando la eficiencia del usuario en sus tareas."
1709,1/31/2025,HCE,Datos de otro paciente visibles brevemente al abrir un expediente,Medico,Manta,Libertad de Riesgo,"Fuga de información y violación de la confidencialidad médica (HIPAA/Ley de Protección de Datos), exponiendo datos de otros pacientes."
2073,1/31/2025,HCE,Duplicado de historia clinica al registrar un paciente ya existente,Enfermeria,Guayaquil,Libertad de Riesgo,"Riesgo de seguridad clínica debido a la fragmentación de la información de salud del paciente, lo que puede inducir a diagnósticos y tratamientos erróneos."
2705,1/31/2025,Facturacion,Discrepancia entre el monto facturado y el detalle de servicios,Admision,Quito,Libertad de Riesgo,"Errores en el cálculo del copago de seguros o discrepancias de montos facturados, induciendo a pérdidas financieras o reclamaciones legales."
3096,1/31/2025,Portal Citas,El sistema no envia la confirmacion por correo electronico,Admision,Ambato,Efectividad,Falla funcional que impide completar la tarea de confirmación de cita al paciente por canal de correo electrónico.
3145,1/31/2025,Laboratorio,Orden de laboratorio duplicada tras reintentar el envio,Enfermeria,Cuenca,Efectividad,Falla de funcionalidad en el módulo Laboratorio que impide al usuario completar sus tareas de manera precisa y completa.
3178,1/31/2025,HCE,Receta electronica se genera con la dosis incorrecta tras guardar,Medico,Quito,Libertad de Riesgo,"Riesgo extremo de salud para el paciente al guardar dosis farmacológicas erróneas en la receta electrónica, pudiendo causar sobredosis o inefectividad clínica."
3278,1/31/2025,Farmacia,Receta electronica llega incompleta desde el modulo de HCE,Farmacia,Guayaquil,Efectividad,Falla de funcionalidad en el módulo Farmacia que impide al usuario completar sus tareas de manera precisa y completa.
3292,1/31/2025,HCE,Duplicado de historia clinica al registrar un paciente ya existente,Medico,Guayaquil,Libertad de Riesgo,"Riesgo de seguridad clínica debido a la fragmentación de la información de salud del paciente, lo que puede inducir a diagnósticos y tratamientos erróneos."
3503,1/31/2025,App Movil,El inicio de sesion con biometria falla de forma intermitente,Paciente,Quito,Satisfacción,La inestabilidad en el inicio biométrico genera frustración y reduce la confianza y comodidad del usuario al acceder al aplicativo móvil.
1007,2/1/2025,Telemedicina,El medico no puede compartir pantalla con resultados de examenes,Paciente,Guayaquil,Efectividad,Falla de funcionalidad en el módulo Telemedicina que impide al usuario completar sus tareas de manera precisa y completa.
1277,2/1/2025,Portal Citas,Tiempo de espera en el portal supera los 28s en horas pico,Paciente,Manta,Eficiencia,"El sistema presenta tiempos de respuesta elevados que consumen recursos de tiempo innecesarios, degradando la eficiencia del usuario en sus tareas."
1481,2/1/2025,HCE,Signos vitales registrados por enfermeria no aparecen en la HCE del medico,Medico,Manta,Efectividad,Falla de funcionalidad en el módulo HCE que impide al usuario completar sus tareas de manera precisa y completa.
2170,2/1/2025,HCE,Perdida de la nota de evolucion tras un cierre inesperado de sesion,Enfermeria,Quito,Efectividad,Falla de funcionalidad en el módulo HCE que impide al usuario completar sus tareas de manera precisa y completa.
2454,2/1/2025,HCE,Tiempo de carga de la ficha clinica supera los 20s en horas pico,Enfermeria,Cuenca,Eficiencia,La latencia en horas pico para abrir la ficha clínica perjudica la productividad del médico durante la consulta.
2471,2/1/2025,Imagenologia,Las imagenes de rayos X no cargan en el visor DICOM,Medico,Guayaquil,Efectividad,Falla de funcionalidad en el módulo Imagenologia que impide al usuario completar sus tareas de manera precisa y completa.
2847,2/1/2025,App Movil,Consumo elevado de datos moviles al abrir el modulo de citas,Paciente,Quito,Cobertura de Contexto,"Consumo excesivo de ancho de banda móvil, lo que restringe el uso eficiente del sistema en redes celulares de datos (fuera de la intranet del hospital)."
3100,2/1/2025,HCE,El sistema se congela al adjuntar resultados de laboratorio a la HCE,Medico,Cuenca,Efectividad,Falla de funcionalidad en el módulo HCE que impide al usuario completar sus tareas de manera precisa y completa.
3408,2/1/2025,HCE,Historial de alergias no carga al abrir la ficha del paciente,Enfermeria,Quito,Libertad de Riesgo,"Falla crítica que expone la seguridad del paciente al omitir información vital de alergias, con un alto riesgo de shock anafiláctico o mala praxis."
3459,2/1/2025,App Movil,Resultados de examenes no se visualizan en formato PDF,Paciente,Guayaquil,Efectividad,Falla de funcionalidad en el módulo App Movil que impide al usuario completar sus tareas de manera precisa y completa.
3546,2/1/2025,Portal Citas,"Formulario confuso, abandono de registro antes de completar la cita",Admision,Quito,Satisfacción,"Diseño de interfaz de usuario confuso que provoca el abandono del registro, afectando la métrica de satisfacción y facilidad de uso percibida."
3686,2/1/2025,App Movil,Consumo elevado de datos moviles al abrir el modulo de citas,Paciente,Guayaquil,Cobertura de Contexto,"Consumo excesivo de ancho de banda móvil, lo que restringe el uso eficiente del sistema en redes celulares de datos (fuera de la intranet del hospital)."
1087,2/2/2025,Farmacia,Alerta de vencimiento de lote no se muestra en el modulo,Enfermeria,Cuenca,Libertad de Riesgo,Omitir la alerta de vencimiento de lotes farmacéuticos puede llevar a la administración de medicamentos caducados a los pacientes.
1132,2/2/2025,Farmacia,Tiempo de respuesta del modulo de farmacia supera los 34s,Farmacia,Guayaquil,Eficiencia,"El sistema presenta tiempos de respuesta elevados que consumen recursos de tiempo innecesarios, degradando la eficiencia del usuario en sus tareas."
1349,2/2/2025,HCE,Perdida de la nota de evolucion tras un cierre inesperado de sesion,Medico,Cuenca,Efectividad,Falla de funcionalidad en el módulo HCE que impide al usuario completar sus tareas de manera precisa y completa.
1741,2/2/2025,Laboratorio,El sistema no permite adjuntar el reporte en PDF del laboratorio externo,Enfermeria,Manta,Efectividad,Restricción de funcionalidad que impide al usuario realizar una acción requerida para completar su tarea.
1833,2/2/2025,Laboratorio,Orden de laboratorio duplicada tras reintentar el envio,Enfermeria,Guayaquil,Efectividad,Falla de funcionalidad en el módulo Laboratorio que impide al usuario completar sus tareas de manera precisa y completa.
1885,2/2/2025,Telemedicina,Videollamada se corta a los 4 minutos,Medico,Cuenca,Cobertura de Contexto,"Falta de resiliencia del canal de comunicación ante variaciones en la conectividad del usuario, interrumpiendo la sesión de teleconsulta en producción."
2453,2/2/2025,Telemedicina,El chat de la consulta no permite enviar imagenes,Paciente,Guayaquil,Efectividad,Restricción de funcionalidad que impide al usuario realizar una acción requerida para completar su tarea.
3354,2/2/2025,Facturacion,Reembolso aprobado no se refleja en el estado de cuenta,Admision,Guayaquil,Libertad de Riesgo,"Fallas en la aplicación de notas de crédito o reembolsos que distorsionan los estados de cuenta, arriesgando multas tributarias e inconformidad legal."
3578,2/2/2025,Facturacion,Reintento de transaccion genera doble cobro en la tarjeta,Paciente,Cuenca,Libertad de Riesgo,"Violación del requerimiento no funcional RNF-03 de facturación; genera cobros indebidos en las tarjetas del cliente, comprometiendo la confianza y el riesgo financiero."
1048,2/3/2025,Portal Citas,Sesion expira antes de finalizar el proceso de agendamiento,Paciente,Guayaquil,Satisfacción,"Mala experiencia de usuario que interrumpe de forma prematura el proceso de compra/agendamiento, forzando a repetir pasos."
2389,2/3/2025,Facturacion,Nota de credito no se aplica al saldo pendiente del paciente,Admision,Quito,Libertad de Riesgo,"Fallas en la aplicación de notas de crédito o reembolsos que distorsionan los estados de cuenta, arriesgando multas tributarias e inconformidad legal."
2597,2/3/2025,HCE,Historial de alergias no carga al abrir la ficha del paciente,Medico,Guayaquil,Libertad de Riesgo,"Falla crítica que expone la seguridad del paciente al omitir información vital de alergias, con un alto riesgo de shock anafiláctico o mala praxis."
2791,2/3/2025,App Movil,El inicio de sesion con biometria falla de forma intermitente,Paciente,Quito,Satisfacción,La inestabilidad en el inicio biométrico genera frustración y reduce la confianza y comodidad del usuario al acceder al aplicativo móvil.
3105,2/3/2025,Farmacia,Duplicidad de codigos entre dos presentaciones distintas de un mismo farmaco,Enfermeria,Guayaquil,Libertad de Riesgo,"La duplicación de códigos de fármacos introduce un riesgo de dispensación errónea en farmacia, comprometiendo la seguridad terapéutica del paciente."
1145,2/4/2025,Portal Citas,El pago del bono de consulta no se refleja tras completarlo,Paciente,Quito,Libertad de Riesgo,Inconsistencia financiera en los cobros o transacciones del sistema que infringe las normativas contables y expone al hospital a pérdidas económicas.
1393,2/4/2025,Laboratorio,El sistema no permite adjuntar el reporte en PDF del laboratorio externo,Enfermeria,Guayaquil,Efectividad,Restricción de funcionalidad que impide al usuario realizar una acción requerida para completar su tarea.
1726,2/4/2025,Farmacia,Error al registrar la dispensacion de un medicamento controlado,Farmacia,Guayaquil,Libertad de Riesgo,"Error en el registro de medicamentos regulados, lo que genera riesgos legales, regulatorios y de seguridad en el control de sustancias psicotrópicas."
2609,2/4/2025,Portal Citas,Doble reserva de un mismo cupo por dos pacientes distintos,Admision,Cuenca,Libertad de Riesgo,"Doble agendamiento de un mismo cupo que genera sobreventa de citas, colapso de agenda de especialistas y multas o insatisfacción comercial."
2942,2/4/2025,Portal Citas,Boton de confirmar cita no responde en dispositivos moviles,Paciente,Manta,Cobertura de Contexto,"Falla de adaptabilidad de la interfaz en el contexto de dispositivos móviles, impidiendo confirmar citas desde pantallas de formatos pequeños."
3441,2/4/2025,Farmacia,Tiempo de respuesta del modulo de farmacia supera los 27s,Farmacia,Ambato,Eficiencia,"El sistema presenta tiempos de respuesta elevados que consumen recursos de tiempo innecesarios, degradando la eficiencia del usuario en sus tareas."
3630,2/4/2025,Portal Citas,El portal muestra disponibilidad para un horario ya ocupado,Admision,Guayaquil,Efectividad,Falla de funcionalidad en el módulo Portal Citas que impide al usuario completar sus tareas de manera precisa y completa.
3679,2/4/2025,HCE,Duplicado de historia clinica al registrar un paciente ya existente,Medico,Quito,Libertad de Riesgo,"Riesgo de seguridad clínica debido a la fragmentación de la información de salud del paciente, lo que puede inducir a diagnósticos y tratamientos erróneos."
3990,2/4/2025,Laboratorio,El sistema no permite adjuntar el reporte en PDF del laboratorio externo,Enfermeria,Quito,Efectividad,Restricción de funcionalidad que impide al usuario realizar una acción requerida para completar su tarea.
1378,2/5/2025,Laboratorio,Codigo de barras de la muestra no es reconocido por el lector,Medico,Quito,Efectividad,Falla de funcionalidad en el módulo Laboratorio que impide al usuario completar sus tareas de manera precisa y completa.
1615,2/5/2025,Portal Citas,El sistema no envia la confirmacion por correo electronico,Admision,Quito,Efectividad,Falla funcional que impide completar la tarea de confirmación de cita al paciente por canal de correo electrónico.
2365,2/5/2025,Portal Citas,El sistema no envia la confirmacion por correo electronico,Paciente,Cuenca,Efectividad,Falla funcional que impide completar la tarea de confirmación de cita al paciente por canal de correo electrónico.
2415,2/5/2025,App Movil,Notificaciones push no llegan pese a estar activadas,Paciente,Manta,Efectividad,Falla de funcionalidad en el módulo App Movil que impide al usuario completar sus tareas de manera precisa y completa.
3124,2/5/2025,Facturacion,El modulo de facturacion se cae durante el cierre de caja,Paciente,Cuenca,Efectividad,Falla de funcionalidad en el módulo Facturacion que impide al usuario completar sus tareas de manera precisa y completa.
3612,2/5/2025,Portal Citas,Filtro de especialidad medica no devuelve resultados,Paciente,Ambato,Efectividad,Falla de funcionalidad en el módulo Portal Citas que impide al usuario completar sus tareas de manera precisa y completa.
3706,2/5/2025,Facturacion,Factura generada con el nombre del paciente incorrecto,Admision,Ambato,Efectividad,Falla de funcionalidad en el módulo Facturacion que impide al usuario completar sus tareas de manera precisa y completa.
1082,2/6/2025,Telemedicina,Videollamada se corta a los 5 minutos,Paciente,Guayaquil,Cobertura de Contexto,"Falta de resiliencia del canal de comunicación ante variaciones en la conectividad del usuario, interrumpiendo la sesión de teleconsulta en producción."
1611,2/6/2025,HCE,Perdida de la nota de evolucion tras un cierre inesperado de sesion,Enfermeria,Guayaquil,Efectividad,Falla de funcionalidad en el módulo HCE que impide al usuario completar sus tareas de manera precisa y completa.
1673,2/6/2025,HCE,Signos vitales registrados por enfermeria no aparecen en la HCE del medico,Medico,Cuenca,Efectividad,Falla de funcionalidad en el módulo HCE que impide al usuario completar sus tareas de manera precisa y completa.
2249,2/6/2025,Portal Citas,Usuario no logra agendar tras 4 intentos,Admision,Ambato,Satisfacción,"Incapacidad del usuario de lograr su meta tras múltiples intentos, violando el RNF-02 y provocando un alto nivel de frustración."
2480,2/6/2025,HCE,Nota de evolucion tarda 28s en guardarse,Enfermeria,Quito,Eficiencia,"El tiempo de guardado supera los 8 segundos tolerables, violando directamente el requerimiento no funcional RNF-01 de rendimiento del sistema para notas clínicas."
3071,2/6/2025,Farmacia,Receta electronica llega incompleta desde el modulo de HCE,Farmacia,Quito,Efectividad,Falla de funcionalidad en el módulo Farmacia que impide al usuario completar sus tareas de manera precisa y completa.
1115,2/7/2025,Imagenologia,Perdida de calidad en las imagenes al ser visualizadas desde la app,Enfermeria,Guayaquil,Satisfacción,Degradación visual que afecta la comodidad y confianza de los médicos al visualizar estudios clínicos desde la app móvil.
1712,2/7/2025,HCE,El sistema se congela al adjuntar resultados de laboratorio a la HCE,Enfermeria,Manta,Efectividad,Falla de funcionalidad en el módulo HCE que impide al usuario completar sus tareas de manera precisa y completa.
1735,2/7/2025,App Movil,La aplicacion se cierra inesperadamente al abrir resultados de laboratorio,Paciente,Guayaquil,Efectividad,"Interrupción abrupta del sistema que impide que el usuario termine el registro de datos, reduciendo la efectividad operativa."
2187,2/7/2025,Facturacion,Nota de credito no se aplica al saldo pendiente del paciente,Admision,Quito,Libertad de Riesgo,"Fallas en la aplicación de notas de crédito o reembolsos que distorsionan los estados de cuenta, arriesgando multas tributarias e inconformidad legal."
2552,2/7/2025,Imagenologia,Las imagenes de rayos X no cargan en el visor DICOM,Enfermeria,Ambato,Efectividad,Falla de funcionalidad en el módulo Imagenologia que impide al usuario completar sus tareas de manera precisa y completa.
2755,2/7/2025,HCE,Orden medica no se sincroniza con el modulo de farmacia,Enfermeria,Quito,Efectividad,Error de integración funcional que impide la sincronización y actualización del registro médico entre módulos del HIS.
2863,2/7/2025,Reportes Gerenciales,Exportacion a Excel del reporte gerencial falla de forma intermitente,Gerencia,Manta,Efectividad,Falla intermitente en las exportaciones o ejecuciones de procesos del sistema que reduce la fiabilidad de las operaciones.
2906,2/7/2025,App Movil,La app no permite actualizar el numero de contacto del paciente,Paciente,Ambato,Efectividad,Restricción de funcionalidad que impide al usuario realizar una acción requerida para completar su tarea.
2950,2/7/2025,Portal Citas,Usuario no logra agendar tras 4 intentos,Admision,Ambato,Satisfacción,"Incapacidad del usuario de lograr su meta tras múltiples intentos, violando el RNF-02 y provocando un alto nivel de frustración."
2988,2/7/2025,Facturacion,El sistema no reconoce el convenio con la aseguradora,Paciente,Manta,Libertad de Riesgo,El no reconocimiento de convenios de aseguradoras genera fricción de cobro y riesgo de pérdidas económicas por servicios no cubiertos correctamente.
3311,2/7/2025,Portal Citas,Tiempo de espera en el portal supera los 15s en horas pico,Admision,Guayaquil,Eficiencia,"El sistema presenta tiempos de respuesta elevados que consumen recursos de tiempo innecesarios, degradando la eficiencia del usuario en sus tareas."
3655,2/7/2025,Reportes Gerenciales,Exportacion a Excel del reporte gerencial falla de forma intermitente,Gerencia,Manta,Efectividad,Falla intermitente en las exportaciones o ejecuciones de procesos del sistema que reduce la fiabilidad de las operaciones.
3792,2/7/2025,HCE,Receta electronica se genera con la dosis incorrecta tras guardar,Enfermeria,Cuenca,Libertad de Riesgo,"Riesgo extremo de salud para el paciente al guardar dosis farmacológicas erróneas en la receta electrónica, pudiendo causar sobredosis o inefectividad clínica."
1051,2/8/2025,HCE,Receta electronica se genera con la dosis incorrecta tras guardar,Enfermeria,Quito,Libertad de Riesgo,"Riesgo extremo de salud para el paciente al guardar dosis farmacológicas erróneas en la receta electrónica, pudiendo causar sobredosis o inefectividad clínica."
1716,2/8/2025,Telemedicina,El medico no puede compartir pantalla con resultados de examenes,Medico,Guayaquil,Efectividad,Falla de funcionalidad en el módulo Telemedicina que impide al usuario completar sus tareas de manera precisa y completa.
1730,2/8/2025,HCE,Datos de otro paciente visibles brevemente al abrir un expediente,Medico,Manta,Libertad de Riesgo,"Fuga de información y violación de la confidencialidad médica (HIPAA/Ley de Protección de Datos), exponiendo datos de otros pacientes."
2709,2/8/2025,HCE,Historial de alergias no carga al abrir la ficha del paciente,Enfermeria,Cuenca,Libertad de Riesgo,"Falla crítica que expone la seguridad del paciente al omitir información vital de alergias, con un alto riesgo de shock anafiláctico o mala praxis."
3391,2/8/2025,Telemedicina,Videollamada se corta a los 2 minutos,Paciente,Guayaquil,Cobertura de Contexto,"Falta de resiliencia del canal de comunicación ante variaciones en la conectividad del usuario, interrumpiendo la sesión de teleconsulta en producción."
3401,2/8/2025,HCE,Nota de evolucion tarda 20s en guardarse,Medico,Quito,Eficiencia,"El tiempo de guardado supera los 8 segundos tolerables, violando directamente el requerimiento no funcional RNF-01 de rendimiento del sistema para notas clínicas."
1083,2/9/2025,Farmacia,El sistema no descuenta automaticamente el medicamento dispensado,Farmacia,Cuenca,Efectividad,Falla de funcionalidad en el módulo Farmacia que impide al usuario completar sus tareas de manera precisa y completa.
1871,2/9/2025,Telemedicina,Grabacion de la consulta no se almacena correctamente,Paciente,Cuenca,Efectividad,Falla de funcionalidad en el módulo Telemedicina que impide al usuario completar sus tareas de manera precisa y completa.
1999,2/9/2025,Telemedicina,Videollamada se corta a los 3 minutos,Paciente,Ambato,Cobertura de Contexto,"Falta de resiliencia del canal de comunicación ante variaciones en la conectividad del usuario, interrumpiendo la sesión de teleconsulta en producción."
3013,2/9/2025,Portal Citas,Sesion expira antes de finalizar el proceso de agendamiento,Paciente,Quito,Satisfacción,"Mala experiencia de usuario que interrumpe de forma prematura el proceso de compra/agendamiento, forzando a repetir pasos."
3051,2/9/2025,HCE,Historial de alergias no carga al abrir la ficha del paciente,Enfermeria,Manta,Libertad de Riesgo,"Falla crítica que expone la seguridad del paciente al omitir información vital de alergias, con un alto riesgo de shock anafiláctico o mala praxis."
3211,2/9/2025,Facturacion,Reembolso aprobado no se refleja en el estado de cuenta,Admision,Cuenca,Libertad de Riesgo,"Fallas en la aplicación de notas de crédito o reembolsos que distorsionan los estados de cuenta, arriesgando multas tributarias e inconformidad legal."
3883,2/9/2025,Farmacia,El sistema no descuenta automaticamente el medicamento dispensado,Enfermeria,Guayaquil,Efectividad,Falla de funcionalidad en el módulo Farmacia que impide al usuario completar sus tareas de manera precisa y completa.
2260,2/10/2025,HCE,Datos de otro paciente visibles brevemente al abrir un expediente,Medico,Quito,Libertad de Riesgo,"Fuga de información y violación de la confidencialidad médica (HIPAA/Ley de Protección de Datos), exponiendo datos de otros pacientes."
2306,2/10/2025,Portal Citas,Filtro de especialidad medica no devuelve resultados,Paciente,Quito,Efectividad,Falla de funcionalidad en el módulo Portal Citas que impide al usuario completar sus tareas de manera precisa y completa.
2569,2/10/2025,Telemedicina,Videollamada se corta a los 5 minutos,Medico,Quito,Cobertura de Contexto,"Falta de resiliencia del canal de comunicación ante variaciones en la conectividad del usuario, interrumpiendo la sesión de teleconsulta en producción."
2832,2/10/2025,Portal Citas,Tiempo de espera en el portal supera los 30s en horas pico,Paciente,Guayaquil,Eficiencia,"El sistema presenta tiempos de respuesta elevados que consumen recursos de tiempo innecesarios, degradando la eficiencia del usuario en sus tareas."
3346,2/10/2025,HCE,Historial de alergias no carga al abrir la ficha del paciente,Enfermeria,Quito,Libertad de Riesgo,"Falla crítica que expone la seguridad del paciente al omitir información vital de alergias, con un alto riesgo de shock anafiláctico o mala praxis."
3853,2/10/2025,Laboratorio,Resultado de examen de laboratorio no se sincroniza con la HCE,Medico,Guayaquil,Efectividad,Error de integración funcional que impide la sincronización y actualización del registro médico entre módulos del HIS.
1527,2/11/2025,Reportes Gerenciales,Discrepancia entre el reporte financiero y el modulo de facturacion,Gerencia,Quito,Libertad de Riesgo,"Discrepancia contable entre reportes directivos y facturación real, afectando las decisiones del negocio y la integridad de las auditorías."
2046,2/11/2025,HCE,Nota de evolucion tarda 18s en guardarse,Medico,Ambato,Eficiencia,"El tiempo de guardado supera los 8 segundos tolerables, violando directamente el requerimiento no funcional RNF-01 de rendimiento del sistema para notas clínicas."
2155,2/11/2025,Facturacion,Retraso de 29s al procesar el pago con tarjeta de credito,Paciente,Quito,Eficiencia,El procesamiento lento del cobro con tarjeta retrasa el flujo de caja y la atención administrativa de admisión.
2947,2/11/2025,Farmacia,Receta electronica llega incompleta desde el modulo de HCE,Farmacia,Quito,Efectividad,Falla de funcionalidad en el módulo Farmacia que impide al usuario completar sus tareas de manera precisa y completa.
2980,2/11/2025,HCE,El campo de diagnostico CIE-10 no permite busqueda por texto,Medico,Guayaquil,Efectividad,Restricción de funcionalidad que impide al usuario realizar una acción requerida para completar su tarea.
1100,2/12/2025,App Movil,Version desactualizada del app impide iniciar sesion,Paciente,Ambato,Cobertura de Contexto,Incompatibilidad y falta de robustez del sistema cuando se ejecuta en el contexto de sistemas cliente que no cuentan con la última versión de software.
2593,2/12/2025,HCE,Receta electronica se genera con la dosis incorrecta tras guardar,Medico,Guayaquil,Libertad de Riesgo,"Riesgo extremo de salud para el paciente al guardar dosis farmacológicas erróneas en la receta electrónica, pudiendo causar sobredosis o inefectividad clínica."
3083,2/12/2025,Facturacion,El modulo de facturacion se cae durante el cierre de caja,Paciente,Manta,Efectividad,Falla de funcionalidad en el módulo Facturacion que impide al usuario completar sus tareas de manera precisa y completa.
3084,2/12/2025,Facturacion,Factura generada con el nombre del paciente incorrecto,Paciente,Cuenca,Efectividad,Falla de funcionalidad en el módulo Facturacion que impide al usuario completar sus tareas de manera precisa y completa.
3247,2/12/2025,Portal Citas,Cancelacion de cita no libera el cupo en el calendario,Admision,Manta,Efectividad,Falla de funcionalidad en el módulo Portal Citas que impide al usuario completar sus tareas de manera precisa y completa.
3259,2/12/2025,HCE,Orden medica no se sincroniza con el modulo de farmacia,Enfermeria,Quito,Efectividad,Error de integración funcional que impide la sincronización y actualización del registro médico entre módulos del HIS.
3982,2/12/2025,App Movil,La app no permite actualizar el numero de contacto del paciente,Paciente,Guayaquil,Efectividad,Restricción de funcionalidad que impide al usuario realizar una acción requerida para completar su tarea.
1821,2/13/2025,Portal Citas,Tiempo de espera en el portal supera los 17s en horas pico,Admision,Quito,Eficiencia,"El sistema presenta tiempos de respuesta elevados que consumen recursos de tiempo innecesarios, degradando la eficiencia del usuario en sus tareas."
2536,2/13/2025,Laboratorio,Retraso de 15s en la disponibilidad de resultados criticos,Medico,Guayaquil,Eficiencia,"El sistema presenta tiempos de respuesta elevados que consumen recursos de tiempo innecesarios, degradando la eficiencia del usuario en sus tareas."
3917,2/13/2025,HCE,El sistema se congela al adjuntar resultados de laboratorio a la HCE,Enfermeria,Cuenca,Efectividad,Falla de funcionalidad en el módulo HCE que impide al usuario completar sus tareas de manera precisa y completa.
3930,2/13/2025,HCE,Firma electronica del medico no se valida al cerrar la consulta,Enfermeria,Quito,Efectividad,Falla de funcionalidad en el módulo HCE que impide al usuario completar sus tareas de manera precisa y completa.
3945,2/13/2025,Farmacia,Alerta de vencimiento de lote no se muestra en el modulo,Enfermeria,Quito,Libertad de Riesgo,Omitir la alerta de vencimiento de lotes farmacéuticos puede llevar a la administración de medicamentos caducados a los pacientes.
1089,2/14/2025,Portal Citas,"Formulario confuso, abandono de registro antes de completar la cita",Admision,Guayaquil,Satisfacción,"Diseño de interfaz de usuario confuso que provoca el abandono del registro, afectando la métrica de satisfacción y facilidad de uso percibida."
1284,2/14/2025,App Movil,El boton de teleconsulta no redirige correctamente a la videollamada,Paciente,Quito,Efectividad,Falla de funcionalidad en el módulo App Movil que impide al usuario completar sus tareas de manera precisa y completa.
1433,2/14/2025,Facturacion,Factura generada con el nombre del paciente incorrecto,Admision,Ambato,Efectividad,Falla de funcionalidad en el módulo Facturacion que impide al usuario completar sus tareas de manera precisa y completa.
2091,2/14/2025,Portal Citas,Doble reserva de un mismo cupo por dos pacientes distintos,Paciente,Guayaquil,Libertad de Riesgo,"Doble agendamiento de un mismo cupo que genera sobreventa de citas, colapso de agenda de especialistas y multas o insatisfacción comercial."
2288,2/14/2025,Facturacion,Retraso de 12s al procesar el pago con tarjeta de credito,Admision,Quito,Eficiencia,El procesamiento lento del cobro con tarjeta retrasa el flujo de caja y la atención administrativa de admisión.
2316,2/14/2025,Farmacia,El sistema bloquea la dispensacion sin mostrar el motivo,Enfermeria,Quito,Satisfacción,La falta de mensajes informativos claros y feedback del sistema incrementa la incertidumbre y frustración del operario farmacéutico.
2356,2/14/2025,Farmacia,Alerta de vencimiento de lote no se muestra en el modulo,Farmacia,Manta,Libertad de Riesgo,Omitir la alerta de vencimiento de lotes farmacéuticos puede llevar a la administración de medicamentos caducados a los pacientes.
2556,2/14/2025,Facturacion,Nota de credito no se aplica al saldo pendiente del paciente,Admision,Quito,Libertad de Riesgo,"Fallas en la aplicación de notas de crédito o reembolsos que distorsionan los estados de cuenta, arriesgando multas tributarias e inconformidad legal."
2742,2/14/2025,Facturacion,Factura electronica no llega al correo registrado del paciente,Paciente,Guayaquil,Efectividad,Falla de funcionalidad en el módulo Facturacion que impide al usuario completar sus tareas de manera precisa y completa.
3191,2/14/2025,HCE,El sistema se congela al adjuntar resultados de laboratorio a la HCE,Enfermeria,Ambato,Efectividad,Falla de funcionalidad en el módulo HCE que impide al usuario completar sus tareas de manera precisa y completa.
3663,2/14/2025,App Movil,El boton de teleconsulta no redirige correctamente a la videollamada,Paciente,Cuenca,Efectividad,Falla de funcionalidad en el módulo App Movil que impide al usuario completar sus tareas de manera precisa y completa.
3740,2/14/2025,HCE,Duplicado de historia clinica al registrar un paciente ya existente,Enfermeria,Quito,Libertad de Riesgo,"Riesgo de seguridad clínica debido a la fragmentación de la información de salud del paciente, lo que puede inducir a diagnósticos y tratamientos erróneos."
1402,2/15/2025,HCE,Alerta de interaccion medicamentosa no se despliega correctamente,Enfermeria,Quito,Libertad de Riesgo,El fallo en el despliegue de alertas de interacción farmacológica pone en riesgo inminente la salud del paciente ante combinaciones letales.
1442,2/15/2025,Farmacia,El sistema no descuenta automaticamente el medicamento dispensado,Farmacia,Guayaquil,Efectividad,Falla de funcionalidad en el módulo Farmacia que impide al usuario completar sus tareas de manera precisa y completa.
2000,2/15/2025,HCE,Duplicado de historia clinica al registrar un paciente ya existente,Medico,Quito,Libertad de Riesgo,"Riesgo de seguridad clínica debido a la fragmentación de la información de salud del paciente, lo que puede inducir a diagnósticos y tratamientos erróneos."
2205,2/15/2025,HCE,Duplicado de historia clinica al registrar un paciente ya existente,Enfermeria,Guayaquil,Libertad de Riesgo,"Riesgo de seguridad clínica debido a la fragmentación de la información de salud del paciente, lo que puede inducir a diagnósticos y tratamientos erróneos."
2276,2/15/2025,HCE,Perdida de la nota de evolucion tras un cierre inesperado de sesion,Enfermeria,Guayaquil,Efectividad,Falla de funcionalidad en el módulo HCE que impide al usuario completar sus tareas de manera precisa y completa.
2623,2/15/2025,Facturacion,Nota de credito no se aplica al saldo pendiente del paciente,Admision,Guayaquil,Libertad de Riesgo,"Fallas en la aplicación de notas de crédito o reembolsos que distorsionan los estados de cuenta, arriesgando multas tributarias e inconformidad legal."
2807,2/15/2025,Farmacia,Receta electronica llega incompleta desde el modulo de HCE,Farmacia,Quito,Efectividad,Falla de funcionalidad en el módulo Farmacia que impide al usuario completar sus tareas de manera precisa y completa.
3197,2/15/2025,Portal Citas,Error al reagendar una cita previamente confirmada,Admision,Cuenca,Efectividad,Falla de funcionalidad en el módulo Portal Citas que impide al usuario completar sus tareas de manera precisa y completa.
3251,2/15/2025,Portal Citas,Cita agendada no aparece reflejada en el calendario del especialista,Paciente,Guayaquil,Efectividad,Falla de funcionalidad en el módulo Portal Citas que impide al usuario completar sus tareas de manera precisa y completa.
1626,2/16/2025,Portal Citas,Notificacion de recordatorio de cita llega con la fecha incorrecta,Admision,Quito,Efectividad,Falla de funcionalidad en el módulo Portal Citas que impide al usuario completar sus tareas de manera precisa y completa.
1859,2/16/2025,Imagenologia,Las imagenes de rayos X no cargan en el visor DICOM,Medico,Quito,Efectividad,Falla de funcionalidad en el módulo Imagenologia que impide al usuario completar sus tareas de manera precisa y completa.
2154,2/16/2025,Reportes Gerenciales,El dashboard de indicadores no refleja los datos del ultimo cierre,Gerencia,Quito,Efectividad,Inconsistencia en la actualización de datos que impide la visualización correcta de información operativa reciente.
2668,2/16/2025,HCE,Tiempo de carga de la ficha clinica supera los 21s en horas pico,Medico,Quito,Eficiencia,La latencia en horas pico para abrir la ficha clínica perjudica la productividad del médico durante la consulta.
2724,2/16/2025,Facturacion,Reembolso aprobado no se refleja en el estado de cuenta,Paciente,Quito,Libertad de Riesgo,"Fallas en la aplicación de notas de crédito o reembolsos que distorsionan los estados de cuenta, arriesgando multas tributarias e inconformidad legal."
2760,2/16/2025,Imagenologia,Perdida de calidad en las imagenes al ser visualizadas desde la app,Medico,Quito,Satisfacción,Degradación visual que afecta la comodidad y confianza de los médicos al visualizar estudios clínicos desde la app móvil.
3286,2/16/2025,HCE,El campo de diagnostico CIE-10 no permite busqueda por texto,Medico,Quito,Efectividad,Restricción de funcionalidad que impide al usuario realizar una acción requerida para completar su tarea.
3427,2/16/2025,App Movil,Version desactualizada del app impide iniciar sesion,Paciente,Quito,Cobertura de Contexto,Incompatibilidad y falta de robustez del sistema cuando se ejecuta en el contexto de sistemas cliente que no cuentan con la última versión de software.
3476,2/16/2025,Portal Citas,Filtro de especialidad medica no devuelve resultados,Paciente,Guayaquil,Efectividad,Falla de funcionalidad en el módulo Portal Citas que impide al usuario completar sus tareas de manera precisa y completa.
1106,2/17/2025,Portal Citas,Cita agendada no aparece reflejada en el calendario del especialista,Paciente,Quito,Efectividad,Falla de funcionalidad en el módulo Portal Citas que impide al usuario completar sus tareas de manera precisa y completa.
1157,2/17/2025,HCE,Datos de otro paciente visibles brevemente al abrir un expediente,Medico,Guayaquil,Libertad de Riesgo,"Fuga de información y violación de la confidencialidad médica (HIPAA/Ley de Protección de Datos), exponiendo datos de otros pacientes."
1967,2/17/2025,HCE,Orden medica no se sincroniza con el modulo de farmacia,Medico,Quito,Efectividad,Error de integración funcional que impide la sincronización y actualización del registro médico entre módulos del HIS.
2204,2/17/2025,App Movil,Version desactualizada del app impide iniciar sesion,Paciente,Guayaquil,Cobertura de Contexto,Incompatibilidad y falta de robustez del sistema cuando se ejecuta en el contexto de sistemas cliente que no cuentan con la última versión de software.
2624,2/17/2025,Imagenologia,Perdida de calidad en las imagenes al ser visualizadas desde la app,Medico,Ambato,Satisfacción,Degradación visual que afecta la comodidad y confianza de los médicos al visualizar estudios clínicos desde la app móvil.
2839,2/17/2025,Imagenologia,Las imagenes de rayos X no cargan en el visor DICOM,Medico,Cuenca,Efectividad,Falla de funcionalidad en el módulo Imagenologia que impide al usuario completar sus tareas de manera precisa y completa.
2917,2/17/2025,Facturacion,Error de calculo en el copago del seguro medico,Paciente,Guayaquil,Libertad de Riesgo,"Errores en el cálculo del copago de seguros o discrepancias de montos facturados, induciendo a pérdidas financieras o reclamaciones legales."
3151,2/17/2025,Laboratorio,Orden de laboratorio duplicada tras reintentar el envio,Medico,Quito,Efectividad,Falla de funcionalidad en el módulo Laboratorio que impide al usuario completar sus tareas de manera precisa y completa.
3196,2/17/2025,Portal Citas,Usuario no logra agendar tras 3 intentos,Admision,Ambato,Satisfacción,"Incapacidad del usuario de lograr su meta tras múltiples intentos, violando el RNF-02 y provocando un alto nivel de frustración."
3440,2/17/2025,Telemedicina,Receta electronica no se genera al finalizar la teleconsulta,Medico,Ambato,Efectividad,Falla de funcionalidad en el módulo Telemedicina que impide al usuario completar sus tareas de manera precisa y completa.
3867,2/17/2025,HCE,El sistema no permite adjuntar imagenes de heridas desde la tablet,Enfermeria,Quito,Cobertura de Contexto,El sistema presenta limitaciones de portabilidad y compatibilidad al operar en el contexto físico específico de tablets para adjuntar imágenes de heridas.
3935,2/17/2025,Portal Citas,El sistema no envia la confirmacion por correo electronico,Paciente,Guayaquil,Efectividad,Falla funcional que impide completar la tarea de confirmación de cita al paciente por canal de correo electrónico.
3974,2/17/2025,HCE,Signos vitales registrados por enfermeria no aparecen en la HCE del medico,Enfermeria,Cuenca,Efectividad,Falla de funcionalidad en el módulo HCE que impide al usuario completar sus tareas de manera precisa y completa.
1055,2/18/2025,Reportes Gerenciales,Discrepancia entre el reporte financiero y el modulo de facturacion,Gerencia,Guayaquil,Libertad de Riesgo,"Discrepancia contable entre reportes directivos y facturación real, afectando las decisiones del negocio y la integridad de las auditorías."
1440,2/18/2025,Portal Citas,El portal muestra disponibilidad para un horario ya ocupado,Paciente,Manta,Efectividad,Falla de funcionalidad en el módulo Portal Citas que impide al usuario completar sus tareas de manera precisa y completa.
1856,2/18/2025,Imagenologia,Tiempo de carga de estudios de imagen supera los 33s,Medico,Quito,Eficiencia,La lentitud en la carga y transferencia de archivos DICOM pesados degrada la eficiencia del flujo de trabajo clínico en imagenología.
2048,2/18/2025,Facturacion,El sistema no reconoce el convenio con la aseguradora,Admision,Cuenca,Libertad de Riesgo,El no reconocimiento de convenios de aseguradoras genera fricción de cobro y riesgo de pérdidas económicas por servicios no cubiertos correctamente.
2896,2/18/2025,HCE,Consulta anterior no se muestra en el resumen de antecedentes,Enfermeria,Quito,Efectividad,Falla de funcionalidad en el módulo HCE que impide al usuario completar sus tareas de manera precisa y completa.
3169,2/18/2025,App Movil,La app no permite actualizar el numero de contacto del paciente,Paciente,Quito,Efectividad,Restricción de funcionalidad que impide al usuario realizar una acción requerida para completar su tarea.
3421,2/18/2025,HCE,Perdida de la nota de evolucion tras un cierre inesperado de sesion,Enfermeria,Guayaquil,Efectividad,Falla de funcionalidad en el módulo HCE que impide al usuario completar sus tareas de manera precisa y completa.
3802,2/18/2025,Imagenologia,Perdida de calidad en las imagenes al ser visualizadas desde la app,Enfermeria,Cuenca,Satisfacción,Degradación visual que afecta la comodidad y confianza de los médicos al visualizar estudios clínicos desde la app móvil.
1053,2/19/2025,Telemedicina,El chat de la consulta no permite enviar imagenes,Paciente,Quito,Efectividad,Restricción de funcionalidad que impide al usuario realizar una acción requerida para completar su tarea.
1329,2/19/2025,App Movil,El boton de teleconsulta no redirige correctamente a la videollamada,Paciente,Guayaquil,Efectividad,Falla de funcionalidad en el módulo App Movil que impide al usuario completar sus tareas de manera precisa y completa.
1648,2/19/2025,HCE,El sistema no permite adjuntar imagenes de heridas desde la tablet,Medico,Cuenca,Cobertura de Contexto,El sistema presenta limitaciones de portabilidad y compatibilidad al operar en el contexto físico específico de tablets para adjuntar imágenes de heridas.
1677,2/19/2025,Portal Citas,Cita agendada no aparece reflejada en el calendario del especialista,Admision,Cuenca,Efectividad,Falla de funcionalidad en el módulo Portal Citas que impide al usuario completar sus tareas de manera precisa y completa.
2003,2/19/2025,Telemedicina,Calidad de video muy baja pese a tener buena conexion a internet,Medico,Quito,Satisfacción,Mala experiencia sensorial e interactiva durante la teleconsulta que impacta el RNF-05 y la percepción de calidad del servicio.
2561,2/19/2025,Telemedicina,La sesion se cierra automaticamente antes de terminar la consulta,Paciente,Ambato,Efectividad,Falla de funcionalidad en el módulo Telemedicina que impide al usuario completar sus tareas de manera precisa y completa.
2641,2/19/2025,Laboratorio,Codigo de barras de la muestra no es reconocido por el lector,Enfermeria,Ambato,Efectividad,Falla de funcionalidad en el módulo Laboratorio que impide al usuario completar sus tareas de manera precisa y completa.
3295,2/19/2025,Facturacion,Retraso de 21s al procesar el pago con tarjeta de credito,Admision,Guayaquil,Eficiencia,El procesamiento lento del cobro con tarjeta retrasa el flujo de caja y la atención administrativa de admisión.
3470,2/19/2025,App Movil,Consumo elevado de datos moviles al abrir el modulo de citas,Paciente,Guayaquil,Cobertura de Contexto,"Consumo excesivo de ancho de banda móvil, lo que restringe el uso eficiente del sistema en redes celulares de datos (fuera de la intranet del hospital)."
3977,2/19/2025,Facturacion,Nota de credito no se aplica al saldo pendiente del paciente,Admision,Cuenca,Libertad de Riesgo,"Fallas en la aplicación de notas de crédito o reembolsos que distorsionan los estados de cuenta, arriesgando multas tributarias e inconformidad legal."
1313,2/20/2025,Farmacia,Error al registrar la dispensacion de un medicamento controlado,Enfermeria,Guayaquil,Libertad de Riesgo,"Error en el registro de medicamentos regulados, lo que genera riesgos legales, regulatorios y de seguridad en el control de sustancias psicotrópicas."
2952,2/20/2025,App Movil,Consumo elevado de datos moviles al abrir el modulo de citas,Paciente,Ambato,Cobertura de Contexto,"Consumo excesivo de ancho de banda móvil, lo que restringe el uso eficiente del sistema en redes celulares de datos (fuera de la intranet del hospital)."
1643,2/21/2025,Laboratorio,El sistema no permite adjuntar el reporte en PDF del laboratorio externo,Enfermeria,Quito,Efectividad,Restricción de funcionalidad que impide al usuario realizar una acción requerida para completar su tarea.
1940,2/21/2025,Telemedicina,El medico no puede compartir pantalla con resultados de examenes,Paciente,Guayaquil,Efectividad,Falla de funcionalidad en el módulo Telemedicina que impide al usuario completar sus tareas de manera precisa y completa.
2004,2/21/2025,App Movil,El boton de teleconsulta no redirige correctamente a la videollamada,Paciente,Ambato,Efectividad,Falla de funcionalidad en el módulo App Movil que impide al usuario completar sus tareas de manera precisa y completa.
2006,2/21/2025,Imagenologia,Perdida de calidad en las imagenes al ser visualizadas desde la app,Enfermeria,Guayaquil,Satisfacción,Degradación visual que afecta la comodidad y confianza de los médicos al visualizar estudios clínicos desde la app móvil.
2071,2/21/2025,Facturacion,Factura generada con el nombre del paciente incorrecto,Paciente,Manta,Efectividad,Falla de funcionalidad en el módulo Facturacion que impide al usuario completar sus tareas de manera precisa y completa.
2933,2/21/2025,HCE,Datos de otro paciente visibles brevemente al abrir un expediente,Enfermeria,Manta,Libertad de Riesgo,"Fuga de información y violación de la confidencialidad médica (HIPAA/Ley de Protección de Datos), exponiendo datos de otros pacientes."
3873,2/21/2025,Telemedicina,Notificacion de inicio de teleconsulta llega con retraso de 25s,Paciente,Cuenca,Eficiencia,"El sistema presenta tiempos de respuesta elevados que consumen recursos de tiempo innecesarios, degradando la eficiencia del usuario en sus tareas."
3942,2/21/2025,Imagenologia,Las imagenes de rayos X no cargan en el visor DICOM,Medico,Quito,Efectividad,Falla de funcionalidad en el módulo Imagenologia que impide al usuario completar sus tareas de manera precisa y completa.
1024,2/22/2025,HCE,Signos vitales registrados por enfermeria no aparecen en la HCE del medico,Medico,Quito,Efectividad,Falla de funcionalidad en el módulo HCE que impide al usuario completar sus tareas de manera precisa y completa.
2079,2/22/2025,Facturacion,Discrepancia entre el monto facturado y el detalle de servicios,Admision,Cuenca,Libertad de Riesgo,"Errores en el cálculo del copago de seguros o discrepancias de montos facturados, induciendo a pérdidas financieras o reclamaciones legales."
2126,2/22/2025,Portal Citas,Sesion expira antes de finalizar el proceso de agendamiento,Admision,Ambato,Satisfacción,"Mala experiencia de usuario que interrumpe de forma prematura el proceso de compra/agendamiento, forzando a repetir pasos."
2181,2/22/2025,Facturacion,Discrepancia entre el monto facturado y el detalle de servicios,Admision,Guayaquil,Libertad de Riesgo,"Errores en el cálculo del copago de seguros o discrepancias de montos facturados, induciendo a pérdidas financieras o reclamaciones legales."
2242,2/22/2025,App Movil,La app no permite actualizar el numero de contacto del paciente,Paciente,Manta,Efectividad,Restricción de funcionalidad que impide al usuario realizar una acción requerida para completar su tarea.
2615,2/22/2025,Imagenologia,Tiempo de carga de estudios de imagen supera los 20s,Medico,Quito,Eficiencia,La lentitud en la carga y transferencia de archivos DICOM pesados degrada la eficiencia del flujo de trabajo clínico en imagenología.
2956,2/22/2025,HCE,Firma electronica del medico no se valida al cerrar la consulta,Enfermeria,Quito,Efectividad,Falla de funcionalidad en el módulo HCE que impide al usuario completar sus tareas de manera precisa y completa.
2977,2/22/2025,HCE,Perdida de la nota de evolucion tras un cierre inesperado de sesion,Medico,Guayaquil,Efectividad,Falla de funcionalidad en el módulo HCE que impide al usuario completar sus tareas de manera precisa y completa.
1027,2/23/2025,Reportes Gerenciales,El reporte de ocupacion hospitalaria no se actualiza automaticamente,Gerencia,Guayaquil,Efectividad,Inconsistencia en la actualización de datos que impide la visualización correcta de información operativa reciente.
1222,2/23/2025,Portal Citas,El portal muestra disponibilidad para un horario ya ocupado,Paciente,Guayaquil,Efectividad,Falla de funcionalidad en el módulo Portal Citas que impide al usuario completar sus tareas de manera precisa y completa.
1352,2/23/2025,HCE,Receta electronica se genera con la dosis incorrecta tras guardar,Enfermeria,Quito,Libertad de Riesgo,"Riesgo extremo de salud para el paciente al guardar dosis farmacológicas erróneas en la receta electrónica, pudiendo causar sobredosis o inefectividad clínica."
1863,2/23/2025,Farmacia,Inventario del sistema no coincide con el stock fisico del insumo,Farmacia,Quito,Efectividad,Falla de funcionalidad en el módulo Farmacia que impide al usuario completar sus tareas de manera precisa y completa.
1887,2/23/2025,Portal Citas,Boton de confirmar cita no responde en dispositivos moviles,Admision,Quito,Cobertura de Contexto,"Falla de adaptabilidad de la interfaz en el contexto de dispositivos móviles, impidiendo confirmar citas desde pantallas de formatos pequeños."
2633,2/23/2025,Portal Citas,"Formulario confuso, abandono de registro antes de completar la cita",Paciente,Manta,Satisfacción,"Diseño de interfaz de usuario confuso que provoca el abandono del registro, afectando la métrica de satisfacción y facilidad de uso percibida."
2712,2/23/2025,App Movil,Notificaciones push no llegan pese a estar activadas,Paciente,Quito,Efectividad,Falla de funcionalidad en el módulo App Movil que impide al usuario completar sus tareas de manera precisa y completa.
3037,2/23/2025,Farmacia,Error al registrar la dispensacion de un medicamento controlado,Farmacia,Guayaquil,Libertad de Riesgo,"Error en el registro de medicamentos regulados, lo que genera riesgos legales, regulatorios y de seguridad en el control de sustancias psicotrópicas."
3433,2/23/2025,HCE,Datos de otro paciente visibles brevemente al abrir un expediente,Enfermeria,Guayaquil,Libertad de Riesgo,"Fuga de información y violación de la confidencialidad médica (HIPAA/Ley de Protección de Datos), exponiendo datos de otros pacientes."
3774,2/23/2025,Portal Citas,Error al reagendar una cita previamente confirmada,Admision,Cuenca,Efectividad,Falla de funcionalidad en el módulo Portal Citas que impide al usuario completar sus tareas de manera precisa y completa.
3884,2/23/2025,Farmacia,Tiempo de respuesta del modulo de farmacia supera los 31s,Enfermeria,Quito,Eficiencia,"El sistema presenta tiempos de respuesta elevados que consumen recursos de tiempo innecesarios, degradando la eficiencia del usuario en sus tareas."
1497,2/24/2025,Farmacia,Receta electronica llega incompleta desde el modulo de HCE,Farmacia,Quito,Efectividad,Falla de funcionalidad en el módulo Farmacia que impide al usuario completar sus tareas de manera precisa y completa.
1902,2/24/2025,Facturacion,Discrepancia entre el monto facturado y el detalle de servicios,Admision,Ambato,Libertad de Riesgo,"Errores en el cálculo del copago de seguros o discrepancias de montos facturados, induciendo a pérdidas financieras o reclamaciones legales."
1977,2/24/2025,Imagenologia,Las imagenes de rayos X no cargan en el visor DICOM,Enfermeria,Guayaquil,Efectividad,Falla de funcionalidad en el módulo Imagenologia que impide al usuario completar sus tareas de manera precisa y completa.
2283,2/24/2025,Laboratorio,Orden de laboratorio duplicada tras reintentar el envio,Medico,Cuenca,Efectividad,Falla de funcionalidad en el módulo Laboratorio que impide al usuario completar sus tareas de manera precisa y completa.
3389,2/24/2025,Facturacion,Nota de credito no se aplica al saldo pendiente del paciente,Paciente,Cuenca,Libertad de Riesgo,"Fallas en la aplicación de notas de crédito o reembolsos que distorsionan los estados de cuenta, arriesgando multas tributarias e inconformidad legal."
3838,2/24/2025,Laboratorio,Codigo de barras de la muestra no es reconocido por el lector,Medico,Guayaquil,Efectividad,Falla de funcionalidad en el módulo Laboratorio que impide al usuario completar sus tareas de manera precisa y completa.
1184,2/25/2025,HCE,Nota de evolucion tarda 18s en guardarse,Medico,Quito,Eficiencia,"El tiempo de guardado supera los 8 segundos tolerables, violando directamente el requerimiento no funcional RNF-01 de rendimiento del sistema para notas clínicas."
1756,2/25/2025,Portal Citas,Cita agendada no aparece reflejada en el calendario del especialista,Paciente,Cuenca,Efectividad,Falla de funcionalidad en el módulo Portal Citas que impide al usuario completar sus tareas de manera precisa y completa.
1805,2/25/2025,HCE,El campo de diagnostico CIE-10 no permite busqueda por texto,Medico,Quito,Efectividad,Restricción de funcionalidad que impide al usuario realizar una acción requerida para completar su tarea.
2097,2/25/2025,App Movil,Notificaciones push no llegan pese a estar activadas,Paciente,Manta,Efectividad,Falla de funcionalidad en el módulo App Movil que impide al usuario completar sus tareas de manera precisa y completa.
2257,2/25/2025,App Movil,Notificaciones push no llegan pese a estar activadas,Paciente,Ambato,Efectividad,Falla de funcionalidad en el módulo App Movil que impide al usuario completar sus tareas de manera precisa y completa.
2263,2/25/2025,Facturacion,El sistema no reconoce el convenio con la aseguradora,Admision,Quito,Libertad de Riesgo,El no reconocimiento de convenios de aseguradoras genera fricción de cobro y riesgo de pérdidas económicas por servicios no cubiertos correctamente.
2511,2/25/2025,Portal Citas,Notificacion de recordatorio de cita llega con la fecha incorrecta,Paciente,Guayaquil,Efectividad,Falla de funcionalidad en el módulo Portal Citas que impide al usuario completar sus tareas de manera precisa y completa.
2614,2/25/2025,App Movil,Notificaciones push no llegan pese a estar activadas,Paciente,Quito,Efectividad,Falla de funcionalidad en el módulo App Movil que impide al usuario completar sus tareas de manera precisa y completa.
2642,2/25/2025,Farmacia,Tiempo de respuesta del modulo de farmacia supera los 23s,Enfermeria,Ambato,Eficiencia,"El sistema presenta tiempos de respuesta elevados que consumen recursos de tiempo innecesarios, degradando la eficiencia del usuario en sus tareas."
3111,2/25/2025,HCE,Orden medica no se sincroniza con el modulo de farmacia,Enfermeria,Manta,Efectividad,Error de integración funcional que impide la sincronización y actualización del registro médico entre módulos del HIS.
3116,2/25/2025,Portal Citas,Notificacion de recordatorio de cita llega con la fecha incorrecta,Paciente,Manta,Efectividad,Falla de funcionalidad en el módulo Portal Citas que impide al usuario completar sus tareas de manera precisa y completa.
3324,2/25/2025,HCE,Firma electronica del medico no se valida al cerrar la consulta,Enfermeria,Guayaquil,Efectividad,Falla de funcionalidad en el módulo HCE que impide al usuario completar sus tareas de manera precisa y completa.
3473,2/25/2025,HCE,El sistema no permite adjuntar imagenes de heridas desde la tablet,Medico,Guayaquil,Cobertura de Contexto,El sistema presenta limitaciones de portabilidad y compatibilidad al operar en el contexto físico específico de tablets para adjuntar imágenes de heridas.
3585,2/25/2025,App Movil,El boton de teleconsulta no redirige correctamente a la videollamada,Paciente,Quito,Efectividad,Falla de funcionalidad en el módulo App Movil que impide al usuario completar sus tareas de manera precisa y completa.
3718,2/25/2025,App Movil,Version desactualizada del app impide iniciar sesion,Paciente,Manta,Cobertura de Contexto,Incompatibilidad y falta de robustez del sistema cuando se ejecuta en el contexto de sistemas cliente que no cuentan con la última versión de software.
3999,2/25/2025,Farmacia,Inventario del sistema no coincide con el stock fisico del insumo,Farmacia,Cuenca,Efectividad,Falla de funcionalidad en el módulo Farmacia que impide al usuario completar sus tareas de manera precisa y completa.
1160,2/26/2025,HCE,Firma electronica del medico no se valida al cerrar la consulta,Enfermeria,Quito,Efectividad,Falla de funcionalidad en el módulo HCE que impide al usuario completar sus tareas de manera precisa y completa.
1325,2/26/2025,Farmacia,Duplicidad de codigos entre dos presentaciones distintas de un mismo farmaco,Enfermeria,Ambato,Libertad de Riesgo,"La duplicación de códigos de fármacos introduce un riesgo de dispensación errónea en farmacia, comprometiendo la seguridad terapéutica del paciente."
1947,2/26/2025,HCE,El sistema se congela al adjuntar resultados de laboratorio a la HCE,Medico,Ambato,Efectividad,Falla de funcionalidad en el módulo HCE que impide al usuario completar sus tareas de manera precisa y completa.
1965,2/26/2025,Telemedicina,Notificacion de inicio de teleconsulta llega con retraso de 12s,Medico,Manta,Eficiencia,"El sistema presenta tiempos de respuesta elevados que consumen recursos de tiempo innecesarios, degradando la eficiencia del usuario en sus tareas."
2121,2/26/2025,Portal Citas,Error al reagendar una cita previamente confirmada,Admision,Quito,Efectividad,Falla de funcionalidad en el módulo Portal Citas que impide al usuario completar sus tareas de manera precisa y completa.
2133,2/26/2025,HCE,Datos de otro paciente visibles brevemente al abrir un expediente,Medico,Ambato,Libertad de Riesgo,"Fuga de información y violación de la confidencialidad médica (HIPAA/Ley de Protección de Datos), exponiendo datos de otros pacientes."
2192,2/26/2025,Farmacia,Error al registrar la dispensacion de un medicamento controlado,Farmacia,Quito,Libertad de Riesgo,"Error en el registro de medicamentos regulados, lo que genera riesgos legales, regulatorios y de seguridad en el control de sustancias psicotrópicas."
2245,2/26/2025,Laboratorio,El sistema no permite adjuntar el reporte en PDF del laboratorio externo,Enfermeria,Quito,Efectividad,Restricción de funcionalidad que impide al usuario realizar una acción requerida para completar su tarea.
2929,2/26/2025,Portal Citas,Cancelacion de cita no libera el cupo en el calendario,Paciente,Ambato,Efectividad,Falla de funcionalidad en el módulo Portal Citas que impide al usuario completar sus tareas de manera precisa y completa.
3033,2/26/2025,Portal Citas,Cita agendada no aparece reflejada en el calendario del especialista,Paciente,Guayaquil,Efectividad,Falla de funcionalidad en el módulo Portal Citas que impide al usuario completar sus tareas de manera precisa y completa.
3091,2/26/2025,HCE,Tiempo de carga de la ficha clinica supera los 35s en horas pico,Enfermeria,Manta,Eficiencia,La latencia en horas pico para abrir la ficha clínica perjudica la productividad del médico durante la consulta.
1401,2/27/2025,App Movil,La aplicacion se cierra inesperadamente al abrir resultados de laboratorio,Paciente,Manta,Efectividad,"Interrupción abrupta del sistema que impide que el usuario termine el registro de datos, reduciendo la efectividad operativa."
1961,2/27/2025,Facturacion,Factura electronica no llega al correo registrado del paciente,Paciente,Guayaquil,Efectividad,Falla de funcionalidad en el módulo Facturacion que impide al usuario completar sus tareas de manera precisa y completa.
2775,2/27/2025,Telemedicina,El medico no puede compartir pantalla con resultados de examenes,Medico,Guayaquil,Efectividad,Falla de funcionalidad en el módulo Telemedicina que impide al usuario completar sus tareas de manera precisa y completa.
3081,2/27/2025,HCE,Nota de evolucion tarda 31s en guardarse,Enfermeria,Guayaquil,Eficiencia,"El tiempo de guardado supera los 8 segundos tolerables, violando directamente el requerimiento no funcional RNF-01 de rendimiento del sistema para notas clínicas."
3943,2/27/2025,Portal Citas,Cita agendada no aparece reflejada en el calendario del especialista,Paciente,Quito,Efectividad,Falla de funcionalidad en el módulo Portal Citas que impide al usuario completar sus tareas de manera precisa y completa.
1400,2/28/2025,Telemedicina,Grabacion de la consulta no se almacena correctamente,Medico,Manta,Efectividad,Falla de funcionalidad en el módulo Telemedicina que impide al usuario completar sus tareas de manera precisa y completa.
1413,2/28/2025,HCE,El sistema se congela al adjuntar resultados de laboratorio a la HCE,Enfermeria,Quito,Efectividad,Falla de funcionalidad en el módulo HCE que impide al usuario completar sus tareas de manera precisa y completa.
1493,2/28/2025,HCE,Historial de alergias no carga al abrir la ficha del paciente,Medico,Manta,Libertad de Riesgo,"Falla crítica que expone la seguridad del paciente al omitir información vital de alergias, con un alto riesgo de shock anafiláctico o mala praxis."
1839,2/28/2025,Facturacion,Error de calculo en el copago del seguro medico,Paciente,Quito,Libertad de Riesgo,"Errores en el cálculo del copago de seguros o discrepancias de montos facturados, induciendo a pérdidas financieras o reclamaciones legales."
2330,2/28/2025,HCE,Firma electronica del medico no se valida al cerrar la consulta,Medico,Manta,Efectividad,Falla de funcionalidad en el módulo HCE que impide al usuario completar sus tareas de manera precisa y completa.
2345,2/28/2025,HCE,El campo de diagnostico CIE-10 no permite busqueda por texto,Enfermeria,Guayaquil,Efectividad,Restricción de funcionalidad que impide al usuario realizar una acción requerida para completar su tarea.
2391,2/28/2025,Facturacion,Reintento de transaccion genera doble cobro en la tarjeta,Paciente,Quito,Libertad de Riesgo,"Violación del requerimiento no funcional RNF-03 de facturación; genera cobros indebidos en las tarjetas del cliente, comprometiendo la confianza y el riesgo financiero."
2749,2/28/2025,Farmacia,El sistema no descuenta automaticamente el medicamento dispensado,Farmacia,Quito,Efectividad,Falla de funcionalidad en el módulo Farmacia que impide al usuario completar sus tareas de manera precisa y completa.
3016,2/28/2025,HCE,Tiempo de carga de la ficha clinica supera los 31s en horas pico,Medico,Quito,Eficiencia,La latencia en horas pico para abrir la ficha clínica perjudica la productividad del médico durante la consulta.
3099,2/28/2025,HCE,El sistema se congela al adjuntar resultados de laboratorio a la HCE,Medico,Quito,Efectividad,Falla de funcionalidad en el módulo HCE que impide al usuario completar sus tareas de manera precisa y completa.
3222,2/28/2025,Reportes Gerenciales,Exportacion a Excel del reporte gerencial falla de forma intermitente,Gerencia,Ambato,Efectividad,Falla intermitente en las exportaciones o ejecuciones de procesos del sistema que reduce la fiabilidad de las operaciones.
3850,2/28/2025,Reportes Gerenciales,Tiempo de generacion del reporte mensual supera los 31 minutos,Gerencia,Quito,Eficiencia,"Demoras severas en la generación de reportes mensuales de inteligencia de negocio, penalizando la eficiencia en el tiempo de procesamiento y toma de decisiones."
3981,2/28/2025,Portal Citas,Cancelacion de cita no libera el cupo en el calendario,Admision,Cuenca,Efectividad,Falla de funcionalidad en el módulo Portal Citas que impide al usuario completar sus tareas de manera precisa y completa.
1908,3/1/2025,Telemedicina,Audio desincronizado durante la teleconsulta,Medico,Quito,Satisfacción,Mala experiencia sensorial e interactiva durante la teleconsulta que impacta el RNF-05 y la percepción de calidad del servicio.
1996,3/1/2025,Facturacion,Reembolso aprobado no se refleja en el estado de cuenta,Paciente,Manta,Libertad de Riesgo,"Fallas en la aplicación de notas de crédito o reembolsos que distorsionan los estados de cuenta, arriesgando multas tributarias e inconformidad legal."
2268,3/1/2025,Portal Citas,Filtro de especialidad medica no devuelve resultados,Admision,Ambato,Efectividad,Falla de funcionalidad en el módulo Portal Citas que impide al usuario completar sus tareas de manera precisa y completa.
2293,3/1/2025,Laboratorio,Orden de laboratorio duplicada tras reintentar el envio,Medico,Quito,Efectividad,Falla de funcionalidad en el módulo Laboratorio que impide al usuario completar sus tareas de manera precisa y completa.
2418,3/1/2025,Facturacion,Reembolso aprobado no se refleja en el estado de cuenta,Admision,Guayaquil,Libertad de Riesgo,"Fallas en la aplicación de notas de crédito o reembolsos que distorsionan los estados de cuenta, arriesgando multas tributarias e inconformidad legal."
2725,3/1/2025,HCE,El campo de diagnostico CIE-10 no permite busqueda por texto,Medico,Quito,Efectividad,Restricción de funcionalidad que impide al usuario realizar una acción requerida para completar su tarea.
3170,3/1/2025,Telemedicina,El medico no puede compartir pantalla con resultados de examenes,Medico,Ambato,Efectividad,Falla de funcionalidad en el módulo Telemedicina que impide al usuario completar sus tareas de manera precisa y completa.
3605,3/1/2025,App Movil,Consumo elevado de datos moviles al abrir el modulo de citas,Paciente,Manta,Cobertura de Contexto,"Consumo excesivo de ancho de banda móvil, lo que restringe el uso eficiente del sistema en redes celulares de datos (fuera de la intranet del hospital)."
3647,3/1/2025,Reportes Gerenciales,El reporte de ocupacion hospitalaria no se actualiza automaticamente,Gerencia,Quito,Efectividad,Inconsistencia en la actualización de datos que impide la visualización correcta de información operativa reciente.
3716,3/1/2025,Facturacion,Nota de credito no se aplica al saldo pendiente del paciente,Paciente,Quito,Libertad de Riesgo,"Fallas en la aplicación de notas de crédito o reembolsos que distorsionan los estados de cuenta, arriesgando multas tributarias e inconformidad legal."
1278,3/2/2025,Portal Citas,Cita agendada no aparece reflejada en el calendario del especialista,Admision,Guayaquil,Efectividad,Falla de funcionalidad en el módulo Portal Citas que impide al usuario completar sus tareas de manera precisa y completa.
1307,3/2/2025,Telemedicina,Calidad de video muy baja pese a tener buena conexion a internet,Medico,Manta,Satisfacción,Mala experiencia sensorial e interactiva durante la teleconsulta que impacta el RNF-05 y la percepción de calidad del servicio.
1754,3/2/2025,Farmacia,Receta electronica llega incompleta desde el modulo de HCE,Enfermeria,Quito,Efectividad,Falla de funcionalidad en el módulo Farmacia que impide al usuario completar sus tareas de manera precisa y completa.
2320,3/2/2025,Farmacia,El sistema bloquea la dispensacion sin mostrar el motivo,Enfermeria,Cuenca,Satisfacción,La falta de mensajes informativos claros y feedback del sistema incrementa la incertidumbre y frustración del operario farmacéutico.
2991,3/2/2025,Facturacion,Reembolso aprobado no se refleja en el estado de cuenta,Admision,Manta,Libertad de Riesgo,"Fallas en la aplicación de notas de crédito o reembolsos que distorsionan los estados de cuenta, arriesgando multas tributarias e inconformidad legal."
3839,3/2/2025,HCE,Duplicado de historia clinica al registrar un paciente ya existente,Enfermeria,Quito,Libertad de Riesgo,"Riesgo de seguridad clínica debido a la fragmentación de la información de salud del paciente, lo que puede inducir a diagnósticos y tratamientos erróneos."
1250,3/3/2025,Farmacia,Tiempo de respuesta del modulo de farmacia supera los 26s,Farmacia,Cuenca,Eficiencia,"El sistema presenta tiempos de respuesta elevados que consumen recursos de tiempo innecesarios, degradando la eficiencia del usuario en sus tareas."
1268,3/3/2025,HCE,Firma electronica del medico no se valida al cerrar la consulta,Medico,Guayaquil,Efectividad,Falla de funcionalidad en el módulo HCE que impide al usuario completar sus tareas de manera precisa y completa.
1410,3/3/2025,HCE,Orden medica no se sincroniza con el modulo de farmacia,Medico,Guayaquil,Efectividad,Error de integración funcional que impide la sincronización y actualización del registro médico entre módulos del HIS.
2125,3/3/2025,Facturacion,Reintento de transaccion genera doble cobro en la tarjeta,Paciente,Guayaquil,Libertad de Riesgo,"Violación del requerimiento no funcional RNF-03 de facturación; genera cobros indebidos en las tarjetas del cliente, comprometiendo la confianza y el riesgo financiero."
2215,3/3/2025,HCE,El sistema se congela al adjuntar resultados de laboratorio a la HCE,Enfermeria,Manta,Efectividad,Falla de funcionalidad en el módulo HCE que impide al usuario completar sus tareas de manera precisa y completa.
2281,3/3/2025,Portal Citas,El pago del bono de consulta no se refleja tras completarlo,Paciente,Quito,Libertad de Riesgo,Inconsistencia financiera en los cobros o transacciones del sistema que infringe las normativas contables y expone al hospital a pérdidas económicas.
2693,3/3/2025,Facturacion,El sistema no permite anular una factura emitida por error,Paciente,Ambato,Efectividad,Restricción de funcionalidad que impide al usuario realizar una acción requerida para completar su tarea.
2940,3/3/2025,Facturacion,Reintento de transaccion genera doble cobro en la tarjeta,Admision,Ambato,Libertad de Riesgo,"Violación del requerimiento no funcional RNF-03 de facturación; genera cobros indebidos en las tarjetas del cliente, comprometiendo la confianza y el riesgo financiero."
3041,3/3/2025,Facturacion,Nota de credito no se aplica al saldo pendiente del paciente,Paciente,Guayaquil,Libertad de Riesgo,"Fallas en la aplicación de notas de crédito o reembolsos que distorsionan los estados de cuenta, arriesgando multas tributarias e inconformidad legal."
3070,3/3/2025,Portal Citas,El sistema no envia la confirmacion por correo electronico,Admision,Guayaquil,Efectividad,Falla funcional que impide completar la tarea de confirmación de cita al paciente por canal de correo electrónico.
3493,3/3/2025,Imagenologia,Perdida de calidad en las imagenes al ser visualizadas desde la app,Medico,Quito,Satisfacción,Degradación visual que afecta la comodidad y confianza de los médicos al visualizar estudios clínicos desde la app móvil.
3591,3/3/2025,App Movil,El boton de teleconsulta no redirige correctamente a la videollamada,Paciente,Quito,Efectividad,Falla de funcionalidad en el módulo App Movil que impide al usuario completar sus tareas de manera precisa y completa.
3854,3/3/2025,Facturacion,Factura duplicada al reintentar pago,Admision,Cuenca,Libertad de Riesgo,"Violación del requerimiento no funcional RNF-03 de facturación; genera cobros indebidos en las tarjetas del cliente, comprometiendo la confianza y el riesgo financiero."
3987,3/3/2025,Imagenologia,Las imagenes de rayos X no cargan en el visor DICOM,Enfermeria,Manta,Efectividad,Falla de funcionalidad en el módulo Imagenologia que impide al usuario completar sus tareas de manera precisa y completa.
1498,3/4/2025,Farmacia,El sistema bloquea la dispensacion sin mostrar el motivo,Farmacia,Manta,Satisfacción,La falta de mensajes informativos claros y feedback del sistema incrementa la incertidumbre y frustración del operario farmacéutico.
1810,3/4/2025,HCE,Perdida de la nota de evolucion tras un cierre inesperado de sesion,Medico,Quito,Efectividad,Falla de funcionalidad en el módulo HCE que impide al usuario completar sus tareas de manera precisa y completa.
2197,3/4/2025,Facturacion,Discrepancia entre el monto facturado y el detalle de servicios,Admision,Ambato,Libertad de Riesgo,"Errores en el cálculo del copago de seguros o discrepancias de montos facturados, induciendo a pérdidas financieras o reclamaciones legales."
2787,3/4/2025,Facturacion,El sistema no permite anular una factura emitida por error,Paciente,Cuenca,Efectividad,Restricción de funcionalidad que impide al usuario realizar una acción requerida para completar su tarea.
2997,3/4/2025,Portal Citas,Boton de confirmar cita no responde en dispositivos moviles,Paciente,Cuenca,Cobertura de Contexto,"Falla de adaptabilidad de la interfaz en el contexto de dispositivos móviles, impidiendo confirmar citas desde pantallas de formatos pequeños."
3532,3/4/2025,Laboratorio,Codigo de barras de la muestra no es reconocido por el lector,Enfermeria,Quito,Efectividad,Falla de funcionalidad en el módulo Laboratorio que impide al usuario completar sus tareas de manera precisa y completa.
3730,3/4/2025,HCE,Duplicado de historia clinica al registrar un paciente ya existente,Enfermeria,Guayaquil,Libertad de Riesgo,"Riesgo de seguridad clínica debido a la fragmentación de la información de salud del paciente, lo que puede inducir a diagnósticos y tratamientos erróneos."
3790,3/4/2025,App Movil,Version desactualizada del app impide iniciar sesion,Paciente,Ambato,Cobertura de Contexto,Incompatibilidad y falta de robustez del sistema cuando se ejecuta en el contexto de sistemas cliente que no cuentan con la última versión de software.
1655,3/5/2025,Telemedicina,El medico no puede compartir pantalla con resultados de examenes,Paciente,Quito,Efectividad,Falla de funcionalidad en el módulo Telemedicina que impide al usuario completar sus tareas de manera precisa y completa.
2769,3/5/2025,Facturacion,Error de calculo en el copago del seguro medico,Paciente,Guayaquil,Libertad de Riesgo,"Errores en el cálculo del copago de seguros o discrepancias de montos facturados, induciendo a pérdidas financieras o reclamaciones legales."
3027,3/5/2025,Facturacion,Retraso de 15s al procesar el pago con tarjeta de credito,Paciente,Quito,Eficiencia,El procesamiento lento del cobro con tarjeta retrasa el flujo de caja y la atención administrativa de admisión.
3465,3/5/2025,HCE,El sistema se congela al adjuntar resultados de laboratorio a la HCE,Enfermeria,Ambato,Efectividad,Falla de funcionalidad en el módulo HCE que impide al usuario completar sus tareas de manera precisa y completa.
3763,3/5/2025,HCE,Perdida de la nota de evolucion tras un cierre inesperado de sesion,Enfermeria,Manta,Efectividad,Falla de funcionalidad en el módulo HCE que impide al usuario completar sus tareas de manera precisa y completa.
1128,3/6/2025,HCE,El sistema se congela al adjuntar resultados de laboratorio a la HCE,Medico,Quito,Efectividad,Falla de funcionalidad en el módulo HCE que impide al usuario completar sus tareas de manera precisa y completa.
1342,3/6/2025,HCE,Signos vitales registrados por enfermeria no aparecen en la HCE del medico,Enfermeria,Quito,Efectividad,Falla de funcionalidad en el módulo HCE que impide al usuario completar sus tareas de manera precisa y completa.
1773,3/6/2025,Portal Citas,El sistema no envia la confirmacion por correo electronico,Paciente,Quito,Efectividad,Falla funcional que impide completar la tarea de confirmación de cita al paciente por canal de correo electrónico.
1841,3/6/2025,Facturacion,Nota de credito no se aplica al saldo pendiente del paciente,Paciente,Ambato,Libertad de Riesgo,"Fallas en la aplicación de notas de crédito o reembolsos que distorsionan los estados de cuenta, arriesgando multas tributarias e inconformidad legal."
2140,3/6/2025,App Movil,El inicio de sesion con biometria falla de forma intermitente,Paciente,Quito,Satisfacción,La inestabilidad en el inicio biométrico genera frustración y reduce la confianza y comodidad del usuario al acceder al aplicativo móvil.
2394,3/6/2025,Reportes Gerenciales,Tiempo de generacion del reporte mensual supera los 35 minutos,Gerencia,Ambato,Eficiencia,"Demoras severas en la generación de reportes mensuales de inteligencia de negocio, penalizando la eficiencia en el tiempo de procesamiento y toma de decisiones."
2893,3/6/2025,Facturacion,Reembolso aprobado no se refleja en el estado de cuenta,Admision,Cuenca,Libertad de Riesgo,"Fallas en la aplicación de notas de crédito o reembolsos que distorsionan los estados de cuenta, arriesgando multas tributarias e inconformidad legal."
3246,3/6/2025,Farmacia,Duplicidad de codigos entre dos presentaciones distintas de un mismo farmaco,Farmacia,Quito,Libertad de Riesgo,"La duplicación de códigos de fármacos introduce un riesgo de dispensación errónea en farmacia, comprometiendo la seguridad terapéutica del paciente."
3310,3/6/2025,Farmacia,Error al registrar la dispensacion de un medicamento controlado,Enfermeria,Guayaquil,Libertad de Riesgo,"Error en el registro de medicamentos regulados, lo que genera riesgos legales, regulatorios y de seguridad en el control de sustancias psicotrópicas."
3386,3/6/2025,Telemedicina,Calidad de video muy baja pese a tener buena conexion a internet,Medico,Guayaquil,Satisfacción,Mala experiencia sensorial e interactiva durante la teleconsulta que impacta el RNF-05 y la percepción de calidad del servicio.
3944,3/6/2025,Portal Citas,El sistema no envia la confirmacion por correo electronico,Paciente,Guayaquil,Efectividad,Falla funcional que impide completar la tarea de confirmación de cita al paciente por canal de correo electrónico.
2028,3/7/2025,HCE,Receta electronica se genera con la dosis incorrecta tras guardar,Medico,Quito,Libertad de Riesgo,"Riesgo extremo de salud para el paciente al guardar dosis farmacológicas erróneas en la receta electrónica, pudiendo causar sobredosis o inefectividad clínica."
2417,3/7/2025,Facturacion,Factura duplicada al reintentar pago,Paciente,Cuenca,Libertad de Riesgo,"Violación del requerimiento no funcional RNF-03 de facturación; genera cobros indebidos en las tarjetas del cliente, comprometiendo la confianza y el riesgo financiero."
2424,3/7/2025,App Movil,El boton de teleconsulta no redirige correctamente a la videollamada,Paciente,Ambato,Efectividad,Falla de funcionalidad en el módulo App Movil que impide al usuario completar sus tareas de manera precisa y completa.
2684,3/7/2025,Portal Citas,Sesion expira antes de finalizar el proceso de agendamiento,Paciente,Quito,Satisfacción,"Mala experiencia de usuario que interrumpe de forma prematura el proceso de compra/agendamiento, forzando a repetir pasos."
3803,3/7/2025,Portal Citas,El sistema no envia la confirmacion por correo electronico,Admision,Guayaquil,Efectividad,Falla funcional que impide completar la tarea de confirmación de cita al paciente por canal de correo electrónico.
1637,3/8/2025,Facturacion,Nota de credito no se aplica al saldo pendiente del paciente,Admision,Manta,Libertad de Riesgo,"Fallas en la aplicación de notas de crédito o reembolsos que distorsionan los estados de cuenta, arriesgando multas tributarias e inconformidad legal."
1870,3/8/2025,Portal Citas,"Formulario confuso, abandono de registro antes de completar la cita",Admision,Quito,Satisfacción,"Diseño de interfaz de usuario confuso que provoca el abandono del registro, afectando la métrica de satisfacción y facilidad de uso percibida."
2291,3/8/2025,HCE,El sistema se congela al adjuntar resultados de laboratorio a la HCE,Enfermeria,Quito,Efectividad,Falla de funcionalidad en el módulo HCE que impide al usuario completar sus tareas de manera precisa y completa.
2904,3/8/2025,Portal Citas,Sesion expira antes de finalizar el proceso de agendamiento,Admision,Cuenca,Satisfacción,"Mala experiencia de usuario que interrumpe de forma prematura el proceso de compra/agendamiento, forzando a repetir pasos."
3515,3/8/2025,Farmacia,Duplicidad de codigos entre dos presentaciones distintas de un mismo farmaco,Enfermeria,Quito,Libertad de Riesgo,"La duplicación de códigos de fármacos introduce un riesgo de dispensación errónea en farmacia, comprometiendo la seguridad terapéutica del paciente."
3534,3/8/2025,Portal Citas,Doble reserva de un mismo cupo por dos pacientes distintos,Paciente,Cuenca,Libertad de Riesgo,"Doble agendamiento de un mismo cupo que genera sobreventa de citas, colapso de agenda de especialistas y multas o insatisfacción comercial."
3725,3/8/2025,HCE,El campo de diagnostico CIE-10 no permite busqueda por texto,Medico,Guayaquil,Efectividad,Restricción de funcionalidad que impide al usuario realizar una acción requerida para completar su tarea.
2360,3/9/2025,App Movil,Consumo elevado de datos moviles al abrir el modulo de citas,Paciente,Quito,Cobertura de Contexto,"Consumo excesivo de ancho de banda móvil, lo que restringe el uso eficiente del sistema en redes celulares de datos (fuera de la intranet del hospital)."
2495,3/9/2025,Facturacion,Nota de credito no se aplica al saldo pendiente del paciente,Admision,Guayaquil,Libertad de Riesgo,"Fallas en la aplicación de notas de crédito o reembolsos que distorsionan los estados de cuenta, arriesgando multas tributarias e inconformidad legal."
2813,3/9/2025,HCE,Tiempo de carga de la ficha clinica supera los 18s en horas pico,Enfermeria,Manta,Eficiencia,La latencia en horas pico para abrir la ficha clínica perjudica la productividad del médico durante la consulta.
3207,3/9/2025,Portal Citas,Notificacion de recordatorio de cita llega con la fecha incorrecta,Admision,Cuenca,Efectividad,Falla de funcionalidad en el módulo Portal Citas que impide al usuario completar sus tareas de manera precisa y completa.
3423,3/9/2025,Facturacion,Nota de credito no se aplica al saldo pendiente del paciente,Paciente,Guayaquil,Libertad de Riesgo,"Fallas en la aplicación de notas de crédito o reembolsos que distorsionan los estados de cuenta, arriesgando multas tributarias e inconformidad legal."
3512,3/9/2025,HCE,Signos vitales registrados por enfermeria no aparecen en la HCE del medico,Enfermeria,Cuenca,Efectividad,Falla de funcionalidad en el módulo HCE que impide al usuario completar sus tareas de manera precisa y completa.
3528,3/9/2025,Portal Citas,Cita agendada no aparece reflejada en el calendario del especialista,Paciente,Quito,Efectividad,Falla de funcionalidad en el módulo Portal Citas que impide al usuario completar sus tareas de manera precisa y completa.
3639,3/9/2025,Telemedicina,Notificacion de inicio de teleconsulta llega con retraso de 31s,Paciente,Cuenca,Eficiencia,"El sistema presenta tiempos de respuesta elevados que consumen recursos de tiempo innecesarios, degradando la eficiencia del usuario en sus tareas."
3953,3/9/2025,Farmacia,Duplicidad de codigos entre dos presentaciones distintas de un mismo farmaco,Enfermeria,Quito,Libertad de Riesgo,"La duplicación de códigos de fármacos introduce un riesgo de dispensación errónea en farmacia, comprometiendo la seguridad terapéutica del paciente."
1172,3/10/2025,Laboratorio,Resultado de examen de laboratorio no se sincroniza con la HCE,Enfermeria,Quito,Efectividad,Error de integración funcional que impide la sincronización y actualización del registro médico entre módulos del HIS.
1774,3/10/2025,Telemedicina,Grabacion de la consulta no se almacena correctamente,Paciente,Guayaquil,Efectividad,Falla de funcionalidad en el módulo Telemedicina que impide al usuario completar sus tareas de manera precisa y completa.
1953,3/10/2025,Portal Citas,Tiempo de espera en el portal supera los 24s en horas pico,Admision,Cuenca,Eficiencia,"El sistema presenta tiempos de respuesta elevados que consumen recursos de tiempo innecesarios, degradando la eficiencia del usuario en sus tareas."
2312,3/10/2025,Portal Citas,Sesion expira antes de finalizar el proceso de agendamiento,Admision,Quito,Satisfacción,"Mala experiencia de usuario que interrumpe de forma prematura el proceso de compra/agendamiento, forzando a repetir pasos."
2390,3/10/2025,HCE,El campo de diagnostico CIE-10 no permite busqueda por texto,Enfermeria,Guayaquil,Efectividad,Restricción de funcionalidad que impide al usuario realizar una acción requerida para completar su tarea.
2656,3/10/2025,Portal Citas,Doble reserva de un mismo cupo por dos pacientes distintos,Paciente,Ambato,Libertad de Riesgo,"Doble agendamiento de un mismo cupo que genera sobreventa de citas, colapso de agenda de especialistas y multas o insatisfacción comercial."
2819,3/10/2025,Laboratorio,Resultado de examen de laboratorio no se sincroniza con la HCE,Enfermeria,Manta,Efectividad,Error de integración funcional que impide la sincronización y actualización del registro médico entre módulos del HIS.
3742,3/10/2025,Portal Citas,Cancelacion de cita no libera el cupo en el calendario,Paciente,Cuenca,Efectividad,Falla de funcionalidad en el módulo Portal Citas que impide al usuario completar sus tareas de manera precisa y completa.
2018,3/11/2025,Portal Citas,"Formulario confuso, abandono de registro antes de completar la cita",Paciente,Guayaquil,Satisfacción,"Diseño de interfaz de usuario confuso que provoca el abandono del registro, afectando la métrica de satisfacción y facilidad de uso percibida."
2052,3/11/2025,HCE,Alerta de interaccion medicamentosa no se despliega correctamente,Enfermeria,Manta,Libertad de Riesgo,El fallo en el despliegue de alertas de interacción farmacológica pone en riesgo inminente la salud del paciente ante combinaciones letales.
2343,3/11/2025,HCE,Alerta de interaccion medicamentosa no se despliega correctamente,Medico,Quito,Libertad de Riesgo,El fallo en el despliegue de alertas de interacción farmacológica pone en riesgo inminente la salud del paciente ante combinaciones letales.
2581,3/11/2025,Reportes Gerenciales,Tiempo de generacion del reporte mensual supera los 27 minutos,Gerencia,Ambato,Eficiencia,"Demoras severas en la generación de reportes mensuales de inteligencia de negocio, penalizando la eficiencia en el tiempo de procesamiento y toma de decisiones."
3344,3/11/2025,Portal Citas,El portal muestra disponibilidad para un horario ya ocupado,Paciente,Cuenca,Efectividad,Falla de funcionalidad en el módulo Portal Citas que impide al usuario completar sus tareas de manera precisa y completa.
3417,3/11/2025,Portal Citas,Usuario no logra agendar tras 2 intentos,Paciente,Cuenca,Satisfacción,"Incapacidad del usuario de lograr su meta tras múltiples intentos, violando el RNF-02 y provocando un alto nivel de frustración."
3460,3/11/2025,Imagenologia,Tiempo de carga de estudios de imagen supera los 14s,Medico,Quito,Eficiencia,La lentitud en la carga y transferencia de archivos DICOM pesados degrada la eficiencia del flujo de trabajo clínico en imagenología.
1781,3/12/2025,Imagenologia,Perdida de calidad en las imagenes al ser visualizadas desde la app,Medico,Quito,Satisfacción,Degradación visual que afecta la comodidad y confianza de los médicos al visualizar estudios clínicos desde la app móvil.
3651,3/12/2025,Portal Citas,El sistema no envia la confirmacion por correo electronico,Admision,Guayaquil,Efectividad,Falla funcional que impide completar la tarea de confirmación de cita al paciente por canal de correo electrónico.
2247,3/13/2025,Telemedicina,El chat de la consulta no permite enviar imagenes,Paciente,Quito,Efectividad,Restricción de funcionalidad que impide al usuario realizar una acción requerida para completar su tarea.
2329,3/13/2025,Facturacion,Factura generada con el nombre del paciente incorrecto,Admision,Ambato,Efectividad,Falla de funcionalidad en el módulo Facturacion que impide al usuario completar sus tareas de manera precisa y completa.
2823,3/13/2025,HCE,El campo de diagnostico CIE-10 no permite busqueda por texto,Enfermeria,Guayaquil,Efectividad,Restricción de funcionalidad que impide al usuario realizar una acción requerida para completar su tarea.
2877,3/13/2025,Facturacion,Error de calculo en el copago del seguro medico,Paciente,Quito,Libertad de Riesgo,"Errores en el cálculo del copago de seguros o discrepancias de montos facturados, induciendo a pérdidas financieras o reclamaciones legales."
1040,3/14/2025,HCE,Consulta anterior no se muestra en el resumen de antecedentes,Medico,Quito,Efectividad,Falla de funcionalidad en el módulo HCE que impide al usuario completar sus tareas de manera precisa y completa.
1266,3/14/2025,HCE,El sistema se congela al adjuntar resultados de laboratorio a la HCE,Medico,Guayaquil,Efectividad,Falla de funcionalidad en el módulo HCE que impide al usuario completar sus tareas de manera precisa y completa.
1701,3/14/2025,Facturacion,Factura duplicada al reintentar pago,Admision,Guayaquil,Libertad de Riesgo,"Violación del requerimiento no funcional RNF-03 de facturación; genera cobros indebidos en las tarjetas del cliente, comprometiendo la confianza y el riesgo financiero."
1804,3/14/2025,HCE,Orden medica no se sincroniza con el modulo de farmacia,Enfermeria,Quito,Efectividad,Error de integración funcional que impide la sincronización y actualización del registro médico entre módulos del HIS.
2146,3/14/2025,HCE,Orden medica no se sincroniza con el modulo de farmacia,Medico,Quito,Efectividad,Error de integración funcional que impide la sincronización y actualización del registro médico entre módulos del HIS.
2476,3/14/2025,Farmacia,El sistema no descuenta automaticamente el medicamento dispensado,Farmacia,Guayaquil,Efectividad,Falla de funcionalidad en el módulo Farmacia que impide al usuario completar sus tareas de manera precisa y completa.
2571,3/14/2025,Farmacia,Tiempo de respuesta del modulo de farmacia supera los 14s,Enfermeria,Quito,Eficiencia,"El sistema presenta tiempos de respuesta elevados que consumen recursos de tiempo innecesarios, degradando la eficiencia del usuario en sus tareas."
2681,3/14/2025,Farmacia,Inventario del sistema no coincide con el stock fisico del insumo,Enfermeria,Manta,Efectividad,Falla de funcionalidad en el módulo Farmacia que impide al usuario completar sus tareas de manera precisa y completa.
2842,3/14/2025,Portal Citas,El portal muestra disponibilidad para un horario ya ocupado,Paciente,Guayaquil,Efectividad,Falla de funcionalidad en el módulo Portal Citas que impide al usuario completar sus tareas de manera precisa y completa.
3248,3/14/2025,Facturacion,Factura electronica no llega al correo registrado del paciente,Admision,Quito,Efectividad,Falla de funcionalidad en el módulo Facturacion que impide al usuario completar sus tareas de manera precisa y completa.
3254,3/14/2025,Telemedicina,Calidad de video muy baja pese a tener buena conexion a internet,Paciente,Quito,Satisfacción,Mala experiencia sensorial e interactiva durante la teleconsulta que impacta el RNF-05 y la percepción de calidad del servicio.
3589,3/14/2025,Portal Citas,Usuario no logra agendar tras 3 intentos,Admision,Ambato,Satisfacción,"Incapacidad del usuario de lograr su meta tras múltiples intentos, violando el RNF-02 y provocando un alto nivel de frustración."
3616,3/14/2025,Facturacion,Factura generada con el nombre del paciente incorrecto,Admision,Manta,Efectividad,Falla de funcionalidad en el módulo Facturacion que impide al usuario completar sus tareas de manera precisa y completa.
3733,3/14/2025,HCE,Perdida de la nota de evolucion tras un cierre inesperado de sesion,Medico,Quito,Efectividad,Falla de funcionalidad en el módulo HCE que impide al usuario completar sus tareas de manera precisa y completa.
1201,3/15/2025,HCE,Signos vitales registrados por enfermeria no aparecen en la HCE del medico,Medico,Quito,Efectividad,Falla de funcionalidad en el módulo HCE que impide al usuario completar sus tareas de manera precisa y completa.
1283,3/15/2025,Portal Citas,Tiempo de espera en el portal supera los 18s en horas pico,Paciente,Guayaquil,Eficiencia,"El sistema presenta tiempos de respuesta elevados que consumen recursos de tiempo innecesarios, degradando la eficiencia del usuario en sus tareas."
1646,3/15/2025,Telemedicina,Notificacion de inicio de teleconsulta llega con retraso de 28s,Paciente,Cuenca,Eficiencia,"El sistema presenta tiempos de respuesta elevados que consumen recursos de tiempo innecesarios, degradando la eficiencia del usuario en sus tareas."
2829,3/15/2025,Telemedicina,Notificacion de inicio de teleconsulta llega con retraso de 11s,Paciente,Cuenca,Eficiencia,"El sistema presenta tiempos de respuesta elevados que consumen recursos de tiempo innecesarios, degradando la eficiencia del usuario en sus tareas."
3380,3/15/2025,Imagenologia,Perdida de calidad en las imagenes al ser visualizadas desde la app,Enfermeria,Quito,Satisfacción,Degradación visual que afecta la comodidad y confianza de los médicos al visualizar estudios clínicos desde la app móvil.
1247,3/16/2025,HCE,Historial de alergias no carga al abrir la ficha del paciente,Medico,Cuenca,Libertad de Riesgo,"Falla crítica que expone la seguridad del paciente al omitir información vital de alergias, con un alto riesgo de shock anafiláctico o mala praxis."
1256,3/16/2025,Farmacia,El sistema no descuenta automaticamente el medicamento dispensado,Enfermeria,Ambato,Efectividad,Falla de funcionalidad en el módulo Farmacia que impide al usuario completar sus tareas de manera precisa y completa.
1475,3/16/2025,Farmacia,Inventario del sistema no coincide con el stock fisico del insumo,Enfermeria,Quito,Efectividad,Falla de funcionalidad en el módulo Farmacia que impide al usuario completar sus tareas de manera precisa y completa.
1651,3/16/2025,HCE,El sistema se congela al adjuntar resultados de laboratorio a la HCE,Medico,Guayaquil,Efectividad,Falla de funcionalidad en el módulo HCE que impide al usuario completar sus tareas de manera precisa y completa.
2019,3/16/2025,Imagenologia,Las imagenes de rayos X no cargan en el visor DICOM,Medico,Guayaquil,Efectividad,Falla de funcionalidad en el módulo Imagenologia que impide al usuario completar sus tareas de manera precisa y completa.
2132,3/16/2025,HCE,Nota de evolucion tarda 35s en guardarse,Enfermeria,Ambato,Eficiencia,"El tiempo de guardado supera los 8 segundos tolerables, violando directamente el requerimiento no funcional RNF-01 de rendimiento del sistema para notas clínicas."
2318,3/16/2025,HCE,Tiempo de carga de la ficha clinica supera los 23s en horas pico,Medico,Ambato,Eficiencia,La latencia en horas pico para abrir la ficha clínica perjudica la productividad del médico durante la consulta.
2432,3/16/2025,Portal Citas,Cita agendada no aparece reflejada en el calendario del especialista,Paciente,Ambato,Efectividad,Falla de funcionalidad en el módulo Portal Citas que impide al usuario completar sus tareas de manera precisa y completa.
2557,3/16/2025,Facturacion,Reintento de transaccion genera doble cobro en la tarjeta,Admision,Cuenca,Libertad de Riesgo,"Violación del requerimiento no funcional RNF-03 de facturación; genera cobros indebidos en las tarjetas del cliente, comprometiendo la confianza y el riesgo financiero."
2916,3/16/2025,Facturacion,Nota de credito no se aplica al saldo pendiente del paciente,Paciente,Guayaquil,Libertad de Riesgo,"Fallas en la aplicación de notas de crédito o reembolsos que distorsionan los estados de cuenta, arriesgando multas tributarias e inconformidad legal."
2296,3/17/2025,Facturacion,Nota de credito no se aplica al saldo pendiente del paciente,Paciente,Quito,Libertad de Riesgo,"Fallas en la aplicación de notas de crédito o reembolsos que distorsionan los estados de cuenta, arriesgando multas tributarias e inconformidad legal."
2427,3/17/2025,HCE,Consulta anterior no se muestra en el resumen de antecedentes,Enfermeria,Cuenca,Efectividad,Falla de funcionalidad en el módulo HCE que impide al usuario completar sus tareas de manera precisa y completa.
3077,3/17/2025,Portal Citas,Doble reserva de un mismo cupo por dos pacientes distintos,Paciente,Quito,Libertad de Riesgo,"Doble agendamiento de un mismo cupo que genera sobreventa de citas, colapso de agenda de especialistas y multas o insatisfacción comercial."
3267,3/17/2025,HCE,Nota de evolucion tarda 19s en guardarse,Medico,Quito,Eficiencia,"El tiempo de guardado supera los 8 segundos tolerables, violando directamente el requerimiento no funcional RNF-01 de rendimiento del sistema para notas clínicas."
3869,3/17/2025,Farmacia,El sistema bloquea la dispensacion sin mostrar el motivo,Enfermeria,Quito,Satisfacción,La falta de mensajes informativos claros y feedback del sistema incrementa la incertidumbre y frustración del operario farmacéutico.
3903,3/17/2025,Telemedicina,Videollamada se corta a los 2 minutos,Paciente,Quito,Cobertura de Contexto,"Falta de resiliencia del canal de comunicación ante variaciones en la conectividad del usuario, interrumpiendo la sesión de teleconsulta en producción."
1264,3/18/2025,Telemedicina,El medico no puede compartir pantalla con resultados de examenes,Paciente,Ambato,Efectividad,Falla de funcionalidad en el módulo Telemedicina que impide al usuario completar sus tareas de manera precisa y completa.
2087,3/18/2025,Portal Citas,Cancelacion de cita no libera el cupo en el calendario,Admision,Manta,Efectividad,Falla de funcionalidad en el módulo Portal Citas que impide al usuario completar sus tareas de manera precisa y completa.
2792,3/18/2025,Reportes Gerenciales,Tiempo de generacion del reporte mensual supera los 34 minutos,Gerencia,Guayaquil,Eficiencia,"Demoras severas en la generación de reportes mensuales de inteligencia de negocio, penalizando la eficiencia en el tiempo de procesamiento y toma de decisiones."
2909,3/18/2025,HCE,El campo de diagnostico CIE-10 no permite busqueda por texto,Enfermeria,Cuenca,Efectividad,Restricción de funcionalidad que impide al usuario realizar una acción requerida para completar su tarea.
3067,3/18/2025,Facturacion,El sistema no reconoce el convenio con la aseguradora,Admision,Ambato,Libertad de Riesgo,El no reconocimiento de convenios de aseguradoras genera fricción de cobro y riesgo de pérdidas económicas por servicios no cubiertos correctamente.
3783,3/18/2025,Telemedicina,Videollamada se corta a los 3 minutos,Medico,Guayaquil,Cobertura de Contexto,"Falta de resiliencia del canal de comunicación ante variaciones en la conectividad del usuario, interrumpiendo la sesión de teleconsulta en producción."
3880,3/18/2025,Portal Citas,El pago del bono de consulta no se refleja tras completarlo,Paciente,Manta,Libertad de Riesgo,Inconsistencia financiera en los cobros o transacciones del sistema que infringe las normativas contables y expone al hospital a pérdidas económicas.
1045,3/19/2025,HCE,Signos vitales registrados por enfermeria no aparecen en la HCE del medico,Enfermeria,Ambato,Efectividad,Falla de funcionalidad en el módulo HCE que impide al usuario completar sus tareas de manera precisa y completa.
1059,3/19/2025,Portal Citas,Tiempo de espera en el portal supera los 21s en horas pico,Paciente,Ambato,Eficiencia,"El sistema presenta tiempos de respuesta elevados que consumen recursos de tiempo innecesarios, degradando la eficiencia del usuario en sus tareas."
1098,3/19/2025,Farmacia,Inventario del sistema no coincide con el stock fisico del insumo,Farmacia,Quito,Efectividad,Falla de funcionalidad en el módulo Farmacia que impide al usuario completar sus tareas de manera precisa y completa.
1186,3/19/2025,Telemedicina,Videollamada se corta a los 3 minutos,Medico,Quito,Cobertura de Contexto,"Falta de resiliencia del canal de comunicación ante variaciones en la conectividad del usuario, interrumpiendo la sesión de teleconsulta en producción."
2234,3/19/2025,HCE,El sistema se congela al adjuntar resultados de laboratorio a la HCE,Medico,Cuenca,Efectividad,Falla de funcionalidad en el módulo HCE que impide al usuario completar sus tareas de manera precisa y completa.
2587,3/19/2025,Farmacia,Alerta de vencimiento de lote no se muestra en el modulo,Enfermeria,Ambato,Libertad de Riesgo,Omitir la alerta de vencimiento de lotes farmacéuticos puede llevar a la administración de medicamentos caducados a los pacientes.
2698,3/19/2025,App Movil,Version desactualizada del app impide iniciar sesion,Paciente,Ambato,Cobertura de Contexto,Incompatibilidad y falta de robustez del sistema cuando se ejecuta en el contexto de sistemas cliente que no cuentan con la última versión de software.
3082,3/19/2025,HCE,Firma electronica del medico no se valida al cerrar la consulta,Medico,Quito,Efectividad,Falla de funcionalidad en el módulo HCE que impide al usuario completar sus tareas de manera precisa y completa.
3101,3/19/2025,Telemedicina,Videollamada se corta a los 2 minutos,Paciente,Guayaquil,Cobertura de Contexto,"Falta de resiliencia del canal de comunicación ante variaciones en la conectividad del usuario, interrumpiendo la sesión de teleconsulta en producción."
3176,3/19/2025,App Movil,Resultados de examenes no se visualizan en formato PDF,Paciente,Quito,Efectividad,Falla de funcionalidad en el módulo App Movil que impide al usuario completar sus tareas de manera precisa y completa.
3818,3/19/2025,App Movil,Resultados de examenes no se visualizan en formato PDF,Paciente,Cuenca,Efectividad,Falla de funcionalidad en el módulo App Movil que impide al usuario completar sus tareas de manera precisa y completa.
1038,3/20/2025,Farmacia,Alerta de vencimiento de lote no se muestra en el modulo,Farmacia,Cuenca,Libertad de Riesgo,Omitir la alerta de vencimiento de lotes farmacéuticos puede llevar a la administración de medicamentos caducados a los pacientes.
1461,3/20/2025,Telemedicina,Paciente no puede unirse a la sala virtual a la hora agendada,Medico,Guayaquil,Efectividad,Falla de funcionalidad en el módulo Telemedicina que impide al usuario completar sus tareas de manera precisa y completa.
1763,3/20/2025,Farmacia,Inventario del sistema no coincide con el stock fisico del insumo,Farmacia,Ambato,Efectividad,Falla de funcionalidad en el módulo Farmacia que impide al usuario completar sus tareas de manera precisa y completa.
2243,3/20/2025,Portal Citas,Filtro de especialidad medica no devuelve resultados,Paciente,Guayaquil,Efectividad,Falla de funcionalidad en el módulo Portal Citas que impide al usuario completar sus tareas de manera precisa y completa.
2499,3/20/2025,Reportes Gerenciales,Discrepancia entre el reporte financiero y el modulo de facturacion,Gerencia,Cuenca,Libertad de Riesgo,"Discrepancia contable entre reportes directivos y facturación real, afectando las decisiones del negocio y la integridad de las auditorías."
2504,3/20/2025,HCE,Duplicado de historia clinica al registrar un paciente ya existente,Enfermeria,Cuenca,Libertad de Riesgo,"Riesgo de seguridad clínica debido a la fragmentación de la información de salud del paciente, lo que puede inducir a diagnósticos y tratamientos erróneos."
2568,3/20/2025,Laboratorio,Resultado de examen de laboratorio no se sincroniza con la HCE,Enfermeria,Manta,Efectividad,Error de integración funcional que impide la sincronización y actualización del registro médico entre módulos del HIS.
3204,3/20/2025,Facturacion,El modulo de facturacion se cae durante el cierre de caja,Admision,Cuenca,Efectividad,Falla de funcionalidad en el módulo Facturacion que impide al usuario completar sus tareas de manera precisa y completa.
3436,3/20/2025,Telemedicina,El chat de la consulta no permite enviar imagenes,Paciente,Guayaquil,Efectividad,Restricción de funcionalidad que impide al usuario realizar una acción requerida para completar su tarea.
3504,3/20/2025,App Movil,Consumo elevado de datos moviles al abrir el modulo de citas,Paciente,Manta,Cobertura de Contexto,"Consumo excesivo de ancho de banda móvil, lo que restringe el uso eficiente del sistema en redes celulares de datos (fuera de la intranet del hospital)."
3560,3/20/2025,Facturacion,Discrepancia entre el monto facturado y el detalle de servicios,Paciente,Quito,Libertad de Riesgo,"Errores en el cálculo del copago de seguros o discrepancias de montos facturados, induciendo a pérdidas financieras o reclamaciones legales."
3602,3/20/2025,HCE,Nota de evolucion tarda 25s en guardarse,Enfermeria,Manta,Eficiencia,"El tiempo de guardado supera los 8 segundos tolerables, violando directamente el requerimiento no funcional RNF-01 de rendimiento del sistema para notas clínicas."
3611,3/20/2025,Farmacia,Alerta de vencimiento de lote no se muestra en el modulo,Farmacia,Quito,Libertad de Riesgo,Omitir la alerta de vencimiento de lotes farmacéuticos puede llevar a la administración de medicamentos caducados a los pacientes.
3694,3/20/2025,Portal Citas,El portal muestra disponibilidad para un horario ya ocupado,Paciente,Quito,Efectividad,Falla de funcionalidad en el módulo Portal Citas que impide al usuario completar sus tareas de manera precisa y completa.
3816,3/20/2025,HCE,Historial de alergias no carga al abrir la ficha del paciente,Medico,Quito,Libertad de Riesgo,"Falla crítica que expone la seguridad del paciente al omitir información vital de alergias, con un alto riesgo de shock anafiláctico o mala praxis."
3973,3/20/2025,Portal Citas,Error al reagendar una cita previamente confirmada,Admision,Guayaquil,Efectividad,Falla de funcionalidad en el módulo Portal Citas que impide al usuario completar sus tareas de manera precisa y completa.
1734,3/21/2025,Facturacion,Factura electronica no llega al correo registrado del paciente,Admision,Cuenca,Efectividad,Falla de funcionalidad en el módulo Facturacion que impide al usuario completar sus tareas de manera precisa y completa.
2015,3/21/2025,HCE,Firma electronica del medico no se valida al cerrar la consulta,Medico,Quito,Efectividad,Falla de funcionalidad en el módulo HCE que impide al usuario completar sus tareas de manera precisa y completa.
2683,3/21/2025,Portal Citas,Doble reserva de un mismo cupo por dos pacientes distintos,Paciente,Ambato,Libertad de Riesgo,"Doble agendamiento de un mismo cupo que genera sobreventa de citas, colapso de agenda de especialistas y multas o insatisfacción comercial."
3185,3/21/2025,Facturacion,El sistema no permite anular una factura emitida por error,Admision,Guayaquil,Efectividad,Restricción de funcionalidad que impide al usuario realizar una acción requerida para completar su tarea.
3962,3/21/2025,Facturacion,Reembolso aprobado no se refleja en el estado de cuenta,Admision,Ambato,Libertad de Riesgo,"Fallas en la aplicación de notas de crédito o reembolsos que distorsionan los estados de cuenta, arriesgando multas tributarias e inconformidad legal."
1350,3/22/2025,Facturacion,Error de calculo en el copago del seguro medico,Paciente,Guayaquil,Libertad de Riesgo,"Errores en el cálculo del copago de seguros o discrepancias de montos facturados, induciendo a pérdidas financieras o reclamaciones legales."
2514,3/22/2025,Farmacia,El sistema no descuenta automaticamente el medicamento dispensado,Enfermeria,Guayaquil,Efectividad,Falla de funcionalidad en el módulo Farmacia que impide al usuario completar sus tareas de manera precisa y completa.
3588,3/22/2025,Portal Citas,Tiempo de espera en el portal supera los 12s en horas pico,Admision,Quito,Eficiencia,"El sistema presenta tiempos de respuesta elevados que consumen recursos de tiempo innecesarios, degradando la eficiencia del usuario en sus tareas."
1371,3/23/2025,Facturacion,El modulo de facturacion se cae durante el cierre de caja,Admision,Guayaquil,Efectividad,Falla de funcionalidad en el módulo Facturacion que impide al usuario completar sus tareas de manera precisa y completa.
2413,3/23/2025,Telemedicina,Audio desincronizado durante la teleconsulta,Paciente,Cuenca,Satisfacción,Mala experiencia sensorial e interactiva durante la teleconsulta que impacta el RNF-05 y la percepción de calidad del servicio.
3371,3/23/2025,Imagenologia,Las imagenes de rayos X no cargan en el visor DICOM,Medico,Quito,Efectividad,Falla de funcionalidad en el módulo Imagenologia que impide al usuario completar sus tareas de manera precisa y completa.
3505,3/23/2025,Laboratorio,Codigo de barras de la muestra no es reconocido por el lector,Medico,Guayaquil,Efectividad,Falla de funcionalidad en el módulo Laboratorio que impide al usuario completar sus tareas de manera precisa y completa.
3895,3/23/2025,HCE,Duplicado de historia clinica al registrar un paciente ya existente,Medico,Quito,Libertad de Riesgo,"Riesgo de seguridad clínica debido a la fragmentación de la información de salud del paciente, lo que puede inducir a diagnósticos y tratamientos erróneos."
1923,3/24/2025,Portal Citas,Cancelacion de cita no libera el cupo en el calendario,Paciente,Quito,Efectividad,Falla de funcionalidad en el módulo Portal Citas que impide al usuario completar sus tareas de manera precisa y completa.
3454,3/24/2025,Telemedicina,Calidad de video muy baja pese a tener buena conexion a internet,Paciente,Cuenca,Satisfacción,Mala experiencia sensorial e interactiva durante la teleconsulta que impacta el RNF-05 y la percepción de calidad del servicio.
1668,3/25/2025,Portal Citas,Sesion expira antes de finalizar el proceso de agendamiento,Admision,Guayaquil,Satisfacción,"Mala experiencia de usuario que interrumpe de forma prematura el proceso de compra/agendamiento, forzando a repetir pasos."
1706,3/25/2025,HCE,Nota de evolucion tarda 33s en guardarse,Enfermeria,Cuenca,Eficiencia,"El tiempo de guardado supera los 8 segundos tolerables, violando directamente el requerimiento no funcional RNF-01 de rendimiento del sistema para notas clínicas."
1909,3/25/2025,Portal Citas,Notificacion de recordatorio de cita llega con la fecha incorrecta,Admision,Quito,Efectividad,Falla de funcionalidad en el módulo Portal Citas que impide al usuario completar sus tareas de manera precisa y completa.
2210,3/25/2025,Farmacia,Receta electronica llega incompleta desde el modulo de HCE,Farmacia,Quito,Efectividad,Falla de funcionalidad en el módulo Farmacia que impide al usuario completar sus tareas de manera precisa y completa.
2253,3/25/2025,HCE,Consulta anterior no se muestra en el resumen de antecedentes,Enfermeria,Quito,Efectividad,Falla de funcionalidad en el módulo HCE que impide al usuario completar sus tareas de manera precisa y completa.
2694,3/25/2025,Laboratorio,Codigo de barras de la muestra no es reconocido por el lector,Medico,Ambato,Efectividad,Falla de funcionalidad en el módulo Laboratorio que impide al usuario completar sus tareas de manera precisa y completa.
2846,3/25/2025,HCE,Firma electronica del medico no se valida al cerrar la consulta,Enfermeria,Guayaquil,Efectividad,Falla de funcionalidad en el módulo HCE que impide al usuario completar sus tareas de manera precisa y completa.
2964,3/25/2025,Facturacion,Factura duplicada al reintentar pago,Paciente,Cuenca,Libertad de Riesgo,"Violación del requerimiento no funcional RNF-03 de facturación; genera cobros indebidos en las tarjetas del cliente, comprometiendo la confianza y el riesgo financiero."
1023,3/26/2025,HCE,El sistema se congela al adjuntar resultados de laboratorio a la HCE,Enfermeria,Quito,Efectividad,Falla de funcionalidad en el módulo HCE que impide al usuario completar sus tareas de manera precisa y completa.
1578,3/26/2025,HCE,El sistema se congela al adjuntar resultados de laboratorio a la HCE,Enfermeria,Ambato,Efectividad,Falla de funcionalidad en el módulo HCE que impide al usuario completar sus tareas de manera precisa y completa.
1591,3/26/2025,Laboratorio,El sistema no permite adjuntar el reporte en PDF del laboratorio externo,Medico,Quito,Efectividad,Restricción de funcionalidad que impide al usuario realizar una acción requerida para completar su tarea.
1832,3/26/2025,App Movil,La app no permite actualizar el numero de contacto del paciente,Paciente,Cuenca,Efectividad,Restricción de funcionalidad que impide al usuario realizar una acción requerida para completar su tarea.
1213,3/27/2025,Portal Citas,El portal muestra disponibilidad para un horario ya ocupado,Paciente,Quito,Efectividad,Falla de funcionalidad en el módulo Portal Citas que impide al usuario completar sus tareas de manera precisa y completa.
1238,3/27/2025,Imagenologia,Perdida de calidad en las imagenes al ser visualizadas desde la app,Medico,Manta,Satisfacción,Degradación visual que afecta la comodidad y confianza de los médicos al visualizar estudios clínicos desde la app móvil.
1612,3/27/2025,Laboratorio,Retraso de 18s en la disponibilidad de resultados criticos,Enfermeria,Cuenca,Eficiencia,"El sistema presenta tiempos de respuesta elevados que consumen recursos de tiempo innecesarios, degradando la eficiencia del usuario en sus tareas."
1783,3/27/2025,Telemedicina,Videollamada se corta a los 4 minutos,Paciente,Quito,Cobertura de Contexto,"Falta de resiliencia del canal de comunicación ante variaciones en la conectividad del usuario, interrumpiendo la sesión de teleconsulta en producción."
2013,3/27/2025,Farmacia,Receta electronica llega incompleta desde el modulo de HCE,Farmacia,Ambato,Efectividad,Falla de funcionalidad en el módulo Farmacia que impide al usuario completar sus tareas de manera precisa y completa.
2123,3/27/2025,App Movil,Notificaciones push no llegan pese a estar activadas,Paciente,Cuenca,Efectividad,Falla de funcionalidad en el módulo App Movil que impide al usuario completar sus tareas de manera precisa y completa.
2492,3/27/2025,Telemedicina,Grabacion de la consulta no se almacena correctamente,Paciente,Quito,Efectividad,Falla de funcionalidad en el módulo Telemedicina que impide al usuario completar sus tareas de manera precisa y completa.
2837,3/27/2025,Facturacion,El modulo de facturacion se cae durante el cierre de caja,Paciente,Guayaquil,Efectividad,Falla de funcionalidad en el módulo Facturacion que impide al usuario completar sus tareas de manera precisa y completa.
2892,3/27/2025,Facturacion,El modulo de facturacion se cae durante el cierre de caja,Admision,Guayaquil,Efectividad,Falla de funcionalidad en el módulo Facturacion que impide al usuario completar sus tareas de manera precisa y completa.
3376,3/27/2025,Portal Citas,Sesion expira antes de finalizar el proceso de agendamiento,Admision,Quito,Satisfacción,"Mala experiencia de usuario que interrumpe de forma prematura el proceso de compra/agendamiento, forzando a repetir pasos."
3544,3/27/2025,Imagenologia,Las imagenes de rayos X no cargan en el visor DICOM,Enfermeria,Quito,Efectividad,Falla de funcionalidad en el módulo Imagenologia que impide al usuario completar sus tareas de manera precisa y completa.
3624,3/27/2025,HCE,Duplicado de historia clinica al registrar un paciente ya existente,Enfermeria,Manta,Libertad de Riesgo,"Riesgo de seguridad clínica debido a la fragmentación de la información de salud del paciente, lo que puede inducir a diagnósticos y tratamientos erróneos."
3746,3/27/2025,Facturacion,El modulo de facturacion se cae durante el cierre de caja,Admision,Quito,Efectividad,Falla de funcionalidad en el módulo Facturacion que impide al usuario completar sus tareas de manera precisa y completa.
1310,3/28/2025,Portal Citas,Tiempo de espera en el portal supera los 19s en horas pico,Paciente,Quito,Eficiencia,"El sistema presenta tiempos de respuesta elevados que consumen recursos de tiempo innecesarios, degradando la eficiencia del usuario en sus tareas."
1341,3/28/2025,Facturacion,Reintento de transaccion genera doble cobro en la tarjeta,Admision,Quito,Libertad de Riesgo,"Violación del requerimiento no funcional RNF-03 de facturación; genera cobros indebidos en las tarjetas del cliente, comprometiendo la confianza y el riesgo financiero."
1837,3/28/2025,Imagenologia,Las imagenes de rayos X no cargan en el visor DICOM,Enfermeria,Quito,Efectividad,Falla de funcionalidad en el módulo Imagenologia que impide al usuario completar sus tareas de manera precisa y completa.
2425,3/28/2025,HCE,Consulta anterior no se muestra en el resumen de antecedentes,Medico,Cuenca,Efectividad,Falla de funcionalidad en el módulo HCE que impide al usuario completar sus tareas de manera precisa y completa.
2573,3/28/2025,HCE,Datos de otro paciente visibles brevemente al abrir un expediente,Enfermeria,Guayaquil,Libertad de Riesgo,"Fuga de información y violación de la confidencialidad médica (HIPAA/Ley de Protección de Datos), exponiendo datos de otros pacientes."
3064,3/28/2025,Facturacion,Reembolso aprobado no se refleja en el estado de cuenta,Paciente,Quito,Libertad de Riesgo,"Fallas en la aplicación de notas de crédito o reembolsos que distorsionan los estados de cuenta, arriesgando multas tributarias e inconformidad legal."
3166,3/28/2025,HCE,Perdida de la nota de evolucion tras un cierre inesperado de sesion,Medico,Quito,Efectividad,Falla de funcionalidad en el módulo HCE que impide al usuario completar sus tareas de manera precisa y completa.
2479,3/29/2025,HCE,Orden medica no se sincroniza con el modulo de farmacia,Medico,Manta,Efectividad,Error de integración funcional que impide la sincronización y actualización del registro médico entre módulos del HIS.
2685,3/29/2025,HCE,El campo de diagnostico CIE-10 no permite busqueda por texto,Enfermeria,Guayaquil,Efectividad,Restricción de funcionalidad que impide al usuario realizar una acción requerida para completar su tarea.
3304,3/29/2025,HCE,Nota de evolucion tarda 21s en guardarse,Enfermeria,Manta,Eficiencia,"El tiempo de guardado supera los 8 segundos tolerables, violando directamente el requerimiento no funcional RNF-01 de rendimiento del sistema para notas clínicas."
3556,3/29/2025,Telemedicina,El medico no puede compartir pantalla con resultados de examenes,Paciente,Quito,Efectividad,Falla de funcionalidad en el módulo Telemedicina que impide al usuario completar sus tareas de manera precisa y completa.
3922,3/29/2025,Imagenologia,Perdida de calidad en las imagenes al ser visualizadas desde la app,Medico,Cuenca,Satisfacción,Degradación visual que afecta la comodidad y confianza de los médicos al visualizar estudios clínicos desde la app móvil.
1200,3/30/2025,Telemedicina,La sesion se cierra automaticamente antes de terminar la consulta,Medico,Ambato,Efectividad,Falla de funcionalidad en el módulo Telemedicina que impide al usuario completar sus tareas de manera precisa y completa.
1872,3/30/2025,HCE,Orden medica no se sincroniza con el modulo de farmacia,Enfermeria,Quito,Efectividad,Error de integración funcional que impide la sincronización y actualización del registro médico entre módulos del HIS.
1935,3/30/2025,App Movil,El inicio de sesion con biometria falla de forma intermitente,Paciente,Quito,Satisfacción,La inestabilidad en el inicio biométrico genera frustración y reduce la confianza y comodidad del usuario al acceder al aplicativo móvil.
2232,3/30/2025,App Movil,El boton de teleconsulta no redirige correctamente a la videollamada,Paciente,Quito,Efectividad,Falla de funcionalidad en el módulo App Movil que impide al usuario completar sus tareas de manera precisa y completa.
2680,3/30/2025,Facturacion,El sistema no reconoce el convenio con la aseguradora,Admision,Quito,Libertad de Riesgo,El no reconocimiento de convenios de aseguradoras genera fricción de cobro y riesgo de pérdidas económicas por servicios no cubiertos correctamente.
2753,3/30/2025,HCE,Tiempo de carga de la ficha clinica supera los 25s en horas pico,Enfermeria,Manta,Eficiencia,La latencia en horas pico para abrir la ficha clínica perjudica la productividad del médico durante la consulta.
2825,3/30/2025,Portal Citas,El pago del bono de consulta no se refleja tras completarlo,Paciente,Manta,Libertad de Riesgo,Inconsistencia financiera en los cobros o transacciones del sistema que infringe las normativas contables y expone al hospital a pérdidas económicas.
3288,3/30/2025,Portal Citas,Doble reserva de un mismo cupo por dos pacientes distintos,Paciente,Guayaquil,Libertad de Riesgo,"Doble agendamiento de un mismo cupo que genera sobreventa de citas, colapso de agenda de especialistas y multas o insatisfacción comercial."
3364,3/30/2025,Reportes Gerenciales,Discrepancia entre el reporte financiero y el modulo de facturacion,Gerencia,Quito,Libertad de Riesgo,"Discrepancia contable entre reportes directivos y facturación real, afectando las decisiones del negocio y la integridad de las auditorías."
3520,3/30/2025,HCE,Duplicado de historia clinica al registrar un paciente ya existente,Medico,Cuenca,Libertad de Riesgo,"Riesgo de seguridad clínica debido a la fragmentación de la información de salud del paciente, lo que puede inducir a diagnósticos y tratamientos erróneos."
3555,3/30/2025,App Movil,Notificaciones push no llegan pese a estar activadas,Paciente,Cuenca,Efectividad,Falla de funcionalidad en el módulo App Movil que impide al usuario completar sus tareas de manera precisa y completa.
1380,3/31/2025,Portal Citas,Tiempo de espera en el portal supera los 11s en horas pico,Admision,Quito,Eficiencia,"El sistema presenta tiempos de respuesta elevados que consumen recursos de tiempo innecesarios, degradando la eficiencia del usuario en sus tareas."
1599,3/31/2025,HCE,Signos vitales registrados por enfermeria no aparecen en la HCE del medico,Enfermeria,Quito,Efectividad,Falla de funcionalidad en el módulo HCE que impide al usuario completar sus tareas de manera precisa y completa.
1937,3/31/2025,Facturacion,Error de calculo en el copago del seguro medico,Paciente,Quito,Libertad de Riesgo,"Errores en el cálculo del copago de seguros o discrepancias de montos facturados, induciendo a pérdidas financieras o reclamaciones legales."
1942,3/31/2025,HCE,Signos vitales registrados por enfermeria no aparecen en la HCE del medico,Enfermeria,Cuenca,Efectividad,Falla de funcionalidad en el módulo HCE que impide al usuario completar sus tareas de manera precisa y completa.
2284,3/31/2025,HCE,Duplicado de historia clinica al registrar un paciente ya existente,Enfermeria,Manta,Libertad de Riesgo,"Riesgo de seguridad clínica debido a la fragmentación de la información de salud del paciente, lo que puede inducir a diagnósticos y tratamientos erróneos."
2826,3/31/2025,Facturacion,Factura generada con el nombre del paciente incorrecto,Paciente,Quito,Efectividad,Falla de funcionalidad en el módulo Facturacion que impide al usuario completar sus tareas de manera precisa y completa.
3108,3/31/2025,HCE,Receta electronica se genera con la dosis incorrecta tras guardar,Medico,Cuenca,Libertad de Riesgo,"Riesgo extremo de salud para el paciente al guardar dosis farmacológicas erróneas en la receta electrónica, pudiendo causar sobredosis o inefectividad clínica."
3139,3/31/2025,HCE,Receta electronica se genera con la dosis incorrecta tras guardar,Enfermeria,Ambato,Libertad de Riesgo,"Riesgo extremo de salud para el paciente al guardar dosis farmacológicas erróneas en la receta electrónica, pudiendo causar sobredosis o inefectividad clínica."
3335,3/31/2025,Telemedicina,El medico no puede compartir pantalla con resultados de examenes,Paciente,Quito,Efectividad,Falla de funcionalidad en el módulo Telemedicina que impide al usuario completar sus tareas de manera precisa y completa.
3488,3/31/2025,Telemedicina,Audio desincronizado durante la teleconsulta,Medico,Quito,Satisfacción,Mala experiencia sensorial e interactiva durante la teleconsulta que impacta el RNF-05 y la percepción de calidad del servicio.
3644,3/31/2025,Laboratorio,Orden de laboratorio duplicada tras reintentar el envio,Medico,Guayaquil,Efectividad,Falla de funcionalidad en el módulo Laboratorio que impide al usuario completar sus tareas de manera precisa y completa.
3748,3/31/2025,Laboratorio,El sistema no permite adjuntar el reporte en PDF del laboratorio externo,Medico,Quito,Efectividad,Restricción de funcionalidad que impide al usuario realizar una acción requerida para completar su tarea.
1572,4/1/2025,HCE,Nota de evolucion tarda 28s en guardarse,Enfermeria,Manta,Eficiencia,"El tiempo de guardado supera los 8 segundos tolerables, violando directamente el requerimiento no funcional RNF-01 de rendimiento del sistema para notas clínicas."
2475,4/1/2025,App Movil,Resultados de examenes no se visualizan en formato PDF,Paciente,Quito,Efectividad,Falla de funcionalidad en el módulo App Movil que impide al usuario completar sus tareas de manera precisa y completa.
2885,4/1/2025,HCE,El sistema no permite adjuntar imagenes de heridas desde la tablet,Medico,Ambato,Cobertura de Contexto,El sistema presenta limitaciones de portabilidad y compatibilidad al operar en el contexto físico específico de tablets para adjuntar imágenes de heridas.
3042,4/1/2025,HCE,El sistema no permite adjuntar imagenes de heridas desde la tablet,Medico,Quito,Cobertura de Contexto,El sistema presenta limitaciones de portabilidad y compatibilidad al operar en el contexto físico específico de tablets para adjuntar imágenes de heridas.
3187,4/1/2025,Telemedicina,Audio desincronizado durante la teleconsulta,Medico,Manta,Satisfacción,Mala experiencia sensorial e interactiva durante la teleconsulta que impacta el RNF-05 y la percepción de calidad del servicio.
1180,4/2/2025,Telemedicina,Audio desincronizado durante la teleconsulta,Medico,Guayaquil,Satisfacción,Mala experiencia sensorial e interactiva durante la teleconsulta que impacta el RNF-05 y la percepción de calidad del servicio.
1395,4/2/2025,Portal Citas,Notificacion de recordatorio de cita llega con la fecha incorrecta,Admision,Ambato,Efectividad,Falla de funcionalidad en el módulo Portal Citas que impide al usuario completar sus tareas de manera precisa y completa.
2335,4/2/2025,App Movil,Notificaciones push no llegan pese a estar activadas,Paciente,Cuenca,Efectividad,Falla de funcionalidad en el módulo App Movil que impide al usuario completar sus tareas de manera precisa y completa.
2384,4/2/2025,Farmacia,El sistema bloquea la dispensacion sin mostrar el motivo,Enfermeria,Quito,Satisfacción,La falta de mensajes informativos claros y feedback del sistema incrementa la incertidumbre y frustración del operario farmacéutico.
2590,4/2/2025,HCE,Firma electronica del medico no se valida al cerrar la consulta,Medico,Quito,Efectividad,Falla de funcionalidad en el módulo HCE que impide al usuario completar sus tareas de manera precisa y completa.
2601,4/2/2025,Portal Citas,Error al reagendar una cita previamente confirmada,Paciente,Ambato,Efectividad,Falla de funcionalidad en el módulo Portal Citas que impide al usuario completar sus tareas de manera precisa y completa.
3502,4/2/2025,Portal Citas,El portal muestra disponibilidad para un horario ya ocupado,Paciente,Cuenca,Efectividad,Falla de funcionalidad en el módulo Portal Citas que impide al usuario completar sus tareas de manera precisa y completa.
3623,4/2/2025,Portal Citas,El pago del bono de consulta no se refleja tras completarlo,Paciente,Guayaquil,Libertad de Riesgo,Inconsistencia financiera en los cobros o transacciones del sistema que infringe las normativas contables y expone al hospital a pérdidas económicas.
3700,4/2/2025,Portal Citas,Notificacion de recordatorio de cita llega con la fecha incorrecta,Admision,Guayaquil,Efectividad,Falla de funcionalidad en el módulo Portal Citas que impide al usuario completar sus tareas de manera precisa y completa.
3765,4/2/2025,HCE,Perdida de la nota de evolucion tras un cierre inesperado de sesion,Enfermeria,Guayaquil,Efectividad,Falla de funcionalidad en el módulo HCE que impide al usuario completar sus tareas de manera precisa y completa.
1036,4/3/2025,HCE,Consulta anterior no se muestra en el resumen de antecedentes,Enfermeria,Ambato,Efectividad,Falla de funcionalidad en el módulo HCE que impide al usuario completar sus tareas de manera precisa y completa.
1168,4/3/2025,Reportes Gerenciales,Tiempo de generacion del reporte mensual supera los 35 minutos,Gerencia,Quito,Eficiencia,"Demoras severas en la generación de reportes mensuales de inteligencia de negocio, penalizando la eficiencia en el tiempo de procesamiento y toma de decisiones."
1950,4/3/2025,Portal Citas,El pago del bono de consulta no se refleja tras completarlo,Admision,Cuenca,Libertad de Riesgo,Inconsistencia financiera en los cobros o transacciones del sistema que infringe las normativas contables y expone al hospital a pérdidas económicas.
1958,4/3/2025,HCE,El sistema no permite adjuntar imagenes de heridas desde la tablet,Enfermeria,Quito,Cobertura de Contexto,El sistema presenta limitaciones de portabilidad y compatibilidad al operar en el contexto físico específico de tablets para adjuntar imágenes de heridas.
2686,4/3/2025,Portal Citas,Usuario no logra agendar tras 3 intentos,Paciente,Quito,Satisfacción,"Incapacidad del usuario de lograr su meta tras múltiples intentos, violando el RNF-02 y provocando un alto nivel de frustración."
3217,4/3/2025,App Movil,El inicio de sesion con biometria falla de forma intermitente,Paciente,Quito,Satisfacción,La inestabilidad en el inicio biométrico genera frustración y reduce la confianza y comodidad del usuario al acceder al aplicativo móvil.
3494,4/3/2025,Reportes Gerenciales,El reporte de ocupacion hospitalaria no se actualiza automaticamente,Gerencia,Quito,Efectividad,Inconsistencia en la actualización de datos que impide la visualización correcta de información operativa reciente.
3697,4/3/2025,Imagenologia,El informe radiologico no se adjunta automaticamente a la HCE,Medico,Quito,Efectividad,Falla de funcionalidad en el módulo Imagenologia que impide al usuario completar sus tareas de manera precisa y completa.
1058,4/4/2025,Reportes Gerenciales,El reporte de ocupacion hospitalaria no se actualiza automaticamente,Gerencia,Quito,Efectividad,Inconsistencia en la actualización de datos que impide la visualización correcta de información operativa reciente.
1812,4/4/2025,Facturacion,Reembolso aprobado no se refleja en el estado de cuenta,Admision,Manta,Libertad de Riesgo,"Fallas en la aplicación de notas de crédito o reembolsos que distorsionan los estados de cuenta, arriesgando multas tributarias e inconformidad legal."
2070,4/4/2025,Portal Citas,El pago del bono de consulta no se refleja tras completarlo,Paciente,Guayaquil,Libertad de Riesgo,Inconsistencia financiera en los cobros o transacciones del sistema que infringe las normativas contables y expone al hospital a pérdidas económicas.
2135,4/4/2025,Portal Citas,Cita agendada no aparece reflejada en el calendario del especialista,Paciente,Quito,Efectividad,Falla de funcionalidad en el módulo Portal Citas que impide al usuario completar sus tareas de manera precisa y completa.
3118,4/4/2025,HCE,Receta electronica se genera con la dosis incorrecta tras guardar,Medico,Guayaquil,Libertad de Riesgo,"Riesgo extremo de salud para el paciente al guardar dosis farmacológicas erróneas en la receta electrónica, pudiendo causar sobredosis o inefectividad clínica."
3252,4/4/2025,Imagenologia,Las imagenes de rayos X no cargan en el visor DICOM,Medico,Guayaquil,Efectividad,Falla de funcionalidad en el módulo Imagenologia que impide al usuario completar sus tareas de manera precisa y completa.
3337,4/4/2025,Farmacia,Inventario del sistema no coincide con el stock fisico del insumo,Farmacia,Guayaquil,Efectividad,Falla de funcionalidad en el módulo Farmacia que impide al usuario completar sus tareas de manera precisa y completa.
3499,4/4/2025,HCE,Receta electronica se genera con la dosis incorrecta tras guardar,Enfermeria,Quito,Libertad de Riesgo,"Riesgo extremo de salud para el paciente al guardar dosis farmacológicas erróneas en la receta electrónica, pudiendo causar sobredosis o inefectividad clínica."
1060,4/5/2025,Facturacion,Error de calculo en el copago del seguro medico,Paciente,Cuenca,Libertad de Riesgo,"Errores en el cálculo del copago de seguros o discrepancias de montos facturados, induciendo a pérdidas financieras o reclamaciones legales."
1798,4/5/2025,App Movil,El inicio de sesion con biometria falla de forma intermitente,Paciente,Guayaquil,Satisfacción,La inestabilidad en el inicio biométrico genera frustración y reduce la confianza y comodidad del usuario al acceder al aplicativo móvil.
1945,4/5/2025,HCE,El sistema se congela al adjuntar resultados de laboratorio a la HCE,Enfermeria,Quito,Efectividad,Falla de funcionalidad en el módulo HCE que impide al usuario completar sus tareas de manera precisa y completa.
2889,4/5/2025,HCE,Signos vitales registrados por enfermeria no aparecen en la HCE del medico,Medico,Manta,Efectividad,Falla de funcionalidad en el módulo HCE que impide al usuario completar sus tareas de manera precisa y completa.
3190,4/5/2025,HCE,Nota de evolucion tarda 12s en guardarse,Enfermeria,Manta,Eficiencia,"El tiempo de guardado supera los 8 segundos tolerables, violando directamente el requerimiento no funcional RNF-01 de rendimiento del sistema para notas clínicas."
3296,4/5/2025,Farmacia,Inventario del sistema no coincide con el stock fisico del insumo,Farmacia,Guayaquil,Efectividad,Falla de funcionalidad en el módulo Farmacia que impide al usuario completar sus tareas de manera precisa y completa.
3422,4/5/2025,HCE,Perdida de la nota de evolucion tras un cierre inesperado de sesion,Enfermeria,Guayaquil,Efectividad,Falla de funcionalidad en el módulo HCE que impide al usuario completar sus tareas de manera precisa y completa.
3608,4/5/2025,HCE,El sistema se congela al adjuntar resultados de laboratorio a la HCE,Enfermeria,Guayaquil,Efectividad,Falla de funcionalidad en el módulo HCE que impide al usuario completar sus tareas de manera precisa y completa.
3698,4/5/2025,HCE,Firma electronica del medico no se valida al cerrar la consulta,Medico,Cuenca,Efectividad,Falla de funcionalidad en el módulo HCE que impide al usuario completar sus tareas de manera precisa y completa.
3714,4/5/2025,Portal Citas,El pago del bono de consulta no se refleja tras completarlo,Paciente,Guayaquil,Libertad de Riesgo,Inconsistencia financiera en los cobros o transacciones del sistema que infringe las normativas contables y expone al hospital a pérdidas económicas.
3726,4/5/2025,Portal Citas,Tiempo de espera en el portal supera los 28s en horas pico,Paciente,Quito,Eficiencia,"El sistema presenta tiempos de respuesta elevados que consumen recursos de tiempo innecesarios, degradando la eficiencia del usuario en sus tareas."
3919,4/5/2025,Telemedicina,Notificacion de inicio de teleconsulta llega con retraso de 14s,Medico,Cuenca,Eficiencia,"El sistema presenta tiempos de respuesta elevados que consumen recursos de tiempo innecesarios, degradando la eficiencia del usuario en sus tareas."
3927,4/5/2025,Farmacia,El sistema bloquea la dispensacion sin mostrar el motivo,Farmacia,Cuenca,Satisfacción,La falta de mensajes informativos claros y feedback del sistema incrementa la incertidumbre y frustración del operario farmacéutico.
1589,4/6/2025,Portal Citas,Notificacion de recordatorio de cita llega con la fecha incorrecta,Paciente,Quito,Efectividad,Falla de funcionalidad en el módulo Portal Citas que impide al usuario completar sus tareas de manera precisa y completa.
2222,4/6/2025,Telemedicina,El chat de la consulta no permite enviar imagenes,Paciente,Guayaquil,Efectividad,Restricción de funcionalidad que impide al usuario realizar una acción requerida para completar su tarea.
2328,4/6/2025,HCE,Firma electronica del medico no se valida al cerrar la consulta,Medico,Guayaquil,Efectividad,Falla de funcionalidad en el módulo HCE que impide al usuario completar sus tareas de manera precisa y completa.
2816,4/6/2025,Portal Citas,Error al reagendar una cita previamente confirmada,Paciente,Quito,Efectividad,Falla de funcionalidad en el módulo Portal Citas que impide al usuario completar sus tareas de manera precisa y completa.
3140,4/6/2025,App Movil,Notificaciones push no llegan pese a estar activadas,Paciente,Cuenca,Efectividad,Falla de funcionalidad en el módulo App Movil que impide al usuario completar sus tareas de manera precisa y completa.
3160,4/6/2025,Portal Citas,Boton de confirmar cita no responde en dispositivos moviles,Admision,Manta,Cobertura de Contexto,"Falla de adaptabilidad de la interfaz en el contexto de dispositivos móviles, impidiendo confirmar citas desde pantallas de formatos pequeños."
3216,4/6/2025,Portal Citas,Boton de confirmar cita no responde en dispositivos moviles,Admision,Guayaquil,Cobertura de Contexto,"Falla de adaptabilidad de la interfaz en el contexto de dispositivos móviles, impidiendo confirmar citas desde pantallas de formatos pequeños."
3722,4/6/2025,Telemedicina,Audio desincronizado durante la teleconsulta,Paciente,Manta,Satisfacción,Mala experiencia sensorial e interactiva durante la teleconsulta que impacta el RNF-05 y la percepción de calidad del servicio.
1144,4/7/2025,Portal Citas,El portal muestra disponibilidad para un horario ya ocupado,Admision,Cuenca,Efectividad,Falla de funcionalidad en el módulo Portal Citas que impide al usuario completar sus tareas de manera precisa y completa.
1322,4/7/2025,Portal Citas,Notificacion de recordatorio de cita llega con la fecha incorrecta,Admision,Quito,Efectividad,Falla de funcionalidad en el módulo Portal Citas que impide al usuario completar sus tareas de manera precisa y completa.
1777,4/7/2025,Farmacia,Error al registrar la dispensacion de un medicamento controlado,Enfermeria,Quito,Libertad de Riesgo,"Error en el registro de medicamentos regulados, lo que genera riesgos legales, regulatorios y de seguridad en el control de sustancias psicotrópicas."
2961,4/7/2025,Farmacia,Duplicidad de codigos entre dos presentaciones distintas de un mismo farmaco,Farmacia,Guayaquil,Libertad de Riesgo,"La duplicación de códigos de fármacos introduce un riesgo de dispensación errónea en farmacia, comprometiendo la seguridad terapéutica del paciente."
3225,4/7/2025,App Movil,Version desactualizada del app impide iniciar sesion,Paciente,Cuenca,Cobertura de Contexto,Incompatibilidad y falta de robustez del sistema cuando se ejecuta en el contexto de sistemas cliente que no cuentan con la última versión de software.
3394,4/7/2025,Telemedicina,Audio desincronizado durante la teleconsulta,Paciente,Cuenca,Satisfacción,Mala experiencia sensorial e interactiva durante la teleconsulta que impacta el RNF-05 y la percepción de calidad del servicio.
3638,4/7/2025,Portal Citas,Usuario no logra agendar tras 4 intentos,Admision,Guayaquil,Satisfacción,"Incapacidad del usuario de lograr su meta tras múltiples intentos, violando el RNF-02 y provocando un alto nivel de frustración."
3764,4/7/2025,Imagenologia,Tiempo de carga de estudios de imagen supera los 27s,Enfermeria,Manta,Eficiencia,La lentitud en la carga y transferencia de archivos DICOM pesados degrada la eficiencia del flujo de trabajo clínico en imagenología.
3916,4/7/2025,Telemedicina,Grabacion de la consulta no se almacena correctamente,Paciente,Quito,Efectividad,Falla de funcionalidad en el módulo Telemedicina que impide al usuario completar sus tareas de manera precisa y completa.
1405,4/8/2025,Telemedicina,El medico no puede compartir pantalla con resultados de examenes,Paciente,Guayaquil,Efectividad,Falla de funcionalidad en el módulo Telemedicina que impide al usuario completar sus tareas de manera precisa y completa.
1894,4/8/2025,HCE,Receta electronica se genera con la dosis incorrecta tras guardar,Enfermeria,Guayaquil,Libertad de Riesgo,"Riesgo extremo de salud para el paciente al guardar dosis farmacológicas erróneas en la receta electrónica, pudiendo causar sobredosis o inefectividad clínica."
2304,4/8/2025,Facturacion,Nota de credito no se aplica al saldo pendiente del paciente,Admision,Quito,Libertad de Riesgo,"Fallas en la aplicación de notas de crédito o reembolsos que distorsionan los estados de cuenta, arriesgando multas tributarias e inconformidad legal."
2414,4/8/2025,HCE,Tiempo de carga de la ficha clinica supera los 15s en horas pico,Medico,Quito,Eficiencia,La latencia en horas pico para abrir la ficha clínica perjudica la productividad del médico durante la consulta.
2444,4/8/2025,Reportes Gerenciales,Exportacion a Excel del reporte gerencial falla de forma intermitente,Gerencia,Manta,Efectividad,Falla intermitente en las exportaciones o ejecuciones de procesos del sistema que reduce la fiabilidad de las operaciones.
2547,4/8/2025,Portal Citas,El pago del bono de consulta no se refleja tras completarlo,Paciente,Guayaquil,Libertad de Riesgo,Inconsistencia financiera en los cobros o transacciones del sistema que infringe las normativas contables y expone al hospital a pérdidas económicas.
3112,4/8/2025,Portal Citas,El pago del bono de consulta no se refleja tras completarlo,Paciente,Guayaquil,Libertad de Riesgo,Inconsistencia financiera en los cobros o transacciones del sistema que infringe las normativas contables y expone al hospital a pérdidas económicas.
1047,4/9/2025,Facturacion,Error de calculo en el copago del seguro medico,Paciente,Ambato,Libertad de Riesgo,"Errores en el cálculo del copago de seguros o discrepancias de montos facturados, induciendo a pérdidas financieras o reclamaciones legales."
1416,4/9/2025,Reportes Gerenciales,Exportacion a Excel del reporte gerencial falla de forma intermitente,Gerencia,Quito,Efectividad,Falla intermitente en las exportaciones o ejecuciones de procesos del sistema que reduce la fiabilidad de las operaciones.
2720,4/9/2025,Portal Citas,Notificacion de recordatorio de cita llega con la fecha incorrecta,Admision,Cuenca,Efectividad,Falla de funcionalidad en el módulo Portal Citas que impide al usuario completar sus tareas de manera precisa y completa.
3156,4/9/2025,Telemedicina,Notificacion de inicio de teleconsulta llega con retraso de 20s,Paciente,Manta,Eficiencia,"El sistema presenta tiempos de respuesta elevados que consumen recursos de tiempo innecesarios, degradando la eficiencia del usuario en sus tareas."
3604,4/9/2025,HCE,Receta electronica se genera con la dosis incorrecta tras guardar,Enfermeria,Cuenca,Libertad de Riesgo,"Riesgo extremo de salud para el paciente al guardar dosis farmacológicas erróneas en la receta electrónica, pudiendo causar sobredosis o inefectividad clínica."
3707,4/9/2025,Laboratorio,Resultado de examen de laboratorio no se sincroniza con la HCE,Medico,Quito,Efectividad,Error de integración funcional que impide la sincronización y actualización del registro médico entre módulos del HIS.
1164,4/10/2025,Imagenologia,Las imagenes de rayos X no cargan en el visor DICOM,Medico,Guayaquil,Efectividad,Falla de funcionalidad en el módulo Imagenologia que impide al usuario completar sus tareas de manera precisa y completa.
1526,4/10/2025,Telemedicina,La sesion se cierra automaticamente antes de terminar la consulta,Medico,Guayaquil,Efectividad,Falla de funcionalidad en el módulo Telemedicina que impide al usuario completar sus tareas de manera precisa y completa.
1740,4/10/2025,HCE,El sistema no permite adjuntar imagenes de heridas desde la tablet,Enfermeria,Quito,Cobertura de Contexto,El sistema presenta limitaciones de portabilidad y compatibilidad al operar en el contexto físico específico de tablets para adjuntar imágenes de heridas.
1790,4/10/2025,Portal Citas,Filtro de especialidad medica no devuelve resultados,Paciente,Cuenca,Efectividad,Falla de funcionalidad en el módulo Portal Citas que impide al usuario completar sus tareas de manera precisa y completa.
1806,4/10/2025,Imagenologia,El informe radiologico no se adjunta automaticamente a la HCE,Medico,Ambato,Efectividad,Falla de funcionalidad en el módulo Imagenologia que impide al usuario completar sus tareas de manera precisa y completa.
2062,4/10/2025,Reportes Gerenciales,El dashboard de indicadores no refleja los datos del ultimo cierre,Gerencia,Guayaquil,Efectividad,Inconsistencia en la actualización de datos que impide la visualización correcta de información operativa reciente.
2175,4/10/2025,Portal Citas,El pago del bono de consulta no se refleja tras completarlo,Admision,Guayaquil,Libertad de Riesgo,Inconsistencia financiera en los cobros o transacciones del sistema que infringe las normativas contables y expone al hospital a pérdidas económicas.
3138,4/10/2025,Portal Citas,Filtro de especialidad medica no devuelve resultados,Paciente,Quito,Efectividad,Falla de funcionalidad en el módulo Portal Citas que impide al usuario completar sus tareas de manera precisa y completa.
3378,4/10/2025,Facturacion,Reembolso aprobado no se refleja en el estado de cuenta,Paciente,Quito,Libertad de Riesgo,"Fallas en la aplicación de notas de crédito o reembolsos que distorsionan los estados de cuenta, arriesgando multas tributarias e inconformidad legal."
3752,4/10/2025,Facturacion,Nota de credito no se aplica al saldo pendiente del paciente,Paciente,Guayaquil,Libertad de Riesgo,"Fallas en la aplicación de notas de crédito o reembolsos que distorsionan los estados de cuenta, arriesgando multas tributarias e inconformidad legal."
1032,4/11/2025,Facturacion,Reintento de transaccion genera doble cobro en la tarjeta,Admision,Manta,Libertad de Riesgo,"Violación del requerimiento no funcional RNF-03 de facturación; genera cobros indebidos en las tarjetas del cliente, comprometiendo la confianza y el riesgo financiero."
1121,4/11/2025,App Movil,Resultados de examenes no se visualizan en formato PDF,Paciente,Quito,Efectividad,Falla de funcionalidad en el módulo App Movil que impide al usuario completar sus tareas de manera precisa y completa.
1304,4/11/2025,HCE,Alerta de interaccion medicamentosa no se despliega correctamente,Medico,Manta,Libertad de Riesgo,El fallo en el despliegue de alertas de interacción farmacológica pone en riesgo inminente la salud del paciente ante combinaciones letales.
2144,4/11/2025,HCE,Historial de alergias no carga al abrir la ficha del paciente,Medico,Ambato,Libertad de Riesgo,"Falla crítica que expone la seguridad del paciente al omitir información vital de alergias, con un alto riesgo de shock anafiláctico o mala praxis."
2752,4/11/2025,App Movil,El inicio de sesion con biometria falla de forma intermitente,Paciente,Guayaquil,Satisfacción,La inestabilidad en el inicio biométrico genera frustración y reduce la confianza y comodidad del usuario al acceder al aplicativo móvil.
2945,4/11/2025,HCE,Signos vitales registrados por enfermeria no aparecen en la HCE del medico,Medico,Manta,Efectividad,Falla de funcionalidad en el módulo HCE que impide al usuario completar sus tareas de manera precisa y completa.
3183,4/11/2025,Imagenologia,Tiempo de carga de estudios de imagen supera los 27s,Enfermeria,Quito,Eficiencia,La lentitud en la carga y transferencia de archivos DICOM pesados degrada la eficiencia del flujo de trabajo clínico en imagenología.
3466,4/11/2025,Portal Citas,Cancelacion de cita no libera el cupo en el calendario,Paciente,Quito,Efectividad,Falla de funcionalidad en el módulo Portal Citas que impide al usuario completar sus tareas de manera precisa y completa.
3772,4/11/2025,App Movil,Consumo elevado de datos moviles al abrir el modulo de citas,Paciente,Quito,Cobertura de Contexto,"Consumo excesivo de ancho de banda móvil, lo que restringe el uso eficiente del sistema en redes celulares de datos (fuera de la intranet del hospital)."
1385,4/12/2025,Telemedicina,Paciente no puede unirse a la sala virtual a la hora agendada,Medico,Ambato,Efectividad,Falla de funcionalidad en el módulo Telemedicina que impide al usuario completar sus tareas de manera precisa y completa.
2040,4/12/2025,Portal Citas,Usuario no logra agendar tras 5 intentos,Paciente,Guayaquil,Satisfacción,"Incapacidad del usuario de lograr su meta tras múltiples intentos, violando el RNF-02 y provocando un alto nivel de frustración."
2953,4/12/2025,Portal Citas,El sistema no envia la confirmacion por correo electronico,Paciente,Quito,Efectividad,Falla funcional que impide completar la tarea de confirmación de cita al paciente por canal de correo electrónico.
3103,4/12/2025,HCE,Receta electronica se genera con la dosis incorrecta tras guardar,Enfermeria,Quito,Libertad de Riesgo,"Riesgo extremo de salud para el paciente al guardar dosis farmacológicas erróneas en la receta electrónica, pudiendo causar sobredosis o inefectividad clínica."
3794,4/12/2025,HCE,Orden medica no se sincroniza con el modulo de farmacia,Medico,Quito,Efectividad,Error de integración funcional que impide la sincronización y actualización del registro médico entre módulos del HIS.
1138,4/13/2025,Portal Citas,Boton de confirmar cita no responde en dispositivos moviles,Admision,Guayaquil,Cobertura de Contexto,"Falla de adaptabilidad de la interfaz en el contexto de dispositivos móviles, impidiendo confirmar citas desde pantallas de formatos pequeños."
1507,4/13/2025,Imagenologia,Perdida de calidad en las imagenes al ser visualizadas desde la app,Enfermeria,Cuenca,Satisfacción,Degradación visual que afecta la comodidad y confianza de los médicos al visualizar estudios clínicos desde la app móvil.
1575,4/13/2025,HCE,Perdida de la nota de evolucion tras un cierre inesperado de sesion,Medico,Quito,Efectividad,Falla de funcionalidad en el módulo HCE que impide al usuario completar sus tareas de manera precisa y completa.
1631,4/13/2025,Farmacia,Inventario del sistema no coincide con el stock fisico del insumo,Farmacia,Cuenca,Efectividad,Falla de funcionalidad en el módulo Farmacia que impide al usuario completar sus tareas de manera precisa y completa.
1792,4/13/2025,Farmacia,Error al registrar la dispensacion de un medicamento controlado,Enfermeria,Guayaquil,Libertad de Riesgo,"Error en el registro de medicamentos regulados, lo que genera riesgos legales, regulatorios y de seguridad en el control de sustancias psicotrópicas."
1842,4/13/2025,Imagenologia,Tiempo de carga de estudios de imagen supera los 29s,Enfermeria,Cuenca,Eficiencia,La lentitud en la carga y transferencia de archivos DICOM pesados degrada la eficiencia del flujo de trabajo clínico en imagenología.
1910,4/13/2025,Portal Citas,Usuario no logra agendar tras 3 intentos,Admision,Quito,Satisfacción,"Incapacidad del usuario de lograr su meta tras múltiples intentos, violando el RNF-02 y provocando un alto nivel de frustración."
1932,4/13/2025,Farmacia,Tiempo de respuesta del modulo de farmacia supera los 34s,Enfermeria,Manta,Eficiencia,"El sistema presenta tiempos de respuesta elevados que consumen recursos de tiempo innecesarios, degradando la eficiencia del usuario en sus tareas."
2061,4/13/2025,App Movil,El boton de teleconsulta no redirige correctamente a la videollamada,Paciente,Quito,Efectividad,Falla de funcionalidad en el módulo App Movil que impide al usuario completar sus tareas de manera precisa y completa.
2066,4/13/2025,Imagenologia,El informe radiologico no se adjunta automaticamente a la HCE,Medico,Quito,Efectividad,Falla de funcionalidad en el módulo Imagenologia que impide al usuario completar sus tareas de manera precisa y completa.
2078,4/13/2025,HCE,Duplicado de historia clinica al registrar un paciente ya existente,Enfermeria,Quito,Libertad de Riesgo,"Riesgo de seguridad clínica debido a la fragmentación de la información de salud del paciente, lo que puede inducir a diagnósticos y tratamientos erróneos."
3079,4/13/2025,App Movil,La aplicacion se cierra inesperadamente al abrir resultados de laboratorio,Paciente,Manta,Efectividad,"Interrupción abrupta del sistema que impide que el usuario termine el registro de datos, reduciendo la efectividad operativa."
3345,4/13/2025,Telemedicina,Paciente no puede unirse a la sala virtual a la hora agendada,Medico,Cuenca,Efectividad,Falla de funcionalidad en el módulo Telemedicina que impide al usuario completar sus tareas de manera precisa y completa.
1232,4/14/2025,Laboratorio,Codigo de barras de la muestra no es reconocido por el lector,Enfermeria,Quito,Efectividad,Falla de funcionalidad en el módulo Laboratorio que impide al usuario completar sus tareas de manera precisa y completa.
2305,4/14/2025,Facturacion,Error de calculo en el copago del seguro medico,Admision,Ambato,Libertad de Riesgo,"Errores en el cálculo del copago de seguros o discrepancias de montos facturados, induciendo a pérdidas financieras o reclamaciones legales."
2408,4/14/2025,Farmacia,Alerta de vencimiento de lote no se muestra en el modulo,Farmacia,Manta,Libertad de Riesgo,Omitir la alerta de vencimiento de lotes farmacéuticos puede llevar a la administración de medicamentos caducados a los pacientes.
2441,4/14/2025,Telemedicina,Videollamada se corta a los 5 minutos,Medico,Ambato,Cobertura de Contexto,"Falta de resiliencia del canal de comunicación ante variaciones en la conectividad del usuario, interrumpiendo la sesión de teleconsulta en producción."
2853,4/14/2025,Portal Citas,Filtro de especialidad medica no devuelve resultados,Paciente,Guayaquil,Efectividad,Falla de funcionalidad en el módulo Portal Citas que impide al usuario completar sus tareas de manera precisa y completa.
3584,4/14/2025,HCE,Tiempo de carga de la ficha clinica supera los 35s en horas pico,Medico,Cuenca,Eficiencia,La latencia en horas pico para abrir la ficha clínica perjudica la productividad del médico durante la consulta.
1064,4/15/2025,Farmacia,Error al registrar la dispensacion de un medicamento controlado,Farmacia,Manta,Libertad de Riesgo,"Error en el registro de medicamentos regulados, lo que genera riesgos legales, regulatorios y de seguridad en el control de sustancias psicotrópicas."
1407,4/15/2025,Portal Citas,El sistema no envia la confirmacion por correo electronico,Paciente,Quito,Efectividad,Falla funcional que impide completar la tarea de confirmación de cita al paciente por canal de correo electrónico.
1523,4/15/2025,Portal Citas,Notificacion de recordatorio de cita llega con la fecha incorrecta,Admision,Quito,Efectividad,Falla de funcionalidad en el módulo Portal Citas que impide al usuario completar sus tareas de manera precisa y completa.
2041,4/15/2025,Farmacia,Receta electronica llega incompleta desde el modulo de HCE,Farmacia,Quito,Efectividad,Falla de funcionalidad en el módulo Farmacia que impide al usuario completar sus tareas de manera precisa y completa.
2202,4/15/2025,HCE,Historial de alergias no carga al abrir la ficha del paciente,Enfermeria,Quito,Libertad de Riesgo,"Falla crítica que expone la seguridad del paciente al omitir información vital de alergias, con un alto riesgo de shock anafiláctico o mala praxis."
3010,4/15/2025,Facturacion,Factura duplicada al reintentar pago,Admision,Quito,Libertad de Riesgo,"Violación del requerimiento no funcional RNF-03 de facturación; genera cobros indebidos en las tarjetas del cliente, comprometiendo la confianza y el riesgo financiero."
3239,4/15/2025,Portal Citas,Cancelacion de cita no libera el cupo en el calendario,Paciente,Guayaquil,Efectividad,Falla de funcionalidad en el módulo Portal Citas que impide al usuario completar sus tareas de manera precisa y completa.
3486,4/15/2025,Telemedicina,Audio desincronizado durante la teleconsulta,Paciente,Quito,Satisfacción,Mala experiencia sensorial e interactiva durante la teleconsulta que impacta el RNF-05 y la percepción de calidad del servicio.
3785,4/15/2025,App Movil,La aplicacion se cierra inesperadamente al abrir resultados de laboratorio,Paciente,Quito,Efectividad,"Interrupción abrupta del sistema que impide que el usuario termine el registro de datos, reduciendo la efectividad operativa."
1152,4/16/2025,App Movil,El inicio de sesion con biometria falla de forma intermitente,Paciente,Cuenca,Satisfacción,La inestabilidad en el inicio biométrico genera frustración y reduce la confianza y comodidad del usuario al acceder al aplicativo móvil.
1514,4/16/2025,Reportes Gerenciales,Tiempo de generacion del reporte mensual supera los 25 minutos,Gerencia,Manta,Eficiencia,"Demoras severas en la generación de reportes mensuales de inteligencia de negocio, penalizando la eficiencia en el tiempo de procesamiento y toma de decisiones."
2227,4/16/2025,Facturacion,Factura electronica no llega al correo registrado del paciente,Admision,Ambato,Efectividad,Falla de funcionalidad en el módulo Facturacion que impide al usuario completar sus tareas de manera precisa y completa.
2555,4/16/2025,App Movil,Notificaciones push no llegan pese a estar activadas,Paciente,Quito,Efectividad,Falla de funcionalidad en el módulo App Movil que impide al usuario completar sus tareas de manera precisa y completa.
3040,4/16/2025,HCE,El sistema se congela al adjuntar resultados de laboratorio a la HCE,Medico,Quito,Efectividad,Falla de funcionalidad en el módulo HCE que impide al usuario completar sus tareas de manera precisa y completa.
1224,4/17/2025,Farmacia,El sistema no descuenta automaticamente el medicamento dispensado,Enfermeria,Quito,Efectividad,Falla de funcionalidad en el módulo Farmacia que impide al usuario completar sus tareas de manera precisa y completa.
1412,4/17/2025,App Movil,La aplicacion se cierra inesperadamente al abrir resultados de laboratorio,Paciente,Cuenca,Efectividad,"Interrupción abrupta del sistema que impide que el usuario termine el registro de datos, reduciendo la efectividad operativa."
1546,4/17/2025,Telemedicina,El medico no puede compartir pantalla con resultados de examenes,Medico,Ambato,Efectividad,Falla de funcionalidad en el módulo Telemedicina que impide al usuario completar sus tareas de manera precisa y completa.
2211,4/17/2025,Facturacion,Nota de credito no se aplica al saldo pendiente del paciente,Admision,Guayaquil,Libertad de Riesgo,"Fallas en la aplicación de notas de crédito o reembolsos que distorsionan los estados de cuenta, arriesgando multas tributarias e inconformidad legal."
2627,4/17/2025,Laboratorio,El sistema no permite adjuntar el reporte en PDF del laboratorio externo,Medico,Cuenca,Efectividad,Restricción de funcionalidad que impide al usuario realizar una acción requerida para completar su tarea.
3720,4/17/2025,Facturacion,Factura generada con el nombre del paciente incorrecto,Admision,Quito,Efectividad,Falla de funcionalidad en el módulo Facturacion que impide al usuario completar sus tareas de manera precisa y completa.
3857,4/17/2025,Portal Citas,Doble reserva de un mismo cupo por dos pacientes distintos,Paciente,Quito,Libertad de Riesgo,"Doble agendamiento de un mismo cupo que genera sobreventa de citas, colapso de agenda de especialistas y multas o insatisfacción comercial."
2027,4/18/2025,HCE,El campo de diagnostico CIE-10 no permite busqueda por texto,Medico,Quito,Efectividad,Restricción de funcionalidad que impide al usuario realizar una acción requerida para completar su tarea.
2058,4/18/2025,Telemedicina,La sesion se cierra automaticamente antes de terminar la consulta,Paciente,Guayaquil,Efectividad,Falla de funcionalidad en el módulo Telemedicina que impide al usuario completar sus tareas de manera precisa y completa.
3215,4/18/2025,Facturacion,Retraso de 22s al procesar el pago con tarjeta de credito,Admision,Quito,Eficiencia,El procesamiento lento del cobro con tarjeta retrasa el flujo de caja y la atención administrativa de admisión.
3545,4/18/2025,Reportes Gerenciales,Exportacion a Excel del reporte gerencial falla de forma intermitente,Gerencia,Quito,Efectividad,Falla intermitente en las exportaciones o ejecuciones de procesos del sistema que reduce la fiabilidad de las operaciones.
3565,4/18/2025,Facturacion,El sistema no permite anular una factura emitida por error,Admision,Quito,Efectividad,Restricción de funcionalidad que impide al usuario realizar una acción requerida para completar su tarea.
3777,4/18/2025,Facturacion,Factura duplicada al reintentar pago,Paciente,Manta,Libertad de Riesgo,"Violación del requerimiento no funcional RNF-03 de facturación; genera cobros indebidos en las tarjetas del cliente, comprometiendo la confianza y el riesgo financiero."
1542,4/19/2025,App Movil,El boton de teleconsulta no redirige correctamente a la videollamada,Paciente,Quito,Efectividad,Falla de funcionalidad en el módulo App Movil que impide al usuario completar sus tareas de manera precisa y completa.
1844,4/19/2025,Imagenologia,Las imagenes de rayos X no cargan en el visor DICOM,Medico,Cuenca,Efectividad,Falla de funcionalidad en el módulo Imagenologia que impide al usuario completar sus tareas de manera precisa y completa.
1864,4/19/2025,Facturacion,El sistema no reconoce el convenio con la aseguradora,Admision,Guayaquil,Libertad de Riesgo,El no reconocimiento de convenios de aseguradoras genera fricción de cobro y riesgo de pérdidas económicas por servicios no cubiertos correctamente.
1930,4/19/2025,Portal Citas,Boton de confirmar cita no responde en dispositivos moviles,Admision,Quito,Cobertura de Contexto,"Falla de adaptabilidad de la interfaz en el contexto de dispositivos móviles, impidiendo confirmar citas desde pantallas de formatos pequeños."
2178,4/19/2025,HCE,Signos vitales registrados por enfermeria no aparecen en la HCE del medico,Enfermeria,Quito,Efectividad,Falla de funcionalidad en el módulo HCE que impide al usuario completar sus tareas de manera precisa y completa.
2671,4/19/2025,Reportes Gerenciales,Exportacion a Excel del reporte gerencial falla de forma intermitente,Gerencia,Manta,Efectividad,Falla intermitente en las exportaciones o ejecuciones de procesos del sistema que reduce la fiabilidad de las operaciones.
1041,4/20/2025,Facturacion,Factura generada con el nombre del paciente incorrecto,Admision,Ambato,Efectividad,Falla de funcionalidad en el módulo Facturacion que impide al usuario completar sus tareas de manera precisa y completa.
1484,4/20/2025,Facturacion,Nota de credito no se aplica al saldo pendiente del paciente,Paciente,Quito,Libertad de Riesgo,"Fallas en la aplicación de notas de crédito o reembolsos que distorsionan los estados de cuenta, arriesgando multas tributarias e inconformidad legal."
1819,4/20/2025,Imagenologia,Perdida de calidad en las imagenes al ser visualizadas desde la app,Medico,Quito,Satisfacción,Degradación visual que afecta la comodidad y confianza de los médicos al visualizar estudios clínicos desde la app móvil.
1903,4/20/2025,Reportes Gerenciales,El dashboard de indicadores no refleja los datos del ultimo cierre,Gerencia,Manta,Efectividad,Inconsistencia en la actualización de datos que impide la visualización correcta de información operativa reciente.
2771,4/20/2025,Laboratorio,Retraso de 27s en la disponibilidad de resultados criticos,Medico,Cuenca,Eficiencia,"El sistema presenta tiempos de respuesta elevados que consumen recursos de tiempo innecesarios, degradando la eficiencia del usuario en sus tareas."
3351,4/20/2025,HCE,Datos de otro paciente visibles brevemente al abrir un expediente,Enfermeria,Guayaquil,Libertad de Riesgo,"Fuga de información y violación de la confidencialidad médica (HIPAA/Ley de Protección de Datos), exponiendo datos de otros pacientes."
3817,4/20/2025,HCE,Tiempo de carga de la ficha clinica supera los 22s en horas pico,Medico,Cuenca,Eficiencia,La latencia en horas pico para abrir la ficha clínica perjudica la productividad del médico durante la consulta.
2259,4/21/2025,HCE,Orden medica no se sincroniza con el modulo de farmacia,Enfermeria,Manta,Efectividad,Error de integración funcional que impide la sincronización y actualización del registro médico entre módulos del HIS.
2548,4/21/2025,Facturacion,Error de calculo en el copago del seguro medico,Admision,Quito,Libertad de Riesgo,"Errores en el cálculo del copago de seguros o discrepancias de montos facturados, induciendo a pérdidas financieras o reclamaciones legales."
2781,4/21/2025,HCE,Signos vitales registrados por enfermeria no aparecen en la HCE del medico,Enfermeria,Guayaquil,Efectividad,Falla de funcionalidad en el módulo HCE que impide al usuario completar sus tareas de manera precisa y completa.
2815,4/21/2025,App Movil,El inicio de sesion con biometria falla de forma intermitente,Paciente,Quito,Satisfacción,La inestabilidad en el inicio biométrico genera frustración y reduce la confianza y comodidad del usuario al acceder al aplicativo móvil.
2874,4/21/2025,HCE,Perdida de la nota de evolucion tras un cierre inesperado de sesion,Medico,Guayaquil,Efectividad,Falla de funcionalidad en el módulo HCE que impide al usuario completar sus tareas de manera precisa y completa.
3287,4/21/2025,Reportes Gerenciales,El reporte de ocupacion hospitalaria no se actualiza automaticamente,Gerencia,Guayaquil,Efectividad,Inconsistencia en la actualización de datos que impide la visualización correcta de información operativa reciente.
3374,4/21/2025,Imagenologia,Perdida de calidad en las imagenes al ser visualizadas desde la app,Medico,Ambato,Satisfacción,Degradación visual que afecta la comodidad y confianza de los médicos al visualizar estudios clínicos desde la app móvil.
3767,4/21/2025,Portal Citas,Doble reserva de un mismo cupo por dos pacientes distintos,Paciente,Quito,Libertad de Riesgo,"Doble agendamiento de un mismo cupo que genera sobreventa de citas, colapso de agenda de especialistas y multas o insatisfacción comercial."
1068,4/22/2025,App Movil,Version desactualizada del app impide iniciar sesion,Paciente,Cuenca,Cobertura de Contexto,Incompatibilidad y falta de robustez del sistema cuando se ejecuta en el contexto de sistemas cliente que no cuentan con la última versión de software.
1500,4/22/2025,Facturacion,Discrepancia entre el monto facturado y el detalle de servicios,Admision,Guayaquil,Libertad de Riesgo,"Errores en el cálculo del copago de seguros o discrepancias de montos facturados, induciendo a pérdidas financieras o reclamaciones legales."
1692,4/22/2025,Imagenologia,El informe radiologico no se adjunta automaticamente a la HCE,Medico,Quito,Efectividad,Falla de funcionalidad en el módulo Imagenologia que impide al usuario completar sus tareas de manera precisa y completa.
1721,4/22/2025,Portal Citas,Cita agendada no aparece reflejada en el calendario del especialista,Admision,Ambato,Efectividad,Falla de funcionalidad en el módulo Portal Citas que impide al usuario completar sus tareas de manera precisa y completa.
2107,4/22/2025,Telemedicina,Videollamada se corta a los 5 minutos,Medico,Manta,Cobertura de Contexto,"Falta de resiliencia del canal de comunicación ante variaciones en la conectividad del usuario, interrumpiendo la sesión de teleconsulta en producción."
2730,4/22/2025,Farmacia,El sistema bloquea la dispensacion sin mostrar el motivo,Farmacia,Manta,Satisfacción,La falta de mensajes informativos claros y feedback del sistema incrementa la incertidumbre y frustración del operario farmacéutico.
3646,4/22/2025,HCE,Historial de alergias no carga al abrir la ficha del paciente,Enfermeria,Guayaquil,Libertad de Riesgo,"Falla crítica que expone la seguridad del paciente al omitir información vital de alergias, con un alto riesgo de shock anafiláctico o mala praxis."
3672,4/22/2025,Telemedicina,Paciente no puede unirse a la sala virtual a la hora agendada,Paciente,Quito,Efectividad,Falla de funcionalidad en el módulo Telemedicina que impide al usuario completar sus tareas de manera precisa y completa.
3677,4/22/2025,Telemedicina,El medico no puede compartir pantalla con resultados de examenes,Medico,Guayaquil,Efectividad,Falla de funcionalidad en el módulo Telemedicina que impide al usuario completar sus tareas de manera precisa y completa.
2059,4/23/2025,Facturacion,Factura duplicada al reintentar pago,Admision,Guayaquil,Libertad de Riesgo,"Violación del requerimiento no funcional RNF-03 de facturación; genera cobros indebidos en las tarjetas del cliente, comprometiendo la confianza y el riesgo financiero."
2156,4/23/2025,Facturacion,Factura electronica no llega al correo registrado del paciente,Paciente,Guayaquil,Efectividad,Falla de funcionalidad en el módulo Facturacion que impide al usuario completar sus tareas de manera precisa y completa.
2208,4/23/2025,Imagenologia,Perdida de calidad en las imagenes al ser visualizadas desde la app,Medico,Guayaquil,Satisfacción,Degradación visual que afecta la comodidad y confianza de los médicos al visualizar estudios clínicos desde la app móvil.
2273,4/23/2025,HCE,Signos vitales registrados por enfermeria no aparecen en la HCE del medico,Medico,Cuenca,Efectividad,Falla de funcionalidad en el módulo HCE que impide al usuario completar sus tareas de manera precisa y completa.
2364,4/23/2025,Laboratorio,Codigo de barras de la muestra no es reconocido por el lector,Enfermeria,Guayaquil,Efectividad,Falla de funcionalidad en el módulo Laboratorio que impide al usuario completar sus tareas de manera precisa y completa.
2400,4/23/2025,Laboratorio,Retraso de 17s en la disponibilidad de resultados criticos,Enfermeria,Cuenca,Eficiencia,"El sistema presenta tiempos de respuesta elevados que consumen recursos de tiempo innecesarios, degradando la eficiencia del usuario en sus tareas."
2464,4/23/2025,HCE,Nota de evolucion tarda 22s en guardarse,Medico,Ambato,Eficiencia,"El tiempo de guardado supera los 8 segundos tolerables, violando directamente el requerimiento no funcional RNF-01 de rendimiento del sistema para notas clínicas."
2732,4/23/2025,Portal Citas,"Formulario confuso, abandono de registro antes de completar la cita",Admision,Guayaquil,Satisfacción,"Diseño de interfaz de usuario confuso que provoca el abandono del registro, afectando la métrica de satisfacción y facilidad de uso percibida."
2734,4/23/2025,Portal Citas,Notificacion de recordatorio de cita llega con la fecha incorrecta,Admision,Cuenca,Efectividad,Falla de funcionalidad en el módulo Portal Citas que impide al usuario completar sus tareas de manera precisa y completa.
2747,4/23/2025,Telemedicina,Paciente no puede unirse a la sala virtual a la hora agendada,Paciente,Quito,Efectividad,Falla de funcionalidad en el módulo Telemedicina que impide al usuario completar sus tareas de manera precisa y completa.
2913,4/23/2025,Facturacion,Reintento de transaccion genera doble cobro en la tarjeta,Admision,Quito,Libertad de Riesgo,"Violación del requerimiento no funcional RNF-03 de facturación; genera cobros indebidos en las tarjetas del cliente, comprometiendo la confianza y el riesgo financiero."
3069,4/23/2025,Portal Citas,Doble reserva de un mismo cupo por dos pacientes distintos,Admision,Quito,Libertad de Riesgo,"Doble agendamiento de un mismo cupo que genera sobreventa de citas, colapso de agenda de especialistas y multas o insatisfacción comercial."
3152,4/23/2025,Laboratorio,Resultado de examen de laboratorio no se sincroniza con la HCE,Medico,Guayaquil,Efectividad,Error de integración funcional que impide la sincronización y actualización del registro médico entre módulos del HIS.
1033,4/24/2025,Farmacia,El sistema bloquea la dispensacion sin mostrar el motivo,Enfermeria,Guayaquil,Satisfacción,La falta de mensajes informativos claros y feedback del sistema incrementa la incertidumbre y frustración del operario farmacéutico.
1397,4/24/2025,Portal Citas,"Formulario confuso, abandono de registro antes de completar la cita",Paciente,Quito,Satisfacción,"Diseño de interfaz de usuario confuso que provoca el abandono del registro, afectando la métrica de satisfacción y facilidad de uso percibida."
1912,4/24/2025,HCE,Nota de evolucion tarda 21s en guardarse,Enfermeria,Ambato,Eficiencia,"El tiempo de guardado supera los 8 segundos tolerables, violando directamente el requerimiento no funcional RNF-01 de rendimiento del sistema para notas clínicas."
2522,4/24/2025,Facturacion,El sistema no reconoce el convenio con la aseguradora,Paciente,Manta,Libertad de Riesgo,El no reconocimiento de convenios de aseguradoras genera fricción de cobro y riesgo de pérdidas económicas por servicios no cubiertos correctamente.
2617,4/24/2025,Portal Citas,"Formulario confuso, abandono de registro antes de completar la cita",Paciente,Guayaquil,Satisfacción,"Diseño de interfaz de usuario confuso que provoca el abandono del registro, afectando la métrica de satisfacción y facilidad de uso percibida."
2809,4/24/2025,Farmacia,El sistema no descuenta automaticamente el medicamento dispensado,Enfermeria,Ambato,Efectividad,Falla de funcionalidad en el módulo Farmacia que impide al usuario completar sus tareas de manera precisa y completa.
2984,4/24/2025,Facturacion,Discrepancia entre el monto facturado y el detalle de servicios,Admision,Guayaquil,Libertad de Riesgo,"Errores en el cálculo del copago de seguros o discrepancias de montos facturados, induciendo a pérdidas financieras o reclamaciones legales."
3290,4/24/2025,Portal Citas,Sesion expira antes de finalizar el proceso de agendamiento,Paciente,Quito,Satisfacción,"Mala experiencia de usuario que interrumpe de forma prematura el proceso de compra/agendamiento, forzando a repetir pasos."
3316,4/24/2025,Portal Citas,"Formulario confuso, abandono de registro antes de completar la cita",Paciente,Manta,Satisfacción,"Diseño de interfaz de usuario confuso que provoca el abandono del registro, afectando la métrica de satisfacción y facilidad de uso percibida."
3897,4/24/2025,Facturacion,Error de calculo en el copago del seguro medico,Paciente,Quito,Libertad de Riesgo,"Errores en el cálculo del copago de seguros o discrepancias de montos facturados, induciendo a pérdidas financieras o reclamaciones legales."
3993,4/24/2025,HCE,El sistema no permite adjuntar imagenes de heridas desde la tablet,Enfermeria,Quito,Cobertura de Contexto,El sistema presenta limitaciones de portabilidad y compatibilidad al operar en el contexto físico específico de tablets para adjuntar imágenes de heridas.
1162,4/25/2025,HCE,El sistema no permite adjuntar imagenes de heridas desde la tablet,Enfermeria,Quito,Cobertura de Contexto,El sistema presenta limitaciones de portabilidad y compatibilidad al operar en el contexto físico específico de tablets para adjuntar imágenes de heridas.
1225,4/25/2025,Laboratorio,Retraso de 31s en la disponibilidad de resultados criticos,Medico,Quito,Eficiencia,"El sistema presenta tiempos de respuesta elevados que consumen recursos de tiempo innecesarios, degradando la eficiencia del usuario en sus tareas."
1513,4/25/2025,Portal Citas,El sistema no envia la confirmacion por correo electronico,Admision,Ambato,Efectividad,Falla funcional que impide completar la tarea de confirmación de cita al paciente por canal de correo electrónico.
1545,4/25/2025,Facturacion,Factura electronica no llega al correo registrado del paciente,Admision,Manta,Efectividad,Falla de funcionalidad en el módulo Facturacion que impide al usuario completar sus tareas de manera precisa y completa.
1775,4/25/2025,Portal Citas,Error al reagendar una cita previamente confirmada,Paciente,Quito,Efectividad,Falla de funcionalidad en el módulo Portal Citas que impide al usuario completar sus tareas de manera precisa y completa.
2198,4/25/2025,Portal Citas,Tiempo de espera en el portal supera los 21s en horas pico,Admision,Quito,Eficiencia,"El sistema presenta tiempos de respuesta elevados que consumen recursos de tiempo innecesarios, degradando la eficiencia del usuario en sus tareas."
2503,4/25/2025,Portal Citas,Boton de confirmar cita no responde en dispositivos moviles,Admision,Quito,Cobertura de Contexto,"Falla de adaptabilidad de la interfaz en el contexto de dispositivos móviles, impidiendo confirmar citas desde pantallas de formatos pequeños."
2643,4/25/2025,Farmacia,El sistema bloquea la dispensacion sin mostrar el motivo,Farmacia,Cuenca,Satisfacción,La falta de mensajes informativos claros y feedback del sistema incrementa la incertidumbre y frustración del operario farmacéutico.
2937,4/25/2025,HCE,Receta electronica se genera con la dosis incorrecta tras guardar,Enfermeria,Quito,Libertad de Riesgo,"Riesgo extremo de salud para el paciente al guardar dosis farmacológicas erróneas en la receta electrónica, pudiendo causar sobredosis o inefectividad clínica."
3001,4/25/2025,Farmacia,Duplicidad de codigos entre dos presentaciones distintas de un mismo farmaco,Enfermeria,Cuenca,Libertad de Riesgo,"La duplicación de códigos de fármacos introduce un riesgo de dispensación errónea en farmacia, comprometiendo la seguridad terapéutica del paciente."
3244,4/25/2025,Telemedicina,Calidad de video muy baja pese a tener buena conexion a internet,Paciente,Quito,Satisfacción,Mala experiencia sensorial e interactiva durante la teleconsulta que impacta el RNF-05 y la percepción de calidad del servicio.
3856,4/25/2025,HCE,Firma electronica del medico no se valida al cerrar la consulta,Enfermeria,Quito,Efectividad,Falla de funcionalidad en el módulo HCE que impide al usuario completar sus tareas de manera precisa y completa.
1030,4/26/2025,Facturacion,Factura generada con el nombre del paciente incorrecto,Admision,Guayaquil,Efectividad,Falla de funcionalidad en el módulo Facturacion que impide al usuario completar sus tareas de manera precisa y completa.
1547,4/26/2025,Facturacion,Error de calculo en el copago del seguro medico,Paciente,Quito,Libertad de Riesgo,"Errores en el cálculo del copago de seguros o discrepancias de montos facturados, induciendo a pérdidas financieras o reclamaciones legales."
1848,4/26/2025,Portal Citas,El portal muestra disponibilidad para un horario ya ocupado,Paciente,Quito,Efectividad,Falla de funcionalidad en el módulo Portal Citas que impide al usuario completar sus tareas de manera precisa y completa.
1865,4/26/2025,Facturacion,Discrepancia entre el monto facturado y el detalle de servicios,Paciente,Quito,Libertad de Riesgo,"Errores en el cálculo del copago de seguros o discrepancias de montos facturados, induciendo a pérdidas financieras o reclamaciones legales."
2746,4/26/2025,HCE,Historial de alergias no carga al abrir la ficha del paciente,Medico,Guayaquil,Libertad de Riesgo,"Falla crítica que expone la seguridad del paciente al omitir información vital de alergias, con un alto riesgo de shock anafiláctico o mala praxis."
3055,4/26/2025,Farmacia,Alerta de vencimiento de lote no se muestra en el modulo,Farmacia,Quito,Libertad de Riesgo,Omitir la alerta de vencimiento de lotes farmacéuticos puede llevar a la administración de medicamentos caducados a los pacientes.
3375,4/26/2025,Imagenologia,Perdida de calidad en las imagenes al ser visualizadas desde la app,Medico,Ambato,Satisfacción,Degradación visual que afecta la comodidad y confianza de los médicos al visualizar estudios clínicos desde la app móvil.
1678,4/27/2025,Laboratorio,Orden de laboratorio duplicada tras reintentar el envio,Medico,Guayaquil,Efectividad,Falla de funcionalidad en el módulo Laboratorio que impide al usuario completar sus tareas de manera precisa y completa.
2042,4/27/2025,Portal Citas,El sistema no envia la confirmacion por correo electronico,Admision,Cuenca,Efectividad,Falla funcional que impide completar la tarea de confirmación de cita al paciente por canal de correo electrónico.
2147,4/27/2025,Imagenologia,Las imagenes de rayos X no cargan en el visor DICOM,Enfermeria,Cuenca,Efectividad,Falla de funcionalidad en el módulo Imagenologia que impide al usuario completar sus tareas de manera precisa y completa.
2678,4/27/2025,App Movil,Resultados de examenes no se visualizan en formato PDF,Paciente,Ambato,Efectividad,Falla de funcionalidad en el módulo App Movil que impide al usuario completar sus tareas de manera precisa y completa.
2774,4/27/2025,Telemedicina,Notificacion de inicio de teleconsulta llega con retraso de 16s,Medico,Cuenca,Eficiencia,"El sistema presenta tiempos de respuesta elevados que consumen recursos de tiempo innecesarios, degradando la eficiencia del usuario en sus tareas."
2811,4/27/2025,HCE,Nota de evolucion tarda 23s en guardarse,Enfermeria,Cuenca,Eficiencia,"El tiempo de guardado supera los 8 segundos tolerables, violando directamente el requerimiento no funcional RNF-01 de rendimiento del sistema para notas clínicas."
2891,4/27/2025,Portal Citas,Error al reagendar una cita previamente confirmada,Admision,Guayaquil,Efectividad,Falla de funcionalidad en el módulo Portal Citas que impide al usuario completar sus tareas de manera precisa y completa.
3032,4/27/2025,HCE,Historial de alergias no carga al abrir la ficha del paciente,Enfermeria,Guayaquil,Libertad de Riesgo,"Falla crítica que expone la seguridad del paciente al omitir información vital de alergias, con un alto riesgo de shock anafiláctico o mala praxis."
3121,4/27/2025,Telemedicina,La sesion se cierra automaticamente antes de terminar la consulta,Paciente,Guayaquil,Efectividad,Falla de funcionalidad en el módulo Telemedicina que impide al usuario completar sus tareas de manera precisa y completa.
1119,4/28/2025,HCE,Orden medica no se sincroniza con el modulo de farmacia,Enfermeria,Quito,Efectividad,Error de integración funcional que impide la sincronización y actualización del registro médico entre módulos del HIS.
1399,4/28/2025,HCE,Receta electronica se genera con la dosis incorrecta tras guardar,Medico,Guayaquil,Libertad de Riesgo,"Riesgo extremo de salud para el paciente al guardar dosis farmacológicas erróneas en la receta electrónica, pudiendo causar sobredosis o inefectividad clínica."
1424,4/28/2025,Farmacia,El sistema no descuenta automaticamente el medicamento dispensado,Enfermeria,Cuenca,Efectividad,Falla de funcionalidad en el módulo Farmacia que impide al usuario completar sus tareas de manera precisa y completa.
1556,4/28/2025,Laboratorio,Retraso de 33s en la disponibilidad de resultados criticos,Enfermeria,Quito,Eficiencia,"El sistema presenta tiempos de respuesta elevados que consumen recursos de tiempo innecesarios, degradando la eficiencia del usuario en sus tareas."
1760,4/28/2025,HCE,Alerta de interaccion medicamentosa no se despliega correctamente,Enfermeria,Cuenca,Libertad de Riesgo,El fallo en el despliegue de alertas de interacción farmacológica pone en riesgo inminente la salud del paciente ante combinaciones letales.
2759,4/28/2025,Facturacion,Reembolso aprobado no se refleja en el estado de cuenta,Admision,Ambato,Libertad de Riesgo,"Fallas en la aplicación de notas de crédito o reembolsos que distorsionan los estados de cuenta, arriesgando multas tributarias e inconformidad legal."
3076,4/28/2025,App Movil,Version desactualizada del app impide iniciar sesion,Paciente,Ambato,Cobertura de Contexto,Incompatibilidad y falta de robustez del sistema cuando se ejecuta en el contexto de sistemas cliente que no cuentan con la última versión de software.
3268,4/28/2025,HCE,Firma electronica del medico no se valida al cerrar la consulta,Medico,Ambato,Efectividad,Falla de funcionalidad en el módulo HCE que impide al usuario completar sus tareas de manera precisa y completa.
3404,4/28/2025,Telemedicina,El chat de la consulta no permite enviar imagenes,Paciente,Guayaquil,Efectividad,Restricción de funcionalidad que impide al usuario realizar una acción requerida para completar su tarea.
3527,4/28/2025,HCE,Signos vitales registrados por enfermeria no aparecen en la HCE del medico,Medico,Manta,Efectividad,Falla de funcionalidad en el módulo HCE que impide al usuario completar sus tareas de manera precisa y completa.
3597,4/28/2025,Portal Citas,Boton de confirmar cita no responde en dispositivos moviles,Admision,Manta,Cobertura de Contexto,"Falla de adaptabilidad de la interfaz en el contexto de dispositivos móviles, impidiendo confirmar citas desde pantallas de formatos pequeños."
1057,4/29/2025,Portal Citas,"Formulario confuso, abandono de registro antes de completar la cita",Admision,Guayaquil,Satisfacción,"Diseño de interfaz de usuario confuso que provoca el abandono del registro, afectando la métrica de satisfacción y facilidad de uso percibida."
1568,4/29/2025,HCE,Consulta anterior no se muestra en el resumen de antecedentes,Medico,Guayaquil,Efectividad,Falla de funcionalidad en el módulo HCE que impide al usuario completar sus tareas de manera precisa y completa.
1647,4/29/2025,HCE,El sistema se congela al adjuntar resultados de laboratorio a la HCE,Enfermeria,Cuenca,Efectividad,Falla de funcionalidad en el módulo HCE que impide al usuario completar sus tareas de manera precisa y completa.
1886,4/29/2025,Portal Citas,El pago del bono de consulta no se refleja tras completarlo,Admision,Quito,Libertad de Riesgo,Inconsistencia financiera en los cobros o transacciones del sistema que infringe las normativas contables y expone al hospital a pérdidas económicas.
2109,4/29/2025,HCE,Alerta de interaccion medicamentosa no se despliega correctamente,Enfermeria,Quito,Libertad de Riesgo,El fallo en el despliegue de alertas de interacción farmacológica pone en riesgo inminente la salud del paciente ante combinaciones letales.
2486,4/29/2025,Farmacia,Tiempo de respuesta del modulo de farmacia supera los 19s,Enfermeria,Guayaquil,Eficiencia,"El sistema presenta tiempos de respuesta elevados que consumen recursos de tiempo innecesarios, degradando la eficiencia del usuario en sus tareas."
3303,4/29/2025,HCE,Duplicado de historia clinica al registrar un paciente ya existente,Medico,Guayaquil,Libertad de Riesgo,"Riesgo de seguridad clínica debido a la fragmentación de la información de salud del paciente, lo que puede inducir a diagnósticos y tratamientos erróneos."
3571,4/29/2025,HCE,Duplicado de historia clinica al registrar un paciente ya existente,Medico,Guayaquil,Libertad de Riesgo,"Riesgo de seguridad clínica debido a la fragmentación de la información de salud del paciente, lo que puede inducir a diagnósticos y tratamientos erróneos."
3600,4/29/2025,Laboratorio,Retraso de 18s en la disponibilidad de resultados criticos,Enfermeria,Quito,Eficiencia,"El sistema presenta tiempos de respuesta elevados que consumen recursos de tiempo innecesarios, degradando la eficiencia del usuario en sus tareas."
2054,4/30/2025,Telemedicina,Audio desincronizado durante la teleconsulta,Paciente,Cuenca,Satisfacción,Mala experiencia sensorial e interactiva durante la teleconsulta que impacta el RNF-05 y la percepción de calidad del servicio.
2162,4/30/2025,HCE,Tiempo de carga de la ficha clinica supera los 14s en horas pico,Medico,Ambato,Eficiencia,La latencia en horas pico para abrir la ficha clínica perjudica la productividad del médico durante la consulta.
2925,4/30/2025,App Movil,El boton de teleconsulta no redirige correctamente a la videollamada,Paciente,Ambato,Efectividad,Falla de funcionalidad en el módulo App Movil que impide al usuario completar sus tareas de manera precisa y completa.
2931,4/30/2025,Telemedicina,Receta electronica no se genera al finalizar la teleconsulta,Paciente,Guayaquil,Efectividad,Falla de funcionalidad en el módulo Telemedicina que impide al usuario completar sus tareas de manera precisa y completa.
3031,4/30/2025,Facturacion,El modulo de facturacion se cae durante el cierre de caja,Admision,Cuenca,Efectividad,Falla de funcionalidad en el módulo Facturacion que impide al usuario completar sus tareas de manera precisa y completa.
3537,4/30/2025,HCE,El sistema no permite adjuntar imagenes de heridas desde la tablet,Enfermeria,Guayaquil,Cobertura de Contexto,El sistema presenta limitaciones de portabilidad y compatibilidad al operar en el contexto físico específico de tablets para adjuntar imágenes de heridas.
3593,4/30/2025,Portal Citas,Cita agendada no aparece reflejada en el calendario del especialista,Admision,Guayaquil,Efectividad,Falla de funcionalidad en el módulo Portal Citas que impide al usuario completar sus tareas de manera precisa y completa.
3766,4/30/2025,Farmacia,Tiempo de respuesta del modulo de farmacia supera los 21s,Enfermeria,Manta,Eficiencia,"El sistema presenta tiempos de respuesta elevados que consumen recursos de tiempo innecesarios, degradando la eficiencia del usuario en sus tareas."
1141,5/1/2025,HCE,El sistema no permite adjuntar imagenes de heridas desde la tablet,Medico,Guayaquil,Cobertura de Contexto,El sistema presenta limitaciones de portabilidad y compatibilidad al operar en el contexto físico específico de tablets para adjuntar imágenes de heridas.
1199,5/1/2025,App Movil,La aplicacion se cierra inesperadamente al abrir resultados de laboratorio,Paciente,Guayaquil,Efectividad,"Interrupción abrupta del sistema que impide que el usuario termine el registro de datos, reduciendo la efectividad operativa."
1549,5/1/2025,Imagenologia,Perdida de calidad en las imagenes al ser visualizadas desde la app,Medico,Quito,Satisfacción,Degradación visual que afecta la comodidad y confianza de los médicos al visualizar estudios clínicos desde la app móvil.
1811,5/1/2025,Reportes Gerenciales,Exportacion a Excel del reporte gerencial falla de forma intermitente,Gerencia,Guayaquil,Efectividad,Falla intermitente en las exportaciones o ejecuciones de procesos del sistema que reduce la fiabilidad de las operaciones.
2603,5/1/2025,Portal Citas,Cita agendada no aparece reflejada en el calendario del especialista,Paciente,Cuenca,Efectividad,Falla de funcionalidad en el módulo Portal Citas que impide al usuario completar sus tareas de manera precisa y completa.
3749,5/1/2025,HCE,Firma electronica del medico no se valida al cerrar la consulta,Enfermeria,Ambato,Efectividad,Falla de funcionalidad en el módulo HCE que impide al usuario completar sus tareas de manera precisa y completa.
3825,5/1/2025,Imagenologia,Tiempo de carga de estudios de imagen supera los 17s,Enfermeria,Guayaquil,Eficiencia,La lentitud en la carga y transferencia de archivos DICOM pesados degrada la eficiencia del flujo de trabajo clínico en imagenología.
1137,5/2/2025,HCE,Consulta anterior no se muestra en el resumen de antecedentes,Enfermeria,Ambato,Efectividad,Falla de funcionalidad en el módulo HCE que impide al usuario completar sus tareas de manera precisa y completa.
2172,5/2/2025,Farmacia,El sistema no descuenta automaticamente el medicamento dispensado,Enfermeria,Quito,Efectividad,Falla de funcionalidad en el módulo Farmacia que impide al usuario completar sus tareas de manera precisa y completa.
3157,5/2/2025,Imagenologia,Perdida de calidad en las imagenes al ser visualizadas desde la app,Medico,Ambato,Satisfacción,Degradación visual que afecta la comodidad y confianza de los médicos al visualizar estudios clínicos desde la app móvil.
3450,5/2/2025,Farmacia,El sistema no descuenta automaticamente el medicamento dispensado,Enfermeria,Guayaquil,Efectividad,Falla de funcionalidad en el módulo Farmacia que impide al usuario completar sus tareas de manera precisa y completa.
1845,5/3/2025,Facturacion,Retraso de 33s al procesar el pago con tarjeta de credito,Admision,Guayaquil,Eficiencia,El procesamiento lento del cobro con tarjeta retrasa el flujo de caja y la atención administrativa de admisión.
1855,5/3/2025,Facturacion,Factura generada con el nombre del paciente incorrecto,Admision,Cuenca,Efectividad,Falla de funcionalidad en el módulo Facturacion que impide al usuario completar sus tareas de manera precisa y completa.
2527,5/3/2025,Telemedicina,La sesion se cierra automaticamente antes de terminar la consulta,Medico,Quito,Efectividad,Falla de funcionalidad en el módulo Telemedicina que impide al usuario completar sus tareas de manera precisa y completa.
2912,5/3/2025,HCE,Alerta de interaccion medicamentosa no se despliega correctamente,Medico,Quito,Libertad de Riesgo,El fallo en el despliegue de alertas de interacción farmacológica pone en riesgo inminente la salud del paciente ante combinaciones letales.
2923,5/3/2025,HCE,Orden medica no se sincroniza con el modulo de farmacia,Medico,Guayaquil,Efectividad,Error de integración funcional que impide la sincronización y actualización del registro médico entre módulos del HIS.
3489,5/3/2025,Farmacia,Inventario del sistema no coincide con el stock fisico del insumo,Farmacia,Guayaquil,Efectividad,Falla de funcionalidad en el módulo Farmacia que impide al usuario completar sus tareas de manera precisa y completa.
1564,5/4/2025,Laboratorio,El sistema no permite adjuntar el reporte en PDF del laboratorio externo,Medico,Quito,Efectividad,Restricción de funcionalidad que impide al usuario realizar una acción requerida para completar su tarea.
1666,5/4/2025,HCE,Perdida de la nota de evolucion tras un cierre inesperado de sesion,Medico,Guayaquil,Efectividad,Falla de funcionalidad en el módulo HCE que impide al usuario completar sus tareas de manera precisa y completa.
1691,5/4/2025,HCE,Perdida de la nota de evolucion tras un cierre inesperado de sesion,Medico,Quito,Efectividad,Falla de funcionalidad en el módulo HCE que impide al usuario completar sus tareas de manera precisa y completa.
1921,5/4/2025,HCE,Tiempo de carga de la ficha clinica supera los 26s en horas pico,Medico,Guayaquil,Eficiencia,La latencia en horas pico para abrir la ficha clínica perjudica la productividad del médico durante la consulta.
2366,5/4/2025,Farmacia,Error al registrar la dispensacion de un medicamento controlado,Enfermeria,Quito,Libertad de Riesgo,"Error en el registro de medicamentos regulados, lo que genera riesgos legales, regulatorios y de seguridad en el control de sustancias psicotrópicas."
2743,5/4/2025,Portal Citas,Boton de confirmar cita no responde en dispositivos moviles,Paciente,Cuenca,Cobertura de Contexto,"Falla de adaptabilidad de la interfaz en el contexto de dispositivos móviles, impidiendo confirmar citas desde pantallas de formatos pequeños."
2854,5/4/2025,HCE,El sistema se congela al adjuntar resultados de laboratorio a la HCE,Medico,Guayaquil,Efectividad,Falla de funcionalidad en el módulo HCE que impide al usuario completar sus tareas de manera precisa y completa.
1408,5/5/2025,Telemedicina,Notificacion de inicio de teleconsulta llega con retraso de 16s,Paciente,Quito,Eficiencia,"El sistema presenta tiempos de respuesta elevados que consumen recursos de tiempo innecesarios, degradando la eficiencia del usuario en sus tareas."
1434,5/5/2025,HCE,El campo de diagnostico CIE-10 no permite busqueda por texto,Enfermeria,Guayaquil,Efectividad,Restricción de funcionalidad que impide al usuario realizar una acción requerida para completar su tarea.
1468,5/5/2025,Portal Citas,Error al reagendar una cita previamente confirmada,Paciente,Manta,Efectividad,Falla de funcionalidad en el módulo Portal Citas que impide al usuario completar sus tareas de manera precisa y completa.
1988,5/5/2025,App Movil,Resultados de examenes no se visualizan en formato PDF,Paciente,Manta,Efectividad,Falla de funcionalidad en el módulo App Movil que impide al usuario completar sus tareas de manera precisa y completa.
2124,5/5/2025,Facturacion,El sistema no permite anular una factura emitida por error,Admision,Ambato,Efectividad,Restricción de funcionalidad que impide al usuario realizar una acción requerida para completar su tarea.
2182,5/5/2025,Telemedicina,Notificacion de inicio de teleconsulta llega con retraso de 11s,Paciente,Guayaquil,Eficiencia,"El sistema presenta tiempos de respuesta elevados que consumen recursos de tiempo innecesarios, degradando la eficiencia del usuario en sus tareas."
3482,5/5/2025,Telemedicina,Paciente no puede unirse a la sala virtual a la hora agendada,Medico,Guayaquil,Efectividad,Falla de funcionalidad en el módulo Telemedicina que impide al usuario completar sus tareas de manera precisa y completa.
3828,5/5/2025,Telemedicina,La sesion se cierra automaticamente antes de terminar la consulta,Paciente,Cuenca,Efectividad,Falla de funcionalidad en el módulo Telemedicina que impide al usuario completar sus tareas de manera precisa y completa.
1071,5/6/2025,HCE,Receta electronica se genera con la dosis incorrecta tras guardar,Enfermeria,Ambato,Libertad de Riesgo,"Riesgo extremo de salud para el paciente al guardar dosis farmacológicas erróneas en la receta electrónica, pudiendo causar sobredosis o inefectividad clínica."
1326,5/6/2025,Imagenologia,Las imagenes de rayos X no cargan en el visor DICOM,Enfermeria,Guayaquil,Efectividad,Falla de funcionalidad en el módulo Imagenologia que impide al usuario completar sus tareas de manera precisa y completa.
1343,5/6/2025,Facturacion,El sistema no permite anular una factura emitida por error,Paciente,Manta,Efectividad,Restricción de funcionalidad que impide al usuario realizar una acción requerida para completar su tarea.
1483,5/6/2025,Farmacia,Alerta de vencimiento de lote no se muestra en el modulo,Farmacia,Ambato,Libertad de Riesgo,Omitir la alerta de vencimiento de lotes farmacéuticos puede llevar a la administración de medicamentos caducados a los pacientes.
2449,5/6/2025,Facturacion,Reembolso aprobado no se refleja en el estado de cuenta,Paciente,Guayaquil,Libertad de Riesgo,"Fallas en la aplicación de notas de crédito o reembolsos que distorsionan los estados de cuenta, arriesgando multas tributarias e inconformidad legal."
2666,5/6/2025,Farmacia,Inventario del sistema no coincide con el stock fisico del insumo,Enfermeria,Quito,Efectividad,Falla de funcionalidad en el módulo Farmacia que impide al usuario completar sus tareas de manera precisa y completa.
2782,5/6/2025,HCE,Duplicado de historia clinica al registrar un paciente ya existente,Enfermeria,Guayaquil,Libertad de Riesgo,"Riesgo de seguridad clínica debido a la fragmentación de la información de salud del paciente, lo que puede inducir a diagnósticos y tratamientos erróneos."
3317,5/6/2025,HCE,Firma electronica del medico no se valida al cerrar la consulta,Enfermeria,Guayaquil,Efectividad,Falla de funcionalidad en el módulo HCE que impide al usuario completar sus tareas de manera precisa y completa.
3456,5/6/2025,Portal Citas,Cita agendada no aparece reflejada en el calendario del especialista,Admision,Quito,Efectividad,Falla de funcionalidad en el módulo Portal Citas que impide al usuario completar sus tareas de manera precisa y completa.
3524,5/6/2025,Telemedicina,La sesion se cierra automaticamente antes de terminar la consulta,Medico,Quito,Efectividad,Falla de funcionalidad en el módulo Telemedicina que impide al usuario completar sus tareas de manera precisa y completa.
3758,5/6/2025,Laboratorio,El sistema no permite adjuntar el reporte en PDF del laboratorio externo,Medico,Cuenca,Efectividad,Restricción de funcionalidad que impide al usuario realizar una acción requerida para completar su tarea.
1243,5/7/2025,HCE,Consulta anterior no se muestra en el resumen de antecedentes,Medico,Ambato,Efectividad,Falla de funcionalidad en el módulo HCE que impide al usuario completar sus tareas de manera precisa y completa.
1383,5/7/2025,HCE,Alerta de interaccion medicamentosa no se despliega correctamente,Medico,Guayaquil,Libertad de Riesgo,El fallo en el despliegue de alertas de interacción farmacológica pone en riesgo inminente la salud del paciente ante combinaciones letales.
1571,5/7/2025,HCE,Consulta anterior no se muestra en el resumen de antecedentes,Medico,Cuenca,Efectividad,Falla de funcionalidad en el módulo HCE que impide al usuario completar sus tareas de manera precisa y completa.
1574,5/7/2025,Imagenologia,Las imagenes de rayos X no cargan en el visor DICOM,Enfermeria,Ambato,Efectividad,Falla de funcionalidad en el módulo Imagenologia que impide al usuario completar sus tareas de manera precisa y completa.
1788,5/7/2025,Facturacion,Nota de credito no se aplica al saldo pendiente del paciente,Admision,Manta,Libertad de Riesgo,"Fallas en la aplicación de notas de crédito o reembolsos que distorsionan los estados de cuenta, arriesgando multas tributarias e inconformidad legal."
2383,5/7/2025,App Movil,La aplicacion se cierra inesperadamente al abrir resultados de laboratorio,Paciente,Cuenca,Efectividad,"Interrupción abrupta del sistema que impide que el usuario termine el registro de datos, reduciendo la efectividad operativa."
2875,5/7/2025,Facturacion,Reintento de transaccion genera doble cobro en la tarjeta,Paciente,Quito,Libertad de Riesgo,"Violación del requerimiento no funcional RNF-03 de facturación; genera cobros indebidos en las tarjetas del cliente, comprometiendo la confianza y el riesgo financiero."
1016,5/8/2025,HCE,Historial de alergias no carga al abrir la ficha del paciente,Medico,Quito,Libertad de Riesgo,"Falla crítica que expone la seguridad del paciente al omitir información vital de alergias, con un alto riesgo de shock anafiláctico o mala praxis."
1049,5/8/2025,Facturacion,Discrepancia entre el monto facturado y el detalle de servicios,Admision,Cuenca,Libertad de Riesgo,"Errores en el cálculo del copago de seguros o discrepancias de montos facturados, induciendo a pérdidas financieras o reclamaciones legales."
2250,5/8/2025,HCE,Historial de alergias no carga al abrir la ficha del paciente,Enfermeria,Guayaquil,Libertad de Riesgo,"Falla crítica que expone la seguridad del paciente al omitir información vital de alergias, con un alto riesgo de shock anafiláctico o mala praxis."
2973,5/8/2025,Telemedicina,Paciente no puede unirse a la sala virtual a la hora agendada,Paciente,Cuenca,Efectividad,Falla de funcionalidad en el módulo Telemedicina que impide al usuario completar sus tareas de manera precisa y completa.
3382,5/8/2025,HCE,El sistema no permite adjuntar imagenes de heridas desde la tablet,Enfermeria,Guayaquil,Cobertura de Contexto,El sistema presenta limitaciones de portabilidad y compatibilidad al operar en el contexto físico específico de tablets para adjuntar imágenes de heridas.
1112,5/9/2025,HCE,Alerta de interaccion medicamentosa no se despliega correctamente,Enfermeria,Manta,Libertad de Riesgo,El fallo en el despliegue de alertas de interacción farmacológica pone en riesgo inminente la salud del paciente ante combinaciones letales.
1725,5/9/2025,HCE,Receta electronica se genera con la dosis incorrecta tras guardar,Enfermeria,Ambato,Libertad de Riesgo,"Riesgo extremo de salud para el paciente al guardar dosis farmacológicas erróneas en la receta electrónica, pudiendo causar sobredosis o inefectividad clínica."
1728,5/9/2025,Portal Citas,Tiempo de espera en el portal supera los 11s en horas pico,Paciente,Ambato,Eficiencia,"El sistema presenta tiempos de respuesta elevados que consumen recursos de tiempo innecesarios, degradando la eficiencia del usuario en sus tareas."
1944,5/9/2025,HCE,Signos vitales registrados por enfermeria no aparecen en la HCE del medico,Medico,Quito,Efectividad,Falla de funcionalidad en el módulo HCE que impide al usuario completar sus tareas de manera precisa y completa.
2543,5/9/2025,Farmacia,Error al registrar la dispensacion de un medicamento controlado,Enfermeria,Guayaquil,Libertad de Riesgo,"Error en el registro de medicamentos regulados, lo que genera riesgos legales, regulatorios y de seguridad en el control de sustancias psicotrópicas."
2731,5/9/2025,Portal Citas,Cita agendada no aparece reflejada en el calendario del especialista,Admision,Cuenca,Efectividad,Falla de funcionalidad en el módulo Portal Citas que impide al usuario completar sus tareas de manera precisa y completa.
2739,5/9/2025,Facturacion,Retraso de 33s al procesar el pago con tarjeta de credito,Admision,Quito,Eficiencia,El procesamiento lento del cobro con tarjeta retrasa el flujo de caja y la atención administrativa de admisión.
2910,5/9/2025,Laboratorio,Retraso de 33s en la disponibilidad de resultados criticos,Medico,Quito,Eficiencia,"El sistema presenta tiempos de respuesta elevados que consumen recursos de tiempo innecesarios, degradando la eficiencia del usuario en sus tareas."
2946,5/9/2025,App Movil,Resultados de examenes no se visualizan en formato PDF,Paciente,Quito,Efectividad,Falla de funcionalidad en el módulo App Movil que impide al usuario completar sus tareas de manera precisa y completa.
3609,5/9/2025,Facturacion,Factura duplicada al reintentar pago,Admision,Guayaquil,Libertad de Riesgo,"Violación del requerimiento no funcional RNF-03 de facturación; genera cobros indebidos en las tarjetas del cliente, comprometiendo la confianza y el riesgo financiero."
3996,5/9/2025,HCE,Alerta de interaccion medicamentosa no se despliega correctamente,Medico,Ambato,Libertad de Riesgo,El fallo en el despliegue de alertas de interacción farmacológica pone en riesgo inminente la salud del paciente ante combinaciones letales.
1327,5/10/2025,Imagenologia,El informe radiologico no se adjunta automaticamente a la HCE,Medico,Cuenca,Efectividad,Falla de funcionalidad en el módulo Imagenologia que impide al usuario completar sus tareas de manera precisa y completa.
1628,5/10/2025,Laboratorio,Codigo de barras de la muestra no es reconocido por el lector,Enfermeria,Ambato,Efectividad,Falla de funcionalidad en el módulo Laboratorio que impide al usuario completar sus tareas de manera precisa y completa.
2023,5/10/2025,Portal Citas,El pago del bono de consulta no se refleja tras completarlo,Paciente,Ambato,Libertad de Riesgo,Inconsistencia financiera en los cobros o transacciones del sistema que infringe las normativas contables y expone al hospital a pérdidas económicas.
2044,5/10/2025,Telemedicina,Grabacion de la consulta no se almacena correctamente,Paciente,Quito,Efectividad,Falla de funcionalidad en el módulo Telemedicina que impide al usuario completar sus tareas de manera precisa y completa.
2173,5/10/2025,Imagenologia,Tiempo de carga de estudios de imagen supera los 30s,Enfermeria,Manta,Eficiencia,La lentitud en la carga y transferencia de archivos DICOM pesados degrada la eficiencia del flujo de trabajo clínico en imagenología.
2529,5/10/2025,App Movil,Resultados de examenes no se visualizan en formato PDF,Paciente,Guayaquil,Efectividad,Falla de funcionalidad en el módulo App Movil que impide al usuario completar sus tareas de manera precisa y completa.
2728,5/10/2025,Portal Citas,Notificacion de recordatorio de cita llega con la fecha incorrecta,Paciente,Guayaquil,Efectividad,Falla de funcionalidad en el módulo Portal Citas que impide al usuario completar sus tareas de manera precisa y completa.
3710,5/10/2025,Portal Citas,Usuario no logra agendar tras 4 intentos,Admision,Quito,Satisfacción,"Incapacidad del usuario de lograr su meta tras múltiples intentos, violando el RNF-02 y provocando un alto nivel de frustración."
3855,5/10/2025,HCE,Historial de alergias no carga al abrir la ficha del paciente,Enfermeria,Guayaquil,Libertad de Riesgo,"Falla crítica que expone la seguridad del paciente al omitir información vital de alergias, con un alto riesgo de shock anafiláctico o mala praxis."
3936,5/10/2025,Portal Citas,Error al reagendar una cita previamente confirmada,Admision,Guayaquil,Efectividad,Falla de funcionalidad en el módulo Portal Citas que impide al usuario completar sus tareas de manera precisa y completa.
1479,5/11/2025,Reportes Gerenciales,El reporte de ocupacion hospitalaria no se actualiza automaticamente,Gerencia,Guayaquil,Efectividad,Inconsistencia en la actualización de datos que impide la visualización correcta de información operativa reciente.
1581,5/11/2025,App Movil,Notificaciones push no llegan pese a estar activadas,Paciente,Cuenca,Efectividad,Falla de funcionalidad en el módulo App Movil que impide al usuario completar sus tareas de manera precisa y completa.
2446,5/11/2025,Facturacion,El sistema no permite anular una factura emitida por error,Paciente,Quito,Efectividad,Restricción de funcionalidad que impide al usuario realizar una acción requerida para completar su tarea.
2855,5/11/2025,Portal Citas,Sesion expira antes de finalizar el proceso de agendamiento,Paciente,Quito,Satisfacción,"Mala experiencia de usuario que interrumpe de forma prematura el proceso de compra/agendamiento, forzando a repetir pasos."
2887,5/11/2025,HCE,Datos de otro paciente visibles brevemente al abrir un expediente,Medico,Quito,Libertad de Riesgo,"Fuga de información y violación de la confidencialidad médica (HIPAA/Ley de Protección de Datos), exponiendo datos de otros pacientes."
2958,5/11/2025,Facturacion,El modulo de facturacion se cae durante el cierre de caja,Admision,Manta,Efectividad,Falla de funcionalidad en el módulo Facturacion que impide al usuario completar sus tareas de manera precisa y completa.
3165,5/11/2025,Farmacia,Inventario del sistema no coincide con el stock fisico del insumo,Farmacia,Manta,Efectividad,Falla de funcionalidad en el módulo Farmacia que impide al usuario completar sus tareas de manera precisa y completa.
3228,5/11/2025,Telemedicina,La sesion se cierra automaticamente antes de terminar la consulta,Paciente,Guayaquil,Efectividad,Falla de funcionalidad en el módulo Telemedicina que impide al usuario completar sus tareas de manera precisa y completa.
3563,5/11/2025,Telemedicina,El medico no puede compartir pantalla con resultados de examenes,Medico,Guayaquil,Efectividad,Falla de funcionalidad en el módulo Telemedicina que impide al usuario completar sus tareas de manera precisa y completa.
3687,5/11/2025,HCE,Receta electronica se genera con la dosis incorrecta tras guardar,Medico,Cuenca,Libertad de Riesgo,"Riesgo extremo de salud para el paciente al guardar dosis farmacológicas erróneas en la receta electrónica, pudiendo causar sobredosis o inefectividad clínica."
3937,5/11/2025,Telemedicina,El medico no puede compartir pantalla con resultados de examenes,Medico,Quito,Efectividad,Falla de funcionalidad en el módulo Telemedicina que impide al usuario completar sus tareas de manera precisa y completa.
1522,5/12/2025,HCE,Firma electronica del medico no se valida al cerrar la consulta,Medico,Quito,Efectividad,Falla de funcionalidad en el módulo HCE que impide al usuario completar sus tareas de manera precisa y completa.
1676,5/12/2025,Farmacia,Tiempo de respuesta del modulo de farmacia supera los 12s,Enfermeria,Manta,Eficiencia,"El sistema presenta tiempos de respuesta elevados que consumen recursos de tiempo innecesarios, degradando la eficiencia del usuario en sus tareas."
1715,5/12/2025,HCE,Historial de alergias no carga al abrir la ficha del paciente,Medico,Cuenca,Libertad de Riesgo,"Falla crítica que expone la seguridad del paciente al omitir información vital de alergias, con un alto riesgo de shock anafiláctico o mala praxis."
1801,5/12/2025,Facturacion,Discrepancia entre el monto facturado y el detalle de servicios,Paciente,Cuenca,Libertad de Riesgo,"Errores en el cálculo del copago de seguros o discrepancias de montos facturados, induciendo a pérdidas financieras o reclamaciones legales."
1892,5/12/2025,Facturacion,Discrepancia entre el monto facturado y el detalle de servicios,Admision,Manta,Libertad de Riesgo,"Errores en el cálculo del copago de seguros o discrepancias de montos facturados, induciendo a pérdidas financieras o reclamaciones legales."
2038,5/12/2025,Portal Citas,El pago del bono de consulta no se refleja tras completarlo,Admision,Cuenca,Libertad de Riesgo,Inconsistencia financiera en los cobros o transacciones del sistema que infringe las normativas contables y expone al hospital a pérdidas económicas.
2176,5/12/2025,HCE,Firma electronica del medico no se valida al cerrar la consulta,Medico,Ambato,Efectividad,Falla de funcionalidad en el módulo HCE que impide al usuario completar sus tareas de manera precisa y completa.
2466,5/12/2025,HCE,Datos de otro paciente visibles brevemente al abrir un expediente,Enfermeria,Quito,Libertad de Riesgo,"Fuga de información y violación de la confidencialidad médica (HIPAA/Ley de Protección de Datos), exponiendo datos de otros pacientes."
2959,5/12/2025,Portal Citas,El portal muestra disponibilidad para un horario ya ocupado,Admision,Ambato,Efectividad,Falla de funcionalidad en el módulo Portal Citas que impide al usuario completar sus tareas de manera precisa y completa.
2968,5/12/2025,Farmacia,Receta electronica llega incompleta desde el modulo de HCE,Farmacia,Cuenca,Efectividad,Falla de funcionalidad en el módulo Farmacia que impide al usuario completar sus tareas de manera precisa y completa.
3250,5/12/2025,Facturacion,El sistema no permite anular una factura emitida por error,Admision,Manta,Efectividad,Restricción de funcionalidad que impide al usuario realizar una acción requerida para completar su tarea.
3302,5/12/2025,Portal Citas,Filtro de especialidad medica no devuelve resultados,Admision,Quito,Efectividad,Falla de funcionalidad en el módulo Portal Citas que impide al usuario completar sus tareas de manera precisa y completa.
3343,5/12/2025,HCE,El sistema se congela al adjuntar resultados de laboratorio a la HCE,Enfermeria,Cuenca,Efectividad,Falla de funcionalidad en el módulo HCE que impide al usuario completar sus tareas de manera precisa y completa.
3390,5/12/2025,HCE,Duplicado de historia clinica al registrar un paciente ya existente,Medico,Cuenca,Libertad de Riesgo,"Riesgo de seguridad clínica debido a la fragmentación de la información de salud del paciente, lo que puede inducir a diagnósticos y tratamientos erróneos."
3807,5/12/2025,App Movil,La aplicacion se cierra inesperadamente al abrir resultados de laboratorio,Paciente,Cuenca,Efectividad,"Interrupción abrupta del sistema que impide que el usuario termine el registro de datos, reduciendo la efectividad operativa."
3819,5/12/2025,HCE,Historial de alergias no carga al abrir la ficha del paciente,Medico,Guayaquil,Libertad de Riesgo,"Falla crítica que expone la seguridad del paciente al omitir información vital de alergias, con un alto riesgo de shock anafiláctico o mala praxis."
3925,5/12/2025,HCE,Historial de alergias no carga al abrir la ficha del paciente,Medico,Guayaquil,Libertad de Riesgo,"Falla crítica que expone la seguridad del paciente al omitir información vital de alergias, con un alto riesgo de shock anafiláctico o mala praxis."
1206,5/13/2025,HCE,Historial de alergias no carga al abrir la ficha del paciente,Enfermeria,Guayaquil,Libertad de Riesgo,"Falla crítica que expone la seguridad del paciente al omitir información vital de alergias, con un alto riesgo de shock anafiláctico o mala praxis."
1299,5/13/2025,App Movil,Resultados de examenes no se visualizan en formato PDF,Paciente,Manta,Efectividad,Falla de funcionalidad en el módulo App Movil que impide al usuario completar sus tareas de manera precisa y completa.
1312,5/13/2025,HCE,Tiempo de carga de la ficha clinica supera los 12s en horas pico,Medico,Guayaquil,Eficiencia,La latencia en horas pico para abrir la ficha clínica perjudica la productividad del médico durante la consulta.
1466,5/13/2025,Farmacia,El sistema bloquea la dispensacion sin mostrar el motivo,Farmacia,Ambato,Satisfacción,La falta de mensajes informativos claros y feedback del sistema incrementa la incertidumbre y frustración del operario farmacéutico.
2584,5/13/2025,Farmacia,Alerta de vencimiento de lote no se muestra en el modulo,Enfermeria,Cuenca,Libertad de Riesgo,Omitir la alerta de vencimiento de lotes farmacéuticos puede llevar a la administración de medicamentos caducados a los pacientes.
2599,5/13/2025,Reportes Gerenciales,El reporte de ocupacion hospitalaria no se actualiza automaticamente,Gerencia,Quito,Efectividad,Inconsistencia en la actualización de datos que impide la visualización correcta de información operativa reciente.
2851,5/13/2025,Laboratorio,Resultado de examen de laboratorio no se sincroniza con la HCE,Enfermeria,Cuenca,Efectividad,Error de integración funcional que impide la sincronización y actualización del registro médico entre módulos del HIS.
2897,5/13/2025,Laboratorio,Retraso de 31s en la disponibilidad de resultados criticos,Enfermeria,Quito,Eficiencia,"El sistema presenta tiempos de respuesta elevados que consumen recursos de tiempo innecesarios, degradando la eficiencia del usuario en sus tareas."
2995,5/13/2025,Facturacion,Factura duplicada al reintentar pago,Paciente,Quito,Libertad de Riesgo,"Violación del requerimiento no funcional RNF-03 de facturación; genera cobros indebidos en las tarjetas del cliente, comprometiendo la confianza y el riesgo financiero."
3240,5/13/2025,HCE,Duplicado de historia clinica al registrar un paciente ya existente,Medico,Manta,Libertad de Riesgo,"Riesgo de seguridad clínica debido a la fragmentación de la información de salud del paciente, lo que puede inducir a diagnósticos y tratamientos erróneos."
1521,5/14/2025,App Movil,Resultados de examenes no se visualizan en formato PDF,Paciente,Quito,Efectividad,Falla de funcionalidad en el módulo App Movil que impide al usuario completar sus tareas de manera precisa y completa.
1738,5/14/2025,HCE,Receta electronica se genera con la dosis incorrecta tras guardar,Medico,Quito,Libertad de Riesgo,"Riesgo extremo de salud para el paciente al guardar dosis farmacológicas erróneas en la receta electrónica, pudiendo causar sobredosis o inefectividad clínica."
3030,5/14/2025,HCE,Duplicado de historia clinica al registrar un paciente ya existente,Enfermeria,Guayaquil,Libertad de Riesgo,"Riesgo de seguridad clínica debido a la fragmentación de la información de salud del paciente, lo que puede inducir a diagnósticos y tratamientos erróneos."
3263,5/14/2025,HCE,Consulta anterior no se muestra en el resumen de antecedentes,Enfermeria,Quito,Efectividad,Falla de funcionalidad en el módulo HCE que impide al usuario completar sus tareas de manera precisa y completa.
3540,5/14/2025,Portal Citas,Cita agendada no aparece reflejada en el calendario del especialista,Paciente,Quito,Efectividad,Falla de funcionalidad en el módulo Portal Citas que impide al usuario completar sus tareas de manera precisa y completa.
3618,5/14/2025,Laboratorio,Codigo de barras de la muestra no es reconocido por el lector,Enfermeria,Guayaquil,Efectividad,Falla de funcionalidad en el módulo Laboratorio que impide al usuario completar sus tareas de manera precisa y completa.
3713,5/14/2025,Telemedicina,El medico no puede compartir pantalla con resultados de examenes,Medico,Cuenca,Efectividad,Falla de funcionalidad en el módulo Telemedicina que impide al usuario completar sus tareas de manera precisa y completa.
1029,5/15/2025,Portal Citas,Error al reagendar una cita previamente confirmada,Paciente,Cuenca,Efectividad,Falla de funcionalidad en el módulo Portal Citas que impide al usuario completar sus tareas de manera precisa y completa.
1061,5/15/2025,Portal Citas,Usuario no logra agendar tras 2 intentos,Paciente,Quito,Satisfacción,"Incapacidad del usuario de lograr su meta tras múltiples intentos, violando el RNF-02 y provocando un alto nivel de frustración."
1388,5/15/2025,Facturacion,Retraso de 31s al procesar el pago con tarjeta de credito,Admision,Ambato,Eficiencia,El procesamiento lento del cobro con tarjeta retrasa el flujo de caja y la atención administrativa de admisión.
1406,5/15/2025,HCE,Datos de otro paciente visibles brevemente al abrir un expediente,Enfermeria,Quito,Libertad de Riesgo,"Fuga de información y violación de la confidencialidad médica (HIPAA/Ley de Protección de Datos), exponiendo datos de otros pacientes."
2653,5/15/2025,HCE,Firma electronica del medico no se valida al cerrar la consulta,Enfermeria,Guayaquil,Efectividad,Falla de funcionalidad en el módulo HCE que impide al usuario completar sus tareas de manera precisa y completa.
3073,5/15/2025,Portal Citas,Cita agendada no aparece reflejada en el calendario del especialista,Paciente,Guayaquil,Efectividad,Falla de funcionalidad en el módulo Portal Citas que impide al usuario completar sus tareas de manera precisa y completa.
1282,5/16/2025,Portal Citas,Error al reagendar una cita previamente confirmada,Paciente,Ambato,Efectividad,Falla de funcionalidad en el módulo Portal Citas que impide al usuario completar sus tareas de manera precisa y completa.
1536,5/16/2025,HCE,Firma electronica del medico no se valida al cerrar la consulta,Medico,Quito,Efectividad,Falla de funcionalidad en el módulo HCE que impide al usuario completar sus tareas de manera precisa y completa.
2212,5/16/2025,Facturacion,Nota de credito no se aplica al saldo pendiente del paciente,Paciente,Cuenca,Libertad de Riesgo,"Fallas en la aplicación de notas de crédito o reembolsos que distorsionan los estados de cuenta, arriesgando multas tributarias e inconformidad legal."
2524,5/16/2025,Farmacia,Inventario del sistema no coincide con el stock fisico del insumo,Enfermeria,Quito,Efectividad,Falla de funcionalidad en el módulo Farmacia que impide al usuario completar sus tareas de manera precisa y completa.
3285,5/16/2025,App Movil,La aplicacion se cierra inesperadamente al abrir resultados de laboratorio,Paciente,Guayaquil,Efectividad,"Interrupción abrupta del sistema que impide que el usuario termine el registro de datos, reduciendo la efectividad operativa."
3750,5/16/2025,Portal Citas,El pago del bono de consulta no se refleja tras completarlo,Admision,Cuenca,Libertad de Riesgo,Inconsistencia financiera en los cobros o transacciones del sistema que infringe las normativas contables y expone al hospital a pérdidas económicas.
1187,5/17/2025,Facturacion,Retraso de 21s al procesar el pago con tarjeta de credito,Admision,Cuenca,Eficiencia,El procesamiento lento del cobro con tarjeta retrasa el flujo de caja y la atención administrativa de admisión.
1501,5/17/2025,App Movil,La app no permite actualizar el numero de contacto del paciente,Paciente,Cuenca,Efectividad,Restricción de funcionalidad que impide al usuario realizar una acción requerida para completar su tarea.
1512,5/17/2025,Telemedicina,El medico no puede compartir pantalla con resultados de examenes,Medico,Quito,Efectividad,Falla de funcionalidad en el módulo Telemedicina que impide al usuario completar sus tareas de manera precisa y completa.
2361,5/17/2025,HCE,Nota de evolucion tarda 15s en guardarse,Medico,Cuenca,Eficiencia,"El tiempo de guardado supera los 8 segundos tolerables, violando directamente el requerimiento no funcional RNF-01 de rendimiento del sistema para notas clínicas."
2373,5/17/2025,Facturacion,Discrepancia entre el monto facturado y el detalle de servicios,Paciente,Quito,Libertad de Riesgo,"Errores en el cálculo del copago de seguros o discrepancias de montos facturados, induciendo a pérdidas financieras o reclamaciones legales."
2381,5/17/2025,Facturacion,Error de calculo en el copago del seguro medico,Paciente,Cuenca,Libertad de Riesgo,"Errores en el cálculo del copago de seguros o discrepancias de montos facturados, induciendo a pérdidas financieras o reclamaciones legales."
3431,5/17/2025,Laboratorio,El sistema no permite adjuntar el reporte en PDF del laboratorio externo,Enfermeria,Quito,Efectividad,Restricción de funcionalidad que impide al usuario realizar una acción requerida para completar su tarea.
3789,5/17/2025,Portal Citas,Boton de confirmar cita no responde en dispositivos moviles,Admision,Guayaquil,Cobertura de Contexto,"Falla de adaptabilidad de la interfaz en el contexto de dispositivos móviles, impidiendo confirmar citas desde pantallas de formatos pequeños."
3893,5/17/2025,Farmacia,Duplicidad de codigos entre dos presentaciones distintas de un mismo farmaco,Farmacia,Guayaquil,Libertad de Riesgo,"La duplicación de códigos de fármacos introduce un riesgo de dispensación errónea en farmacia, comprometiendo la seguridad terapéutica del paciente."
1489,5/18/2025,Portal Citas,El pago del bono de consulta no se refleja tras completarlo,Admision,Quito,Libertad de Riesgo,Inconsistencia financiera en los cobros o transacciones del sistema que infringe las normativas contables y expone al hospital a pérdidas económicas.
1511,5/18/2025,App Movil,Notificaciones push no llegan pese a estar activadas,Paciente,Guayaquil,Efectividad,Falla de funcionalidad en el módulo App Movil que impide al usuario completar sus tareas de manera precisa y completa.
2682,5/18/2025,Portal Citas,El pago del bono de consulta no se refleja tras completarlo,Admision,Guayaquil,Libertad de Riesgo,Inconsistencia financiera en los cobros o transacciones del sistema que infringe las normativas contables y expone al hospital a pérdidas económicas.
3021,5/18/2025,Portal Citas,Error al reagendar una cita previamente confirmada,Paciente,Cuenca,Efectividad,Falla de funcionalidad en el módulo Portal Citas que impide al usuario completar sus tareas de manera precisa y completa.
3056,5/18/2025,HCE,Perdida de la nota de evolucion tras un cierre inesperado de sesion,Enfermeria,Guayaquil,Efectividad,Falla de funcionalidad en el módulo HCE que impide al usuario completar sus tareas de manera precisa y completa.
3514,5/18/2025,HCE,Historial de alergias no carga al abrir la ficha del paciente,Medico,Ambato,Libertad de Riesgo,"Falla crítica que expone la seguridad del paciente al omitir información vital de alergias, con un alto riesgo de shock anafiláctico o mala praxis."
3641,5/18/2025,HCE,Nota de evolucion tarda 31s en guardarse,Enfermeria,Quito,Eficiencia,"El tiempo de guardado supera los 8 segundos tolerables, violando directamente el requerimiento no funcional RNF-01 de rendimiento del sistema para notas clínicas."
1449,5/19/2025,Laboratorio,Codigo de barras de la muestra no es reconocido por el lector,Medico,Ambato,Efectividad,Falla de funcionalidad en el módulo Laboratorio que impide al usuario completar sus tareas de manera precisa y completa.
2128,5/19/2025,HCE,Datos de otro paciente visibles brevemente al abrir un expediente,Enfermeria,Guayaquil,Libertad de Riesgo,"Fuga de información y violación de la confidencialidad médica (HIPAA/Ley de Protección de Datos), exponiendo datos de otros pacientes."
2229,5/19/2025,HCE,El campo de diagnostico CIE-10 no permite busqueda por texto,Medico,Guayaquil,Efectividad,Restricción de funcionalidad que impide al usuario realizar una acción requerida para completar su tarea.
2324,5/19/2025,HCE,Perdida de la nota de evolucion tras un cierre inesperado de sesion,Medico,Quito,Efectividad,Falla de funcionalidad en el módulo HCE que impide al usuario completar sus tareas de manera precisa y completa.
2810,5/19/2025,Portal Citas,Notificacion de recordatorio de cita llega con la fecha incorrecta,Admision,Cuenca,Efectividad,Falla de funcionalidad en el módulo Portal Citas que impide al usuario completar sus tareas de manera precisa y completa.
3385,5/19/2025,Laboratorio,Retraso de 19s en la disponibilidad de resultados criticos,Medico,Quito,Eficiencia,"El sistema presenta tiempos de respuesta elevados que consumen recursos de tiempo innecesarios, degradando la eficiencia del usuario en sus tareas."
3992,5/19/2025,HCE,Alerta de interaccion medicamentosa no se despliega correctamente,Medico,Guayaquil,Libertad de Riesgo,El fallo en el despliegue de alertas de interacción farmacológica pone en riesgo inminente la salud del paciente ante combinaciones letales.
1109,5/20/2025,Telemedicina,El medico no puede compartir pantalla con resultados de examenes,Medico,Quito,Efectividad,Falla de funcionalidad en el módulo Telemedicina que impide al usuario completar sus tareas de manera precisa y completa.
1154,5/20/2025,Telemedicina,Audio desincronizado durante la teleconsulta,Paciente,Cuenca,Satisfacción,Mala experiencia sensorial e interactiva durante la teleconsulta que impacta el RNF-05 y la percepción de calidad del servicio.
1390,5/20/2025,Facturacion,Error de calculo en el copago del seguro medico,Admision,Ambato,Libertad de Riesgo,"Errores en el cálculo del copago de seguros o discrepancias de montos facturados, induciendo a pérdidas financieras o reclamaciones legales."
1850,5/20/2025,Portal Citas,Tiempo de espera en el portal supera los 12s en horas pico,Paciente,Quito,Eficiencia,"El sistema presenta tiempos de respuesta elevados que consumen recursos de tiempo innecesarios, degradando la eficiencia del usuario en sus tareas."
2287,5/20/2025,HCE,Perdida de la nota de evolucion tras un cierre inesperado de sesion,Medico,Quito,Efectividad,Falla de funcionalidad en el módulo HCE que impide al usuario completar sus tareas de manera precisa y completa.
2485,5/20/2025,Farmacia,Tiempo de respuesta del modulo de farmacia supera los 35s,Farmacia,Guayaquil,Eficiencia,"El sistema presenta tiempos de respuesta elevados que consumen recursos de tiempo innecesarios, degradando la eficiencia del usuario en sus tareas."
2708,5/20/2025,App Movil,Version desactualizada del app impide iniciar sesion,Paciente,Manta,Cobertura de Contexto,Incompatibilidad y falta de robustez del sistema cuando se ejecuta en el contexto de sistemas cliente que no cuentan con la última versión de software.
2890,5/20/2025,HCE,Consulta anterior no se muestra en el resumen de antecedentes,Enfermeria,Quito,Efectividad,Falla de funcionalidad en el módulo HCE que impide al usuario completar sus tareas de manera precisa y completa.
1456,5/21/2025,HCE,Datos de otro paciente visibles brevemente al abrir un expediente,Medico,Cuenca,Libertad de Riesgo,"Fuga de información y violación de la confidencialidad médica (HIPAA/Ley de Protección de Datos), exponiendo datos de otros pacientes."
1963,5/21/2025,Farmacia,Alerta de vencimiento de lote no se muestra en el modulo,Enfermeria,Guayaquil,Libertad de Riesgo,Omitir la alerta de vencimiento de lotes farmacéuticos puede llevar a la administración de medicamentos caducados a los pacientes.
2461,5/21/2025,Facturacion,Factura duplicada al reintentar pago,Admision,Cuenca,Libertad de Riesgo,"Violación del requerimiento no funcional RNF-03 de facturación; genera cobros indebidos en las tarjetas del cliente, comprometiendo la confianza y el riesgo financiero."
1318,5/22/2025,HCE,El sistema no permite adjuntar imagenes de heridas desde la tablet,Medico,Ambato,Cobertura de Contexto,El sistema presenta limitaciones de portabilidad y compatibilidad al operar en el contexto físico específico de tablets para adjuntar imágenes de heridas.
1616,5/22/2025,Facturacion,El modulo de facturacion se cae durante el cierre de caja,Admision,Guayaquil,Efectividad,Falla de funcionalidad en el módulo Facturacion que impide al usuario completar sus tareas de manera precisa y completa.
1618,5/22/2025,Farmacia,Alerta de vencimiento de lote no se muestra en el modulo,Enfermeria,Ambato,Libertad de Riesgo,Omitir la alerta de vencimiento de lotes farmacéuticos puede llevar a la administración de medicamentos caducados a los pacientes.
2143,5/22/2025,Farmacia,El sistema bloquea la dispensacion sin mostrar el motivo,Enfermeria,Cuenca,Satisfacción,La falta de mensajes informativos claros y feedback del sistema incrementa la incertidumbre y frustración del operario farmacéutico.
2470,5/22/2025,Imagenologia,Tiempo de carga de estudios de imagen supera los 12s,Enfermeria,Manta,Eficiencia,La lentitud en la carga y transferencia de archivos DICOM pesados degrada la eficiencia del flujo de trabajo clínico en imagenología.
3087,5/22/2025,Portal Citas,Doble reserva de un mismo cupo por dos pacientes distintos,Admision,Guayaquil,Libertad de Riesgo,"Doble agendamiento de un mismo cupo que genera sobreventa de citas, colapso de agenda de especialistas y multas o insatisfacción comercial."
3282,5/22/2025,Portal Citas,El portal muestra disponibilidad para un horario ya ocupado,Admision,Quito,Efectividad,Falla de funcionalidad en el módulo Portal Citas que impide al usuario completar sus tareas de manera precisa y completa.
3318,5/22/2025,Farmacia,Error al registrar la dispensacion de un medicamento controlado,Enfermeria,Manta,Libertad de Riesgo,"Error en el registro de medicamentos regulados, lo que genera riesgos legales, regulatorios y de seguridad en el control de sustancias psicotrópicas."
3519,5/22/2025,HCE,Receta electronica se genera con la dosis incorrecta tras guardar,Enfermeria,Quito,Libertad de Riesgo,"Riesgo extremo de salud para el paciente al guardar dosis farmacológicas erróneas en la receta electrónica, pudiendo causar sobredosis o inefectividad clínica."
1823,5/23/2025,Facturacion,El sistema no reconoce el convenio con la aseguradora,Admision,Quito,Libertad de Riesgo,El no reconocimiento de convenios de aseguradoras genera fricción de cobro y riesgo de pérdidas económicas por servicios no cubiertos correctamente.
2299,5/23/2025,Portal Citas,Boton de confirmar cita no responde en dispositivos moviles,Paciente,Manta,Cobertura de Contexto,"Falla de adaptabilidad de la interfaz en el contexto de dispositivos móviles, impidiendo confirmar citas desde pantallas de formatos pequeños."
2490,5/23/2025,HCE,Firma electronica del medico no se valida al cerrar la consulta,Enfermeria,Cuenca,Efectividad,Falla de funcionalidad en el módulo HCE que impide al usuario completar sus tareas de manera precisa y completa.
2582,5/23/2025,Farmacia,Inventario del sistema no coincide con el stock fisico del insumo,Enfermeria,Quito,Efectividad,Falla de funcionalidad en el módulo Farmacia que impide al usuario completar sus tareas de manera precisa y completa.
1017,5/24/2025,Portal Citas,Filtro de especialidad medica no devuelve resultados,Admision,Quito,Efectividad,Falla de funcionalidad en el módulo Portal Citas que impide al usuario completar sus tareas de manera precisa y completa.
1108,5/24/2025,Portal Citas,El sistema no envia la confirmacion por correo electronico,Paciente,Guayaquil,Efectividad,Falla funcional que impide completar la tarea de confirmación de cita al paciente por canal de correo electrónico.
1384,5/24/2025,Portal Citas,El portal muestra disponibilidad para un horario ya ocupado,Admision,Quito,Efectividad,Falla de funcionalidad en el módulo Portal Citas que impide al usuario completar sus tareas de manera precisa y completa.
1488,5/24/2025,Portal Citas,Boton de confirmar cita no responde en dispositivos moviles,Admision,Quito,Cobertura de Contexto,"Falla de adaptabilidad de la interfaz en el contexto de dispositivos móviles, impidiendo confirmar citas desde pantallas de formatos pequeños."
1878,5/24/2025,HCE,Perdida de la nota de evolucion tras un cierre inesperado de sesion,Enfermeria,Quito,Efectividad,Falla de funcionalidad en el módulo HCE que impide al usuario completar sus tareas de manera precisa y completa.
1938,5/24/2025,Facturacion,Retraso de 21s al procesar el pago con tarjeta de credito,Admision,Quito,Eficiencia,El procesamiento lento del cobro con tarjeta retrasa el flujo de caja y la atención administrativa de admisión.
1970,5/24/2025,HCE,El sistema se congela al adjuntar resultados de laboratorio a la HCE,Medico,Quito,Efectividad,Falla de funcionalidad en el módulo HCE que impide al usuario completar sus tareas de manera precisa y completa.
2149,5/24/2025,Laboratorio,Codigo de barras de la muestra no es reconocido por el lector,Enfermeria,Quito,Efectividad,Falla de funcionalidad en el módulo Laboratorio que impide al usuario completar sus tareas de manera precisa y completa.
2566,5/24/2025,App Movil,Notificaciones push no llegan pese a estar activadas,Paciente,Quito,Efectividad,Falla de funcionalidad en el módulo App Movil que impide al usuario completar sus tareas de manera precisa y completa.
2751,5/24/2025,Imagenologia,Perdida de calidad en las imagenes al ser visualizadas desde la app,Enfermeria,Manta,Satisfacción,Degradación visual que afecta la comodidad y confianza de los médicos al visualizar estudios clínicos desde la app móvil.
3361,5/24/2025,Portal Citas,El sistema no envia la confirmacion por correo electronico,Paciente,Guayaquil,Efectividad,Falla funcional que impide completar la tarea de confirmación de cita al paciente por canal de correo electrónico.
3564,5/24/2025,HCE,Receta electronica se genera con la dosis incorrecta tras guardar,Enfermeria,Ambato,Libertad de Riesgo,"Riesgo extremo de salud para el paciente al guardar dosis farmacológicas erróneas en la receta electrónica, pudiendo causar sobredosis o inefectividad clínica."
3804,5/24/2025,HCE,Firma electronica del medico no se valida al cerrar la consulta,Enfermeria,Ambato,Efectividad,Falla de funcionalidad en el módulo HCE que impide al usuario completar sus tareas de manera precisa y completa.
1353,5/25/2025,HCE,Signos vitales registrados por enfermeria no aparecen en la HCE del medico,Medico,Guayaquil,Efectividad,Falla de funcionalidad en el módulo HCE que impide al usuario completar sus tareas de manera precisa y completa.
1555,5/25/2025,Portal Citas,"Formulario confuso, abandono de registro antes de completar la cita",Admision,Ambato,Satisfacción,"Diseño de interfaz de usuario confuso que provoca el abandono del registro, afectando la métrica de satisfacción y facilidad de uso percibida."
2122,5/25/2025,App Movil,Resultados de examenes no se visualizan en formato PDF,Paciente,Guayaquil,Efectividad,Falla de funcionalidad en el módulo App Movil que impide al usuario completar sus tareas de manera precisa y completa.
2539,5/25/2025,Telemedicina,El medico no puede compartir pantalla con resultados de examenes,Paciente,Guayaquil,Efectividad,Falla de funcionalidad en el módulo Telemedicina que impide al usuario completar sus tareas de manera precisa y completa.
2765,5/25/2025,Facturacion,Reembolso aprobado no se refleja en el estado de cuenta,Paciente,Guayaquil,Libertad de Riesgo,"Fallas en la aplicación de notas de crédito o reembolsos que distorsionan los estados de cuenta, arriesgando multas tributarias e inconformidad legal."
2922,5/25/2025,App Movil,Notificaciones push no llegan pese a estar activadas,Paciente,Quito,Efectividad,Falla de funcionalidad en el módulo App Movil que impide al usuario completar sus tareas de manera precisa y completa.
3007,5/25/2025,HCE,Consulta anterior no se muestra en el resumen de antecedentes,Enfermeria,Manta,Efectividad,Falla de funcionalidad en el módulo HCE que impide al usuario completar sus tareas de manera precisa y completa.
3365,5/25/2025,HCE,El sistema no permite adjuntar imagenes de heridas desde la tablet,Medico,Quito,Cobertura de Contexto,El sistema presenta limitaciones de portabilidad y compatibilidad al operar en el contexto físico específico de tablets para adjuntar imágenes de heridas.
3464,5/25/2025,Farmacia,Tiempo de respuesta del modulo de farmacia supera los 21s,Farmacia,Guayaquil,Eficiencia,"El sistema presenta tiempos de respuesta elevados que consumen recursos de tiempo innecesarios, degradando la eficiencia del usuario en sus tareas."
3851,5/25/2025,Reportes Gerenciales,El dashboard de indicadores no refleja los datos del ultimo cierre,Gerencia,Cuenca,Efectividad,Inconsistencia en la actualización de datos que impide la visualización correcta de información operativa reciente.
1458,5/26/2025,Laboratorio,Retraso de 20s en la disponibilidad de resultados criticos,Enfermeria,Ambato,Eficiencia,"El sistema presenta tiempos de respuesta elevados que consumen recursos de tiempo innecesarios, degradando la eficiencia del usuario en sus tareas."
1503,5/26/2025,Imagenologia,Las imagenes de rayos X no cargan en el visor DICOM,Enfermeria,Quito,Efectividad,Falla de funcionalidad en el módulo Imagenologia que impide al usuario completar sus tareas de manera precisa y completa.
1630,5/26/2025,Facturacion,Error de calculo en el copago del seguro medico,Paciente,Cuenca,Libertad de Riesgo,"Errores en el cálculo del copago de seguros o discrepancias de montos facturados, induciendo a pérdidas financieras o reclamaciones legales."
2494,5/26/2025,Farmacia,Error al registrar la dispensacion de un medicamento controlado,Enfermeria,Quito,Libertad de Riesgo,"Error en el registro de medicamentos regulados, lo que genera riesgos legales, regulatorios y de seguridad en el control de sustancias psicotrópicas."
2869,5/26/2025,App Movil,Notificaciones push no llegan pese a estar activadas,Paciente,Cuenca,Efectividad,Falla de funcionalidad en el módulo App Movil que impide al usuario completar sus tareas de manera precisa y completa.
2971,5/26/2025,HCE,Signos vitales registrados por enfermeria no aparecen en la HCE del medico,Medico,Guayaquil,Efectividad,Falla de funcionalidad en el módulo HCE que impide al usuario completar sus tareas de manera precisa y completa.
3294,5/26/2025,HCE,El sistema no permite adjuntar imagenes de heridas desde la tablet,Enfermeria,Ambato,Cobertura de Contexto,El sistema presenta limitaciones de portabilidad y compatibilidad al operar en el contexto físico específico de tablets para adjuntar imágenes de heridas.
3323,5/26/2025,Farmacia,Inventario del sistema no coincide con el stock fisico del insumo,Farmacia,Ambato,Efectividad,Falla de funcionalidad en el módulo Farmacia que impide al usuario completar sus tareas de manera precisa y completa.
3781,5/26/2025,Portal Citas,El portal muestra disponibilidad para un horario ya ocupado,Paciente,Ambato,Efectividad,Falla de funcionalidad en el módulo Portal Citas que impide al usuario completar sus tareas de manera precisa y completa.
3798,5/26/2025,Laboratorio,Orden de laboratorio duplicada tras reintentar el envio,Medico,Guayaquil,Efectividad,Falla de funcionalidad en el módulo Laboratorio que impide al usuario completar sus tareas de manera precisa y completa.
3906,5/26/2025,Facturacion,Factura duplicada al reintentar pago,Paciente,Guayaquil,Libertad de Riesgo,"Violación del requerimiento no funcional RNF-03 de facturación; genera cobros indebidos en las tarjetas del cliente, comprometiendo la confianza y el riesgo financiero."
2332,5/27/2025,Facturacion,El sistema no permite anular una factura emitida por error,Paciente,Ambato,Efectividad,Restricción de funcionalidad que impide al usuario realizar una acción requerida para completar su tarea.
2982,5/27/2025,Reportes Gerenciales,Discrepancia entre el reporte financiero y el modulo de facturacion,Gerencia,Ambato,Libertad de Riesgo,"Discrepancia contable entre reportes directivos y facturación real, afectando las decisiones del negocio y la integridad de las auditorías."
3237,5/27/2025,Telemedicina,Receta electronica no se genera al finalizar la teleconsulta,Medico,Quito,Efectividad,Falla de funcionalidad en el módulo Telemedicina que impide al usuario completar sus tareas de manera precisa y completa.
3580,5/27/2025,Laboratorio,El sistema no permite adjuntar el reporte en PDF del laboratorio externo,Medico,Quito,Efectividad,Restricción de funcionalidad que impide al usuario realizar una acción requerida para completar su tarea.
3812,5/27/2025,Telemedicina,Paciente no puede unirse a la sala virtual a la hora agendada,Paciente,Manta,Efectividad,Falla de funcionalidad en el módulo Telemedicina que impide al usuario completar sus tareas de manera precisa y completa.
1101,5/28/2025,HCE,Consulta anterior no se muestra en el resumen de antecedentes,Enfermeria,Guayaquil,Efectividad,Falla de funcionalidad en el módulo HCE que impide al usuario completar sus tareas de manera precisa y completa.
1925,5/28/2025,App Movil,La aplicacion se cierra inesperadamente al abrir resultados de laboratorio,Paciente,Guayaquil,Efectividad,"Interrupción abrupta del sistema que impide que el usuario termine el registro de datos, reduciendo la efectividad operativa."
2465,5/28/2025,HCE,El sistema no permite adjuntar imagenes de heridas desde la tablet,Enfermeria,Quito,Cobertura de Contexto,El sistema presenta limitaciones de portabilidad y compatibilidad al operar en el contexto físico específico de tablets para adjuntar imágenes de heridas.
2700,5/28/2025,Portal Citas,El pago del bono de consulta no se refleja tras completarlo,Admision,Cuenca,Libertad de Riesgo,Inconsistencia financiera en los cobros o transacciones del sistema que infringe las normativas contables y expone al hospital a pérdidas económicas.
3467,5/28/2025,App Movil,El boton de teleconsulta no redirige correctamente a la videollamada,Paciente,Manta,Efectividad,Falla de funcionalidad en el módulo App Movil que impide al usuario completar sus tareas de manera precisa y completa.
3668,5/28/2025,Facturacion,Reintento de transaccion genera doble cobro en la tarjeta,Paciente,Quito,Libertad de Riesgo,"Violación del requerimiento no funcional RNF-03 de facturación; genera cobros indebidos en las tarjetas del cliente, comprometiendo la confianza y el riesgo financiero."
3741,5/28/2025,Farmacia,Duplicidad de codigos entre dos presentaciones distintas de un mismo farmaco,Farmacia,Ambato,Libertad de Riesgo,"La duplicación de códigos de fármacos introduce un riesgo de dispensación errónea en farmacia, comprometiendo la seguridad terapéutica del paciente."
1085,5/29/2025,Reportes Gerenciales,El dashboard de indicadores no refleja los datos del ultimo cierre,Gerencia,Ambato,Efectividad,Inconsistencia en la actualización de datos que impide la visualización correcta de información operativa reciente.
1751,5/29/2025,HCE,El sistema no permite adjuntar imagenes de heridas desde la tablet,Enfermeria,Cuenca,Cobertura de Contexto,El sistema presenta limitaciones de portabilidad y compatibilidad al operar en el contexto físico específico de tablets para adjuntar imágenes de heridas.
2195,5/29/2025,HCE,Historial de alergias no carga al abrir la ficha del paciente,Enfermeria,Quito,Libertad de Riesgo,"Falla crítica que expone la seguridad del paciente al omitir información vital de alergias, con un alto riesgo de shock anafiláctico o mala praxis."
2530,5/29/2025,HCE,Perdida de la nota de evolucion tras un cierre inesperado de sesion,Medico,Quito,Efectividad,Falla de funcionalidad en el módulo HCE que impide al usuario completar sus tareas de manera precisa y completa.
3426,5/29/2025,Portal Citas,Filtro de especialidad medica no devuelve resultados,Admision,Quito,Efectividad,Falla de funcionalidad en el módulo Portal Citas que impide al usuario completar sus tareas de manera precisa y completa.
3525,5/29/2025,Farmacia,Receta electronica llega incompleta desde el modulo de HCE,Enfermeria,Quito,Efectividad,Falla de funcionalidad en el módulo Farmacia que impide al usuario completar sus tareas de manera precisa y completa.
3923,5/29/2025,HCE,El campo de diagnostico CIE-10 no permite busqueda por texto,Medico,Guayaquil,Efectividad,Restricción de funcionalidad que impide al usuario realizar una acción requerida para completar su tarea.
3926,5/29/2025,App Movil,La aplicacion se cierra inesperadamente al abrir resultados de laboratorio,Paciente,Quito,Efectividad,"Interrupción abrupta del sistema que impide que el usuario termine el registro de datos, reduciendo la efectividad operativa."
1182,5/30/2025,Imagenologia,Las imagenes de rayos X no cargan en el visor DICOM,Enfermeria,Cuenca,Efectividad,Falla de funcionalidad en el módulo Imagenologia que impide al usuario completar sus tareas de manera precisa y completa.
1289,5/30/2025,Telemedicina,Audio desincronizado durante la teleconsulta,Paciente,Quito,Satisfacción,Mala experiencia sensorial e interactiva durante la teleconsulta que impacta el RNF-05 y la percepción de calidad del servicio.
1448,5/30/2025,Facturacion,El sistema no reconoce el convenio con la aseguradora,Admision,Ambato,Libertad de Riesgo,El no reconocimiento de convenios de aseguradoras genera fricción de cobro y riesgo de pérdidas económicas por servicios no cubiertos correctamente.
1881,5/30/2025,Facturacion,Factura electronica no llega al correo registrado del paciente,Admision,Cuenca,Efectividad,Falla de funcionalidad en el módulo Facturacion que impide al usuario completar sus tareas de manera precisa y completa.
2372,5/30/2025,Reportes Gerenciales,Exportacion a Excel del reporte gerencial falla de forma intermitente,Gerencia,Cuenca,Efectividad,Falla intermitente en las exportaciones o ejecuciones de procesos del sistema que reduce la fiabilidad de las operaciones.
2798,5/30/2025,HCE,Historial de alergias no carga al abrir la ficha del paciente,Medico,Quito,Libertad de Riesgo,"Falla crítica que expone la seguridad del paciente al omitir información vital de alergias, con un alto riesgo de shock anafiláctico o mala praxis."
2919,5/30/2025,HCE,Perdida de la nota de evolucion tras un cierre inesperado de sesion,Medico,Quito,Efectividad,Falla de funcionalidad en el módulo HCE que impide al usuario completar sus tareas de manera precisa y completa.
3023,5/30/2025,Farmacia,Alerta de vencimiento de lote no se muestra en el modulo,Enfermeria,Quito,Libertad de Riesgo,Omitir la alerta de vencimiento de lotes farmacéuticos puede llevar a la administración de medicamentos caducados a los pacientes.
3201,5/30/2025,HCE,Perdida de la nota de evolucion tras un cierre inesperado de sesion,Enfermeria,Ambato,Efectividad,Falla de funcionalidad en el módulo HCE que impide al usuario completar sus tareas de manera precisa y completa.
3952,5/30/2025,HCE,Signos vitales registrados por enfermeria no aparecen en la HCE del medico,Enfermeria,Manta,Efectividad,Falla de funcionalidad en el módulo HCE que impide al usuario completar sus tareas de manera precisa y completa.
2031,5/31/2025,App Movil,El inicio de sesion con biometria falla de forma intermitente,Paciente,Cuenca,Satisfacción,La inestabilidad en el inicio biométrico genera frustración y reduce la confianza y comodidad del usuario al acceder al aplicativo móvil.
2246,5/31/2025,Portal Citas,El pago del bono de consulta no se refleja tras completarlo,Paciente,Guayaquil,Libertad de Riesgo,Inconsistencia financiera en los cobros o transacciones del sistema que infringe las normativas contables y expone al hospital a pérdidas económicas.
2341,5/31/2025,Facturacion,El sistema no permite anular una factura emitida por error,Admision,Cuenca,Efectividad,Restricción de funcionalidad que impide al usuario realizar una acción requerida para completar su tarea.
2578,5/31/2025,Laboratorio,Codigo de barras de la muestra no es reconocido por el lector,Enfermeria,Manta,Efectividad,Falla de funcionalidad en el módulo Laboratorio que impide al usuario completar sus tareas de manera precisa y completa.
2711,5/31/2025,Imagenologia,Perdida de calidad en las imagenes al ser visualizadas desde la app,Medico,Quito,Satisfacción,Degradación visual que afecta la comodidad y confianza de los médicos al visualizar estudios clínicos desde la app móvil.
3333,5/31/2025,App Movil,La app no permite actualizar el numero de contacto del paciente,Paciente,Quito,Efectividad,Restricción de funcionalidad que impide al usuario realizar una acción requerida para completar su tarea.
3574,5/31/2025,Portal Citas,Doble reserva de un mismo cupo por dos pacientes distintos,Admision,Quito,Libertad de Riesgo,"Doble agendamiento de un mismo cupo que genera sobreventa de citas, colapso de agenda de especialistas y multas o insatisfacción comercial."
3705,5/31/2025,Reportes Gerenciales,Exportacion a Excel del reporte gerencial falla de forma intermitente,Gerencia,Cuenca,Efectividad,Falla intermitente en las exportaciones o ejecuciones de procesos del sistema que reduce la fiabilidad de las operaciones.
3796,5/31/2025,Facturacion,Factura duplicada al reintentar pago,Paciente,Quito,Libertad de Riesgo,"Violación del requerimiento no funcional RNF-03 de facturación; genera cobros indebidos en las tarjetas del cliente, comprometiendo la confianza y el riesgo financiero."
3950,5/31/2025,Laboratorio,El sistema no permite adjuntar el reporte en PDF del laboratorio externo,Medico,Quito,Efectividad,Restricción de funcionalidad que impide al usuario realizar una acción requerida para completar su tarea.
1662,6/1/2025,HCE,Nota de evolucion tarda 28s en guardarse,Enfermeria,Ambato,Eficiencia,"El tiempo de guardado supera los 8 segundos tolerables, violando directamente el requerimiento no funcional RNF-01 de rendimiento del sistema para notas clínicas."
1743,6/1/2025,Facturacion,El sistema no permite anular una factura emitida por error,Paciente,Quito,Efectividad,Restricción de funcionalidad que impide al usuario realizar una acción requerida para completar su tarea.
1843,6/1/2025,Facturacion,El sistema no permite anular una factura emitida por error,Admision,Guayaquil,Efectividad,Restricción de funcionalidad que impide al usuario realizar una acción requerida para completar su tarea.
3002,6/1/2025,Facturacion,Retraso de 19s al procesar el pago con tarjeta de credito,Paciente,Quito,Eficiencia,El procesamiento lento del cobro con tarjeta retrasa el flujo de caja y la atención administrativa de admisión.
3773,6/1/2025,Portal Citas,El sistema no envia la confirmacion por correo electronico,Paciente,Quito,Efectividad,Falla funcional que impide completar la tarea de confirmación de cita al paciente por canal de correo electrónico.
3940,6/1/2025,Portal Citas,Notificacion de recordatorio de cita llega con la fecha incorrecta,Admision,Quito,Efectividad,Falla de funcionalidad en el módulo Portal Citas que impide al usuario completar sus tareas de manera precisa y completa.
1428,6/2/2025,Laboratorio,Orden de laboratorio duplicada tras reintentar el envio,Enfermeria,Guayaquil,Efectividad,Falla de funcionalidad en el módulo Laboratorio que impide al usuario completar sus tareas de manera precisa y completa.
2009,6/2/2025,App Movil,El boton de teleconsulta no redirige correctamente a la videollamada,Paciente,Guayaquil,Efectividad,Falla de funcionalidad en el módulo App Movil que impide al usuario completar sus tareas de manera precisa y completa.
2676,6/2/2025,Facturacion,Error de calculo en el copago del seguro medico,Admision,Quito,Libertad de Riesgo,"Errores en el cálculo del copago de seguros o discrepancias de montos facturados, induciendo a pérdidas financieras o reclamaciones legales."
3366,6/2/2025,HCE,Consulta anterior no se muestra en el resumen de antecedentes,Medico,Quito,Efectividad,Falla de funcionalidad en el módulo HCE que impide al usuario completar sus tareas de manera precisa y completa.
3463,6/2/2025,Portal Citas,El pago del bono de consulta no se refleja tras completarlo,Paciente,Quito,Libertad de Riesgo,Inconsistencia financiera en los cobros o transacciones del sistema que infringe las normativas contables y expone al hospital a pérdidas económicas.
3627,6/2/2025,Telemedicina,El chat de la consulta no permite enviar imagenes,Medico,Quito,Efectividad,Restricción de funcionalidad que impide al usuario realizar una acción requerida para completar su tarea.
1102,6/3/2025,Facturacion,El modulo de facturacion se cae durante el cierre de caja,Admision,Quito,Efectividad,Falla de funcionalidad en el módulo Facturacion que impide al usuario completar sus tareas de manera precisa y completa.
1559,6/3/2025,Facturacion,Nota de credito no se aplica al saldo pendiente del paciente,Admision,Guayaquil,Libertad de Riesgo,"Fallas en la aplicación de notas de crédito o reembolsos que distorsionan los estados de cuenta, arriesgando multas tributarias e inconformidad legal."
2379,6/3/2025,HCE,Tiempo de carga de la ficha clinica supera los 10s en horas pico,Enfermeria,Quito,Eficiencia,La latencia en horas pico para abrir la ficha clínica perjudica la productividad del médico durante la consulta.
2429,6/3/2025,Telemedicina,Receta electronica no se genera al finalizar la teleconsulta,Medico,Manta,Efectividad,Falla de funcionalidad en el módulo Telemedicina que impide al usuario completar sus tareas de manera precisa y completa.
2567,6/3/2025,Portal Citas,Error al reagendar una cita previamente confirmada,Admision,Manta,Efectividad,Falla de funcionalidad en el módulo Portal Citas que impide al usuario completar sus tareas de manera precisa y completa.
2898,6/3/2025,HCE,Orden medica no se sincroniza con el modulo de farmacia,Medico,Cuenca,Efectividad,Error de integración funcional que impide la sincronización y actualización del registro médico entre módulos del HIS.
3226,6/3/2025,App Movil,La aplicacion se cierra inesperadamente al abrir resultados de laboratorio,Paciente,Ambato,Efectividad,"Interrupción abrupta del sistema que impide que el usuario termine el registro de datos, reduciendo la efectividad operativa."
3673,6/3/2025,Portal Citas,Notificacion de recordatorio de cita llega con la fecha incorrecta,Admision,Quito,Efectividad,Falla de funcionalidad en el módulo Portal Citas que impide al usuario completar sus tareas de manera precisa y completa.
1409,6/4/2025,HCE,Receta electronica se genera con la dosis incorrecta tras guardar,Enfermeria,Quito,Libertad de Riesgo,"Riesgo extremo de salud para el paciente al guardar dosis farmacológicas erróneas en la receta electrónica, pudiendo causar sobredosis o inefectividad clínica."
2285,6/4/2025,App Movil,Consumo elevado de datos moviles al abrir el modulo de citas,Paciente,Guayaquil,Cobertura de Contexto,"Consumo excesivo de ancho de banda móvil, lo que restringe el uso eficiente del sistema en redes celulares de datos (fuera de la intranet del hospital)."
2367,6/4/2025,Imagenologia,Tiempo de carga de estudios de imagen supera los 16s,Enfermeria,Cuenca,Eficiencia,La lentitud en la carga y transferencia de archivos DICOM pesados degrada la eficiencia del flujo de trabajo clínico en imagenología.
2434,6/4/2025,HCE,Consulta anterior no se muestra en el resumen de antecedentes,Medico,Quito,Efectividad,Falla de funcionalidad en el módulo HCE que impide al usuario completar sus tareas de manera precisa y completa.
2484,6/4/2025,HCE,El sistema no permite adjuntar imagenes de heridas desde la tablet,Enfermeria,Guayaquil,Cobertura de Contexto,El sistema presenta limitaciones de portabilidad y compatibilidad al operar en el contexto físico específico de tablets para adjuntar imágenes de heridas.
2501,6/4/2025,Farmacia,Error al registrar la dispensacion de un medicamento controlado,Farmacia,Cuenca,Libertad de Riesgo,"Error en el registro de medicamentos regulados, lo que genera riesgos legales, regulatorios y de seguridad en el control de sustancias psicotrópicas."
2701,6/4/2025,Telemedicina,Notificacion de inicio de teleconsulta llega con retraso de 24s,Medico,Quito,Eficiencia,"El sistema presenta tiempos de respuesta elevados que consumen recursos de tiempo innecesarios, degradando la eficiencia del usuario en sus tareas."
2762,6/4/2025,Telemedicina,El chat de la consulta no permite enviar imagenes,Medico,Guayaquil,Efectividad,Restricción de funcionalidad que impide al usuario realizar una acción requerida para completar su tarea.
2936,6/4/2025,Reportes Gerenciales,Tiempo de generacion del reporte mensual supera los 19 minutos,Gerencia,Cuenca,Eficiencia,"Demoras severas en la generación de reportes mensuales de inteligencia de negocio, penalizando la eficiencia en el tiempo de procesamiento y toma de decisiones."
3017,6/4/2025,App Movil,Version desactualizada del app impide iniciar sesion,Paciente,Quito,Cobertura de Contexto,Incompatibilidad y falta de robustez del sistema cuando se ejecuta en el contexto de sistemas cliente que no cuentan con la última versión de software.
3322,6/4/2025,Imagenologia,Tiempo de carga de estudios de imagen supera los 34s,Enfermeria,Cuenca,Eficiencia,La lentitud en la carga y transferencia de archivos DICOM pesados degrada la eficiencia del flujo de trabajo clínico en imagenología.
1223,6/5/2025,HCE,Datos de otro paciente visibles brevemente al abrir un expediente,Medico,Quito,Libertad de Riesgo,"Fuga de información y violación de la confidencialidad médica (HIPAA/Ley de Protección de Datos), exponiendo datos de otros pacientes."
1463,6/5/2025,Portal Citas,El pago del bono de consulta no se refleja tras completarlo,Admision,Manta,Libertad de Riesgo,Inconsistencia financiera en los cobros o transacciones del sistema que infringe las normativas contables y expone al hospital a pérdidas económicas.
2535,6/5/2025,Facturacion,Retraso de 21s al procesar el pago con tarjeta de credito,Paciente,Guayaquil,Eficiencia,El procesamiento lento del cobro con tarjeta retrasa el flujo de caja y la atención administrativa de admisión.
2648,6/5/2025,Farmacia,Duplicidad de codigos entre dos presentaciones distintas de un mismo farmaco,Farmacia,Guayaquil,Libertad de Riesgo,"La duplicación de códigos de fármacos introduce un riesgo de dispensación errónea en farmacia, comprometiendo la seguridad terapéutica del paciente."
2758,6/5/2025,HCE,Nota de evolucion tarda 33s en guardarse,Enfermeria,Quito,Eficiencia,"El tiempo de guardado supera los 8 segundos tolerables, violando directamente el requerimiento no funcional RNF-01 de rendimiento del sistema para notas clínicas."
2788,6/5/2025,Portal Citas,Boton de confirmar cita no responde en dispositivos moviles,Admision,Guayaquil,Cobertura de Contexto,"Falla de adaptabilidad de la interfaz en el contexto de dispositivos móviles, impidiendo confirmar citas desde pantallas de formatos pequeños."
2900,6/5/2025,Farmacia,Receta electronica llega incompleta desde el modulo de HCE,Farmacia,Quito,Efectividad,Falla de funcionalidad en el módulo Farmacia que impide al usuario completar sus tareas de manera precisa y completa.
3671,6/5/2025,App Movil,El boton de teleconsulta no redirige correctamente a la videollamada,Paciente,Ambato,Efectividad,Falla de funcionalidad en el módulo App Movil que impide al usuario completar sus tareas de manera precisa y completa.
3947,6/5/2025,Portal Citas,Doble reserva de un mismo cupo por dos pacientes distintos,Admision,Quito,Libertad de Riesgo,"Doble agendamiento de un mismo cupo que genera sobreventa de citas, colapso de agenda de especialistas y multas o insatisfacción comercial."
1114,6/6/2025,App Movil,Resultados de examenes no se visualizan en formato PDF,Paciente,Ambato,Efectividad,Falla de funcionalidad en el módulo App Movil que impide al usuario completar sus tareas de manera precisa y completa.
1356,6/6/2025,HCE,Historial de alergias no carga al abrir la ficha del paciente,Enfermeria,Guayaquil,Libertad de Riesgo,"Falla crítica que expone la seguridad del paciente al omitir información vital de alergias, con un alto riesgo de shock anafiláctico o mala praxis."
1398,6/6/2025,Farmacia,Alerta de vencimiento de lote no se muestra en el modulo,Farmacia,Guayaquil,Libertad de Riesgo,Omitir la alerta de vencimiento de lotes farmacéuticos puede llevar a la administración de medicamentos caducados a los pacientes.
1579,6/6/2025,App Movil,El boton de teleconsulta no redirige correctamente a la videollamada,Paciente,Cuenca,Efectividad,Falla de funcionalidad en el módulo App Movil que impide al usuario completar sus tareas de manera precisa y completa.
2076,6/6/2025,Laboratorio,Orden de laboratorio duplicada tras reintentar el envio,Enfermeria,Guayaquil,Efectividad,Falla de funcionalidad en el módulo Laboratorio que impide al usuario completar sus tareas de manera precisa y completa.
2786,6/6/2025,Facturacion,Factura duplicada al reintentar pago,Paciente,Cuenca,Libertad de Riesgo,"Violación del requerimiento no funcional RNF-03 de facturación; genera cobros indebidos en las tarjetas del cliente, comprometiendo la confianza y el riesgo financiero."
2884,6/6/2025,Imagenologia,Tiempo de carga de estudios de imagen supera los 29s,Medico,Ambato,Eficiencia,La lentitud en la carga y transferencia de archivos DICOM pesados degrada la eficiencia del flujo de trabajo clínico en imagenología.
3276,6/6/2025,Facturacion,El modulo de facturacion se cae durante el cierre de caja,Paciente,Cuenca,Efectividad,Falla de funcionalidad en el módulo Facturacion que impide al usuario completar sus tareas de manera precisa y completa.
3307,6/6/2025,App Movil,El inicio de sesion con biometria falla de forma intermitente,Paciente,Quito,Satisfacción,La inestabilidad en el inicio biométrico genera frustración y reduce la confianza y comodidad del usuario al acceder al aplicativo móvil.
3949,6/6/2025,HCE,Perdida de la nota de evolucion tras un cierre inesperado de sesion,Enfermeria,Ambato,Efectividad,Falla de funcionalidad en el módulo HCE que impide al usuario completar sus tareas de manera precisa y completa.
1634,6/7/2025,Farmacia,Alerta de vencimiento de lote no se muestra en el modulo,Enfermeria,Guayaquil,Libertad de Riesgo,Omitir la alerta de vencimiento de lotes farmacéuticos puede llevar a la administración de medicamentos caducados a los pacientes.
1928,6/7/2025,App Movil,Resultados de examenes no se visualizan en formato PDF,Paciente,Quito,Efectividad,Falla de funcionalidad en el módulo App Movil que impide al usuario completar sus tareas de manera precisa y completa.
2069,6/7/2025,Portal Citas,"Formulario confuso, abandono de registro antes de completar la cita",Paciente,Guayaquil,Satisfacción,"Diseño de interfaz de usuario confuso que provoca el abandono del registro, afectando la métrica de satisfacción y facilidad de uso percibida."
2113,6/7/2025,Portal Citas,El sistema no envia la confirmacion por correo electronico,Paciente,Guayaquil,Efectividad,Falla funcional que impide completar la tarea de confirmación de cita al paciente por canal de correo electrónico.
2726,6/7/2025,Portal Citas,Usuario no logra agendar tras 5 intentos,Admision,Quito,Satisfacción,"Incapacidad del usuario de lograr su meta tras múltiples intentos, violando el RNF-02 y provocando un alto nivel de frustración."
2820,6/7/2025,Reportes Gerenciales,Tiempo de generacion del reporte mensual supera los 26 minutos,Gerencia,Quito,Eficiencia,"Demoras severas en la generación de reportes mensuales de inteligencia de negocio, penalizando la eficiencia en el tiempo de procesamiento y toma de decisiones."
2883,6/7/2025,Telemedicina,Receta electronica no se genera al finalizar la teleconsulta,Medico,Ambato,Efectividad,Falla de funcionalidad en el módulo Telemedicina que impide al usuario completar sus tareas de manera precisa y completa.
3089,6/7/2025,Facturacion,Error de calculo en el copago del seguro medico,Admision,Manta,Libertad de Riesgo,"Errores en el cálculo del copago de seguros o discrepancias de montos facturados, induciendo a pérdidas financieras o reclamaciones legales."
3946,6/7/2025,Imagenologia,Las imagenes de rayos X no cargan en el visor DICOM,Enfermeria,Quito,Efectividad,Falla de funcionalidad en el módulo Imagenologia que impide al usuario completar sus tareas de manera precisa y completa.
1319,6/8/2025,HCE,El sistema no permite adjuntar imagenes de heridas desde la tablet,Medico,Cuenca,Cobertura de Contexto,El sistema presenta limitaciones de portabilidad y compatibilidad al operar en el contexto físico específico de tablets para adjuntar imágenes de heridas.
1603,6/8/2025,Portal Citas,Boton de confirmar cita no responde en dispositivos moviles,Paciente,Quito,Cobertura de Contexto,"Falla de adaptabilidad de la interfaz en el contexto de dispositivos móviles, impidiendo confirmar citas desde pantallas de formatos pequeños."
1764,6/8/2025,App Movil,Consumo elevado de datos moviles al abrir el modulo de citas,Paciente,Guayaquil,Cobertura de Contexto,"Consumo excesivo de ancho de banda móvil, lo que restringe el uso eficiente del sistema en redes celulares de datos (fuera de la intranet del hospital)."
1943,6/8/2025,Telemedicina,Audio desincronizado durante la teleconsulta,Medico,Quito,Satisfacción,Mala experiencia sensorial e interactiva durante la teleconsulta que impacta el RNF-05 y la percepción de calidad del servicio.
1973,6/8/2025,Facturacion,Nota de credito no se aplica al saldo pendiente del paciente,Admision,Guayaquil,Libertad de Riesgo,"Fallas en la aplicación de notas de crédito o reembolsos que distorsionan los estados de cuenta, arriesgando multas tributarias e inconformidad legal."
2507,6/8/2025,Portal Citas,Usuario no logra agendar tras 3 intentos,Admision,Guayaquil,Satisfacción,"Incapacidad del usuario de lograr su meta tras múltiples intentos, violando el RNF-02 y provocando un alto nivel de frustración."
2794,6/8/2025,App Movil,Version desactualizada del app impide iniciar sesion,Paciente,Quito,Cobertura de Contexto,Incompatibilidad y falta de robustez del sistema cuando se ejecuta en el contexto de sistemas cliente que no cuentan con la última versión de software.
3496,6/8/2025,HCE,Perdida de la nota de evolucion tras un cierre inesperado de sesion,Enfermeria,Guayaquil,Efectividad,Falla de funcionalidad en el módulo HCE que impide al usuario completar sus tareas de manera precisa y completa.
3813,6/8/2025,HCE,Tiempo de carga de la ficha clinica supera los 30s en horas pico,Medico,Cuenca,Eficiencia,La latencia en horas pico para abrir la ficha clínica perjudica la productividad del médico durante la consulta.
3821,6/8/2025,Portal Citas,Boton de confirmar cita no responde en dispositivos moviles,Paciente,Quito,Cobertura de Contexto,"Falla de adaptabilidad de la interfaz en el contexto de dispositivos móviles, impidiendo confirmar citas desde pantallas de formatos pequeños."
3888,6/8/2025,Farmacia,Duplicidad de codigos entre dos presentaciones distintas de un mismo farmaco,Enfermeria,Cuenca,Libertad de Riesgo,"La duplicación de códigos de fármacos introduce un riesgo de dispensación errónea en farmacia, comprometiendo la seguridad terapéutica del paciente."
1345,6/9/2025,Farmacia,Error al registrar la dispensacion de un medicamento controlado,Enfermeria,Manta,Libertad de Riesgo,"Error en el registro de medicamentos regulados, lo que genera riesgos legales, regulatorios y de seguridad en el control de sustancias psicotrópicas."
1379,6/9/2025,Portal Citas,El pago del bono de consulta no se refleja tras completarlo,Admision,Cuenca,Libertad de Riesgo,Inconsistencia financiera en los cobros o transacciones del sistema que infringe las normativas contables y expone al hospital a pérdidas económicas.
1916,6/9/2025,HCE,El sistema se congela al adjuntar resultados de laboratorio a la HCE,Enfermeria,Cuenca,Efectividad,Falla de funcionalidad en el módulo HCE que impide al usuario completar sus tareas de manera precisa y completa.
2387,6/9/2025,Farmacia,Duplicidad de codigos entre dos presentaciones distintas de un mismo farmaco,Farmacia,Cuenca,Libertad de Riesgo,"La duplicación de códigos de fármacos introduce un riesgo de dispensación errónea en farmacia, comprometiendo la seguridad terapéutica del paciente."
2497,6/9/2025,Facturacion,Factura duplicada al reintentar pago,Admision,Cuenca,Libertad de Riesgo,"Violación del requerimiento no funcional RNF-03 de facturación; genera cobros indebidos en las tarjetas del cliente, comprometiendo la confianza y el riesgo financiero."
2611,6/9/2025,Facturacion,Factura duplicada al reintentar pago,Admision,Manta,Libertad de Riesgo,"Violación del requerimiento no funcional RNF-03 de facturación; genera cobros indebidos en las tarjetas del cliente, comprometiendo la confianza y el riesgo financiero."
2803,6/9/2025,Portal Citas,Cancelacion de cita no libera el cupo en el calendario,Admision,Quito,Efectividad,Falla de funcionalidad en el módulo Portal Citas que impide al usuario completar sus tareas de manera precisa y completa.
3062,6/9/2025,HCE,Tiempo de carga de la ficha clinica supera los 9s en horas pico,Enfermeria,Quito,Eficiencia,La latencia en horas pico para abrir la ficha clínica perjudica la productividad del médico durante la consulta.
1276,6/10/2025,HCE,Receta electronica se genera con la dosis incorrecta tras guardar,Medico,Ambato,Libertad de Riesgo,"Riesgo extremo de salud para el paciente al guardar dosis farmacológicas erróneas en la receta electrónica, pudiendo causar sobredosis o inefectividad clínica."
1364,6/10/2025,Farmacia,El sistema bloquea la dispensacion sin mostrar el motivo,Farmacia,Quito,Satisfacción,La falta de mensajes informativos claros y feedback del sistema incrementa la incertidumbre y frustración del operario farmacéutico.
1597,6/10/2025,Farmacia,El sistema no descuenta automaticamente el medicamento dispensado,Farmacia,Quito,Efectividad,Falla de funcionalidad en el módulo Farmacia que impide al usuario completar sus tareas de manera precisa y completa.
1949,6/10/2025,Portal Citas,Sesion expira antes de finalizar el proceso de agendamiento,Admision,Guayaquil,Satisfacción,"Mala experiencia de usuario que interrumpe de forma prematura el proceso de compra/agendamiento, forzando a repetir pasos."
2404,6/10/2025,Portal Citas,Error al reagendar una cita previamente confirmada,Paciente,Guayaquil,Efectividad,Falla de funcionalidad en el módulo Portal Citas que impide al usuario completar sus tareas de manera precisa y completa.
2423,6/10/2025,Facturacion,El modulo de facturacion se cae durante el cierre de caja,Admision,Guayaquil,Efectividad,Falla de funcionalidad en el módulo Facturacion que impide al usuario completar sus tareas de manera precisa y completa.
3332,6/10/2025,Laboratorio,Retraso de 24s en la disponibilidad de resultados criticos,Medico,Ambato,Eficiencia,"El sistema presenta tiempos de respuesta elevados que consumen recursos de tiempo innecesarios, degradando la eficiencia del usuario en sus tareas."
3683,6/10/2025,Portal Citas,Error al reagendar una cita previamente confirmada,Admision,Guayaquil,Efectividad,Falla de funcionalidad en el módulo Portal Citas que impide al usuario completar sus tareas de manera precisa y completa.
1125,6/11/2025,HCE,Datos de otro paciente visibles brevemente al abrir un expediente,Medico,Cuenca,Libertad de Riesgo,"Fuga de información y violación de la confidencialidad médica (HIPAA/Ley de Protección de Datos), exponiendo datos de otros pacientes."
1228,6/11/2025,Farmacia,El sistema no descuenta automaticamente el medicamento dispensado,Farmacia,Cuenca,Efectividad,Falla de funcionalidad en el módulo Farmacia que impide al usuario completar sus tareas de manera precisa y completa.
1667,6/11/2025,Laboratorio,Resultado de examen de laboratorio no se sincroniza con la HCE,Enfermeria,Guayaquil,Efectividad,Error de integración funcional que impide la sincronización y actualización del registro médico entre módulos del HIS.
1835,6/11/2025,Facturacion,El modulo de facturacion se cae durante el cierre de caja,Paciente,Quito,Efectividad,Falla de funcionalidad en el módulo Facturacion que impide al usuario completar sus tareas de manera precisa y completa.
2093,6/11/2025,Facturacion,Error de calculo en el copago del seguro medico,Admision,Quito,Libertad de Riesgo,"Errores en el cálculo del copago de seguros o discrepancias de montos facturados, induciendo a pérdidas financieras o reclamaciones legales."
2251,6/11/2025,Facturacion,Discrepancia entre el monto facturado y el detalle de servicios,Admision,Ambato,Libertad de Riesgo,"Errores en el cálculo del copago de seguros o discrepancias de montos facturados, induciendo a pérdidas financieras o reclamaciones legales."
2403,6/11/2025,HCE,El sistema se congela al adjuntar resultados de laboratorio a la HCE,Medico,Cuenca,Efectividad,Falla de funcionalidad en el módulo HCE que impide al usuario completar sus tareas de manera precisa y completa.
2767,6/11/2025,Portal Citas,Usuario no logra agendar tras 4 intentos,Paciente,Guayaquil,Satisfacción,"Incapacidad del usuario de lograr su meta tras múltiples intentos, violando el RNF-02 y provocando un alto nivel de frustración."
3396,6/11/2025,Facturacion,Factura generada con el nombre del paciente incorrecto,Admision,Ambato,Efectividad,Falla de funcionalidad en el módulo Facturacion que impide al usuario completar sus tareas de manera precisa y completa.
3447,6/11/2025,Farmacia,Receta electronica llega incompleta desde el modulo de HCE,Enfermeria,Guayaquil,Efectividad,Falla de funcionalidad en el módulo Farmacia que impide al usuario completar sus tareas de manera precisa y completa.
3457,6/11/2025,Portal Citas,El sistema no envia la confirmacion por correo electronico,Paciente,Manta,Efectividad,Falla funcional que impide completar la tarea de confirmación de cita al paciente por canal de correo electrónico.
3787,6/11/2025,HCE,Historial de alergias no carga al abrir la ficha del paciente,Enfermeria,Quito,Libertad de Riesgo,"Falla crítica que expone la seguridad del paciente al omitir información vital de alergias, con un alto riesgo de shock anafiláctico o mala praxis."
1094,6/12/2025,Facturacion,El modulo de facturacion se cae durante el cierre de caja,Paciente,Cuenca,Efectividad,Falla de funcionalidad en el módulo Facturacion que impide al usuario completar sus tareas de manera precisa y completa.
1161,6/12/2025,Portal Citas,Tiempo de espera en el portal supera los 24s en horas pico,Paciente,Quito,Eficiencia,"El sistema presenta tiempos de respuesta elevados que consumen recursos de tiempo innecesarios, degradando la eficiencia del usuario en sus tareas."
1742,6/12/2025,HCE,El sistema no permite adjuntar imagenes de heridas desde la tablet,Enfermeria,Ambato,Cobertura de Contexto,El sistema presenta limitaciones de portabilidad y compatibilidad al operar en el contexto físico específico de tablets para adjuntar imágenes de heridas.
2386,6/12/2025,HCE,El sistema no permite adjuntar imagenes de heridas desde la tablet,Medico,Quito,Cobertura de Contexto,El sistema presenta limitaciones de portabilidad y compatibilidad al operar en el contexto físico específico de tablets para adjuntar imágenes de heridas.
3146,6/12/2025,Telemedicina,Calidad de video muy baja pese a tener buena conexion a internet,Medico,Quito,Satisfacción,Mala experiencia sensorial e interactiva durante la teleconsulta que impacta el RNF-05 y la percepción de calidad del servicio.
3598,6/12/2025,Telemedicina,Grabacion de la consulta no se almacena correctamente,Medico,Manta,Efectividad,Falla de funcionalidad en el módulo Telemedicina que impide al usuario completar sus tareas de manera precisa y completa.
3904,6/12/2025,HCE,Firma electronica del medico no se valida al cerrar la consulta,Medico,Cuenca,Efectividad,Falla de funcionalidad en el módulo HCE que impide al usuario completar sus tareas de manera precisa y completa.
3928,6/12/2025,Facturacion,Factura electronica no llega al correo registrado del paciente,Paciente,Manta,Efectividad,Falla de funcionalidad en el módulo Facturacion que impide al usuario completar sus tareas de manera precisa y completa.
1573,6/13/2025,App Movil,El boton de teleconsulta no redirige correctamente a la videollamada,Paciente,Quito,Efectividad,Falla de funcionalidad en el módulo App Movil que impide al usuario completar sus tareas de manera precisa y completa.
2314,6/13/2025,App Movil,La app no permite actualizar el numero de contacto del paciente,Paciente,Manta,Efectividad,Restricción de funcionalidad que impide al usuario realizar una acción requerida para completar su tarea.
2382,6/13/2025,Portal Citas,El portal muestra disponibilidad para un horario ya ocupado,Paciente,Ambato,Efectividad,Falla de funcionalidad en el módulo Portal Citas que impide al usuario completar sus tareas de manera precisa y completa.
2729,6/13/2025,Telemedicina,La sesion se cierra automaticamente antes de terminar la consulta,Medico,Quito,Efectividad,Falla de funcionalidad en el módulo Telemedicina que impide al usuario completar sus tareas de manera precisa y completa.
3161,6/13/2025,Imagenologia,El informe radiologico no se adjunta automaticamente a la HCE,Enfermeria,Cuenca,Efectividad,Falla de funcionalidad en el módulo Imagenologia que impide al usuario completar sus tareas de manera precisa y completa.
3383,6/13/2025,Laboratorio,Resultado de examen de laboratorio no se sincroniza con la HCE,Enfermeria,Manta,Efectividad,Error de integración funcional que impide la sincronización y actualización del registro médico entre módulos del HIS.
3826,6/13/2025,Portal Citas,El portal muestra disponibilidad para un horario ya ocupado,Admision,Quito,Efectividad,Falla de funcionalidad en el módulo Portal Citas que impide al usuario completar sus tareas de manera precisa y completa.
1267,6/14/2025,App Movil,El inicio de sesion con biometria falla de forma intermitente,Paciente,Ambato,Satisfacción,La inestabilidad en el inicio biométrico genera frustración y reduce la confianza y comodidad del usuario al acceder al aplicativo móvil.
1606,6/14/2025,Imagenologia,Tiempo de carga de estudios de imagen supera los 21s,Enfermeria,Quito,Eficiencia,La lentitud en la carga y transferencia de archivos DICOM pesados degrada la eficiencia del flujo de trabajo clínico en imagenología.
1765,6/14/2025,HCE,Nota de evolucion tarda 14s en guardarse,Enfermeria,Cuenca,Eficiencia,"El tiempo de guardado supera los 8 segundos tolerables, violando directamente el requerimiento no funcional RNF-01 de rendimiento del sistema para notas clínicas."
1787,6/14/2025,Facturacion,Factura electronica no llega al correo registrado del paciente,Admision,Ambato,Efectividad,Falla de funcionalidad en el módulo Facturacion que impide al usuario completar sus tareas de manera precisa y completa.
2604,6/14/2025,HCE,Receta electronica se genera con la dosis incorrecta tras guardar,Medico,Guayaquil,Libertad de Riesgo,"Riesgo extremo de salud para el paciente al guardar dosis farmacológicas erróneas en la receta electrónica, pudiendo causar sobredosis o inefectividad clínica."
3060,6/14/2025,HCE,Perdida de la nota de evolucion tras un cierre inesperado de sesion,Medico,Guayaquil,Efectividad,Falla de funcionalidad en el módulo HCE que impide al usuario completar sus tareas de manera precisa y completa.
3704,6/14/2025,Imagenologia,Las imagenes de rayos X no cargan en el visor DICOM,Enfermeria,Ambato,Efectividad,Falla de funcionalidad en el módulo Imagenologia que impide al usuario completar sus tareas de manera precisa y completa.
3771,6/14/2025,Facturacion,Factura electronica no llega al correo registrado del paciente,Paciente,Quito,Efectividad,Falla de funcionalidad en el módulo Facturacion que impide al usuario completar sus tareas de manera precisa y completa.
1355,6/15/2025,Portal Citas,El pago del bono de consulta no se refleja tras completarlo,Admision,Guayaquil,Libertad de Riesgo,Inconsistencia financiera en los cobros o transacciones del sistema que infringe las normativas contables y expone al hospital a pérdidas económicas.
1605,6/15/2025,Imagenologia,Perdida de calidad en las imagenes al ser visualizadas desde la app,Medico,Quito,Satisfacción,Degradación visual que afecta la comodidad y confianza de los médicos al visualizar estudios clínicos desde la app móvil.
1960,6/15/2025,Imagenologia,El informe radiologico no se adjunta automaticamente a la HCE,Enfermeria,Quito,Efectividad,Falla de funcionalidad en el módulo Imagenologia que impide al usuario completar sus tareas de manera precisa y completa.
2012,6/15/2025,Portal Citas,Notificacion de recordatorio de cita llega con la fecha incorrecta,Paciente,Cuenca,Efectividad,Falla de funcionalidad en el módulo Portal Citas que impide al usuario completar sus tareas de manera precisa y completa.
2191,6/15/2025,HCE,Alerta de interaccion medicamentosa no se despliega correctamente,Enfermeria,Quito,Libertad de Riesgo,El fallo en el despliegue de alertas de interacción farmacológica pone en riesgo inminente la salud del paciente ante combinaciones letales.
2579,6/15/2025,Portal Citas,"Formulario confuso, abandono de registro antes de completar la cita",Admision,Quito,Satisfacción,"Diseño de interfaz de usuario confuso que provoca el abandono del registro, afectando la métrica de satisfacción y facilidad de uso percibida."
2905,6/15/2025,Telemedicina,Videollamada se corta a los 2 minutos,Paciente,Guayaquil,Cobertura de Contexto,"Falta de resiliencia del canal de comunicación ante variaciones en la conectividad del usuario, interrumpiendo la sesión de teleconsulta en producción."
2918,6/15/2025,Facturacion,El sistema no permite anular una factura emitida por error,Paciente,Cuenca,Efectividad,Restricción de funcionalidad que impide al usuario realizar una acción requerida para completar su tarea.
1302,6/16/2025,Imagenologia,Perdida de calidad en las imagenes al ser visualizadas desde la app,Enfermeria,Guayaquil,Satisfacción,Degradación visual que afecta la comodidad y confianza de los médicos al visualizar estudios clínicos desde la app móvil.
1429,6/16/2025,HCE,Duplicado de historia clinica al registrar un paciente ya existente,Enfermeria,Guayaquil,Libertad de Riesgo,"Riesgo de seguridad clínica debido a la fragmentación de la información de salud del paciente, lo que puede inducir a diagnósticos y tratamientos erróneos."
1470,6/16/2025,Portal Citas,Error al reagendar una cita previamente confirmada,Paciente,Quito,Efectividad,Falla de funcionalidad en el módulo Portal Citas que impide al usuario completar sus tareas de manera precisa y completa.
1799,6/16/2025,Portal Citas,Boton de confirmar cita no responde en dispositivos moviles,Paciente,Manta,Cobertura de Contexto,"Falla de adaptabilidad de la interfaz en el contexto de dispositivos móviles, impidiendo confirmar citas desde pantallas de formatos pequeños."
2025,6/16/2025,Telemedicina,Receta electronica no se genera al finalizar la teleconsulta,Paciente,Quito,Efectividad,Falla de funcionalidad en el módulo Telemedicina que impide al usuario completar sus tareas de manera precisa y completa.
2161,6/16/2025,Facturacion,Error de calculo en el copago del seguro medico,Paciente,Guayaquil,Libertad de Riesgo,"Errores en el cálculo del copago de seguros o discrepancias de montos facturados, induciendo a pérdidas financieras o reclamaciones legales."
2353,6/16/2025,HCE,Nota de evolucion tarda 25s en guardarse,Medico,Guayaquil,Eficiencia,"El tiempo de guardado supera los 8 segundos tolerables, violando directamente el requerimiento no funcional RNF-01 de rendimiento del sistema para notas clínicas."
2605,6/16/2025,App Movil,Consumo elevado de datos moviles al abrir el modulo de citas,Paciente,Quito,Cobertura de Contexto,"Consumo excesivo de ancho de banda móvil, lo que restringe el uso eficiente del sistema en redes celulares de datos (fuera de la intranet del hospital)."
2672,6/16/2025,Telemedicina,El medico no puede compartir pantalla con resultados de examenes,Medico,Quito,Efectividad,Falla de funcionalidad en el módulo Telemedicina que impide al usuario completar sus tareas de manera precisa y completa.
2965,6/16/2025,Facturacion,Factura duplicada al reintentar pago,Paciente,Cuenca,Libertad de Riesgo,"Violación del requerimiento no funcional RNF-03 de facturación; genera cobros indebidos en las tarjetas del cliente, comprometiendo la confianza y el riesgo financiero."
2996,6/16/2025,Facturacion,Error de calculo en el copago del seguro medico,Paciente,Quito,Libertad de Riesgo,"Errores en el cálculo del copago de seguros o discrepancias de montos facturados, induciendo a pérdidas financieras o reclamaciones legales."
3020,6/16/2025,App Movil,El boton de teleconsulta no redirige correctamente a la videollamada,Paciente,Guayaquil,Efectividad,Falla de funcionalidad en el módulo App Movil que impide al usuario completar sus tareas de manera precisa y completa.
3167,6/16/2025,Imagenologia,Las imagenes de rayos X no cargan en el visor DICOM,Medico,Ambato,Efectividad,Falla de funcionalidad en el módulo Imagenologia que impide al usuario completar sus tareas de manera precisa y completa.
3372,6/16/2025,HCE,Consulta anterior no se muestra en el resumen de antecedentes,Enfermeria,Cuenca,Efectividad,Falla de funcionalidad en el módulo HCE que impide al usuario completar sus tareas de manera precisa y completa.
3835,6/16/2025,Portal Citas,Boton de confirmar cita no responde en dispositivos moviles,Admision,Guayaquil,Cobertura de Contexto,"Falla de adaptabilidad de la interfaz en el contexto de dispositivos móviles, impidiendo confirmar citas desde pantallas de formatos pequeños."
1337,6/17/2025,Telemedicina,El medico no puede compartir pantalla con resultados de examenes,Paciente,Guayaquil,Efectividad,Falla de funcionalidad en el módulo Telemedicina que impide al usuario completar sus tareas de manera precisa y completa.
1347,6/17/2025,HCE,Orden medica no se sincroniza con el modulo de farmacia,Enfermeria,Quito,Efectividad,Error de integración funcional que impide la sincronización y actualización del registro médico entre módulos del HIS.
1550,6/17/2025,Laboratorio,Orden de laboratorio duplicada tras reintentar el envio,Medico,Cuenca,Efectividad,Falla de funcionalidad en el módulo Laboratorio que impide al usuario completar sus tareas de manera precisa y completa.
1620,6/17/2025,Telemedicina,El medico no puede compartir pantalla con resultados de examenes,Paciente,Guayaquil,Efectividad,Falla de funcionalidad en el módulo Telemedicina que impide al usuario completar sus tareas de manera precisa y completa.
1663,6/17/2025,Facturacion,Reintento de transaccion genera doble cobro en la tarjeta,Admision,Quito,Libertad de Riesgo,"Violación del requerimiento no funcional RNF-03 de facturación; genera cobros indebidos en las tarjetas del cliente, comprometiendo la confianza y el riesgo financiero."
1718,6/17/2025,App Movil,Consumo elevado de datos moviles al abrir el modulo de citas,Paciente,Guayaquil,Cobertura de Contexto,"Consumo excesivo de ancho de banda móvil, lo que restringe el uso eficiente del sistema en redes celulares de datos (fuera de la intranet del hospital)."
2200,6/17/2025,Telemedicina,Paciente no puede unirse a la sala virtual a la hora agendada,Paciente,Quito,Efectividad,Falla de funcionalidad en el módulo Telemedicina que impide al usuario completar sus tareas de manera precisa y completa.
2327,6/17/2025,Telemedicina,Paciente no puede unirse a la sala virtual a la hora agendada,Paciente,Ambato,Efectividad,Falla de funcionalidad en el módulo Telemedicina que impide al usuario completar sus tareas de manera precisa y completa.
2455,6/17/2025,App Movil,Resultados de examenes no se visualizan en formato PDF,Paciente,Quito,Efectividad,Falla de funcionalidad en el módulo App Movil que impide al usuario completar sus tareas de manera precisa y completa.
2659,6/17/2025,Portal Citas,El sistema no envia la confirmacion por correo electronico,Admision,Quito,Efectividad,Falla funcional que impide completar la tarea de confirmación de cita al paciente por canal de correo electrónico.
3048,6/17/2025,HCE,Perdida de la nota de evolucion tras un cierre inesperado de sesion,Enfermeria,Cuenca,Efectividad,Falla de funcionalidad en el módulo HCE que impide al usuario completar sus tareas de manera precisa y completa.
1176,6/18/2025,HCE,Receta electronica se genera con la dosis incorrecta tras guardar,Medico,Guayaquil,Libertad de Riesgo,"Riesgo extremo de salud para el paciente al guardar dosis farmacológicas erróneas en la receta electrónica, pudiendo causar sobredosis o inefectividad clínica."
1197,6/18/2025,HCE,Orden medica no se sincroniza con el modulo de farmacia,Medico,Ambato,Efectividad,Error de integración funcional que impide la sincronización y actualización del registro médico entre módulos del HIS.
1214,6/18/2025,HCE,El sistema no permite adjuntar imagenes de heridas desde la tablet,Medico,Guayaquil,Cobertura de Contexto,El sistema presenta limitaciones de portabilidad y compatibilidad al operar en el contexto físico específico de tablets para adjuntar imágenes de heridas.
1717,6/18/2025,Farmacia,Tiempo de respuesta del modulo de farmacia supera los 30s,Farmacia,Cuenca,Eficiencia,"El sistema presenta tiempos de respuesta elevados que consumen recursos de tiempo innecesarios, degradando la eficiencia del usuario en sus tareas."
2301,6/18/2025,HCE,Perdida de la nota de evolucion tras un cierre inesperado de sesion,Enfermeria,Quito,Efectividad,Falla de funcionalidad en el módulo HCE que impide al usuario completar sus tareas de manera precisa y completa.
2463,6/18/2025,Imagenologia,Las imagenes de rayos X no cargan en el visor DICOM,Medico,Manta,Efectividad,Falla de funcionalidad en el módulo Imagenologia que impide al usuario completar sus tareas de manera precisa y completa.
2636,6/18/2025,Facturacion,Factura electronica no llega al correo registrado del paciente,Admision,Ambato,Efectividad,Falla de funcionalidad en el módulo Facturacion que impide al usuario completar sus tareas de manera precisa y completa.
3075,6/18/2025,Portal Citas,Sesion expira antes de finalizar el proceso de agendamiento,Admision,Guayaquil,Satisfacción,"Mala experiencia de usuario que interrumpe de forma prematura el proceso de compra/agendamiento, forzando a repetir pasos."
3153,6/18/2025,Reportes Gerenciales,Discrepancia entre el reporte financiero y el modulo de facturacion,Gerencia,Manta,Libertad de Riesgo,"Discrepancia contable entre reportes directivos y facturación real, afectando las decisiones del negocio y la integridad de las auditorías."
3238,6/18/2025,Portal Citas,"Formulario confuso, abandono de registro antes de completar la cita",Admision,Quito,Satisfacción,"Diseño de interfaz de usuario confuso que provoca el abandono del registro, afectando la métrica de satisfacción y facilidad de uso percibida."
3779,6/18/2025,HCE,Datos de otro paciente visibles brevemente al abrir un expediente,Enfermeria,Quito,Libertad de Riesgo,"Fuga de información y violación de la confidencialidad médica (HIPAA/Ley de Protección de Datos), exponiendo datos de otros pacientes."
1985,6/19/2025,Laboratorio,Codigo de barras de la muestra no es reconocido por el lector,Enfermeria,Quito,Efectividad,Falla de funcionalidad en el módulo Laboratorio que impide al usuario completar sus tareas de manera precisa y completa.
2138,6/19/2025,Facturacion,El sistema no permite anular una factura emitida por error,Admision,Guayaquil,Efectividad,Restricción de funcionalidad que impide al usuario realizar una acción requerida para completar su tarea.
2164,6/19/2025,Telemedicina,Calidad de video muy baja pese a tener buena conexion a internet,Paciente,Manta,Satisfacción,Mala experiencia sensorial e interactiva durante la teleconsulta que impacta el RNF-05 y la percepción de calidad del servicio.
2594,6/19/2025,Imagenologia,Perdida de calidad en las imagenes al ser visualizadas desde la app,Medico,Guayaquil,Satisfacción,Degradación visual que afecta la comodidad y confianza de los médicos al visualizar estudios clínicos desde la app móvil.
2888,6/19/2025,Laboratorio,Orden de laboratorio duplicada tras reintentar el envio,Enfermeria,Quito,Efectividad,Falla de funcionalidad en el módulo Laboratorio que impide al usuario completar sus tareas de manera precisa y completa.
3976,6/19/2025,Facturacion,Factura generada con el nombre del paciente incorrecto,Paciente,Guayaquil,Efectividad,Falla de funcionalidad en el módulo Facturacion que impide al usuario completar sus tareas de manera precisa y completa.
1357,6/20/2025,App Movil,Resultados de examenes no se visualizan en formato PDF,Paciente,Guayaquil,Efectividad,Falla de funcionalidad en el módulo App Movil que impide al usuario completar sus tareas de manera precisa y completa.
1415,6/20/2025,HCE,Consulta anterior no se muestra en el resumen de antecedentes,Medico,Guayaquil,Efectividad,Falla de funcionalidad en el módulo HCE que impide al usuario completar sus tareas de manera precisa y completa.
1531,6/20/2025,Telemedicina,Videollamada se corta a los 4 minutos,Paciente,Guayaquil,Cobertura de Contexto,"Falta de resiliencia del canal de comunicación ante variaciones en la conectividad del usuario, interrumpiendo la sesión de teleconsulta en producción."
1898,6/20/2025,Portal Citas,Usuario no logra agendar tras 3 intentos,Admision,Manta,Satisfacción,"Incapacidad del usuario de lograr su meta tras múltiples intentos, violando el RNF-02 y provocando un alto nivel de frustración."
2282,6/20/2025,HCE,El sistema se congela al adjuntar resultados de laboratorio a la HCE,Enfermeria,Ambato,Efectividad,Falla de funcionalidad en el módulo HCE que impide al usuario completar sus tareas de manera precisa y completa.
2640,6/20/2025,HCE,El sistema se congela al adjuntar resultados de laboratorio a la HCE,Enfermeria,Cuenca,Efectividad,Falla de funcionalidad en el módulo HCE que impide al usuario completar sus tareas de manera precisa y completa.
2903,6/20/2025,Facturacion,Retraso de 35s al procesar el pago con tarjeta de credito,Admision,Manta,Eficiencia,El procesamiento lento del cobro con tarjeta retrasa el flujo de caja y la atención administrativa de admisión.
3439,6/20/2025,App Movil,Resultados de examenes no se visualizan en formato PDF,Paciente,Cuenca,Efectividad,Falla de funcionalidad en el módulo App Movil que impide al usuario completar sus tareas de manera precisa y completa.
3541,6/20/2025,Farmacia,Inventario del sistema no coincide con el stock fisico del insumo,Enfermeria,Quito,Efectividad,Falla de funcionalidad en el módulo Farmacia que impide al usuario completar sus tareas de manera precisa y completa.
3988,6/20/2025,App Movil,Version desactualizada del app impide iniciar sesion,Paciente,Quito,Cobertura de Contexto,Incompatibilidad y falta de robustez del sistema cuando se ejecuta en el contexto de sistemas cliente que no cuentan con la última versión de software.
1259,6/21/2025,HCE,Tiempo de carga de la ficha clinica supera los 21s en horas pico,Enfermeria,Quito,Eficiencia,La latencia en horas pico para abrir la ficha clínica perjudica la productividad del médico durante la consulta.
1731,6/21/2025,Facturacion,Reembolso aprobado no se refleja en el estado de cuenta,Paciente,Quito,Libertad de Riesgo,"Fallas en la aplicación de notas de crédito o reembolsos que distorsionan los estados de cuenta, arriesgando multas tributarias e inconformidad legal."
1982,6/21/2025,Imagenologia,Tiempo de carga de estudios de imagen supera los 24s,Enfermeria,Ambato,Eficiencia,La lentitud en la carga y transferencia de archivos DICOM pesados degrada la eficiencia del flujo de trabajo clínico en imagenología.
2116,6/21/2025,HCE,Duplicado de historia clinica al registrar un paciente ya existente,Medico,Guayaquil,Libertad de Riesgo,"Riesgo de seguridad clínica debido a la fragmentación de la información de salud del paciente, lo que puede inducir a diagnósticos y tratamientos erróneos."
2118,6/21/2025,Laboratorio,El sistema no permite adjuntar el reporte en PDF del laboratorio externo,Medico,Ambato,Efectividad,Restricción de funcionalidad que impide al usuario realizar una acción requerida para completar su tarea.
3575,6/21/2025,Facturacion,Retraso de 10s al procesar el pago con tarjeta de credito,Admision,Manta,Eficiencia,El procesamiento lento del cobro con tarjeta retrasa el flujo de caja y la atención administrativa de admisión.
3809,6/21/2025,Portal Citas,El portal muestra disponibilidad para un horario ya ocupado,Admision,Ambato,Efectividad,Falla de funcionalidad en el módulo Portal Citas que impide al usuario completar sus tareas de manera precisa y completa.
3881,6/21/2025,Telemedicina,La sesion se cierra automaticamente antes de terminar la consulta,Medico,Quito,Efectividad,Falla de funcionalidad en el módulo Telemedicina que impide al usuario completar sus tareas de manera precisa y completa.
1133,6/22/2025,Portal Citas,El sistema no envia la confirmacion por correo electronico,Paciente,Manta,Efectividad,Falla funcional que impide completar la tarea de confirmación de cita al paciente por canal de correo electrónico.
1535,6/22/2025,HCE,Tiempo de carga de la ficha clinica supera los 19s en horas pico,Enfermeria,Ambato,Eficiencia,La latencia en horas pico para abrir la ficha clínica perjudica la productividad del médico durante la consulta.
1866,6/22/2025,Telemedicina,Audio desincronizado durante la teleconsulta,Paciente,Quito,Satisfacción,Mala experiencia sensorial e interactiva durante la teleconsulta que impacta el RNF-05 y la percepción de calidad del servicio.
1997,6/22/2025,Portal Citas,El portal muestra disponibilidad para un horario ya ocupado,Paciente,Quito,Efectividad,Falla de funcionalidad en el módulo Portal Citas que impide al usuario completar sus tareas de manera precisa y completa.
2348,6/22/2025,App Movil,El boton de teleconsulta no redirige correctamente a la videollamada,Paciente,Quito,Efectividad,Falla de funcionalidad en el módulo App Movil que impide al usuario completar sus tareas de manera precisa y completa.
2827,6/22/2025,Facturacion,Factura electronica no llega al correo registrado del paciente,Admision,Guayaquil,Efectividad,Falla de funcionalidad en el módulo Facturacion que impide al usuario completar sus tareas de manera precisa y completa.
3338,6/22/2025,Facturacion,Factura electronica no llega al correo registrado del paciente,Admision,Guayaquil,Efectividad,Falla de funcionalidad en el módulo Facturacion que impide al usuario completar sus tareas de manera precisa y completa.
3511,6/22/2025,Telemedicina,Grabacion de la consulta no se almacena correctamente,Medico,Ambato,Efectividad,Falla de funcionalidad en el módulo Telemedicina que impide al usuario completar sus tareas de manera precisa y completa.
1460,6/23/2025,Farmacia,Duplicidad de codigos entre dos presentaciones distintas de un mismo farmaco,Farmacia,Guayaquil,Libertad de Riesgo,"La duplicación de códigos de fármacos introduce un riesgo de dispensación errónea en farmacia, comprometiendo la seguridad terapéutica del paciente."
1922,6/23/2025,Laboratorio,El sistema no permite adjuntar el reporte en PDF del laboratorio externo,Enfermeria,Quito,Efectividad,Restricción de funcionalidad que impide al usuario realizar una acción requerida para completar su tarea.
1984,6/23/2025,HCE,Signos vitales registrados por enfermeria no aparecen en la HCE del medico,Medico,Quito,Efectividad,Falla de funcionalidad en el módulo HCE que impide al usuario completar sus tareas de manera precisa y completa.
2261,6/23/2025,Reportes Gerenciales,Discrepancia entre el reporte financiero y el modulo de facturacion,Gerencia,Guayaquil,Libertad de Riesgo,"Discrepancia contable entre reportes directivos y facturación real, afectando las decisiones del negocio y la integridad de las auditorías."
2399,6/23/2025,HCE,El campo de diagnostico CIE-10 no permite busqueda por texto,Enfermeria,Manta,Efectividad,Restricción de funcionalidad que impide al usuario realizar una acción requerida para completar su tarea.
2474,6/23/2025,Telemedicina,La sesion se cierra automaticamente antes de terminar la consulta,Medico,Quito,Efectividad,Falla de funcionalidad en el módulo Telemedicina que impide al usuario completar sus tareas de manera precisa y completa.
3678,6/23/2025,Farmacia,El sistema bloquea la dispensacion sin mostrar el motivo,Farmacia,Quito,Satisfacción,La falta de mensajes informativos claros y feedback del sistema incrementa la incertidumbre y frustración del operario farmacéutico.
3824,6/23/2025,Facturacion,Discrepancia entre el monto facturado y el detalle de servicios,Admision,Quito,Libertad de Riesgo,"Errores en el cálculo del copago de seguros o discrepancias de montos facturados, induciendo a pérdidas financieras o reclamaciones legales."
3847,6/23/2025,Portal Citas,Error al reagendar una cita previamente confirmada,Paciente,Guayaquil,Efectividad,Falla de funcionalidad en el módulo Portal Citas que impide al usuario completar sus tareas de manera precisa y completa.
3958,6/23/2025,Portal Citas,Doble reserva de un mismo cupo por dos pacientes distintos,Paciente,Quito,Libertad de Riesgo,"Doble agendamiento de un mismo cupo que genera sobreventa de citas, colapso de agenda de especialistas y multas o insatisfacción comercial."
1495,6/24/2025,HCE,El campo de diagnostico CIE-10 no permite busqueda por texto,Medico,Guayaquil,Efectividad,Restricción de funcionalidad que impide al usuario realizar una acción requerida para completar su tarea.
2001,6/24/2025,Portal Citas,El pago del bono de consulta no se refleja tras completarlo,Paciente,Ambato,Libertad de Riesgo,Inconsistencia financiera en los cobros o transacciones del sistema que infringe las normativas contables y expone al hospital a pérdidas económicas.
2340,6/24/2025,App Movil,La aplicacion se cierra inesperadamente al abrir resultados de laboratorio,Paciente,Quito,Efectividad,"Interrupción abrupta del sistema que impide que el usuario termine el registro de datos, reduciendo la efectividad operativa."
3130,6/24/2025,HCE,Firma electronica del medico no se valida al cerrar la consulta,Enfermeria,Cuenca,Efectividad,Falla de funcionalidad en el módulo HCE que impide al usuario completar sus tareas de manera precisa y completa.
3487,6/24/2025,HCE,Alerta de interaccion medicamentosa no se despliega correctamente,Medico,Guayaquil,Libertad de Riesgo,El fallo en el despliegue de alertas de interacción farmacológica pone en riesgo inminente la salud del paciente ante combinaciones letales.
3518,6/24/2025,Imagenologia,Las imagenes de rayos X no cargan en el visor DICOM,Enfermeria,Manta,Efectividad,Falla de funcionalidad en el módulo Imagenologia que impide al usuario completar sus tareas de manera precisa y completa.
1443,6/25/2025,Telemedicina,Calidad de video muy baja pese a tener buena conexion a internet,Paciente,Guayaquil,Satisfacción,Mala experiencia sensorial e interactiva durante la teleconsulta que impacta el RNF-05 y la percepción de calidad del servicio.
1459,6/25/2025,App Movil,El inicio de sesion con biometria falla de forma intermitente,Paciente,Ambato,Satisfacción,La inestabilidad en el inicio biométrico genera frustración y reduce la confianza y comodidad del usuario al acceder al aplicativo móvil.
1520,6/25/2025,HCE,Orden medica no se sincroniza con el modulo de farmacia,Enfermeria,Guayaquil,Efectividad,Error de integración funcional que impide la sincronización y actualización del registro médico entre módulos del HIS.
1540,6/25/2025,Telemedicina,Grabacion de la consulta no se almacena correctamente,Medico,Cuenca,Efectividad,Falla de funcionalidad en el módulo Telemedicina que impide al usuario completar sus tareas de manera precisa y completa.
1758,6/25/2025,App Movil,Consumo elevado de datos moviles al abrir el modulo de citas,Paciente,Manta,Cobertura de Contexto,"Consumo excesivo de ancho de banda móvil, lo que restringe el uso eficiente del sistema en redes celulares de datos (fuera de la intranet del hospital)."
1767,6/25/2025,Reportes Gerenciales,Exportacion a Excel del reporte gerencial falla de forma intermitente,Gerencia,Guayaquil,Efectividad,Falla intermitente en las exportaciones o ejecuciones de procesos del sistema que reduce la fiabilidad de las operaciones.
2158,6/25/2025,Laboratorio,Orden de laboratorio duplicada tras reintentar el envio,Enfermeria,Manta,Efectividad,Falla de funcionalidad en el módulo Laboratorio que impide al usuario completar sus tareas de manera precisa y completa.
2317,6/25/2025,Portal Citas,Cita agendada no aparece reflejada en el calendario del especialista,Admision,Quito,Efectividad,Falla de funcionalidad en el módulo Portal Citas que impide al usuario completar sus tareas de manera precisa y completa.
2457,6/25/2025,Portal Citas,Filtro de especialidad medica no devuelve resultados,Admision,Guayaquil,Efectividad,Falla de funcionalidad en el módulo Portal Citas que impide al usuario completar sus tareas de manera precisa y completa.
3484,6/25/2025,Portal Citas,Error al reagendar una cita previamente confirmada,Admision,Manta,Efectividad,Falla de funcionalidad en el módulo Portal Citas que impide al usuario completar sus tareas de manera precisa y completa.
3492,6/25/2025,Farmacia,Inventario del sistema no coincide con el stock fisico del insumo,Farmacia,Ambato,Efectividad,Falla de funcionalidad en el módulo Farmacia que impide al usuario completar sus tareas de manera precisa y completa.
3615,6/25/2025,Telemedicina,El chat de la consulta no permite enviar imagenes,Medico,Quito,Efectividad,Restricción de funcionalidad que impide al usuario realizar una acción requerida para completar su tarea.
1432,6/26/2025,Portal Citas,Notificacion de recordatorio de cita llega con la fecha incorrecta,Admision,Guayaquil,Efectividad,Falla de funcionalidad en el módulo Portal Citas que impide al usuario completar sus tareas de manera precisa y completa.
2074,6/26/2025,HCE,Duplicado de historia clinica al registrar un paciente ya existente,Medico,Guayaquil,Libertad de Riesgo,"Riesgo de seguridad clínica debido a la fragmentación de la información de salud del paciente, lo que puede inducir a diagnósticos y tratamientos erróneos."
2520,6/26/2025,Portal Citas,Doble reserva de un mismo cupo por dos pacientes distintos,Paciente,Guayaquil,Libertad de Riesgo,"Doble agendamiento de un mismo cupo que genera sobreventa de citas, colapso de agenda de especialistas y multas o insatisfacción comercial."
3413,6/26/2025,Portal Citas,Boton de confirmar cita no responde en dispositivos moviles,Paciente,Guayaquil,Cobertura de Contexto,"Falla de adaptabilidad de la interfaz en el contexto de dispositivos móviles, impidiendo confirmar citas desde pantallas de formatos pequeños."
3549,6/26/2025,Farmacia,El sistema bloquea la dispensacion sin mostrar el motivo,Farmacia,Quito,Satisfacción,La falta de mensajes informativos claros y feedback del sistema incrementa la incertidumbre y frustración del operario farmacéutico.
3551,6/26/2025,HCE,Orden medica no se sincroniza con el modulo de farmacia,Medico,Quito,Efectividad,Error de integración funcional que impide la sincronización y actualización del registro médico entre módulos del HIS.
3619,6/26/2025,Farmacia,Tiempo de respuesta del modulo de farmacia supera los 31s,Farmacia,Quito,Eficiencia,"El sistema presenta tiempos de respuesta elevados que consumen recursos de tiempo innecesarios, degradando la eficiencia del usuario en sus tareas."
3690,6/26/2025,Telemedicina,Receta electronica no se genera al finalizar la teleconsulta,Paciente,Guayaquil,Efectividad,Falla de funcionalidad en el módulo Telemedicina que impide al usuario completar sus tareas de manera precisa y completa.
1557,6/27/2025,Telemedicina,Grabacion de la consulta no se almacena correctamente,Medico,Quito,Efectividad,Falla de funcionalidad en el módulo Telemedicina que impide al usuario completar sus tareas de manera precisa y completa.
1759,6/27/2025,Farmacia,Inventario del sistema no coincide con el stock fisico del insumo,Enfermeria,Quito,Efectividad,Falla de funcionalidad en el módulo Farmacia que impide al usuario completar sus tareas de manera precisa y completa.
2620,6/27/2025,Facturacion,El modulo de facturacion se cae durante el cierre de caja,Paciente,Cuenca,Efectividad,Falla de funcionalidad en el módulo Facturacion que impide al usuario completar sus tareas de manera precisa y completa.
2754,6/27/2025,Farmacia,Alerta de vencimiento de lote no se muestra en el modulo,Enfermeria,Guayaquil,Libertad de Riesgo,Omitir la alerta de vencimiento de lotes farmacéuticos puede llevar a la administración de medicamentos caducados a los pacientes.
3162,6/27/2025,Farmacia,Tiempo de respuesta del modulo de farmacia supera los 10s,Farmacia,Ambato,Eficiencia,"El sistema presenta tiempos de respuesta elevados que consumen recursos de tiempo innecesarios, degradando la eficiencia del usuario en sus tareas."
3280,6/27/2025,Imagenologia,El informe radiologico no se adjunta automaticamente a la HCE,Enfermeria,Quito,Efectividad,Falla de funcionalidad en el módulo Imagenologia que impide al usuario completar sus tareas de manera precisa y completa.
3478,6/27/2025,Telemedicina,Videollamada se corta a los 4 minutos,Paciente,Guayaquil,Cobertura de Contexto,"Falta de resiliencia del canal de comunicación ante variaciones en la conectividad del usuario, interrumpiendo la sesión de teleconsulta en producción."
3892,6/27/2025,Facturacion,Factura electronica no llega al correo registrado del paciente,Paciente,Cuenca,Efectividad,Falla de funcionalidad en el módulo Facturacion que impide al usuario completar sus tareas de manera precisa y completa.
3991,6/27/2025,HCE,Signos vitales registrados por enfermeria no aparecen en la HCE del medico,Medico,Guayaquil,Efectividad,Falla de funcionalidad en el módulo HCE que impide al usuario completar sus tareas de manera precisa y completa.
2030,6/28/2025,Portal Citas,Boton de confirmar cita no responde en dispositivos moviles,Paciente,Quito,Cobertura de Contexto,"Falla de adaptabilidad de la interfaz en el contexto de dispositivos móviles, impidiendo confirmar citas desde pantallas de formatos pequeños."
2218,6/28/2025,Laboratorio,Resultado de examen de laboratorio no se sincroniza con la HCE,Medico,Quito,Efectividad,Error de integración funcional que impide la sincronización y actualización del registro médico entre módulos del HIS.
2654,6/28/2025,Facturacion,El modulo de facturacion se cae durante el cierre de caja,Admision,Quito,Efectividad,Falla de funcionalidad en el módulo Facturacion que impide al usuario completar sus tareas de manera precisa y completa.
3260,6/28/2025,Telemedicina,El medico no puede compartir pantalla con resultados de examenes,Medico,Quito,Efectividad,Falla de funcionalidad en el módulo Telemedicina que impide al usuario completar sus tareas de manera precisa y completa.
3907,6/28/2025,App Movil,El boton de teleconsulta no redirige correctamente a la videollamada,Paciente,Manta,Efectividad,Falla de funcionalidad en el módulo App Movil que impide al usuario completar sus tareas de manera precisa y completa.
1933,6/29/2025,Telemedicina,Audio desincronizado durante la teleconsulta,Paciente,Guayaquil,Satisfacción,Mala experiencia sensorial e interactiva durante la teleconsulta que impacta el RNF-05 y la percepción de calidad del servicio.
2106,6/29/2025,HCE,Tiempo de carga de la ficha clinica supera los 12s en horas pico,Medico,Ambato,Eficiencia,La latencia en horas pico para abrir la ficha clínica perjudica la productividad del médico durante la consulta.
3373,6/29/2025,Portal Citas,El pago del bono de consulta no se refleja tras completarlo,Paciente,Quito,Libertad de Riesgo,Inconsistencia financiera en los cobros o transacciones del sistema que infringe las normativas contables y expone al hospital a pérdidas económicas.
3516,6/29/2025,HCE,Firma electronica del medico no se valida al cerrar la consulta,Medico,Guayaquil,Efectividad,Falla de funcionalidad en el módulo HCE que impide al usuario completar sus tareas de manera precisa y completa.
3603,6/29/2025,Telemedicina,Calidad de video muy baja pese a tener buena conexion a internet,Paciente,Quito,Satisfacción,Mala experiencia sensorial e interactiva durante la teleconsulta que impacta el RNF-05 y la percepción de calidad del servicio.
3669,6/29/2025,Telemedicina,El medico no puede compartir pantalla con resultados de examenes,Medico,Ambato,Efectividad,Falla de funcionalidad en el módulo Telemedicina que impide al usuario completar sus tareas de manera precisa y completa.
1012,6/30/2025,Portal Citas,El pago del bono de consulta no se refleja tras completarlo,Paciente,Ambato,Libertad de Riesgo,Inconsistencia financiera en los cobros o transacciones del sistema que infringe las normativas contables y expone al hospital a pérdidas económicas.
1039,6/30/2025,Telemedicina,El chat de la consulta no permite enviar imagenes,Medico,Ambato,Efectividad,Restricción de funcionalidad que impide al usuario realizar una acción requerida para completar su tarea.
1173,6/30/2025,Reportes Gerenciales,Discrepancia entre el reporte financiero y el modulo de facturacion,Gerencia,Quito,Libertad de Riesgo,"Discrepancia contable entre reportes directivos y facturación real, afectando las decisiones del negocio y la integridad de las auditorías."
1558,6/30/2025,HCE,Nota de evolucion tarda 19s en guardarse,Medico,Cuenca,Eficiencia,"El tiempo de guardado supera los 8 segundos tolerables, violando directamente el requerimiento no funcional RNF-01 de rendimiento del sistema para notas clínicas."
1590,6/30/2025,Portal Citas,El sistema no envia la confirmacion por correo electronico,Admision,Manta,Efectividad,Falla funcional que impide completar la tarea de confirmación de cita al paciente por canal de correo electrónico.
2043,6/30/2025,HCE,Duplicado de historia clinica al registrar un paciente ya existente,Medico,Guayaquil,Libertad de Riesgo,"Riesgo de seguridad clínica debido a la fragmentación de la información de salud del paciente, lo que puede inducir a diagnósticos y tratamientos erróneos."
2750,6/30/2025,Imagenologia,El informe radiologico no se adjunta automaticamente a la HCE,Enfermeria,Ambato,Efectividad,Falla de funcionalidad en el módulo Imagenologia que impide al usuario completar sus tareas de manera precisa y completa.
3210,6/30/2025,Facturacion,Factura duplicada al reintentar pago,Admision,Guayaquil,Libertad de Riesgo,"Violación del requerimiento no funcional RNF-03 de facturación; genera cobros indebidos en las tarjetas del cliente, comprometiendo la confianza y el riesgo financiero."
3275,6/30/2025,Facturacion,Discrepancia entre el monto facturado y el detalle de servicios,Admision,Guayaquil,Libertad de Riesgo,"Errores en el cálculo del copago de seguros o discrepancias de montos facturados, induciendo a pérdidas financieras o reclamaciones legales."
3607,6/30/2025,HCE,Consulta anterior no se muestra en el resumen de antecedentes,Medico,Guayaquil,Efectividad,Falla de funcionalidad en el módulo HCE que impide al usuario completar sus tareas de manera precisa y completa.
3731,6/30/2025,Telemedicina,Calidad de video muy baja pese a tener buena conexion a internet,Medico,Guayaquil,Satisfacción,Mala experiencia sensorial e interactiva durante la teleconsulta que impacta el RNF-05 y la percepción de calidad del servicio.
1354,7/1/2025,Laboratorio,Retraso de 18s en la disponibilidad de resultados criticos,Enfermeria,Guayaquil,Eficiencia,"El sistema presenta tiempos de respuesta elevados que consumen recursos de tiempo innecesarios, degradando la eficiencia del usuario en sus tareas."
1494,7/1/2025,HCE,Historial de alergias no carga al abrir la ficha del paciente,Medico,Quito,Libertad de Riesgo,"Falla crítica que expone la seguridad del paciente al omitir información vital de alergias, con un alto riesgo de shock anafiláctico o mala praxis."
1761,7/1/2025,App Movil,La app no permite actualizar el numero de contacto del paciente,Paciente,Manta,Efectividad,Restricción de funcionalidad que impide al usuario realizar una acción requerida para completar su tarea.
1771,7/1/2025,Laboratorio,El sistema no permite adjuntar el reporte en PDF del laboratorio externo,Medico,Quito,Efectividad,Restricción de funcionalidad que impide al usuario realizar una acción requerida para completar su tarea.
2142,7/1/2025,App Movil,Notificaciones push no llegan pese a estar activadas,Paciente,Quito,Efectividad,Falla de funcionalidad en el módulo App Movil que impide al usuario completar sus tareas de manera precisa y completa.
2258,7/1/2025,Portal Citas,Notificacion de recordatorio de cita llega con la fecha incorrecta,Paciente,Quito,Efectividad,Falla de funcionalidad en el módulo Portal Citas que impide al usuario completar sus tareas de manera precisa y completa.
2442,7/1/2025,Portal Citas,El portal muestra disponibilidad para un horario ya ocupado,Paciente,Quito,Efectividad,Falla de funcionalidad en el módulo Portal Citas que impide al usuario completar sus tareas de manera precisa y completa.
2491,7/1/2025,Telemedicina,Notificacion de inicio de teleconsulta llega con retraso de 21s,Paciente,Guayaquil,Eficiencia,"El sistema presenta tiempos de respuesta elevados que consumen recursos de tiempo innecesarios, degradando la eficiencia del usuario en sus tareas."
2690,7/1/2025,Facturacion,Retraso de 11s al procesar el pago con tarjeta de credito,Paciente,Guayaquil,Eficiencia,El procesamiento lento del cobro con tarjeta retrasa el flujo de caja y la atención administrativa de admisión.
2866,7/1/2025,Farmacia,Tiempo de respuesta del modulo de farmacia supera los 32s,Farmacia,Quito,Eficiencia,"El sistema presenta tiempos de respuesta elevados que consumen recursos de tiempo innecesarios, degradando la eficiencia del usuario en sus tareas."
2879,7/1/2025,Facturacion,Factura electronica no llega al correo registrado del paciente,Paciente,Cuenca,Efectividad,Falla de funcionalidad en el módulo Facturacion que impide al usuario completar sus tareas de manera precisa y completa.
2924,7/1/2025,Telemedicina,El chat de la consulta no permite enviar imagenes,Medico,Quito,Efectividad,Restricción de funcionalidad que impide al usuario realizar una acción requerida para completar su tarea.
3656,7/1/2025,Reportes Gerenciales,El reporte de ocupacion hospitalaria no se actualiza automaticamente,Gerencia,Ambato,Efectividad,Inconsistencia en la actualización de datos que impide la visualización correcta de información operativa reciente.
3913,7/1/2025,App Movil,Notificaciones push no llegan pese a estar activadas,Paciente,Ambato,Efectividad,Falla de funcionalidad en el módulo App Movil que impide al usuario completar sus tareas de manera precisa y completa.
1446,7/2/2025,Facturacion,Retraso de 17s al procesar el pago con tarjeta de credito,Admision,Quito,Eficiencia,El procesamiento lento del cobro con tarjeta retrasa el flujo de caja y la atención administrativa de admisión.
3908,7/2/2025,Facturacion,Retraso de 11s al procesar el pago con tarjeta de credito,Admision,Cuenca,Eficiencia,El procesamiento lento del cobro con tarjeta retrasa el flujo de caja y la atención administrativa de admisión.
1324,7/3/2025,App Movil,El boton de teleconsulta no redirige correctamente a la videollamada,Paciente,Guayaquil,Efectividad,Falla de funcionalidad en el módulo App Movil que impide al usuario completar sus tareas de manera precisa y completa.
1394,7/3/2025,Farmacia,Alerta de vencimiento de lote no se muestra en el modulo,Farmacia,Quito,Libertad de Riesgo,Omitir la alerta de vencimiento de lotes farmacéuticos puede llevar a la administración de medicamentos caducados a los pacientes.
1445,7/3/2025,Farmacia,Inventario del sistema no coincide con el stock fisico del insumo,Enfermeria,Cuenca,Efectividad,Falla de funcionalidad en el módulo Farmacia que impide al usuario completar sus tareas de manera precisa y completa.
2352,7/3/2025,Portal Citas,"Formulario confuso, abandono de registro antes de completar la cita",Paciente,Quito,Satisfacción,"Diseño de interfaz de usuario confuso que provoca el abandono del registro, afectando la métrica de satisfacción y facilidad de uso percibida."
2460,7/3/2025,Telemedicina,Audio desincronizado durante la teleconsulta,Medico,Guayaquil,Satisfacción,Mala experiencia sensorial e interactiva durante la teleconsulta que impacta el RNF-05 y la percepción de calidad del servicio.
2523,7/3/2025,Farmacia,Tiempo de respuesta del modulo de farmacia supera los 9s,Farmacia,Ambato,Eficiencia,"El sistema presenta tiempos de respuesta elevados que consumen recursos de tiempo innecesarios, degradando la eficiencia del usuario en sus tareas."
3367,7/3/2025,Portal Citas,El pago del bono de consulta no se refleja tras completarlo,Admision,Guayaquil,Libertad de Riesgo,Inconsistencia financiera en los cobros o transacciones del sistema que infringe las normativas contables y expone al hospital a pérdidas económicas.
3625,7/3/2025,HCE,Perdida de la nota de evolucion tras un cierre inesperado de sesion,Enfermeria,Cuenca,Efectividad,Falla de funcionalidad en el módulo HCE que impide al usuario completar sus tareas de manera precisa y completa.
2298,7/4/2025,Imagenologia,El informe radiologico no se adjunta automaticamente a la HCE,Enfermeria,Quito,Efectividad,Falla de funcionalidad en el módulo Imagenologia que impide al usuario completar sus tareas de manera precisa y completa.
2592,7/4/2025,App Movil,La aplicacion se cierra inesperadamente al abrir resultados de laboratorio,Paciente,Guayaquil,Efectividad,"Interrupción abrupta del sistema que impide que el usuario termine el registro de datos, reduciendo la efectividad operativa."
2736,7/4/2025,Telemedicina,Grabacion de la consulta no se almacena correctamente,Medico,Manta,Efectividad,Falla de funcionalidad en el módulo Telemedicina que impide al usuario completar sus tareas de manera precisa y completa.
3180,7/4/2025,Portal Citas,Filtro de especialidad medica no devuelve resultados,Paciente,Cuenca,Efectividad,Falla de funcionalidad en el módulo Portal Citas que impide al usuario completar sus tareas de manera precisa y completa.
3192,7/4/2025,HCE,Alerta de interaccion medicamentosa no se despliega correctamente,Medico,Guayaquil,Libertad de Riesgo,El fallo en el despliegue de alertas de interacción farmacológica pone en riesgo inminente la salud del paciente ante combinaciones letales.
3306,7/4/2025,HCE,Perdida de la nota de evolucion tras un cierre inesperado de sesion,Enfermeria,Guayaquil,Efectividad,Falla de funcionalidad en el módulo HCE que impide al usuario completar sus tareas de manera precisa y completa.
3393,7/4/2025,App Movil,El inicio de sesion con biometria falla de forma intermitente,Paciente,Quito,Satisfacción,La inestabilidad en el inicio biométrico genera frustración y reduce la confianza y comodidad del usuario al acceder al aplicativo móvil.
3970,7/4/2025,HCE,Consulta anterior no se muestra en el resumen de antecedentes,Enfermeria,Quito,Efectividad,Falla de funcionalidad en el módulo HCE que impide al usuario completar sus tareas de manera precisa y completa.
1453,7/5/2025,HCE,Nota de evolucion tarda 14s en guardarse,Medico,Guayaquil,Eficiencia,"El tiempo de guardado supera los 8 segundos tolerables, violando directamente el requerimiento no funcional RNF-01 de rendimiento del sistema para notas clínicas."
1601,7/5/2025,HCE,Consulta anterior no se muestra en el resumen de antecedentes,Enfermeria,Cuenca,Efectividad,Falla de funcionalidad en el módulo HCE que impide al usuario completar sus tareas de manera precisa y completa.
1604,7/5/2025,Farmacia,Inventario del sistema no coincide con el stock fisico del insumo,Farmacia,Cuenca,Efectividad,Falla de funcionalidad en el módulo Farmacia que impide al usuario completar sus tareas de manera precisa y completa.
1619,7/5/2025,Farmacia,Receta electronica llega incompleta desde el modulo de HCE,Enfermeria,Cuenca,Efectividad,Falla de funcionalidad en el módulo Farmacia que impide al usuario completar sus tareas de manera precisa y completa.
1720,7/5/2025,Portal Citas,El portal muestra disponibilidad para un horario ya ocupado,Paciente,Manta,Efectividad,Falla de funcionalidad en el módulo Portal Citas que impide al usuario completar sus tareas de manera precisa y completa.
1883,7/5/2025,HCE,El sistema no permite adjuntar imagenes de heridas desde la tablet,Enfermeria,Ambato,Cobertura de Contexto,El sistema presenta limitaciones de portabilidad y compatibilidad al operar en el contexto físico específico de tablets para adjuntar imágenes de heridas.
3693,7/5/2025,Facturacion,Factura duplicada al reintentar pago,Paciente,Guayaquil,Libertad de Riesgo,"Violación del requerimiento no funcional RNF-03 de facturación; genera cobros indebidos en las tarjetas del cliente, comprometiendo la confianza y el riesgo financiero."
3864,7/5/2025,HCE,Perdida de la nota de evolucion tras un cierre inesperado de sesion,Enfermeria,Quito,Efectividad,Falla de funcionalidad en el módulo HCE que impide al usuario completar sus tareas de manera precisa y completa.
1244,7/6/2025,Telemedicina,La sesion se cierra automaticamente antes de terminar la consulta,Medico,Guayaquil,Efectividad,Falla de funcionalidad en el módulo Telemedicina que impide al usuario completar sus tareas de manera precisa y completa.
1779,7/6/2025,Laboratorio,Codigo de barras de la muestra no es reconocido por el lector,Enfermeria,Quito,Efectividad,Falla de funcionalidad en el módulo Laboratorio que impide al usuario completar sus tareas de manera precisa y completa.
1802,7/6/2025,Portal Citas,Boton de confirmar cita no responde en dispositivos moviles,Admision,Quito,Cobertura de Contexto,"Falla de adaptabilidad de la interfaz en el contexto de dispositivos móviles, impidiendo confirmar citas desde pantallas de formatos pequeños."
2053,7/6/2025,Telemedicina,Audio desincronizado durante la teleconsulta,Medico,Ambato,Satisfacción,Mala experiencia sensorial e interactiva durante la teleconsulta que impacta el RNF-05 y la percepción de calidad del servicio.
2420,7/6/2025,Farmacia,Inventario del sistema no coincide con el stock fisico del insumo,Farmacia,Quito,Efectividad,Falla de funcionalidad en el módulo Farmacia que impide al usuario completar sus tareas de manera precisa y completa.
2448,7/6/2025,Telemedicina,Receta electronica no se genera al finalizar la teleconsulta,Paciente,Quito,Efectividad,Falla de funcionalidad en el módulo Telemedicina que impide al usuario completar sus tareas de manera precisa y completa.
2663,7/6/2025,Facturacion,Reembolso aprobado no se refleja en el estado de cuenta,Admision,Guayaquil,Libertad de Riesgo,"Fallas en la aplicación de notas de crédito o reembolsos que distorsionan los estados de cuenta, arriesgando multas tributarias e inconformidad legal."
3199,7/6/2025,Portal Citas,Doble reserva de un mismo cupo por dos pacientes distintos,Admision,Quito,Libertad de Riesgo,"Doble agendamiento de un mismo cupo que genera sobreventa de citas, colapso de agenda de especialistas y multas o insatisfacción comercial."
3438,7/6/2025,Imagenologia,Perdida de calidad en las imagenes al ser visualizadas desde la app,Medico,Guayaquil,Satisfacción,Degradación visual que afecta la comodidad y confianza de los médicos al visualizar estudios clínicos desde la app móvil.
3674,7/6/2025,Telemedicina,El chat de la consulta no permite enviar imagenes,Medico,Ambato,Efectividad,Restricción de funcionalidad que impide al usuario realizar una acción requerida para completar su tarea.
3871,7/6/2025,HCE,Tiempo de carga de la ficha clinica supera los 13s en horas pico,Medico,Guayaquil,Eficiencia,La latencia en horas pico para abrir la ficha clínica perjudica la productividad del médico durante la consulta.
1092,7/7/2025,Portal Citas,Tiempo de espera en el portal supera los 12s en horas pico,Admision,Quito,Eficiencia,"El sistema presenta tiempos de respuesta elevados que consumen recursos de tiempo innecesarios, degradando la eficiencia del usuario en sus tareas."
1130,7/7/2025,Farmacia,Tiempo de respuesta del modulo de farmacia supera los 19s,Farmacia,Guayaquil,Eficiencia,"El sistema presenta tiempos de respuesta elevados que consumen recursos de tiempo innecesarios, degradando la eficiencia del usuario en sus tareas."
1596,7/7/2025,Farmacia,Inventario del sistema no coincide con el stock fisico del insumo,Enfermeria,Manta,Efectividad,Falla de funcionalidad en el módulo Farmacia que impide al usuario completar sus tareas de manera precisa y completa.
1683,7/7/2025,HCE,Historial de alergias no carga al abrir la ficha del paciente,Medico,Quito,Libertad de Riesgo,"Falla crítica que expone la seguridad del paciente al omitir información vital de alergias, con un alto riesgo de shock anafiláctico o mala praxis."
2117,7/7/2025,HCE,Duplicado de historia clinica al registrar un paciente ya existente,Enfermeria,Guayaquil,Libertad de Riesgo,"Riesgo de seguridad clínica debido a la fragmentación de la información de salud del paciente, lo que puede inducir a diagnósticos y tratamientos erróneos."
2272,7/7/2025,Portal Citas,Error al reagendar una cita previamente confirmada,Admision,Quito,Efectividad,Falla de funcionalidad en el módulo Portal Citas que impide al usuario completar sus tareas de manera precisa y completa.
2370,7/7/2025,Farmacia,Receta electronica llega incompleta desde el modulo de HCE,Enfermeria,Quito,Efectividad,Falla de funcionalidad en el módulo Farmacia que impide al usuario completar sus tareas de manera precisa y completa.
2981,7/7/2025,HCE,Perdida de la nota de evolucion tras un cierre inesperado de sesion,Enfermeria,Quito,Efectividad,Falla de funcionalidad en el módulo HCE que impide al usuario completar sus tareas de manera precisa y completa.
3133,7/7/2025,HCE,Firma electronica del medico no se valida al cerrar la consulta,Enfermeria,Guayaquil,Efectividad,Falla de funcionalidad en el módulo HCE que impide al usuario completar sus tareas de manera precisa y completa.
3319,7/7/2025,App Movil,Version desactualizada del app impide iniciar sesion,Paciente,Manta,Cobertura de Contexto,Incompatibilidad y falta de robustez del sistema cuando se ejecuta en el contexto de sistemas cliente que no cuentan con la última versión de software.
3468,7/7/2025,HCE,Duplicado de historia clinica al registrar un paciente ya existente,Medico,Ambato,Libertad de Riesgo,"Riesgo de seguridad clínica debido a la fragmentación de la información de salud del paciente, lo que puede inducir a diagnósticos y tratamientos erróneos."
3485,7/7/2025,App Movil,El boton de teleconsulta no redirige correctamente a la videollamada,Paciente,Quito,Efectividad,Falla de funcionalidad en el módulo App Movil que impide al usuario completar sus tareas de manera precisa y completa.
1169,7/8/2025,App Movil,El inicio de sesion con biometria falla de forma intermitente,Paciente,Quito,Satisfacción,La inestabilidad en el inicio biométrico genera frustración y reduce la confianza y comodidad del usuario al acceder al aplicativo móvil.
1185,7/8/2025,Facturacion,Reintento de transaccion genera doble cobro en la tarjeta,Admision,Guayaquil,Libertad de Riesgo,"Violación del requerimiento no funcional RNF-03 de facturación; genera cobros indebidos en las tarjetas del cliente, comprometiendo la confianza y el riesgo financiero."
1257,7/8/2025,HCE,Perdida de la nota de evolucion tras un cierre inesperado de sesion,Enfermeria,Cuenca,Efectividad,Falla de funcionalidad en el módulo HCE que impide al usuario completar sus tareas de manera precisa y completa.
1273,7/8/2025,Portal Citas,Cancelacion de cita no libera el cupo en el calendario,Paciente,Guayaquil,Efectividad,Falla de funcionalidad en el módulo Portal Citas que impide al usuario completar sus tareas de manera precisa y completa.
1482,7/8/2025,Facturacion,El sistema no reconoce el convenio con la aseguradora,Admision,Guayaquil,Libertad de Riesgo,El no reconocimiento de convenios de aseguradoras genera fricción de cobro y riesgo de pérdidas económicas por servicios no cubiertos correctamente.
1684,7/8/2025,Facturacion,Reembolso aprobado no se refleja en el estado de cuenta,Admision,Quito,Libertad de Riesgo,"Fallas en la aplicación de notas de crédito o reembolsos que distorsionan los estados de cuenta, arriesgando multas tributarias e inconformidad legal."
2622,7/8/2025,Telemedicina,Notificacion de inicio de teleconsulta llega con retraso de 33s,Paciente,Guayaquil,Eficiencia,"El sistema presenta tiempos de respuesta elevados que consumen recursos de tiempo innecesarios, degradando la eficiencia del usuario en sus tareas."
3314,7/8/2025,App Movil,La app no permite actualizar el numero de contacto del paciente,Paciente,Manta,Efectividad,Restricción de funcionalidad que impide al usuario realizar una acción requerida para completar su tarea.
3362,7/8/2025,Facturacion,El sistema no reconoce el convenio con la aseguradora,Admision,Cuenca,Libertad de Riesgo,El no reconocimiento de convenios de aseguradoras genera fricción de cobro y riesgo de pérdidas económicas por servicios no cubiertos correctamente.
1179,7/9/2025,Telemedicina,Calidad de video muy baja pese a tener buena conexion a internet,Medico,Cuenca,Satisfacción,Mala experiencia sensorial e interactiva durante la teleconsulta que impacta el RNF-05 y la percepción de calidad del servicio.
1386,7/9/2025,Portal Citas,Filtro de especialidad medica no devuelve resultados,Paciente,Guayaquil,Efectividad,Falla de funcionalidad en el módulo Portal Citas que impide al usuario completar sus tareas de manera precisa y completa.
1421,7/9/2025,Portal Citas,El sistema no envia la confirmacion por correo electronico,Paciente,Cuenca,Efectividad,Falla funcional que impide completar la tarea de confirmación de cita al paciente por canal de correo electrónico.
1657,7/9/2025,Portal Citas,El portal muestra disponibilidad para un horario ya ocupado,Paciente,Quito,Efectividad,Falla de funcionalidad en el módulo Portal Citas que impide al usuario completar sus tareas de manera precisa y completa.
1905,7/9/2025,Facturacion,Reembolso aprobado no se refleja en el estado de cuenta,Paciente,Quito,Libertad de Riesgo,"Fallas en la aplicación de notas de crédito o reembolsos que distorsionan los estados de cuenta, arriesgando multas tributarias e inconformidad legal."
2068,7/9/2025,Facturacion,Nota de credito no se aplica al saldo pendiente del paciente,Paciente,Quito,Libertad de Riesgo,"Fallas en la aplicación de notas de crédito o reembolsos que distorsionan los estados de cuenta, arriesgando multas tributarias e inconformidad legal."
2621,7/9/2025,HCE,Duplicado de historia clinica al registrar un paciente ya existente,Enfermeria,Guayaquil,Libertad de Riesgo,"Riesgo de seguridad clínica debido a la fragmentación de la información de salud del paciente, lo que puede inducir a diagnósticos y tratamientos erróneos."
2713,7/9/2025,Portal Citas,Doble reserva de un mismo cupo por dos pacientes distintos,Paciente,Manta,Libertad de Riesgo,"Doble agendamiento de un mismo cupo que genera sobreventa de citas, colapso de agenda de especialistas y multas o insatisfacción comercial."
3171,7/9/2025,Facturacion,Reembolso aprobado no se refleja en el estado de cuenta,Paciente,Cuenca,Libertad de Riesgo,"Fallas en la aplicación de notas de crédito o reembolsos que distorsionan los estados de cuenta, arriesgando multas tributarias e inconformidad legal."
3205,7/9/2025,Facturacion,El sistema no permite anular una factura emitida por error,Admision,Quito,Efectividad,Restricción de funcionalidad que impide al usuario realizar una acción requerida para completar su tarea.
3245,7/9/2025,Portal Citas,Usuario no logra agendar tras 3 intentos,Paciente,Quito,Satisfacción,"Incapacidad del usuario de lograr su meta tras múltiples intentos, violando el RNF-02 y provocando un alto nivel de frustración."
3437,7/9/2025,Facturacion,Nota de credito no se aplica al saldo pendiente del paciente,Paciente,Quito,Libertad de Riesgo,"Fallas en la aplicación de notas de crédito o reembolsos que distorsionan los estados de cuenta, arriesgando multas tributarias e inconformidad legal."
3965,7/9/2025,Farmacia,Receta electronica llega incompleta desde el modulo de HCE,Enfermeria,Cuenca,Efectividad,Falla de funcionalidad en el módulo Farmacia que impide al usuario completar sus tareas de manera precisa y completa.
1724,7/10/2025,Portal Citas,Notificacion de recordatorio de cita llega con la fecha incorrecta,Admision,Cuenca,Efectividad,Falla de funcionalidad en el módulo Portal Citas que impide al usuario completar sus tareas de manera precisa y completa.
1852,7/10/2025,Reportes Gerenciales,El reporte de ocupacion hospitalaria no se actualiza automaticamente,Gerencia,Quito,Efectividad,Inconsistencia en la actualización de datos que impide la visualización correcta de información operativa reciente.
2136,7/10/2025,HCE,Perdida de la nota de evolucion tras un cierre inesperado de sesion,Enfermeria,Quito,Efectividad,Falla de funcionalidad en el módulo HCE que impide al usuario completar sus tareas de manera precisa y completa.
2818,7/10/2025,HCE,Datos de otro paciente visibles brevemente al abrir un expediente,Enfermeria,Guayaquil,Libertad de Riesgo,"Fuga de información y violación de la confidencialidad médica (HIPAA/Ley de Protección de Datos), exponiendo datos de otros pacientes."
3194,7/10/2025,Laboratorio,Retraso de 21s en la disponibilidad de resultados criticos,Enfermeria,Guayaquil,Eficiencia,"El sistema presenta tiempos de respuesta elevados que consumen recursos de tiempo innecesarios, degradando la eficiencia del usuario en sus tareas."
1096,7/11/2025,HCE,Alerta de interaccion medicamentosa no se despliega correctamente,Medico,Cuenca,Libertad de Riesgo,El fallo en el despliegue de alertas de interacción farmacológica pone en riesgo inminente la salud del paciente ante combinaciones letales.
1148,7/11/2025,Laboratorio,Orden de laboratorio duplicada tras reintentar el envio,Enfermeria,Quito,Efectividad,Falla de funcionalidad en el módulo Laboratorio que impide al usuario completar sus tareas de manera precisa y completa.
1175,7/11/2025,HCE,Historial de alergias no carga al abrir la ficha del paciente,Enfermeria,Quito,Libertad de Riesgo,"Falla crítica que expone la seguridad del paciente al omitir información vital de alergias, con un alto riesgo de shock anafiláctico o mala praxis."
1893,7/11/2025,Reportes Gerenciales,Exportacion a Excel del reporte gerencial falla de forma intermitente,Gerencia,Guayaquil,Efectividad,Falla intermitente en las exportaciones o ejecuciones de procesos del sistema que reduce la fiabilidad de las operaciones.
1906,7/11/2025,Reportes Gerenciales,Tiempo de generacion del reporte mensual supera los 12 minutos,Gerencia,Quito,Eficiencia,"Demoras severas en la generación de reportes mensuales de inteligencia de negocio, penalizando la eficiencia en el tiempo de procesamiento y toma de decisiones."
2185,7/11/2025,Portal Citas,Sesion expira antes de finalizar el proceso de agendamiento,Paciente,Manta,Satisfacción,"Mala experiencia de usuario que interrumpe de forma prematura el proceso de compra/agendamiento, forzando a repetir pasos."
2270,7/11/2025,HCE,Tiempo de carga de la ficha clinica supera los 30s en horas pico,Enfermeria,Quito,Eficiencia,La latencia en horas pico para abrir la ficha clínica perjudica la productividad del médico durante la consulta.
2321,7/11/2025,Telemedicina,Audio desincronizado durante la teleconsulta,Paciente,Guayaquil,Satisfacción,Mala experiencia sensorial e interactiva durante la teleconsulta que impacta el RNF-05 y la percepción de calidad del servicio.
2346,7/11/2025,App Movil,Notificaciones push no llegan pese a estar activadas,Paciente,Manta,Efectividad,Falla de funcionalidad en el módulo App Movil que impide al usuario completar sus tareas de manera precisa y completa.
2840,7/11/2025,Farmacia,Tiempo de respuesta del modulo de farmacia supera los 35s,Enfermeria,Quito,Eficiencia,"El sistema presenta tiempos de respuesta elevados que consumen recursos de tiempo innecesarios, degradando la eficiencia del usuario en sus tareas."
3025,7/11/2025,Laboratorio,Retraso de 31s en la disponibilidad de resultados criticos,Medico,Cuenca,Eficiencia,"El sistema presenta tiempos de respuesta elevados que consumen recursos de tiempo innecesarios, degradando la eficiencia del usuario en sus tareas."
3573,7/11/2025,Telemedicina,Grabacion de la consulta no se almacena correctamente,Medico,Ambato,Efectividad,Falla de funcionalidad en el módulo Telemedicina que impide al usuario completar sus tareas de manera precisa y completa.
3955,7/11/2025,Facturacion,Discrepancia entre el monto facturado y el detalle de servicios,Paciente,Guayaquil,Libertad de Riesgo,"Errores en el cálculo del copago de seguros o discrepancias de montos facturados, induciendo a pérdidas financieras o reclamaciones legales."
1099,7/12/2025,Portal Citas,El sistema no envia la confirmacion por correo electronico,Admision,Guayaquil,Efectividad,Falla funcional que impide completar la tarea de confirmación de cita al paciente por canal de correo electrónico.
1305,7/12/2025,App Movil,Resultados de examenes no se visualizan en formato PDF,Paciente,Manta,Efectividad,Falla de funcionalidad en el módulo App Movil que impide al usuario completar sus tareas de manera precisa y completa.
1880,7/12/2025,HCE,Consulta anterior no se muestra en el resumen de antecedentes,Enfermeria,Quito,Efectividad,Falla de funcionalidad en el módulo HCE que impide al usuario completar sus tareas de manera precisa y completa.
1891,7/12/2025,App Movil,Resultados de examenes no se visualizan en formato PDF,Paciente,Guayaquil,Efectividad,Falla de funcionalidad en el módulo App Movil que impide al usuario completar sus tareas de manera precisa y completa.
2166,7/12/2025,Reportes Gerenciales,Tiempo de generacion del reporte mensual supera los 9 minutos,Gerencia,Manta,Eficiencia,"Demoras severas en la generación de reportes mensuales de inteligencia de negocio, penalizando la eficiencia en el tiempo de procesamiento y toma de decisiones."
3402,7/12/2025,Portal Citas,Usuario no logra agendar tras 4 intentos,Paciente,Cuenca,Satisfacción,"Incapacidad del usuario de lograr su meta tras múltiples intentos, violando el RNF-02 y provocando un alto nivel de frustración."
3676,7/12/2025,Farmacia,El sistema no descuenta automaticamente el medicamento dispensado,Enfermeria,Quito,Efectividad,Falla de funcionalidad en el módulo Farmacia que impide al usuario completar sus tareas de manera precisa y completa.
3815,7/12/2025,HCE,Alerta de interaccion medicamentosa no se despliega correctamente,Enfermeria,Guayaquil,Libertad de Riesgo,El fallo en el despliegue de alertas de interacción farmacológica pone en riesgo inminente la salud del paciente ante combinaciones letales.
1486,7/13/2025,Laboratorio,Codigo de barras de la muestra no es reconocido por el lector,Medico,Quito,Efectividad,Falla de funcionalidad en el módulo Laboratorio que impide al usuario completar sus tareas de manera precisa y completa.
1713,7/13/2025,Portal Citas,Doble reserva de un mismo cupo por dos pacientes distintos,Paciente,Ambato,Libertad de Riesgo,"Doble agendamiento de un mismo cupo que genera sobreventa de citas, colapso de agenda de especialistas y multas o insatisfacción comercial."
1987,7/13/2025,Imagenologia,Las imagenes de rayos X no cargan en el visor DICOM,Medico,Guayaquil,Efectividad,Falla de funcionalidad en el módulo Imagenologia que impide al usuario completar sus tareas de manera precisa y completa.
2239,7/13/2025,Facturacion,Retraso de 18s al procesar el pago con tarjeta de credito,Paciente,Guayaquil,Eficiencia,El procesamiento lento del cobro con tarjeta retrasa el flujo de caja y la atención administrativa de admisión.
2358,7/13/2025,Farmacia,Error al registrar la dispensacion de un medicamento controlado,Farmacia,Ambato,Libertad de Riesgo,"Error en el registro de medicamentos regulados, lo que genera riesgos legales, regulatorios y de seguridad en el control de sustancias psicotrópicas."
2405,7/13/2025,Portal Citas,Notificacion de recordatorio de cita llega con la fecha incorrecta,Admision,Quito,Efectividad,Falla de funcionalidad en el módulo Portal Citas que impide al usuario completar sus tareas de manera precisa y completa.
3072,7/13/2025,HCE,Consulta anterior no se muestra en el resumen de antecedentes,Enfermeria,Quito,Efectividad,Falla de funcionalidad en el módulo HCE que impide al usuario completar sus tareas de manera precisa y completa.
3666,7/13/2025,Telemedicina,Audio desincronizado durante la teleconsulta,Medico,Quito,Satisfacción,Mala experiencia sensorial e interactiva durante la teleconsulta que impacta el RNF-05 y la percepción de calidad del servicio.
3701,7/13/2025,Facturacion,Reintento de transaccion genera doble cobro en la tarjeta,Paciente,Cuenca,Libertad de Riesgo,"Violación del requerimiento no funcional RNF-03 de facturación; genera cobros indebidos en las tarjetas del cliente, comprometiendo la confianza y el riesgo financiero."
3793,7/13/2025,HCE,Orden medica no se sincroniza con el modulo de farmacia,Medico,Quito,Efectividad,Error de integración funcional que impide la sincronización y actualización del registro médico entre módulos del HIS.
3941,7/13/2025,Telemedicina,Notificacion de inicio de teleconsulta llega con retraso de 34s,Paciente,Quito,Eficiencia,"El sistema presenta tiempos de respuesta elevados que consumen recursos de tiempo innecesarios, degradando la eficiencia del usuario en sus tareas."
2784,7/14/2025,Facturacion,Retraso de 19s al procesar el pago con tarjeta de credito,Admision,Guayaquil,Eficiencia,El procesamiento lento del cobro con tarjeta retrasa el flujo de caja y la atención administrativa de admisión.
2828,7/14/2025,Portal Citas,Sesion expira antes de finalizar el proceso de agendamiento,Paciente,Quito,Satisfacción,"Mala experiencia de usuario que interrumpe de forma prematura el proceso de compra/agendamiento, forzando a repetir pasos."
2930,7/14/2025,Farmacia,El sistema bloquea la dispensacion sin mostrar el motivo,Enfermeria,Ambato,Satisfacción,La falta de mensajes informativos claros y feedback del sistema incrementa la incertidumbre y frustración del operario farmacéutico.
3272,7/14/2025,Telemedicina,Receta electronica no se genera al finalizar la teleconsulta,Paciente,Guayaquil,Efectividad,Falla de funcionalidad en el módulo Telemedicina que impide al usuario completar sus tareas de manera precisa y completa.
3299,7/14/2025,Facturacion,El sistema no reconoce el convenio con la aseguradora,Admision,Quito,Libertad de Riesgo,El no reconocimiento de convenios de aseguradoras genera fricción de cobro y riesgo de pérdidas económicas por servicios no cubiertos correctamente.
3691,7/14/2025,Imagenologia,Tiempo de carga de estudios de imagen supera los 25s,Enfermeria,Quito,Eficiencia,La lentitud en la carga y transferencia de archivos DICOM pesados degrada la eficiencia del flujo de trabajo clínico en imagenología.
1538,7/15/2025,Facturacion,Reintento de transaccion genera doble cobro en la tarjeta,Paciente,Cuenca,Libertad de Riesgo,"Violación del requerimiento no funcional RNF-03 de facturación; genera cobros indebidos en las tarjetas del cliente, comprometiendo la confianza y el riesgo financiero."
1583,7/15/2025,Laboratorio,Retraso de 35s en la disponibilidad de resultados criticos,Enfermeria,Guayaquil,Eficiencia,"El sistema presenta tiempos de respuesta elevados que consumen recursos de tiempo innecesarios, degradando la eficiencia del usuario en sus tareas."
1685,7/15/2025,HCE,Alerta de interaccion medicamentosa no se despliega correctamente,Medico,Ambato,Libertad de Riesgo,El fallo en el despliegue de alertas de interacción farmacológica pone en riesgo inminente la salud del paciente ante combinaciones letales.
1901,7/15/2025,App Movil,La aplicacion se cierra inesperadamente al abrir resultados de laboratorio,Paciente,Guayaquil,Efectividad,"Interrupción abrupta del sistema que impide que el usuario termine el registro de datos, reduciendo la efectividad operativa."
2907,7/15/2025,App Movil,La aplicacion se cierra inesperadamente al abrir resultados de laboratorio,Paciente,Quito,Efectividad,"Interrupción abrupta del sistema que impide que el usuario termine el registro de datos, reduciendo la efectividad operativa."
3179,7/15/2025,Farmacia,Alerta de vencimiento de lote no se muestra en el modulo,Enfermeria,Guayaquil,Libertad de Riesgo,Omitir la alerta de vencimiento de lotes farmacéuticos puede llevar a la administración de medicamentos caducados a los pacientes.
3271,7/15/2025,HCE,El sistema se congela al adjuntar resultados de laboratorio a la HCE,Medico,Manta,Efectividad,Falla de funcionalidad en el módulo HCE que impide al usuario completar sus tareas de manera precisa y completa.
3586,7/15/2025,Facturacion,Discrepancia entre el monto facturado y el detalle de servicios,Admision,Guayaquil,Libertad de Riesgo,"Errores en el cálculo del copago de seguros o discrepancias de montos facturados, induciendo a pérdidas financieras o reclamaciones legales."
1074,7/16/2025,Imagenologia,El informe radiologico no se adjunta automaticamente a la HCE,Enfermeria,Quito,Efectividad,Falla de funcionalidad en el módulo Imagenologia que impide al usuario completar sus tareas de manera precisa y completa.
1652,7/16/2025,App Movil,Consumo elevado de datos moviles al abrir el modulo de citas,Paciente,Cuenca,Cobertura de Contexto,"Consumo excesivo de ancho de banda móvil, lo que restringe el uso eficiente del sistema en redes celulares de datos (fuera de la intranet del hospital)."
2035,7/16/2025,HCE,Orden medica no se sincroniza con el modulo de farmacia,Medico,Guayaquil,Efectividad,Error de integración funcional que impide la sincronización y actualización del registro médico entre módulos del HIS.
2776,7/16/2025,HCE,El sistema se congela al adjuntar resultados de laboratorio a la HCE,Enfermeria,Quito,Efectividad,Falla de funcionalidad en el módulo HCE que impide al usuario completar sus tareas de manera precisa y completa.
3594,7/16/2025,Laboratorio,El sistema no permite adjuntar el reporte en PDF del laboratorio externo,Medico,Quito,Efectividad,Restricción de funcionalidad que impide al usuario realizar una acción requerida para completar su tarea.
1203,7/17/2025,HCE,Tiempo de carga de la ficha clinica supera los 33s en horas pico,Enfermeria,Quito,Eficiencia,La latencia en horas pico para abrir la ficha clínica perjudica la productividad del médico durante la consulta.
1639,7/17/2025,HCE,Tiempo de carga de la ficha clinica supera los 33s en horas pico,Medico,Cuenca,Eficiencia,La latencia en horas pico para abrir la ficha clínica perjudica la productividad del médico durante la consulta.
1686,7/17/2025,Imagenologia,El informe radiologico no se adjunta automaticamente a la HCE,Medico,Quito,Efectividad,Falla de funcionalidad en el módulo Imagenologia que impide al usuario completar sus tareas de manera precisa y completa.
1793,7/17/2025,Facturacion,Factura generada con el nombre del paciente incorrecto,Admision,Guayaquil,Efectividad,Falla de funcionalidad en el módulo Facturacion que impide al usuario completar sus tareas de manera precisa y completa.
1834,7/17/2025,HCE,Consulta anterior no se muestra en el resumen de antecedentes,Enfermeria,Manta,Efectividad,Falla de funcionalidad en el módulo HCE que impide al usuario completar sus tareas de manera precisa y completa.
1849,7/17/2025,HCE,Alerta de interaccion medicamentosa no se despliega correctamente,Medico,Quito,Libertad de Riesgo,El fallo en el despliegue de alertas de interacción farmacológica pone en riesgo inminente la salud del paciente ante combinaciones letales.
2081,7/17/2025,HCE,Nota de evolucion tarda 29s en guardarse,Medico,Cuenca,Eficiencia,"El tiempo de guardado supera los 8 segundos tolerables, violando directamente el requerimiento no funcional RNF-01 de rendimiento del sistema para notas clínicas."
2278,7/17/2025,HCE,Receta electronica se genera con la dosis incorrecta tras guardar,Enfermeria,Cuenca,Libertad de Riesgo,"Riesgo extremo de salud para el paciente al guardar dosis farmacológicas erróneas en la receta electrónica, pudiendo causar sobredosis o inefectividad clínica."
3106,7/17/2025,Portal Citas,Boton de confirmar cita no responde en dispositivos moviles,Admision,Manta,Cobertura de Contexto,"Falla de adaptabilidad de la interfaz en el contexto de dispositivos móviles, impidiendo confirmar citas desde pantallas de formatos pequeños."
3243,7/17/2025,HCE,Alerta de interaccion medicamentosa no se despliega correctamente,Medico,Guayaquil,Libertad de Riesgo,El fallo en el despliegue de alertas de interacción farmacológica pone en riesgo inminente la salud del paciente ante combinaciones letales.
3356,7/17/2025,Portal Citas,Doble reserva de un mismo cupo por dos pacientes distintos,Paciente,Quito,Libertad de Riesgo,"Doble agendamiento de un mismo cupo que genera sobreventa de citas, colapso de agenda de especialistas y multas o insatisfacción comercial."
3451,7/17/2025,Telemedicina,Notificacion de inicio de teleconsulta llega con retraso de 20s,Paciente,Ambato,Eficiencia,"El sistema presenta tiempos de respuesta elevados que consumen recursos de tiempo innecesarios, degradando la eficiencia del usuario en sus tareas."
3744,7/17/2025,Laboratorio,Resultado de examen de laboratorio no se sincroniza con la HCE,Medico,Quito,Efectividad,Error de integración funcional que impide la sincronización y actualización del registro médico entre módulos del HIS.
1014,7/18/2025,HCE,Receta electronica se genera con la dosis incorrecta tras guardar,Enfermeria,Cuenca,Libertad de Riesgo,"Riesgo extremo de salud para el paciente al guardar dosis farmacológicas erróneas en la receta electrónica, pudiendo causar sobredosis o inefectividad clínica."
1505,7/18/2025,Portal Citas,Cita agendada no aparece reflejada en el calendario del especialista,Admision,Guayaquil,Efectividad,Falla de funcionalidad en el módulo Portal Citas que impide al usuario completar sus tareas de manera precisa y completa.
1580,7/18/2025,Laboratorio,Codigo de barras de la muestra no es reconocido por el lector,Medico,Ambato,Efectividad,Falla de funcionalidad en el módulo Laboratorio que impide al usuario completar sus tareas de manera precisa y completa.
2236,7/18/2025,HCE,Orden medica no se sincroniza con el modulo de farmacia,Medico,Manta,Efectividad,Error de integración funcional que impide la sincronización y actualización del registro médico entre módulos del HIS.
2646,7/18/2025,HCE,Alerta de interaccion medicamentosa no se despliega correctamente,Enfermeria,Guayaquil,Libertad de Riesgo,El fallo en el despliegue de alertas de interacción farmacológica pone en riesgo inminente la salud del paciente ante combinaciones letales.
3510,7/18/2025,HCE,Nota de evolucion tarda 15s en guardarse,Medico,Ambato,Eficiencia,"El tiempo de guardado supera los 8 segundos tolerables, violando directamente el requerimiento no funcional RNF-01 de rendimiento del sistema para notas clínicas."
3660,7/18/2025,Portal Citas,Sesion expira antes de finalizar el proceso de agendamiento,Admision,Quito,Satisfacción,"Mala experiencia de usuario que interrumpe de forma prematura el proceso de compra/agendamiento, forzando a repetir pasos."
1090,7/19/2025,Imagenologia,Las imagenes de rayos X no cargan en el visor DICOM,Medico,Quito,Efectividad,Falla de funcionalidad en el módulo Imagenologia que impide al usuario completar sus tareas de manera precisa y completa.
2105,7/19/2025,Portal Citas,Tiempo de espera en el portal supera los 23s en horas pico,Admision,Ambato,Eficiencia,"El sistema presenta tiempos de respuesta elevados que consumen recursos de tiempo innecesarios, degradando la eficiencia del usuario en sus tareas."
2163,7/19/2025,Portal Citas,El pago del bono de consulta no se refleja tras completarlo,Paciente,Guayaquil,Libertad de Riesgo,Inconsistencia financiera en los cobros o transacciones del sistema que infringe las normativas contables y expone al hospital a pérdidas económicas.
2649,7/19/2025,Reportes Gerenciales,Exportacion a Excel del reporte gerencial falla de forma intermitente,Gerencia,Guayaquil,Efectividad,Falla intermitente en las exportaciones o ejecuciones de procesos del sistema que reduce la fiabilidad de las operaciones.
2727,7/19/2025,Telemedicina,Receta electronica no se genera al finalizar la teleconsulta,Paciente,Ambato,Efectividad,Falla de funcionalidad en el módulo Telemedicina que impide al usuario completar sus tareas de manera precisa y completa.
2802,7/19/2025,Facturacion,El modulo de facturacion se cae durante el cierre de caja,Paciente,Ambato,Efectividad,Falla de funcionalidad en el módulo Facturacion que impide al usuario completar sus tareas de manera precisa y completa.
1166,7/20/2025,Facturacion,Reintento de transaccion genera doble cobro en la tarjeta,Paciente,Cuenca,Libertad de Riesgo,"Violación del requerimiento no funcional RNF-03 de facturación; genera cobros indebidos en las tarjetas del cliente, comprometiendo la confianza y el riesgo financiero."
1391,7/20/2025,Farmacia,Alerta de vencimiento de lote no se muestra en el modulo,Enfermeria,Quito,Libertad de Riesgo,Omitir la alerta de vencimiento de lotes farmacéuticos puede llevar a la administración de medicamentos caducados a los pacientes.
1962,7/20/2025,Telemedicina,Paciente no puede unirse a la sala virtual a la hora agendada,Medico,Quito,Efectividad,Falla de funcionalidad en el módulo Telemedicina que impide al usuario completar sus tareas de manera precisa y completa.
2519,7/20/2025,HCE,Alerta de interaccion medicamentosa no se despliega correctamente,Medico,Ambato,Libertad de Riesgo,El fallo en el despliegue de alertas de interacción farmacológica pone en riesgo inminente la salud del paciente ante combinaciones letales.
3680,7/20/2025,Portal Citas,Tiempo de espera en el portal supera los 19s en horas pico,Paciente,Guayaquil,Eficiencia,"El sistema presenta tiempos de respuesta elevados que consumen recursos de tiempo innecesarios, degradando la eficiencia del usuario en sus tareas."
1613,7/21/2025,Telemedicina,La sesion se cierra automaticamente antes de terminar la consulta,Paciente,Ambato,Efectividad,Falla de funcionalidad en el módulo Telemedicina que impide al usuario completar sus tareas de manera precisa y completa.
1794,7/21/2025,Imagenologia,Perdida de calidad en las imagenes al ser visualizadas desde la app,Enfermeria,Quito,Satisfacción,Degradación visual que afecta la comodidad y confianza de los médicos al visualizar estudios clínicos desde la app móvil.
2277,7/21/2025,Telemedicina,Paciente no puede unirse a la sala virtual a la hora agendada,Medico,Guayaquil,Efectividad,Falla de funcionalidad en el módulo Telemedicina que impide al usuario completar sus tareas de manera precisa y completa.
2482,7/21/2025,HCE,Alerta de interaccion medicamentosa no se despliega correctamente,Medico,Quito,Libertad de Riesgo,El fallo en el despliegue de alertas de interacción farmacológica pone en riesgo inminente la salud del paciente ante combinaciones letales.
2870,7/21/2025,App Movil,Notificaciones push no llegan pese a estar activadas,Paciente,Guayaquil,Efectividad,Falla de funcionalidad en el módulo App Movil que impide al usuario completar sus tareas de manera precisa y completa.
2880,7/21/2025,Facturacion,Factura generada con el nombre del paciente incorrecto,Paciente,Quito,Efectividad,Falla de funcionalidad en el módulo Facturacion que impide al usuario completar sus tareas de manera precisa y completa.
3445,7/21/2025,Laboratorio,El sistema no permite adjuntar el reporte en PDF del laboratorio externo,Medico,Cuenca,Efectividad,Restricción de funcionalidad que impide al usuario realizar una acción requerida para completar su tarea.
3469,7/21/2025,Portal Citas,Usuario no logra agendar tras 4 intentos,Paciente,Manta,Satisfacción,"Incapacidad del usuario de lograr su meta tras múltiples intentos, violando el RNF-02 y provocando un alto nivel de frustración."
3472,7/21/2025,Portal Citas,El sistema no envia la confirmacion por correo electronico,Paciente,Quito,Efectividad,Falla funcional que impide completar la tarea de confirmación de cita al paciente por canal de correo electrónico.
3823,7/21/2025,Telemedicina,Grabacion de la consulta no se almacena correctamente,Paciente,Guayaquil,Efectividad,Falla de funcionalidad en el módulo Telemedicina que impide al usuario completar sus tareas de manera precisa y completa.
1022,7/22/2025,Imagenologia,Perdida de calidad en las imagenes al ser visualizadas desde la app,Medico,Guayaquil,Satisfacción,Degradación visual que afecta la comodidad y confianza de los médicos al visualizar estudios clínicos desde la app móvil.
1560,7/22/2025,App Movil,Notificaciones push no llegan pese a estar activadas,Paciente,Quito,Efectividad,Falla de funcionalidad en el módulo App Movil que impide al usuario completar sus tareas de manera precisa y completa.
1569,7/22/2025,HCE,Historial de alergias no carga al abrir la ficha del paciente,Medico,Quito,Libertad de Riesgo,"Falla crítica que expone la seguridad del paciente al omitir información vital de alergias, con un alto riesgo de shock anafiláctico o mala praxis."
1587,7/22/2025,Portal Citas,El portal muestra disponibilidad para un horario ya ocupado,Paciente,Guayaquil,Efectividad,Falla de funcionalidad en el módulo Portal Citas que impide al usuario completar sus tareas de manera precisa y completa.
1954,7/22/2025,Laboratorio,Orden de laboratorio duplicada tras reintentar el envio,Medico,Cuenca,Efectividad,Falla de funcionalidad en el módulo Laboratorio que impide al usuario completar sus tareas de manera precisa y completa.
2437,7/22/2025,Telemedicina,El medico no puede compartir pantalla con resultados de examenes,Paciente,Quito,Efectividad,Falla de funcionalidad en el módulo Telemedicina que impide al usuario completar sus tareas de manera precisa y completa.
3132,7/22/2025,Telemedicina,Videollamada se corta a los 3 minutos,Medico,Quito,Cobertura de Contexto,"Falta de resiliencia del canal de comunicación ante variaciones en la conectividad del usuario, interrumpiendo la sesión de teleconsulta en producción."
3144,7/22/2025,Telemedicina,Receta electronica no se genera al finalizar la teleconsulta,Paciente,Ambato,Efectividad,Falla de funcionalidad en el módulo Telemedicina que impide al usuario completar sus tareas de manera precisa y completa.
3154,7/22/2025,Telemedicina,Receta electronica no se genera al finalizar la teleconsulta,Paciente,Quito,Efectividad,Falla de funcionalidad en el módulo Telemedicina que impide al usuario completar sus tareas de manera precisa y completa.
3432,7/22/2025,Portal Citas,Cita agendada no aparece reflejada en el calendario del especialista,Paciente,Quito,Efectividad,Falla de funcionalidad en el módulo Portal Citas que impide al usuario completar sus tareas de manera precisa y completa.
3800,7/22/2025,Portal Citas,Tiempo de espera en el portal supera los 23s en horas pico,Admision,Quito,Eficiencia,"El sistema presenta tiempos de respuesta elevados que consumen recursos de tiempo innecesarios, degradando la eficiencia del usuario en sus tareas."
1153,7/23/2025,HCE,El sistema se congela al adjuntar resultados de laboratorio a la HCE,Enfermeria,Guayaquil,Efectividad,Falla de funcionalidad en el módulo HCE que impide al usuario completar sus tareas de manera precisa y completa.
1346,7/23/2025,HCE,Firma electronica del medico no se valida al cerrar la consulta,Enfermeria,Quito,Efectividad,Falla de funcionalidad en el módulo HCE que impide al usuario completar sus tareas de manera precisa y completa.
1537,7/23/2025,HCE,Tiempo de carga de la ficha clinica supera los 26s en horas pico,Enfermeria,Quito,Eficiencia,La latencia en horas pico para abrir la ficha clínica perjudica la productividad del médico durante la consulta.
1609,7/23/2025,App Movil,La app no permite actualizar el numero de contacto del paciente,Paciente,Cuenca,Efectividad,Restricción de funcionalidad que impide al usuario realizar una acción requerida para completar su tarea.
2034,7/23/2025,HCE,Historial de alergias no carga al abrir la ficha del paciente,Enfermeria,Ambato,Libertad de Riesgo,"Falla crítica que expone la seguridad del paciente al omitir información vital de alergias, con un alto riesgo de shock anafiláctico o mala praxis."
2939,7/23/2025,Telemedicina,La sesion se cierra automaticamente antes de terminar la consulta,Medico,Quito,Efectividad,Falla de funcionalidad en el módulo Telemedicina que impide al usuario completar sus tareas de manera precisa y completa.
3932,7/23/2025,Telemedicina,Grabacion de la consulta no se almacena correctamente,Medico,Quito,Efectividad,Falla de funcionalidad en el módulo Telemedicina que impide al usuario completar sus tareas de manera precisa y completa.
1095,7/24/2025,HCE,Consulta anterior no se muestra en el resumen de antecedentes,Enfermeria,Quito,Efectividad,Falla de funcionalidad en el módulo HCE que impide al usuario completar sus tareas de manera precisa y completa.
1287,7/24/2025,App Movil,Consumo elevado de datos moviles al abrir el modulo de citas,Paciente,Guayaquil,Cobertura de Contexto,"Consumo excesivo de ancho de banda móvil, lo que restringe el uso eficiente del sistema en redes celulares de datos (fuera de la intranet del hospital)."
1332,7/24/2025,HCE,Signos vitales registrados por enfermeria no aparecen en la HCE del medico,Medico,Quito,Efectividad,Falla de funcionalidad en el módulo HCE que impide al usuario completar sus tareas de manera precisa y completa.
1654,7/24/2025,Telemedicina,El medico no puede compartir pantalla con resultados de examenes,Paciente,Cuenca,Efectividad,Falla de funcionalidad en el módulo Telemedicina que impide al usuario completar sus tareas de manera precisa y completa.
2077,7/24/2025,HCE,Alerta de interaccion medicamentosa no se despliega correctamente,Enfermeria,Guayaquil,Libertad de Riesgo,El fallo en el despliegue de alertas de interacción farmacológica pone en riesgo inminente la salud del paciente ante combinaciones letales.
2804,7/24/2025,Portal Citas,"Formulario confuso, abandono de registro antes de completar la cita",Paciente,Ambato,Satisfacción,"Diseño de interfaz de usuario confuso que provoca el abandono del registro, afectando la métrica de satisfacción y facilidad de uso percibida."
3558,7/24/2025,Facturacion,Factura generada con el nombre del paciente incorrecto,Admision,Manta,Efectividad,Falla de funcionalidad en el módulo Facturacion que impide al usuario completar sus tareas de manera precisa y completa.
1163,7/25/2025,Telemedicina,El chat de la consulta no permite enviar imagenes,Paciente,Ambato,Efectividad,Restricción de funcionalidad que impide al usuario realizar una acción requerida para completar su tarea.
1645,7/25/2025,Imagenologia,Las imagenes de rayos X no cargan en el visor DICOM,Enfermeria,Ambato,Efectividad,Falla de funcionalidad en el módulo Imagenologia que impide al usuario completar sus tareas de manera precisa y completa.
1797,7/25/2025,Telemedicina,El chat de la consulta no permite enviar imagenes,Paciente,Manta,Efectividad,Restricción de funcionalidad que impide al usuario realizar una acción requerida para completar su tarea.
2628,7/25/2025,App Movil,El inicio de sesion con biometria falla de forma intermitente,Paciente,Guayaquil,Satisfacción,La inestabilidad en el inicio biométrico genera frustración y reduce la confianza y comodidad del usuario al acceder al aplicativo móvil.
2675,7/25/2025,Facturacion,Reembolso aprobado no se refleja en el estado de cuenta,Admision,Guayaquil,Libertad de Riesgo,"Fallas en la aplicación de notas de crédito o reembolsos que distorsionan los estados de cuenta, arriesgando multas tributarias e inconformidad legal."
2849,7/25/2025,Portal Citas,Tiempo de espera en el portal supera los 24s en horas pico,Paciente,Quito,Eficiencia,"El sistema presenta tiempos de respuesta elevados que consumen recursos de tiempo innecesarios, degradando la eficiencia del usuario en sus tareas."
3122,7/25/2025,App Movil,Consumo elevado de datos moviles al abrir el modulo de citas,Paciente,Quito,Cobertura de Contexto,"Consumo excesivo de ancho de banda móvil, lo que restringe el uso eficiente del sistema en redes celulares de datos (fuera de la intranet del hospital)."
3256,7/25/2025,App Movil,Resultados de examenes no se visualizan en formato PDF,Paciente,Manta,Efectividad,Falla de funcionalidad en el módulo App Movil que impide al usuario completar sus tareas de manera precisa y completa.
3444,7/25/2025,Facturacion,El sistema no reconoce el convenio con la aseguradora,Paciente,Quito,Libertad de Riesgo,El no reconocimiento de convenios de aseguradoras genera fricción de cobro y riesgo de pérdidas económicas por servicios no cubiertos correctamente.
3801,7/25/2025,Facturacion,Factura duplicada al reintentar pago,Paciente,Cuenca,Libertad de Riesgo,"Violación del requerimiento no funcional RNF-03 de facturación; genera cobros indebidos en las tarjetas del cliente, comprometiendo la confianza y el riesgo financiero."
3939,7/25/2025,Portal Citas,Filtro de especialidad medica no devuelve resultados,Admision,Guayaquil,Efectividad,Falla de funcionalidad en el módulo Portal Citas que impide al usuario completar sus tareas de manera precisa y completa.
3986,7/25/2025,HCE,Perdida de la nota de evolucion tras un cierre inesperado de sesion,Medico,Quito,Efectividad,Falla de funcionalidad en el módulo HCE que impide al usuario completar sus tareas de manera precisa y completa.
1037,7/26/2025,Facturacion,Reembolso aprobado no se refleja en el estado de cuenta,Paciente,Quito,Libertad de Riesgo,"Fallas en la aplicación de notas de crédito o reembolsos que distorsionan los estados de cuenta, arriesgando multas tributarias e inconformidad legal."
1237,7/26/2025,Telemedicina,Audio desincronizado durante la teleconsulta,Medico,Guayaquil,Satisfacción,Mala experiencia sensorial e interactiva durante la teleconsulta que impacta el RNF-05 y la percepción de calidad del servicio.
1334,7/26/2025,Facturacion,Factura duplicada al reintentar pago,Paciente,Manta,Libertad de Riesgo,"Violación del requerimiento no funcional RNF-03 de facturación; genera cobros indebidos en las tarjetas del cliente, comprometiendo la confianza y el riesgo financiero."
1335,7/26/2025,Portal Citas,Tiempo de espera en el portal supera los 35s en horas pico,Admision,Cuenca,Eficiencia,"El sistema presenta tiempos de respuesta elevados que consumen recursos de tiempo innecesarios, degradando la eficiencia del usuario en sus tareas."
1396,7/26/2025,HCE,Nota de evolucion tarda 16s en guardarse,Enfermeria,Manta,Eficiencia,"El tiempo de guardado supera los 8 segundos tolerables, violando directamente el requerimiento no funcional RNF-01 de rendimiento del sistema para notas clínicas."
1649,7/26/2025,Laboratorio,Resultado de examen de laboratorio no se sincroniza con la HCE,Enfermeria,Ambato,Efectividad,Error de integración funcional que impide la sincronización y actualización del registro médico entre módulos del HIS.
2180,7/26/2025,Reportes Gerenciales,Exportacion a Excel del reporte gerencial falla de forma intermitente,Gerencia,Guayaquil,Efectividad,Falla intermitente en las exportaciones o ejecuciones de procesos del sistema que reduce la fiabilidad de las operaciones.
2396,7/26/2025,HCE,Receta electronica se genera con la dosis incorrecta tras guardar,Enfermeria,Ambato,Libertad de Riesgo,"Riesgo extremo de salud para el paciente al guardar dosis farmacológicas erróneas en la receta electrónica, pudiendo causar sobredosis o inefectividad clínica."
2551,7/26/2025,Facturacion,Factura duplicada al reintentar pago,Paciente,Guayaquil,Libertad de Riesgo,"Violación del requerimiento no funcional RNF-03 de facturación; genera cobros indebidos en las tarjetas del cliente, comprometiendo la confianza y el riesgo financiero."
2915,7/26/2025,Portal Citas,Boton de confirmar cita no responde en dispositivos moviles,Admision,Guayaquil,Cobertura de Contexto,"Falla de adaptabilidad de la interfaz en el contexto de dispositivos móviles, impidiendo confirmar citas desde pantallas de formatos pequeños."
2967,7/26/2025,Portal Citas,Filtro de especialidad medica no devuelve resultados,Paciente,Quito,Efectividad,Falla de funcionalidad en el módulo Portal Citas que impide al usuario completar sus tareas de manera precisa y completa.
3269,7/26/2025,Farmacia,Receta electronica llega incompleta desde el modulo de HCE,Enfermeria,Guayaquil,Efectividad,Falla de funcionalidad en el módulo Farmacia que impide al usuario completar sus tareas de manera precisa y completa.
3300,7/26/2025,Imagenologia,Tiempo de carga de estudios de imagen supera los 18s,Medico,Guayaquil,Eficiencia,La lentitud en la carga y transferencia de archivos DICOM pesados degrada la eficiencia del flujo de trabajo clínico en imagenología.
3737,7/26/2025,HCE,Firma electronica del medico no se valida al cerrar la consulta,Enfermeria,Guayaquil,Efectividad,Falla de funcionalidad en el módulo HCE que impide al usuario completar sus tareas de manera precisa y completa.
1248,7/27/2025,App Movil,Consumo elevado de datos moviles al abrir el modulo de citas,Paciente,Ambato,Cobertura de Contexto,"Consumo excesivo de ancho de banda móvil, lo que restringe el uso eficiente del sistema en redes celulares de datos (fuera de la intranet del hospital)."
1566,7/27/2025,Portal Citas,El sistema no envia la confirmacion por correo electronico,Paciente,Guayaquil,Efectividad,Falla funcional que impide completar la tarea de confirmación de cita al paciente por canal de correo electrónico.
2050,7/27/2025,HCE,Perdida de la nota de evolucion tras un cierre inesperado de sesion,Medico,Quito,Efectividad,Falla de funcionalidad en el módulo HCE que impide al usuario completar sus tareas de manera precisa y completa.
2188,7/27/2025,Portal Citas,Filtro de especialidad medica no devuelve resultados,Admision,Quito,Efectividad,Falla de funcionalidad en el módulo Portal Citas que impide al usuario completar sus tareas de manera precisa y completa.
2252,7/27/2025,Facturacion,El sistema no reconoce el convenio con la aseguradora,Paciente,Ambato,Libertad de Riesgo,El no reconocimiento de convenios de aseguradoras genera fricción de cobro y riesgo de pérdidas económicas por servicios no cubiertos correctamente.
2533,7/27/2025,Portal Citas,Cancelacion de cita no libera el cupo en el calendario,Admision,Manta,Efectividad,Falla de funcionalidad en el módulo Portal Citas que impide al usuario completar sus tareas de manera precisa y completa.
2773,7/27/2025,Portal Citas,Doble reserva de un mismo cupo por dos pacientes distintos,Admision,Quito,Libertad de Riesgo,"Doble agendamiento de un mismo cupo que genera sobreventa de citas, colapso de agenda de especialistas y multas o insatisfacción comercial."
3327,7/27/2025,Facturacion,Reembolso aprobado no se refleja en el estado de cuenta,Paciente,Guayaquil,Libertad de Riesgo,"Fallas en la aplicación de notas de crédito o reembolsos que distorsionan los estados de cuenta, arriesgando multas tributarias e inconformidad legal."
1156,7/28/2025,Laboratorio,El sistema no permite adjuntar el reporte en PDF del laboratorio externo,Medico,Guayaquil,Efectividad,Restricción de funcionalidad que impide al usuario realizar una acción requerida para completar su tarea.
1226,7/28/2025,Facturacion,El sistema no reconoce el convenio con la aseguradora,Paciente,Guayaquil,Libertad de Riesgo,El no reconocimiento de convenios de aseguradoras genera fricción de cobro y riesgo de pérdidas económicas por servicios no cubiertos correctamente.
1411,7/28/2025,Facturacion,El sistema no reconoce el convenio con la aseguradora,Admision,Cuenca,Libertad de Riesgo,El no reconocimiento de convenios de aseguradoras genera fricción de cobro y riesgo de pérdidas económicas por servicios no cubiertos correctamente.
1689,7/28/2025,Facturacion,Factura electronica no llega al correo registrado del paciente,Admision,Quito,Efectividad,Falla de funcionalidad en el módulo Facturacion que impide al usuario completar sus tareas de manera precisa y completa.
2411,7/28/2025,App Movil,La app no permite actualizar el numero de contacto del paciente,Paciente,Cuenca,Efectividad,Restricción de funcionalidad que impide al usuario realizar una acción requerida para completar su tarea.
2513,7/28/2025,Portal Citas,Boton de confirmar cita no responde en dispositivos moviles,Paciente,Manta,Cobertura de Contexto,"Falla de adaptabilidad de la interfaz en el contexto de dispositivos móviles, impidiendo confirmar citas desde pantallas de formatos pequeños."
2894,7/28/2025,Laboratorio,Orden de laboratorio duplicada tras reintentar el envio,Medico,Guayaquil,Efectividad,Falla de funcionalidad en el módulo Laboratorio que impide al usuario completar sus tareas de manera precisa y completa.
2962,7/28/2025,Facturacion,Factura duplicada al reintentar pago,Paciente,Manta,Libertad de Riesgo,"Violación del requerimiento no funcional RNF-03 de facturación; genera cobros indebidos en las tarjetas del cliente, comprometiendo la confianza y el riesgo financiero."
3223,7/28/2025,App Movil,El inicio de sesion con biometria falla de forma intermitente,Paciente,Manta,Satisfacción,La inestabilidad en el inicio biométrico genera frustración y reduce la confianza y comodidad del usuario al acceder al aplicativo móvil.
3340,7/28/2025,Portal Citas,Sesion expira antes de finalizar el proceso de agendamiento,Admision,Quito,Satisfacción,"Mala experiencia de usuario que interrumpe de forma prematura el proceso de compra/agendamiento, forzando a repetir pasos."
1705,7/29/2025,HCE,Consulta anterior no se muestra en el resumen de antecedentes,Enfermeria,Quito,Efectividad,Falla de funcionalidad en el módulo HCE que impide al usuario completar sus tareas de manera precisa y completa.
1711,7/29/2025,Portal Citas,Cancelacion de cita no libera el cupo en el calendario,Paciente,Ambato,Efectividad,Falla de funcionalidad en el módulo Portal Citas que impide al usuario completar sus tareas de manera precisa y completa.
2978,7/29/2025,Portal Citas,Cita agendada no aparece reflejada en el calendario del especialista,Paciente,Guayaquil,Efectividad,Falla de funcionalidad en el módulo Portal Citas que impide al usuario completar sus tareas de manera precisa y completa.
3933,7/29/2025,Portal Citas,Error al reagendar una cita previamente confirmada,Paciente,Manta,Efectividad,Falla de funcionalidad en el módulo Portal Citas que impide al usuario completar sus tareas de manera precisa y completa.
1361,7/30/2025,Portal Citas,Sesion expira antes de finalizar el proceso de agendamiento,Paciente,Cuenca,Satisfacción,"Mala experiencia de usuario que interrumpe de forma prematura el proceso de compra/agendamiento, forzando a repetir pasos."
1516,7/30/2025,Facturacion,Nota de credito no se aplica al saldo pendiente del paciente,Admision,Guayaquil,Libertad de Riesgo,"Fallas en la aplicación de notas de crédito o reembolsos que distorsionan los estados de cuenta, arriesgando multas tributarias e inconformidad legal."
1607,7/30/2025,Portal Citas,El portal muestra disponibilidad para un horario ya ocupado,Admision,Quito,Efectividad,Falla de funcionalidad en el módulo Portal Citas que impide al usuario completar sus tareas de manera precisa y completa.
1710,7/30/2025,HCE,Signos vitales registrados por enfermeria no aparecen en la HCE del medico,Enfermeria,Quito,Efectividad,Falla de funcionalidad en el módulo HCE que impide al usuario completar sus tareas de manera precisa y completa.
1719,7/30/2025,App Movil,Notificaciones push no llegan pese a estar activadas,Paciente,Manta,Efectividad,Falla de funcionalidad en el módulo App Movil que impide al usuario completar sus tareas de manera precisa y completa.
2047,7/30/2025,Laboratorio,El sistema no permite adjuntar el reporte en PDF del laboratorio externo,Enfermeria,Guayaquil,Efectividad,Restricción de funcionalidad que impide al usuario realizar una acción requerida para completar su tarea.
2985,7/30/2025,Imagenologia,El informe radiologico no se adjunta automaticamente a la HCE,Medico,Cuenca,Efectividad,Falla de funcionalidad en el módulo Imagenologia que impide al usuario completar sus tareas de manera precisa y completa.
3234,7/30/2025,HCE,Historial de alergias no carga al abrir la ficha del paciente,Medico,Cuenca,Libertad de Riesgo,"Falla crítica que expone la seguridad del paciente al omitir información vital de alergias, con un alto riesgo de shock anafiláctico o mala praxis."
3696,7/30/2025,Portal Citas,Error al reagendar una cita previamente confirmada,Admision,Quito,Efectividad,Falla de funcionalidad en el módulo Portal Citas que impide al usuario completar sus tareas de manera precisa y completa.
3843,7/30/2025,HCE,Orden medica no se sincroniza con el modulo de farmacia,Enfermeria,Quito,Efectividad,Error de integración funcional que impide la sincronización y actualización del registro médico entre módulos del HIS.
3860,7/30/2025,Facturacion,Factura electronica no llega al correo registrado del paciente,Paciente,Quito,Efectividad,Falla de funcionalidad en el módulo Facturacion que impide al usuario completar sus tareas de manera precisa y completa.
3960,7/30/2025,HCE,Nota de evolucion tarda 28s en guardarse,Medico,Quito,Eficiencia,"El tiempo de guardado supera los 8 segundos tolerables, violando directamente el requerimiento no funcional RNF-01 de rendimiento del sistema para notas clínicas."
1309,7/31/2025,Facturacion,El sistema no reconoce el convenio con la aseguradora,Admision,Guayaquil,Libertad de Riesgo,El no reconocimiento de convenios de aseguradoras genera fricción de cobro y riesgo de pérdidas económicas por servicios no cubiertos correctamente.
1762,7/31/2025,Portal Citas,El portal muestra disponibilidad para un horario ya ocupado,Admision,Quito,Efectividad,Falla de funcionalidad en el módulo Portal Citas que impide al usuario completar sus tareas de manera precisa y completa.
2280,7/31/2025,Laboratorio,Resultado de examen de laboratorio no se sincroniza con la HCE,Enfermeria,Quito,Efectividad,Error de integración funcional que impide la sincronización y actualización del registro médico entre módulos del HIS.
2677,7/31/2025,Imagenologia,El informe radiologico no se adjunta automaticamente a la HCE,Enfermeria,Guayaquil,Efectividad,Falla de funcionalidad en el módulo Imagenologia que impide al usuario completar sus tareas de manera precisa y completa.
2960,7/31/2025,Farmacia,El sistema no descuenta automaticamente el medicamento dispensado,Enfermeria,Ambato,Efectividad,Falla de funcionalidad en el módulo Farmacia que impide al usuario completar sus tareas de manera precisa y completa.
3274,7/31/2025,Telemedicina,El chat de la consulta no permite enviar imagenes,Paciente,Guayaquil,Efectividad,Restricción de funcionalidad que impide al usuario realizar una acción requerida para completar su tarea.
3548,7/31/2025,App Movil,El boton de teleconsulta no redirige correctamente a la videollamada,Paciente,Quito,Efectividad,Falla de funcionalidad en el módulo App Movil que impide al usuario completar sus tareas de manera precisa y completa.
3649,7/31/2025,Imagenologia,Las imagenes de rayos X no cargan en el visor DICOM,Enfermeria,Guayaquil,Efectividad,Falla de funcionalidad en el módulo Imagenologia que impide al usuario completar sus tareas de manera precisa y completa.
3865,7/31/2025,Facturacion,Factura generada con el nombre del paciente incorrecto,Admision,Quito,Efectividad,Falla de funcionalidad en el módulo Facturacion que impide al usuario completar sus tareas de manera precisa y completa.
3902,7/31/2025,App Movil,Resultados de examenes no se visualizan en formato PDF,Paciente,Quito,Efectividad,Falla de funcionalidad en el módulo App Movil que impide al usuario completar sus tareas de manera precisa y completa.
1107,8/1/2025,Portal Citas,El pago del bono de consulta no se refleja tras completarlo,Admision,Quito,Libertad de Riesgo,Inconsistencia financiera en los cobros o transacciones del sistema que infringe las normativas contables y expone al hospital a pérdidas económicas.
1946,8/1/2025,Portal Citas,El portal muestra disponibilidad para un horario ya ocupado,Admision,Manta,Efectividad,Falla de funcionalidad en el módulo Portal Citas que impide al usuario completar sus tareas de manera precisa y completa.
2452,8/1/2025,Imagenologia,Perdida de calidad en las imagenes al ser visualizadas desde la app,Enfermeria,Quito,Satisfacción,Degradación visual que afecta la comodidad y confianza de los médicos al visualizar estudios clínicos desde la app móvil.
2899,8/1/2025,Facturacion,Error de calculo en el copago del seguro medico,Paciente,Ambato,Libertad de Riesgo,"Errores en el cálculo del copago de seguros o discrepancias de montos facturados, induciendo a pérdidas financieras o reclamaciones legales."
3321,8/1/2025,App Movil,La aplicacion se cierra inesperadamente al abrir resultados de laboratorio,Paciente,Quito,Efectividad,"Interrupción abrupta del sistema que impide que el usuario termine el registro de datos, reduciendo la efectividad operativa."
3397,8/1/2025,Portal Citas,Usuario no logra agendar tras 2 intentos,Paciente,Manta,Satisfacción,"Incapacidad del usuario de lograr su meta tras múltiples intentos, violando el RNF-02 y provocando un alto nivel de frustración."
3628,8/1/2025,App Movil,El boton de teleconsulta no redirige correctamente a la videollamada,Paciente,Manta,Efectividad,Falla de funcionalidad en el módulo App Movil que impide al usuario completar sus tareas de manera precisa y completa.
3842,8/1/2025,HCE,Receta electronica se genera con la dosis incorrecta tras guardar,Enfermeria,Guayaquil,Libertad de Riesgo,"Riesgo extremo de salud para el paciente al guardar dosis farmacológicas erróneas en la receta electrónica, pudiendo causar sobredosis o inefectividad clínica."
1847,8/2/2025,Reportes Gerenciales,El reporte de ocupacion hospitalaria no se actualiza automaticamente,Gerencia,Manta,Efectividad,Inconsistencia en la actualización de datos que impide la visualización correcta de información operativa reciente.
2562,8/2/2025,Portal Citas,"Formulario confuso, abandono de registro antes de completar la cita",Admision,Guayaquil,Satisfacción,"Diseño de interfaz de usuario confuso que provoca el abandono del registro, afectando la métrica de satisfacción y facilidad de uso percibida."
2957,8/2/2025,HCE,Orden medica no se sincroniza con el modulo de farmacia,Medico,Quito,Efectividad,Error de integración funcional que impide la sincronización y actualización del registro médico entre módulos del HIS.
3320,8/2/2025,Facturacion,Nota de credito no se aplica al saldo pendiente del paciente,Admision,Manta,Libertad de Riesgo,"Fallas en la aplicación de notas de crédito o reembolsos que distorsionan los estados de cuenta, arriesgando multas tributarias e inconformidad legal."
1050,8/3/2025,Farmacia,Receta electronica llega incompleta desde el modulo de HCE,Enfermeria,Manta,Efectividad,Falla de funcionalidad en el módulo Farmacia que impide al usuario completar sus tareas de manera precisa y completa.
1708,8/3/2025,Facturacion,Factura generada con el nombre del paciente incorrecto,Paciente,Quito,Efectividad,Falla de funcionalidad en el módulo Facturacion que impide al usuario completar sus tareas de manera precisa y completa.
2169,8/3/2025,Facturacion,Reintento de transaccion genera doble cobro en la tarjeta,Paciente,Ambato,Libertad de Riesgo,"Violación del requerimiento no funcional RNF-03 de facturación; genera cobros indebidos en las tarjetas del cliente, comprometiendo la confianza y el riesgo financiero."
2421,8/3/2025,Farmacia,El sistema bloquea la dispensacion sin mostrar el motivo,Farmacia,Quito,Satisfacción,La falta de mensajes informativos claros y feedback del sistema incrementa la incertidumbre y frustración del operario farmacéutico.
2583,8/3/2025,Portal Citas,El sistema no envia la confirmacion por correo electronico,Admision,Quito,Efectividad,Falla funcional que impide completar la tarea de confirmación de cita al paciente por canal de correo electrónico.
2589,8/3/2025,App Movil,Consumo elevado de datos moviles al abrir el modulo de citas,Paciente,Quito,Cobertura de Contexto,"Consumo excesivo de ancho de banda móvil, lo que restringe el uso eficiente del sistema en redes celulares de datos (fuera de la intranet del hospital)."
2687,8/3/2025,App Movil,La aplicacion se cierra inesperadamente al abrir resultados de laboratorio,Paciente,Quito,Efectividad,"Interrupción abrupta del sistema que impide que el usuario termine el registro de datos, reduciendo la efectividad operativa."
3471,8/3/2025,HCE,Consulta anterior no se muestra en el resumen de antecedentes,Medico,Quito,Efectividad,Falla de funcionalidad en el módulo HCE que impide al usuario completar sus tareas de manera precisa y completa.
1005,8/4/2025,Portal Citas,Tiempo de espera en el portal supera los 18s en horas pico,Paciente,Quito,Eficiencia,"El sistema presenta tiempos de respuesta elevados que consumen recursos de tiempo innecesarios, degradando la eficiencia del usuario en sus tareas."
1042,8/4/2025,Portal Citas,El sistema no envia la confirmacion por correo electronico,Paciente,Ambato,Efectividad,Falla funcional que impide completar la tarea de confirmación de cita al paciente por canal de correo electrónico.
1747,8/4/2025,HCE,Tiempo de carga de la ficha clinica supera los 31s en horas pico,Medico,Guayaquil,Eficiencia,La latencia en horas pico para abrir la ficha clínica perjudica la productividad del médico durante la consulta.
2311,8/4/2025,HCE,El sistema se congela al adjuntar resultados de laboratorio a la HCE,Enfermeria,Guayaquil,Efectividad,Falla de funcionalidad en el módulo HCE que impide al usuario completar sus tareas de manera precisa y completa.
2430,8/4/2025,App Movil,Consumo elevado de datos moviles al abrir el modulo de citas,Paciente,Manta,Cobertura de Contexto,"Consumo excesivo de ancho de banda móvil, lo que restringe el uso eficiente del sistema en redes celulares de datos (fuera de la intranet del hospital)."
2433,8/4/2025,Farmacia,Duplicidad de codigos entre dos presentaciones distintas de un mismo farmaco,Farmacia,Manta,Libertad de Riesgo,"La duplicación de códigos de fármacos introduce un riesgo de dispensación errónea en farmacia, comprometiendo la seguridad terapéutica del paciente."
2714,8/4/2025,Facturacion,Factura duplicada al reintentar pago,Admision,Cuenca,Libertad de Riesgo,"Violación del requerimiento no funcional RNF-03 de facturación; genera cobros indebidos en las tarjetas del cliente, comprometiendo la confianza y el riesgo financiero."
3236,8/4/2025,Portal Citas,Doble reserva de un mismo cupo por dos pacientes distintos,Admision,Quito,Libertad de Riesgo,"Doble agendamiento de un mismo cupo que genera sobreventa de citas, colapso de agenda de especialistas y multas o insatisfacción comercial."
3712,8/4/2025,Telemedicina,Notificacion de inicio de teleconsulta llega con retraso de 10s,Medico,Quito,Eficiencia,"El sistema presenta tiempos de respuesta elevados que consumen recursos de tiempo innecesarios, degradando la eficiencia del usuario en sus tareas."
3820,8/4/2025,Reportes Gerenciales,El reporte de ocupacion hospitalaria no se actualiza automaticamente,Gerencia,Ambato,Efectividad,Inconsistencia en la actualización de datos que impide la visualización correcta de información operativa reciente.
1236,8/5/2025,Portal Citas,Usuario no logra agendar tras 2 intentos,Admision,Guayaquil,Satisfacción,"Incapacidad del usuario de lograr su meta tras múltiples intentos, violando el RNF-02 y provocando un alto nivel de frustración."
1362,8/5/2025,Portal Citas,El pago del bono de consulta no se refleja tras completarlo,Admision,Cuenca,Libertad de Riesgo,Inconsistencia financiera en los cobros o transacciones del sistema que infringe las normativas contables y expone al hospital a pérdidas económicas.
1427,8/5/2025,App Movil,Notificaciones push no llegan pese a estar activadas,Paciente,Quito,Efectividad,Falla de funcionalidad en el módulo App Movil que impide al usuario completar sus tareas de manera precisa y completa.
1722,8/5/2025,Laboratorio,Orden de laboratorio duplicada tras reintentar el envio,Enfermeria,Quito,Efectividad,Falla de funcionalidad en el módulo Laboratorio que impide al usuario completar sus tareas de manera precisa y completa.
1888,8/5/2025,Portal Citas,Usuario no logra agendar tras 3 intentos,Admision,Manta,Satisfacción,"Incapacidad del usuario de lograr su meta tras múltiples intentos, violando el RNF-02 y provocando un alto nivel de frustración."
2139,8/5/2025,Portal Citas,"Formulario confuso, abandono de registro antes de completar la cita",Admision,Quito,Satisfacción,"Diseño de interfaz de usuario confuso que provoca el abandono del registro, afectando la métrica de satisfacción y facilidad de uso percibida."
2225,8/5/2025,HCE,Perdida de la nota de evolucion tras un cierre inesperado de sesion,Medico,Quito,Efectividad,Falla de funcionalidad en el módulo HCE que impide al usuario completar sus tareas de manera precisa y completa.
2456,8/5/2025,Imagenologia,Las imagenes de rayos X no cargan en el visor DICOM,Medico,Guayaquil,Efectividad,Falla de funcionalidad en el módulo Imagenologia que impide al usuario completar sus tareas de manera precisa y completa.
2608,8/5/2025,Farmacia,Error al registrar la dispensacion de un medicamento controlado,Enfermeria,Cuenca,Libertad de Riesgo,"Error en el registro de medicamentos regulados, lo que genera riesgos legales, regulatorios y de seguridad en el control de sustancias psicotrópicas."
2650,8/5/2025,Imagenologia,El informe radiologico no se adjunta automaticamente a la HCE,Enfermeria,Quito,Efectividad,Falla de funcionalidad en el módulo Imagenologia que impide al usuario completar sus tareas de manera precisa y completa.
2688,8/5/2025,Portal Citas,Boton de confirmar cita no responde en dispositivos moviles,Admision,Quito,Cobertura de Contexto,"Falla de adaptabilidad de la interfaz en el contexto de dispositivos móviles, impidiendo confirmar citas desde pantallas de formatos pequeños."
3231,8/5/2025,Portal Citas,Cancelacion de cita no libera el cupo en el calendario,Admision,Guayaquil,Efectividad,Falla de funcionalidad en el módulo Portal Citas que impide al usuario completar sus tareas de manera precisa y completa.
3975,8/5/2025,HCE,Datos de otro paciente visibles brevemente al abrir un expediente,Medico,Manta,Libertad de Riesgo,"Fuga de información y violación de la confidencialidad médica (HIPAA/Ley de Protección de Datos), exponiendo datos de otros pacientes."
1336,8/6/2025,App Movil,El inicio de sesion con biometria falla de forma intermitente,Paciente,Guayaquil,Satisfacción,La inestabilidad en el inicio biométrico genera frustración y reduce la confianza y comodidad del usuario al acceder al aplicativo móvil.
1504,8/6/2025,Facturacion,Reembolso aprobado no se refleja en el estado de cuenta,Paciente,Manta,Libertad de Riesgo,"Fallas en la aplicación de notas de crédito o reembolsos que distorsionan los estados de cuenta, arriesgando multas tributarias e inconformidad legal."
2157,8/6/2025,App Movil,Consumo elevado de datos moviles al abrir el modulo de citas,Paciente,Guayaquil,Cobertura de Contexto,"Consumo excesivo de ancho de banda móvil, lo que restringe el uso eficiente del sistema en redes celulares de datos (fuera de la intranet del hospital)."
2226,8/6/2025,Facturacion,Reembolso aprobado no se refleja en el estado de cuenta,Paciente,Guayaquil,Libertad de Riesgo,"Fallas en la aplicación de notas de crédito o reembolsos que distorsionan los estados de cuenta, arriesgando multas tributarias e inconformidad legal."
2412,8/6/2025,HCE,Nota de evolucion tarda 18s en guardarse,Medico,Guayaquil,Eficiencia,"El tiempo de guardado supera los 8 segundos tolerables, violando directamente el requerimiento no funcional RNF-01 de rendimiento del sistema para notas clínicas."
2505,8/6/2025,Reportes Gerenciales,El dashboard de indicadores no refleja los datos del ultimo cierre,Gerencia,Quito,Efectividad,Inconsistencia en la actualización de datos que impide la visualización correcta de información operativa reciente.
2824,8/6/2025,HCE,Receta electronica se genera con la dosis incorrecta tras guardar,Medico,Ambato,Libertad de Riesgo,"Riesgo extremo de salud para el paciente al guardar dosis farmacológicas erróneas en la receta electrónica, pudiendo causar sobredosis o inefectividad clínica."
2864,8/6/2025,Portal Citas,Cancelacion de cita no libera el cupo en el calendario,Paciente,Quito,Efectividad,Falla de funcionalidad en el módulo Portal Citas que impide al usuario completar sus tareas de manera precisa y completa.
3043,8/6/2025,Facturacion,El modulo de facturacion se cae durante el cierre de caja,Paciente,Manta,Efectividad,Falla de funcionalidad en el módulo Facturacion que impide al usuario completar sus tareas de manera precisa y completa.
3662,8/6/2025,HCE,Historial de alergias no carga al abrir la ficha del paciente,Medico,Quito,Libertad de Riesgo,"Falla crítica que expone la seguridad del paciente al omitir información vital de alergias, con un alto riesgo de shock anafiláctico o mala praxis."
3968,8/6/2025,Portal Citas,El pago del bono de consulta no se refleja tras completarlo,Admision,Quito,Libertad de Riesgo,Inconsistencia financiera en los cobros o transacciones del sistema que infringe las normativas contables y expone al hospital a pérdidas económicas.
2220,8/7/2025,HCE,El campo de diagnostico CIE-10 no permite busqueda por texto,Enfermeria,Quito,Efectividad,Restricción de funcionalidad que impide al usuario realizar una acción requerida para completar su tarea.
2882,8/7/2025,Laboratorio,Orden de laboratorio duplicada tras reintentar el envio,Medico,Guayaquil,Efectividad,Falla de funcionalidad en el módulo Laboratorio que impide al usuario completar sus tareas de manera precisa y completa.
3024,8/7/2025,HCE,Orden medica no se sincroniza con el modulo de farmacia,Enfermeria,Cuenca,Efectividad,Error de integración funcional que impide la sincronización y actualización del registro médico entre módulos del HIS.
3782,8/7/2025,Imagenologia,El informe radiologico no se adjunta automaticamente a la HCE,Enfermeria,Guayaquil,Efectividad,Falla de funcionalidad en el módulo Imagenologia que impide al usuario completar sus tareas de manera precisa y completa.
3929,8/7/2025,App Movil,Version desactualizada del app impide iniciar sesion,Paciente,Quito,Cobertura de Contexto,Incompatibilidad y falta de robustez del sistema cuando se ejecuta en el contexto de sistemas cliente que no cuentan con la última versión de software.
1753,8/8/2025,Telemedicina,El chat de la consulta no permite enviar imagenes,Medico,Quito,Efectividad,Restricción de funcionalidad que impide al usuario realizar una acción requerida para completar su tarea.
2338,8/8/2025,Farmacia,Tiempo de respuesta del modulo de farmacia supera los 31s,Farmacia,Guayaquil,Eficiencia,"El sistema presenta tiempos de respuesta elevados que consumen recursos de tiempo innecesarios, degradando la eficiencia del usuario en sus tareas."
2704,8/8/2025,Portal Citas,"Formulario confuso, abandono de registro antes de completar la cita",Admision,Ambato,Satisfacción,"Diseño de interfaz de usuario confuso que provoca el abandono del registro, afectando la métrica de satisfacción y facilidad de uso percibida."
2814,8/8/2025,App Movil,Version desactualizada del app impide iniciar sesion,Paciente,Quito,Cobertura de Contexto,Incompatibilidad y falta de robustez del sistema cuando se ejecuta en el contexto de sistemas cliente que no cuentan con la última versión de software.
3057,8/8/2025,HCE,Duplicado de historia clinica al registrar un paciente ya existente,Enfermeria,Guayaquil,Libertad de Riesgo,"Riesgo de seguridad clínica debido a la fragmentación de la información de salud del paciente, lo que puede inducir a diagnósticos y tratamientos erróneos."
3126,8/8/2025,Telemedicina,Videollamada se corta a los 5 minutos,Paciente,Guayaquil,Cobertura de Contexto,"Falta de resiliencia del canal de comunicación ante variaciones en la conectividad del usuario, interrumpiendo la sesión de teleconsulta en producción."
3202,8/8/2025,App Movil,La aplicacion se cierra inesperadamente al abrir resultados de laboratorio,Paciente,Quito,Efectividad,"Interrupción abrupta del sistema que impide que el usuario termine el registro de datos, reduciendo la efectividad operativa."
3747,8/8/2025,Portal Citas,"Formulario confuso, abandono de registro antes de completar la cita",Admision,Guayaquil,Satisfacción,"Diseño de interfaz de usuario confuso que provoca el abandono del registro, afectando la métrica de satisfacción y facilidad de uso percibida."
3885,8/8/2025,Farmacia,Alerta de vencimiento de lote no se muestra en el modulo,Farmacia,Ambato,Libertad de Riesgo,Omitir la alerta de vencimiento de lotes farmacéuticos puede llevar a la administración de medicamentos caducados a los pacientes.
1097,8/9/2025,HCE,Signos vitales registrados por enfermeria no aparecen en la HCE del medico,Enfermeria,Manta,Efectividad,Falla de funcionalidad en el módulo HCE que impide al usuario completar sus tareas de manera precisa y completa.
1465,8/9/2025,Imagenologia,Tiempo de carga de estudios de imagen supera los 20s,Medico,Quito,Eficiencia,La lentitud en la carga y transferencia de archivos DICOM pesados degrada la eficiencia del flujo de trabajo clínico en imagenología.
2049,8/9/2025,Portal Citas,Cita agendada no aparece reflejada en el calendario del especialista,Admision,Guayaquil,Efectividad,Falla de funcionalidad en el módulo Portal Citas que impide al usuario completar sus tareas de manera precisa y completa.
2954,8/9/2025,HCE,Nota de evolucion tarda 27s en guardarse,Medico,Quito,Eficiencia,"El tiempo de guardado supera los 8 segundos tolerables, violando directamente el requerimiento no funcional RNF-01 de rendimiento del sistema para notas clínicas."
3175,8/9/2025,Farmacia,El sistema bloquea la dispensacion sin mostrar el motivo,Farmacia,Quito,Satisfacción,La falta de mensajes informativos claros y feedback del sistema incrementa la incertidumbre y frustración del operario farmacéutico.
3577,8/9/2025,HCE,Consulta anterior no se muestra en el resumen de antecedentes,Enfermeria,Manta,Efectividad,Falla de funcionalidad en el módulo HCE que impide al usuario completar sus tareas de manera precisa y completa.
1054,8/10/2025,Portal Citas,Notificacion de recordatorio de cita llega con la fecha incorrecta,Admision,Quito,Efectividad,Falla de funcionalidad en el módulo Portal Citas que impide al usuario completar sus tareas de manera precisa y completa.
1867,8/10/2025,Portal Citas,Doble reserva de un mismo cupo por dos pacientes distintos,Admision,Quito,Libertad de Riesgo,"Doble agendamiento de un mismo cupo que genera sobreventa de citas, colapso de agenda de especialistas y multas o insatisfacción comercial."
3164,8/10/2025,Farmacia,Error al registrar la dispensacion de un medicamento controlado,Farmacia,Quito,Libertad de Riesgo,"Error en el registro de medicamentos regulados, lo que genera riesgos legales, regulatorios y de seguridad en el control de sustancias psicotrópicas."
3915,8/10/2025,Facturacion,Factura generada con el nombre del paciente incorrecto,Paciente,Manta,Efectividad,Falla de funcionalidad en el módulo Facturacion que impide al usuario completar sus tareas de manera precisa y completa.
1884,8/11/2025,HCE,Orden medica no se sincroniza con el modulo de farmacia,Enfermeria,Cuenca,Efectividad,Error de integración funcional que impide la sincronización y actualización del registro médico entre módulos del HIS.
2323,8/11/2025,HCE,Tiempo de carga de la ficha clinica supera los 14s en horas pico,Enfermeria,Manta,Eficiencia,La latencia en horas pico para abrir la ficha clínica perjudica la productividad del médico durante la consulta.
2481,8/11/2025,Portal Citas,Tiempo de espera en el portal supera los 30s en horas pico,Admision,Guayaquil,Eficiencia,"El sistema presenta tiempos de respuesta elevados que consumen recursos de tiempo innecesarios, degradando la eficiencia del usuario en sus tareas."
2655,8/11/2025,Portal Citas,Filtro de especialidad medica no devuelve resultados,Paciente,Manta,Efectividad,Falla de funcionalidad en el módulo Portal Citas que impide al usuario completar sus tareas de manera precisa y completa.
3006,8/11/2025,Facturacion,El sistema no permite anular una factura emitida por error,Admision,Guayaquil,Efectividad,Restricción de funcionalidad que impide al usuario realizar una acción requerida para completar su tarea.
3097,8/11/2025,HCE,El campo de diagnostico CIE-10 no permite busqueda por texto,Medico,Ambato,Efectividad,Restricción de funcionalidad que impide al usuario realizar una acción requerida para completar su tarea.
3523,8/11/2025,Telemedicina,Grabacion de la consulta no se almacena correctamente,Medico,Ambato,Efectividad,Falla de funcionalidad en el módulo Telemedicina que impide al usuario completar sus tareas de manera precisa y completa.
3938,8/11/2025,HCE,Firma electronica del medico no se valida al cerrar la consulta,Enfermeria,Guayaquil,Efectividad,Falla de funcionalidad en el módulo HCE que impide al usuario completar sus tareas de manera precisa y completa.
3989,8/11/2025,Telemedicina,Grabacion de la consulta no se almacena correctamente,Paciente,Ambato,Efectividad,Falla de funcionalidad en el módulo Telemedicina que impide al usuario completar sus tareas de manera precisa y completa.
3998,8/11/2025,HCE,Nota de evolucion tarda 21s en guardarse,Medico,Quito,Eficiencia,"El tiempo de guardado supera los 8 segundos tolerables, violando directamente el requerimiento no funcional RNF-01 de rendimiento del sistema para notas clínicas."
1002,8/12/2025,HCE,Orden medica no se sincroniza con el modulo de farmacia,Medico,Manta,Efectividad,Error de integración funcional que impide la sincronización y actualización del registro médico entre módulos del HIS.
1487,8/12/2025,Imagenologia,Las imagenes de rayos X no cargan en el visor DICOM,Medico,Quito,Efectividad,Falla de funcionalidad en el módulo Imagenologia que impide al usuario completar sus tareas de manera precisa y completa.
1941,8/12/2025,HCE,Alerta de interaccion medicamentosa no se despliega correctamente,Medico,Guayaquil,Libertad de Riesgo,El fallo en el despliegue de alertas de interacción farmacológica pone en riesgo inminente la salud del paciente ante combinaciones letales.
2088,8/12/2025,HCE,El campo de diagnostico CIE-10 no permite busqueda por texto,Enfermeria,Quito,Efectividad,Restricción de funcionalidad que impide al usuario realizar una acción requerida para completar su tarea.
2265,8/12/2025,Laboratorio,Resultado de examen de laboratorio no se sincroniza con la HCE,Enfermeria,Guayaquil,Efectividad,Error de integración funcional que impide la sincronización y actualización del registro médico entre módulos del HIS.
2295,8/12/2025,Portal Citas,Boton de confirmar cita no responde en dispositivos moviles,Admision,Guayaquil,Cobertura de Contexto,"Falla de adaptabilidad de la interfaz en el contexto de dispositivos móviles, impidiendo confirmar citas desde pantallas de formatos pequeños."
2805,8/12/2025,Imagenologia,El informe radiologico no se adjunta automaticamente a la HCE,Medico,Quito,Efectividad,Falla de funcionalidad en el módulo Imagenologia que impide al usuario completar sus tareas de manera precisa y completa.
3229,8/12/2025,HCE,Historial de alergias no carga al abrir la ficha del paciente,Medico,Guayaquil,Libertad de Riesgo,"Falla crítica que expone la seguridad del paciente al omitir información vital de alergias, con un alto riesgo de shock anafiláctico o mala praxis."
3407,8/12/2025,Facturacion,Discrepancia entre el monto facturado y el detalle de servicios,Paciente,Guayaquil,Libertad de Riesgo,"Errores en el cálculo del copago de seguros o discrepancias de montos facturados, induciendo a pérdidas financieras o reclamaciones legales."
3424,8/12/2025,HCE,Datos de otro paciente visibles brevemente al abrir un expediente,Medico,Ambato,Libertad de Riesgo,"Fuga de información y violación de la confidencialidad médica (HIPAA/Ley de Protección de Datos), exponiendo datos de otros pacientes."
3535,8/12/2025,HCE,Datos de otro paciente visibles brevemente al abrir un expediente,Enfermeria,Quito,Libertad de Riesgo,"Fuga de información y violación de la confidencialidad médica (HIPAA/Ley de Protección de Datos), exponiendo datos de otros pacientes."
3979,8/12/2025,Portal Citas,Boton de confirmar cita no responde en dispositivos moviles,Paciente,Cuenca,Cobertura de Contexto,"Falla de adaptabilidad de la interfaz en el contexto de dispositivos móviles, impidiendo confirmar citas desde pantallas de formatos pequeños."
1208,8/13/2025,Facturacion,Factura duplicada al reintentar pago,Paciente,Cuenca,Libertad de Riesgo,"Violación del requerimiento no funcional RNF-03 de facturación; genera cobros indebidos en las tarjetas del cliente, comprometiendo la confianza y el riesgo financiero."
1723,8/13/2025,Telemedicina,Calidad de video muy baja pese a tener buena conexion a internet,Medico,Guayaquil,Satisfacción,Mala experiencia sensorial e interactiva durante la teleconsulta que impacta el RNF-05 y la percepción de calidad del servicio.
1789,8/13/2025,Reportes Gerenciales,Exportacion a Excel del reporte gerencial falla de forma intermitente,Gerencia,Quito,Efectividad,Falla intermitente en las exportaciones o ejecuciones de procesos del sistema que reduce la fiabilidad de las operaciones.
1934,8/13/2025,Telemedicina,Grabacion de la consulta no se almacena correctamente,Medico,Quito,Efectividad,Falla de funcionalidad en el módulo Telemedicina que impide al usuario completar sus tareas de manera precisa y completa.
2779,8/13/2025,Telemedicina,Notificacion de inicio de teleconsulta llega con retraso de 28s,Medico,Cuenca,Eficiencia,"El sistema presenta tiempos de respuesta elevados que consumen recursos de tiempo innecesarios, degradando la eficiencia del usuario en sus tareas."
2783,8/13/2025,HCE,Historial de alergias no carga al abrir la ficha del paciente,Enfermeria,Ambato,Libertad de Riesgo,"Falla crítica que expone la seguridad del paciente al omitir información vital de alergias, con un alto riesgo de shock anafiláctico o mala praxis."
3788,8/13/2025,Portal Citas,Tiempo de espera en el portal supera los 27s en horas pico,Admision,Quito,Eficiencia,"El sistema presenta tiempos de respuesta elevados que consumen recursos de tiempo innecesarios, degradando la eficiencia del usuario en sus tareas."
1492,8/14/2025,HCE,El sistema no permite adjuntar imagenes de heridas desde la tablet,Medico,Ambato,Cobertura de Contexto,El sistema presenta limitaciones de portabilidad y compatibilidad al operar en el contexto físico específico de tablets para adjuntar imágenes de heridas.
1873,8/14/2025,Farmacia,Error al registrar la dispensacion de un medicamento controlado,Enfermeria,Guayaquil,Libertad de Riesgo,"Error en el registro de medicamentos regulados, lo que genera riesgos legales, regulatorios y de seguridad en el control de sustancias psicotrópicas."
2021,8/14/2025,HCE,Consulta anterior no se muestra en el resumen de antecedentes,Enfermeria,Quito,Efectividad,Falla de funcionalidad en el módulo HCE que impide al usuario completar sus tareas de manera precisa y completa.
2115,8/14/2025,Farmacia,Alerta de vencimiento de lote no se muestra en el modulo,Enfermeria,Ambato,Libertad de Riesgo,Omitir la alerta de vencimiento de lotes farmacéuticos puede llevar a la administración de medicamentos caducados a los pacientes.
2174,8/14/2025,Portal Citas,Usuario no logra agendar tras 2 intentos,Paciente,Quito,Satisfacción,"Incapacidad del usuario de lograr su meta tras múltiples intentos, violando el RNF-02 y provocando un alto nivel de frustración."
2193,8/14/2025,HCE,Tiempo de carga de la ficha clinica supera los 32s en horas pico,Enfermeria,Manta,Eficiencia,La latencia en horas pico para abrir la ficha clínica perjudica la productividad del médico durante la consulta.
2652,8/14/2025,Reportes Gerenciales,El reporte de ocupacion hospitalaria no se actualiza automaticamente,Gerencia,Ambato,Efectividad,Inconsistencia en la actualización de datos que impide la visualización correcta de información operativa reciente.
2793,8/14/2025,HCE,Receta electronica se genera con la dosis incorrecta tras guardar,Enfermeria,Manta,Libertad de Riesgo,"Riesgo extremo de salud para el paciente al guardar dosis farmacológicas erróneas en la receta electrónica, pudiendo causar sobredosis o inefectividad clínica."
3189,8/14/2025,Laboratorio,Retraso de 13s en la disponibilidad de resultados criticos,Medico,Ambato,Eficiencia,"El sistema presenta tiempos de respuesta elevados que consumen recursos de tiempo innecesarios, degradando la eficiencia del usuario en sus tareas."
3289,8/14/2025,Telemedicina,Audio desincronizado durante la teleconsulta,Medico,Quito,Satisfacción,Mala experiencia sensorial e interactiva durante la teleconsulta que impacta el RNF-05 y la percepción de calidad del servicio.
3329,8/14/2025,Imagenologia,El informe radiologico no se adjunta automaticamente a la HCE,Enfermeria,Quito,Efectividad,Falla de funcionalidad en el módulo Imagenologia que impide al usuario completar sus tareas de manera precisa y completa.
1303,8/15/2025,Portal Citas,Filtro de especialidad medica no devuelve resultados,Admision,Quito,Efectividad,Falla de funcionalidad en el módulo Portal Citas que impide al usuario completar sus tareas de manera precisa y completa.
1425,8/15/2025,HCE,El campo de diagnostico CIE-10 no permite busqueda por texto,Enfermeria,Cuenca,Efectividad,Restricción de funcionalidad que impide al usuario realizar una acción requerida para completar su tarea.
1690,8/15/2025,HCE,Alerta de interaccion medicamentosa no se despliega correctamente,Enfermeria,Manta,Libertad de Riesgo,El fallo en el despliegue de alertas de interacción farmacológica pone en riesgo inminente la salud del paciente ante combinaciones letales.
1791,8/15/2025,Telemedicina,El chat de la consulta no permite enviar imagenes,Paciente,Guayaquil,Efectividad,Restricción de funcionalidad que impide al usuario realizar una acción requerida para completar su tarea.
1897,8/15/2025,App Movil,Notificaciones push no llegan pese a estar activadas,Paciente,Guayaquil,Efectividad,Falla de funcionalidad en el módulo App Movil que impide al usuario completar sus tareas de manera precisa y completa.
2644,8/15/2025,HCE,Duplicado de historia clinica al registrar un paciente ya existente,Medico,Ambato,Libertad de Riesgo,"Riesgo de seguridad clínica debido a la fragmentación de la información de salud del paciente, lo que puede inducir a diagnósticos y tratamientos erróneos."
3399,8/15/2025,Portal Citas,Cita agendada no aparece reflejada en el calendario del especialista,Admision,Cuenca,Efectividad,Falla de funcionalidad en el módulo Portal Citas que impide al usuario completar sus tareas de manera precisa y completa.
3513,8/15/2025,Portal Citas,El sistema no envia la confirmacion por correo electronico,Admision,Manta,Efectividad,Falla funcional que impide completar la tarea de confirmación de cita al paciente por canal de correo electrónico.
1127,8/16/2025,Imagenologia,Perdida de calidad en las imagenes al ser visualizadas desde la app,Enfermeria,Quito,Satisfacción,Degradación visual que afecta la comodidad y confianza de los médicos al visualizar estudios clínicos desde la app móvil.
1524,8/16/2025,HCE,Perdida de la nota de evolucion tras un cierre inesperado de sesion,Enfermeria,Cuenca,Efectividad,Falla de funcionalidad en el módulo HCE que impide al usuario completar sus tareas de manera precisa y completa.
1588,8/16/2025,App Movil,Notificaciones push no llegan pese a estar activadas,Paciente,Quito,Efectividad,Falla de funcionalidad en el módulo App Movil que impide al usuario completar sus tareas de manera precisa y completa.
1917,8/16/2025,Portal Citas,El pago del bono de consulta no se refleja tras completarlo,Paciente,Guayaquil,Libertad de Riesgo,Inconsistencia financiera en los cobros o transacciones del sistema que infringe las normativas contables y expone al hospital a pérdidas económicas.
2060,8/16/2025,Portal Citas,Error al reagendar una cita previamente confirmada,Paciente,Cuenca,Efectividad,Falla de funcionalidad en el módulo Portal Citas que impide al usuario completar sus tareas de manera precisa y completa.
2610,8/16/2025,Portal Citas,Cancelacion de cita no libera el cupo en el calendario,Paciente,Quito,Efectividad,Falla de funcionalidad en el módulo Portal Citas que impide al usuario completar sus tareas de manera precisa y completa.
2845,8/16/2025,App Movil,El inicio de sesion con biometria falla de forma intermitente,Paciente,Cuenca,Satisfacción,La inestabilidad en el inicio biométrico genera frustración y reduce la confianza y comodidad del usuario al acceder al aplicativo móvil.
2867,8/16/2025,Facturacion,Nota de credito no se aplica al saldo pendiente del paciente,Paciente,Cuenca,Libertad de Riesgo,"Fallas en la aplicación de notas de crédito o reembolsos que distorsionan los estados de cuenta, arriesgando multas tributarias e inconformidad legal."
3298,8/16/2025,Telemedicina,Receta electronica no se genera al finalizar la teleconsulta,Medico,Cuenca,Efectividad,Falla de funcionalidad en el módulo Telemedicina que impide al usuario completar sus tareas de manera precisa y completa.
2032,8/17/2025,Portal Citas,El portal muestra disponibilidad para un horario ya ocupado,Admision,Cuenca,Efectividad,Falla de funcionalidad en el módulo Portal Citas que impide al usuario completar sus tareas de manera precisa y completa.
2616,8/17/2025,HCE,Historial de alergias no carga al abrir la ficha del paciente,Medico,Cuenca,Libertad de Riesgo,"Falla crítica que expone la seguridad del paciente al omitir información vital de alergias, con un alto riesgo de shock anafiláctico o mala praxis."
2800,8/17/2025,Imagenologia,Tiempo de carga de estudios de imagen supera los 25s,Medico,Guayaquil,Eficiencia,La lentitud en la carga y transferencia de archivos DICOM pesados degrada la eficiencia del flujo de trabajo clínico en imagenología.
3008,8/17/2025,Facturacion,Factura electronica no llega al correo registrado del paciente,Admision,Guayaquil,Efectividad,Falla de funcionalidad en el módulo Facturacion que impide al usuario completar sus tareas de manera precisa y completa.
3449,8/17/2025,Reportes Gerenciales,El reporte de ocupacion hospitalaria no se actualiza automaticamente,Gerencia,Guayaquil,Efectividad,Inconsistencia en la actualización de datos que impide la visualización correcta de información operativa reciente.
3711,8/17/2025,Telemedicina,Notificacion de inicio de teleconsulta llega con retraso de 30s,Paciente,Ambato,Eficiencia,"El sistema presenta tiempos de respuesta elevados que consumen recursos de tiempo innecesarios, degradando la eficiencia del usuario en sus tareas."
1462,8/18/2025,HCE,Receta electronica se genera con la dosis incorrecta tras guardar,Medico,Ambato,Libertad de Riesgo,"Riesgo extremo de salud para el paciente al guardar dosis farmacológicas erróneas en la receta electrónica, pudiendo causar sobredosis o inefectividad clínica."
1518,8/18/2025,Facturacion,Reintento de transaccion genera doble cobro en la tarjeta,Paciente,Cuenca,Libertad de Riesgo,"Violación del requerimiento no funcional RNF-03 de facturación; genera cobros indebidos en las tarjetas del cliente, comprometiendo la confianza y el riesgo financiero."
1772,8/18/2025,Telemedicina,El medico no puede compartir pantalla con resultados de examenes,Paciente,Cuenca,Efectividad,Falla de funcionalidad en el módulo Telemedicina que impide al usuario completar sus tareas de manera precisa y completa.
1860,8/18/2025,Portal Citas,Error al reagendar una cita previamente confirmada,Paciente,Guayaquil,Efectividad,Falla de funcionalidad en el módulo Portal Citas que impide al usuario completar sus tareas de manera precisa y completa.
2256,8/18/2025,App Movil,Notificaciones push no llegan pese a estar activadas,Paciente,Guayaquil,Efectividad,Falla de funcionalidad en el módulo App Movil que impide al usuario completar sus tareas de manera precisa y completa.
2943,8/18/2025,Facturacion,Nota de credito no se aplica al saldo pendiente del paciente,Paciente,Quito,Libertad de Riesgo,"Fallas en la aplicación de notas de crédito o reembolsos que distorsionan los estados de cuenta, arriesgando multas tributarias e inconformidad legal."
3474,8/18/2025,HCE,Signos vitales registrados por enfermeria no aparecen en la HCE del medico,Enfermeria,Ambato,Efectividad,Falla de funcionalidad en el módulo HCE que impide al usuario completar sus tareas de manera precisa y completa.
3547,8/18/2025,App Movil,Notificaciones push no llegan pese a estar activadas,Paciente,Guayaquil,Efectividad,Falla de funcionalidad en el módulo App Movil que impide al usuario completar sus tareas de manera precisa y completa.
1298,8/19/2025,HCE,Receta electronica se genera con la dosis incorrecta tras guardar,Medico,Manta,Libertad de Riesgo,"Riesgo extremo de salud para el paciente al guardar dosis farmacológicas erróneas en la receta electrónica, pudiendo causar sobredosis o inefectividad clínica."
1824,8/19/2025,Laboratorio,El sistema no permite adjuntar el reporte en PDF del laboratorio externo,Medico,Guayaquil,Efectividad,Restricción de funcionalidad que impide al usuario realizar una acción requerida para completar su tarea.
1869,8/19/2025,HCE,El sistema se congela al adjuntar resultados de laboratorio a la HCE,Enfermeria,Quito,Efectividad,Falla de funcionalidad en el módulo HCE que impide al usuario completar sus tareas de manera precisa y completa.
1989,8/19/2025,HCE,El campo de diagnostico CIE-10 no permite busqueda por texto,Medico,Guayaquil,Efectividad,Restricción de funcionalidad que impide al usuario realizar una acción requerida para completar su tarea.
2102,8/19/2025,HCE,El sistema se congela al adjuntar resultados de laboratorio a la HCE,Medico,Guayaquil,Efectividad,Falla de funcionalidad en el módulo HCE que impide al usuario completar sus tareas de manera precisa y completa.
2478,8/19/2025,HCE,Consulta anterior no se muestra en el resumen de antecedentes,Enfermeria,Quito,Efectividad,Falla de funcionalidad en el módulo HCE que impide al usuario completar sus tareas de manera precisa y completa.
2560,8/19/2025,Portal Citas,Doble reserva de un mismo cupo por dos pacientes distintos,Paciente,Manta,Libertad de Riesgo,"Doble agendamiento de un mismo cupo que genera sobreventa de citas, colapso de agenda de especialistas y multas o insatisfacción comercial."
2661,8/19/2025,HCE,Firma electronica del medico no se valida al cerrar la consulta,Medico,Guayaquil,Efectividad,Falla de funcionalidad en el módulo HCE que impide al usuario completar sus tareas de manera precisa y completa.
3012,8/19/2025,HCE,Alerta de interaccion medicamentosa no se despliega correctamente,Medico,Cuenca,Libertad de Riesgo,El fallo en el despliegue de alertas de interacción farmacológica pone en riesgo inminente la salud del paciente ante combinaciones letales.
3123,8/19/2025,Facturacion,Factura generada con el nombre del paciente incorrecto,Admision,Quito,Efectividad,Falla de funcionalidad en el módulo Facturacion que impide al usuario completar sus tareas de manera precisa y completa.
3184,8/19/2025,Reportes Gerenciales,Tiempo de generacion del reporte mensual supera los 25 minutos,Gerencia,Guayaquil,Eficiencia,"Demoras severas en la generación de reportes mensuales de inteligencia de negocio, penalizando la eficiencia en el tiempo de procesamiento y toma de decisiones."
3297,8/19/2025,App Movil,El boton de teleconsulta no redirige correctamente a la videollamada,Paciente,Quito,Efectividad,Falla de funcionalidad en el módulo App Movil que impide al usuario completar sus tareas de manera precisa y completa.
3325,8/19/2025,Portal Citas,Usuario no logra agendar tras 5 intentos,Admision,Guayaquil,Satisfacción,"Incapacidad del usuario de lograr su meta tras múltiples intentos, violando el RNF-02 y provocando un alto nivel de frustración."
3583,8/19/2025,Telemedicina,Receta electronica no se genera al finalizar la teleconsulta,Paciente,Quito,Efectividad,Falla de funcionalidad en el módulo Telemedicina que impide al usuario completar sus tareas de manera precisa y completa.
1105,8/20/2025,Laboratorio,Retraso de 33s en la disponibilidad de resultados criticos,Medico,Guayaquil,Eficiencia,"El sistema presenta tiempos de respuesta elevados que consumen recursos de tiempo innecesarios, degradando la eficiencia del usuario en sus tareas."
2033,8/20/2025,Portal Citas,El pago del bono de consulta no se refleja tras completarlo,Admision,Quito,Libertad de Riesgo,Inconsistencia financiera en los cobros o transacciones del sistema que infringe las normativas contables y expone al hospital a pérdidas económicas.
2710,8/20/2025,Telemedicina,El medico no puede compartir pantalla con resultados de examenes,Medico,Quito,Efectividad,Falla de funcionalidad en el módulo Telemedicina que impide al usuario completar sus tareas de manera precisa y completa.
2831,8/20/2025,HCE,Receta electronica se genera con la dosis incorrecta tras guardar,Medico,Quito,Libertad de Riesgo,"Riesgo extremo de salud para el paciente al guardar dosis farmacológicas erróneas en la receta electrónica, pudiendo causar sobredosis o inefectividad clínica."
2841,8/20/2025,Farmacia,Receta electronica llega incompleta desde el modulo de HCE,Farmacia,Quito,Efectividad,Falla de funcionalidad en el módulo Farmacia que impide al usuario completar sus tareas de manera precisa y completa.
3136,8/20/2025,Reportes Gerenciales,Tiempo de generacion del reporte mensual supera los 35 minutos,Gerencia,Manta,Eficiencia,"Demoras severas en la generación de reportes mensuales de inteligencia de negocio, penalizando la eficiencia en el tiempo de procesamiento y toma de decisiones."
3224,8/20/2025,Facturacion,Reintento de transaccion genera doble cobro en la tarjeta,Admision,Cuenca,Libertad de Riesgo,"Violación del requerimiento no funcional RNF-03 de facturación; genera cobros indebidos en las tarjetas del cliente, comprometiendo la confianza y el riesgo financiero."
3665,8/20/2025,Portal Citas,Sesion expira antes de finalizar el proceso de agendamiento,Admision,Manta,Satisfacción,"Mala experiencia de usuario que interrumpe de forma prematura el proceso de compra/agendamiento, forzando a repetir pasos."
1279,8/21/2025,Portal Citas,Doble reserva de un mismo cupo por dos pacientes distintos,Paciente,Cuenca,Libertad de Riesgo,"Doble agendamiento de un mismo cupo que genera sobreventa de citas, colapso de agenda de especialistas y multas o insatisfacción comercial."
1308,8/21/2025,Telemedicina,Videollamada se corta a los 3 minutos,Paciente,Guayaquil,Cobertura de Contexto,"Falta de resiliencia del canal de comunicación ante variaciones en la conectividad del usuario, interrumpiendo la sesión de teleconsulta en producción."
1695,8/21/2025,Imagenologia,El informe radiologico no se adjunta automaticamente a la HCE,Enfermeria,Ambato,Efectividad,Falla de funcionalidad en el módulo Imagenologia que impide al usuario completar sus tareas de manera precisa y completa.
1736,8/21/2025,App Movil,El inicio de sesion con biometria falla de forma intermitente,Paciente,Quito,Satisfacción,La inestabilidad en el inicio biométrico genera frustración y reduce la confianza y comodidad del usuario al acceder al aplicativo móvil.
3994,8/21/2025,Reportes Gerenciales,Exportacion a Excel del reporte gerencial falla de forma intermitente,Gerencia,Quito,Efectividad,Falla intermitente en las exportaciones o ejecuciones de procesos del sistema que reduce la fiabilidad de las operaciones.
1338,8/22/2025,Facturacion,El modulo de facturacion se cae durante el cierre de caja,Admision,Quito,Efectividad,Falla de funcionalidad en el módulo Facturacion que impide al usuario completar sus tareas de manera precisa y completa.
1592,8/22/2025,Portal Citas,Cita agendada no aparece reflejada en el calendario del especialista,Paciente,Quito,Efectividad,Falla de funcionalidad en el módulo Portal Citas que impide al usuario completar sus tareas de manera precisa y completa.
1635,8/22/2025,HCE,El campo de diagnostico CIE-10 no permite busqueda por texto,Medico,Cuenca,Efectividad,Restricción de funcionalidad que impide al usuario realizar una acción requerida para completar su tarea.
1707,8/22/2025,HCE,Consulta anterior no se muestra en el resumen de antecedentes,Medico,Quito,Efectividad,Falla de funcionalidad en el módulo HCE que impide al usuario completar sus tareas de manera precisa y completa.
2160,8/22/2025,App Movil,La app no permite actualizar el numero de contacto del paciente,Paciente,Cuenca,Efectividad,Restricción de funcionalidad que impide al usuario realizar una acción requerida para completar su tarea.
2459,8/22/2025,Reportes Gerenciales,El dashboard de indicadores no refleja los datos del ultimo cierre,Gerencia,Guayaquil,Efectividad,Inconsistencia en la actualización de datos que impide la visualización correcta de información operativa reciente.
3428,8/22/2025,App Movil,Resultados de examenes no se visualizan en formato PDF,Paciente,Cuenca,Efectividad,Falla de funcionalidad en el módulo App Movil que impide al usuario completar sus tareas de manera precisa y completa.
3500,8/22/2025,Portal Citas,Boton de confirmar cita no responde en dispositivos moviles,Paciente,Cuenca,Cobertura de Contexto,"Falla de adaptabilidad de la interfaz en el contexto de dispositivos móviles, impidiendo confirmar citas desde pantallas de formatos pequeños."
3645,8/22/2025,HCE,Firma electronica del medico no se valida al cerrar la consulta,Enfermeria,Ambato,Efectividad,Falla de funcionalidad en el módulo HCE que impide al usuario completar sus tareas de manera precisa y completa.
1174,8/23/2025,Telemedicina,Grabacion de la consulta no se almacena correctamente,Medico,Quito,Efectividad,Falla de funcionalidad en el módulo Telemedicina que impide al usuario completar sus tareas de manera precisa y completa.
1748,8/23/2025,App Movil,Consumo elevado de datos moviles al abrir el modulo de citas,Paciente,Guayaquil,Cobertura de Contexto,"Consumo excesivo de ancho de banda móvil, lo que restringe el uso eficiente del sistema en redes celulares de datos (fuera de la intranet del hospital)."
1927,8/23/2025,Laboratorio,Codigo de barras de la muestra no es reconocido por el lector,Enfermeria,Guayaquil,Efectividad,Falla de funcionalidad en el módulo Laboratorio que impide al usuario completar sus tareas de manera precisa y completa.
1971,8/23/2025,Telemedicina,La sesion se cierra automaticamente antes de terminar la consulta,Medico,Quito,Efectividad,Falla de funcionalidad en el módulo Telemedicina que impide al usuario completar sus tareas de manera precisa y completa.
2986,8/23/2025,Farmacia,Error al registrar la dispensacion de un medicamento controlado,Enfermeria,Ambato,Libertad de Riesgo,"Error en el registro de medicamentos regulados, lo que genera riesgos legales, regulatorios y de seguridad en el control de sustancias psicotrópicas."
3822,8/23/2025,HCE,El sistema no permite adjuntar imagenes de heridas desde la tablet,Medico,Quito,Cobertura de Contexto,El sistema presenta limitaciones de portabilidad y compatibilidad al operar en el contexto físico específico de tablets para adjuntar imágenes de heridas.
1911,8/24/2025,Telemedicina,Receta electronica no se genera al finalizar la teleconsulta,Medico,Guayaquil,Efectividad,Falla de funcionalidad en el módulo Telemedicina que impide al usuario completar sus tareas de manera precisa y completa.
2207,8/24/2025,Portal Citas,Cita agendada no aparece reflejada en el calendario del especialista,Paciente,Quito,Efectividad,Falla de funcionalidad en el módulo Portal Citas que impide al usuario completar sus tareas de manera precisa y completa.
3214,8/24/2025,Farmacia,El sistema bloquea la dispensacion sin mostrar el motivo,Farmacia,Guayaquil,Satisfacción,La falta de mensajes informativos claros y feedback del sistema incrementa la incertidumbre y frustración del operario farmacéutico.
3313,8/24/2025,Portal Citas,Error al reagendar una cita previamente confirmada,Admision,Guayaquil,Efectividad,Falla de funcionalidad en el módulo Portal Citas que impide al usuario completar sus tareas de manera precisa y completa.
3561,8/24/2025,Facturacion,Reintento de transaccion genera doble cobro en la tarjeta,Paciente,Manta,Libertad de Riesgo,"Violación del requerimiento no funcional RNF-03 de facturación; genera cobros indebidos en las tarjetas del cliente, comprometiendo la confianza y el riesgo financiero."
2119,8/25/2025,Farmacia,Alerta de vencimiento de lote no se muestra en el modulo,Enfermeria,Manta,Libertad de Riesgo,Omitir la alerta de vencimiento de lotes farmacéuticos puede llevar a la administración de medicamentos caducados a los pacientes.
2707,8/25/2025,Laboratorio,Codigo de barras de la muestra no es reconocido por el lector,Medico,Quito,Efectividad,Falla de funcionalidad en el módulo Laboratorio que impide al usuario completar sus tareas de manera precisa y completa.
3206,8/25/2025,HCE,Receta electronica se genera con la dosis incorrecta tras guardar,Enfermeria,Quito,Libertad de Riesgo,"Riesgo extremo de salud para el paciente al guardar dosis farmacológicas erróneas en la receta electrónica, pudiendo causar sobredosis o inefectividad clínica."
3497,8/25/2025,Portal Citas,Cita agendada no aparece reflejada en el calendario del especialista,Paciente,Quito,Efectividad,Falla de funcionalidad en el módulo Portal Citas que impide al usuario completar sus tareas de manera precisa y completa.
3689,8/25/2025,HCE,Perdida de la nota de evolucion tras un cierre inesperado de sesion,Medico,Cuenca,Efectividad,Falla de funcionalidad en el módulo HCE que impide al usuario completar sus tareas de manera precisa y completa.
3738,8/25/2025,Facturacion,El sistema no permite anular una factura emitida por error,Admision,Manta,Efectividad,Restricción de funcionalidad que impide al usuario realizar una acción requerida para completar su tarea.
3770,8/25/2025,Laboratorio,El sistema no permite adjuntar el reporte en PDF del laboratorio externo,Enfermeria,Quito,Efectividad,Restricción de funcionalidad que impide al usuario realizar una acción requerida para completar su tarea.
3891,8/25/2025,App Movil,La app no permite actualizar el numero de contacto del paciente,Paciente,Quito,Efectividad,Restricción de funcionalidad que impide al usuario realizar una acción requerida para completar su tarea.
1769,8/26/2025,HCE,Duplicado de historia clinica al registrar un paciente ya existente,Medico,Cuenca,Libertad de Riesgo,"Riesgo de seguridad clínica debido a la fragmentación de la información de salud del paciente, lo que puede inducir a diagnósticos y tratamientos erróneos."
1780,8/26/2025,HCE,Nota de evolucion tarda 25s en guardarse,Medico,Quito,Eficiencia,"El tiempo de guardado supera los 8 segundos tolerables, violando directamente el requerimiento no funcional RNF-01 de rendimiento del sistema para notas clínicas."
1785,8/26/2025,HCE,El sistema no permite adjuntar imagenes de heridas desde la tablet,Medico,Manta,Cobertura de Contexto,El sistema presenta limitaciones de portabilidad y compatibilidad al operar en el contexto físico específico de tablets para adjuntar imágenes de heridas.
1995,8/26/2025,Portal Citas,Boton de confirmar cita no responde en dispositivos moviles,Admision,Manta,Cobertura de Contexto,"Falla de adaptabilidad de la interfaz en el contexto de dispositivos móviles, impidiendo confirmar citas desde pantallas de formatos pequeños."
2493,8/26/2025,Facturacion,Nota de credito no se aplica al saldo pendiente del paciente,Paciente,Cuenca,Libertad de Riesgo,"Fallas en la aplicación de notas de crédito o reembolsos que distorsionan los estados de cuenta, arriesgando multas tributarias e inconformidad legal."
3059,8/26/2025,Telemedicina,El chat de la consulta no permite enviar imagenes,Paciente,Manta,Efectividad,Restricción de funcionalidad que impide al usuario realizar una acción requerida para completar su tarea.
3350,8/26/2025,App Movil,La app no permite actualizar el numero de contacto del paciente,Paciente,Manta,Efectividad,Restricción de funcionalidad que impide al usuario realizar una acción requerida para completar su tarea.
1146,8/27/2025,Portal Citas,El portal muestra disponibilidad para un horario ya ocupado,Paciente,Guayaquil,Efectividad,Falla de funcionalidad en el módulo Portal Citas que impide al usuario completar sus tareas de manera precisa y completa.
1218,8/27/2025,Portal Citas,Filtro de especialidad medica no devuelve resultados,Paciente,Ambato,Efectividad,Falla de funcionalidad en el módulo Portal Citas que impide al usuario completar sus tareas de manera precisa y completa.
1291,8/27/2025,Imagenologia,Las imagenes de rayos X no cargan en el visor DICOM,Enfermeria,Guayaquil,Efectividad,Falla de funcionalidad en el módulo Imagenologia que impide al usuario completar sus tareas de manera precisa y completa.
1552,8/27/2025,Portal Citas,El portal muestra disponibilidad para un horario ya ocupado,Paciente,Cuenca,Efectividad,Falla de funcionalidad en el módulo Portal Citas que impide al usuario completar sus tareas de manera precisa y completa.
1809,8/27/2025,HCE,El sistema no permite adjuntar imagenes de heridas desde la tablet,Medico,Quito,Cobertura de Contexto,El sistema presenta limitaciones de portabilidad y compatibilidad al operar en el contexto físico específico de tablets para adjuntar imágenes de heridas.
1830,8/27/2025,HCE,El sistema se congela al adjuntar resultados de laboratorio a la HCE,Enfermeria,Quito,Efectividad,Falla de funcionalidad en el módulo HCE que impide al usuario completar sus tareas de manera precisa y completa.
1854,8/27/2025,App Movil,Notificaciones push no llegan pese a estar activadas,Paciente,Quito,Efectividad,Falla de funcionalidad en el módulo App Movil que impide al usuario completar sus tareas de manera precisa y completa.
2184,8/27/2025,Portal Citas,Doble reserva de un mismo cupo por dos pacientes distintos,Paciente,Cuenca,Libertad de Riesgo,"Doble agendamiento de un mismo cupo que genera sobreventa de citas, colapso de agenda de especialistas y multas o insatisfacción comercial."
2275,8/27/2025,Farmacia,El sistema bloquea la dispensacion sin mostrar el motivo,Enfermeria,Guayaquil,Satisfacción,La falta de mensajes informativos claros y feedback del sistema incrementa la incertidumbre y frustración del operario farmacéutico.
2550,8/27/2025,HCE,Perdida de la nota de evolucion tras un cierre inesperado de sesion,Medico,Manta,Efectividad,Falla de funcionalidad en el módulo HCE que impide al usuario completar sus tareas de manera precisa y completa.
2821,8/27/2025,Laboratorio,Retraso de 19s en la disponibilidad de resultados criticos,Enfermeria,Quito,Eficiencia,"El sistema presenta tiempos de respuesta elevados que consumen recursos de tiempo innecesarios, degradando la eficiencia del usuario en sus tareas."
2858,8/27/2025,Portal Citas,Usuario no logra agendar tras 4 intentos,Admision,Manta,Satisfacción,"Incapacidad del usuario de lograr su meta tras múltiples intentos, violando el RNF-02 y provocando un alto nivel de frustración."
3218,8/27/2025,Portal Citas,"Formulario confuso, abandono de registro antes de completar la cita",Paciente,Quito,Satisfacción,"Diseño de interfaz de usuario confuso que provoca el abandono del registro, afectando la métrica de satisfacción y facilidad de uso percibida."
3708,8/27/2025,Telemedicina,La sesion se cierra automaticamente antes de terminar la consulta,Medico,Manta,Efectividad,Falla de funcionalidad en el módulo Telemedicina que impide al usuario completar sus tareas de manera precisa y completa.
1135,8/28/2025,Farmacia,Receta electronica llega incompleta desde el modulo de HCE,Farmacia,Quito,Efectividad,Falla de funcionalidad en el módulo Farmacia que impide al usuario completar sus tareas de manera precisa y completa.
1749,8/28/2025,HCE,Tiempo de carga de la ficha clinica supera los 11s en horas pico,Enfermeria,Quito,Eficiencia,La latencia en horas pico para abrir la ficha clínica perjudica la productividad del médico durante la consulta.
1755,8/28/2025,HCE,Datos de otro paciente visibles brevemente al abrir un expediente,Enfermeria,Guayaquil,Libertad de Riesgo,"Fuga de información y violación de la confidencialidad médica (HIPAA/Ley de Protección de Datos), exponiendo datos de otros pacientes."
1980,8/28/2025,Facturacion,El sistema no reconoce el convenio con la aseguradora,Paciente,Quito,Libertad de Riesgo,El no reconocimiento de convenios de aseguradoras genera fricción de cobro y riesgo de pérdidas económicas por servicios no cubiertos correctamente.
2613,8/28/2025,Laboratorio,El sistema no permite adjuntar el reporte en PDF del laboratorio externo,Enfermeria,Quito,Efectividad,Restricción de funcionalidad que impide al usuario realizar una acción requerida para completar su tarea.
3203,8/28/2025,HCE,Datos de otro paciente visibles brevemente al abrir un expediente,Enfermeria,Ambato,Libertad de Riesgo,"Fuga de información y violación de la confidencialidad médica (HIPAA/Ley de Protección de Datos), exponiendo datos de otros pacientes."
3219,8/28/2025,Imagenologia,Las imagenes de rayos X no cargan en el visor DICOM,Enfermeria,Cuenca,Efectividad,Falla de funcionalidad en el módulo Imagenologia que impide al usuario completar sus tareas de manera precisa y completa.
1565,8/29/2025,HCE,Firma electronica del medico no se valida al cerrar la consulta,Enfermeria,Quito,Efectividad,Falla de funcionalidad en el módulo HCE que impide al usuario completar sus tareas de manera precisa y completa.
1694,8/29/2025,HCE,El sistema se congela al adjuntar resultados de laboratorio a la HCE,Enfermeria,Quito,Efectividad,Falla de funcionalidad en el módulo HCE que impide al usuario completar sus tareas de manera precisa y completa.
1936,8/29/2025,Portal Citas,Notificacion de recordatorio de cita llega con la fecha incorrecta,Paciente,Ambato,Efectividad,Falla de funcionalidad en el módulo Portal Citas que impide al usuario completar sus tareas de manera precisa y completa.
2037,8/29/2025,HCE,Historial de alergias no carga al abrir la ficha del paciente,Enfermeria,Guayaquil,Libertad de Riesgo,"Falla crítica que expone la seguridad del paciente al omitir información vital de alergias, con un alto riesgo de shock anafiláctico o mala praxis."
2051,8/29/2025,Telemedicina,Paciente no puede unirse a la sala virtual a la hora agendada,Medico,Guayaquil,Efectividad,Falla de funcionalidad en el módulo Telemedicina que impide al usuario completar sus tareas de manera precisa y completa.
2131,8/29/2025,Facturacion,Reembolso aprobado no se refleja en el estado de cuenta,Admision,Guayaquil,Libertad de Riesgo,"Fallas en la aplicación de notas de crédito o reembolsos que distorsionan los estados de cuenta, arriesgando multas tributarias e inconformidad legal."
2347,8/29/2025,HCE,Consulta anterior no se muestra en el resumen de antecedentes,Medico,Guayaquil,Efectividad,Falla de funcionalidad en el módulo HCE que impide al usuario completar sus tareas de manera precisa y completa.
2357,8/29/2025,Farmacia,Duplicidad de codigos entre dos presentaciones distintas de un mismo farmaco,Farmacia,Quito,Libertad de Riesgo,"La duplicación de códigos de fármacos introduce un riesgo de dispensación errónea en farmacia, comprometiendo la seguridad terapéutica del paciente."
2378,8/29/2025,HCE,El campo de diagnostico CIE-10 no permite busqueda por texto,Enfermeria,Quito,Efectividad,Restricción de funcionalidad que impide al usuario realizar una acción requerida para completar su tarea.
2438,8/29/2025,HCE,Historial de alergias no carga al abrir la ficha del paciente,Enfermeria,Manta,Libertad de Riesgo,"Falla crítica que expone la seguridad del paciente al omitir información vital de alergias, con un alto riesgo de shock anafiláctico o mala praxis."
2447,8/29/2025,HCE,Receta electronica se genera con la dosis incorrecta tras guardar,Enfermeria,Manta,Libertad de Riesgo,"Riesgo extremo de salud para el paciente al guardar dosis farmacológicas erróneas en la receta electrónica, pudiendo causar sobredosis o inefectividad clínica."
2637,8/29/2025,Facturacion,Retraso de 35s al procesar el pago con tarjeta de credito,Paciente,Cuenca,Eficiencia,El procesamiento lento del cobro con tarjeta retrasa el flujo de caja y la atención administrativa de admisión.
2928,8/29/2025,Facturacion,Nota de credito no se aplica al saldo pendiente del paciente,Paciente,Manta,Libertad de Riesgo,"Fallas en la aplicación de notas de crédito o reembolsos que distorsionan los estados de cuenta, arriesgando multas tributarias e inconformidad legal."
3120,8/29/2025,HCE,El campo de diagnostico CIE-10 no permite busqueda por texto,Enfermeria,Guayaquil,Efectividad,Restricción de funcionalidad que impide al usuario realizar una acción requerida para completar su tarea.
3480,8/29/2025,Portal Citas,El portal muestra disponibilidad para un horario ya ocupado,Admision,Quito,Efectividad,Falla de funcionalidad en el módulo Portal Citas que impide al usuario completar sus tareas de manera precisa y completa.
1241,8/30/2025,App Movil,La app no permite actualizar el numero de contacto del paciente,Paciente,Guayaquil,Efectividad,Restricción de funcionalidad que impide al usuario realizar una acción requerida para completar su tarea.
1697,8/30/2025,Facturacion,Retraso de 29s al procesar el pago con tarjeta de credito,Admision,Guayaquil,Eficiencia,El procesamiento lento del cobro con tarjeta retrasa el flujo de caja y la atención administrativa de admisión.
1704,8/30/2025,Portal Citas,El portal muestra disponibilidad para un horario ya ocupado,Admision,Cuenca,Efectividad,Falla de funcionalidad en el módulo Portal Citas que impide al usuario completar sus tareas de manera precisa y completa.
1757,8/30/2025,Laboratorio,Resultado de examen de laboratorio no se sincroniza con la HCE,Medico,Ambato,Efectividad,Error de integración funcional que impide la sincronización y actualización del registro médico entre módulos del HIS.
1900,8/30/2025,Portal Citas,Sesion expira antes de finalizar el proceso de agendamiento,Paciente,Guayaquil,Satisfacción,"Mala experiencia de usuario que interrumpe de forma prematura el proceso de compra/agendamiento, forzando a repetir pasos."
2228,8/30/2025,HCE,Orden medica no se sincroniza con el modulo de farmacia,Enfermeria,Guayaquil,Efectividad,Error de integración funcional que impide la sincronización y actualización del registro médico entre módulos del HIS.
2241,8/30/2025,Portal Citas,Sesion expira antes de finalizar el proceso de agendamiento,Admision,Cuenca,Satisfacción,"Mala experiencia de usuario que interrumpe de forma prematura el proceso de compra/agendamiento, forzando a repetir pasos."
2472,8/30/2025,Telemedicina,Grabacion de la consulta no se almacena correctamente,Paciente,Quito,Efectividad,Falla de funcionalidad en el módulo Telemedicina que impide al usuario completar sus tareas de manera precisa y completa.
2634,8/30/2025,Facturacion,Factura duplicada al reintentar pago,Admision,Quito,Libertad de Riesgo,"Violación del requerimiento no funcional RNF-03 de facturación; genera cobros indebidos en las tarjetas del cliente, comprometiendo la confianza y el riesgo financiero."
2651,8/30/2025,App Movil,La app no permite actualizar el numero de contacto del paciente,Paciente,Quito,Efectividad,Restricción de funcionalidad que impide al usuario realizar una acción requerida para completar su tarea.
2748,8/30/2025,Portal Citas,Notificacion de recordatorio de cita llega con la fecha incorrecta,Paciente,Ambato,Efectividad,Falla de funcionalidad en el módulo Portal Citas que impide al usuario completar sus tareas de manera precisa y completa.
3050,8/30/2025,Laboratorio,El sistema no permite adjuntar el reporte en PDF del laboratorio externo,Enfermeria,Manta,Efectividad,Restricción de funcionalidad que impide al usuario realizar una acción requerida para completar su tarea.
3128,8/30/2025,HCE,Duplicado de historia clinica al registrar un paciente ya existente,Medico,Quito,Libertad de Riesgo,"Riesgo de seguridad clínica debido a la fragmentación de la información de salud del paciente, lo que puede inducir a diagnósticos y tratamientos erróneos."
3648,8/30/2025,Portal Citas,Error al reagendar una cita previamente confirmada,Paciente,Ambato,Efectividad,Falla de funcionalidad en el módulo Portal Citas que impide al usuario completar sus tareas de manera precisa y completa.
1636,8/31/2025,App Movil,El inicio de sesion con biometria falla de forma intermitente,Paciente,Quito,Satisfacción,La inestabilidad en el inicio biométrico genera frustración y reduce la confianza y comodidad del usuario al acceder al aplicativo móvil.
1688,8/31/2025,HCE,Orden medica no se sincroniza con el modulo de farmacia,Enfermeria,Ambato,Efectividad,Error de integración funcional que impide la sincronización y actualización del registro médico entre módulos del HIS.
1895,8/31/2025,HCE,Orden medica no se sincroniza con el modulo de farmacia,Medico,Quito,Efectividad,Error de integración funcional que impide la sincronización y actualización del registro médico entre módulos del HIS.
1913,8/31/2025,Laboratorio,Resultado de examen de laboratorio no se sincroniza con la HCE,Medico,Cuenca,Efectividad,Error de integración funcional que impide la sincronización y actualización del registro médico entre módulos del HIS.
2183,8/31/2025,Telemedicina,Audio desincronizado durante la teleconsulta,Medico,Ambato,Satisfacción,Mala experiencia sensorial e interactiva durante la teleconsulta que impacta el RNF-05 y la percepción de calidad del servicio.
2290,8/31/2025,Portal Citas,Cita agendada no aparece reflejada en el calendario del especialista,Paciente,Guayaquil,Efectividad,Falla de funcionalidad en el módulo Portal Citas que impide al usuario completar sus tareas de manera precisa y completa.
2362,8/31/2025,HCE,Perdida de la nota de evolucion tras un cierre inesperado de sesion,Medico,Quito,Efectividad,Falla de funcionalidad en el módulo HCE que impide al usuario completar sus tareas de manera precisa y completa.
2770,8/31/2025,Telemedicina,Notificacion de inicio de teleconsulta llega con retraso de 29s,Paciente,Quito,Eficiencia,"El sistema presenta tiempos de respuesta elevados que consumen recursos de tiempo innecesarios, degradando la eficiencia del usuario en sus tareas."
3339,8/31/2025,App Movil,La aplicacion se cierra inesperadamente al abrir resultados de laboratorio,Paciente,Quito,Efectividad,"Interrupción abrupta del sistema que impide que el usuario termine el registro de datos, reduciendo la efectividad operativa."
3384,8/31/2025,App Movil,Resultados de examenes no se visualizan en formato PDF,Paciente,Guayaquil,Efectividad,Falla de funcionalidad en el módulo App Movil que impide al usuario completar sus tareas de manera precisa y completa.
1529,9/1/2025,HCE,El sistema no permite adjuntar imagenes de heridas desde la tablet,Enfermeria,Manta,Cobertura de Contexto,El sistema presenta limitaciones de portabilidad y compatibilidad al operar en el contexto físico específico de tablets para adjuntar imágenes de heridas.
1827,9/1/2025,Farmacia,El sistema bloquea la dispensacion sin mostrar el motivo,Enfermeria,Guayaquil,Satisfacción,La falta de mensajes informativos claros y feedback del sistema incrementa la incertidumbre y frustración del operario farmacéutico.
1966,9/1/2025,Portal Citas,El sistema no envia la confirmacion por correo electronico,Paciente,Ambato,Efectividad,Falla funcional que impide completar la tarea de confirmación de cita al paciente por canal de correo electrónico.
2302,9/1/2025,HCE,Orden medica no se sincroniza con el modulo de farmacia,Medico,Guayaquil,Efectividad,Error de integración funcional que impide la sincronización y actualización del registro médico entre módulos del HIS.
3107,9/1/2025,Telemedicina,Audio desincronizado durante la teleconsulta,Medico,Guayaquil,Satisfacción,Mala experiencia sensorial e interactiva durante la teleconsulta que impacta el RNF-05 y la percepción de calidad del servicio.
3392,9/1/2025,Telemedicina,Calidad de video muy baja pese a tener buena conexion a internet,Medico,Ambato,Satisfacción,Mala experiencia sensorial e interactiva durante la teleconsulta que impacta el RNF-05 y la percepción de calidad del servicio.
3635,9/1/2025,Facturacion,Error de calculo en el copago del seguro medico,Paciente,Guayaquil,Libertad de Riesgo,"Errores en el cálculo del copago de seguros o discrepancias de montos facturados, induciendo a pérdidas financieras o reclamaciones legales."
1233,9/2/2025,Facturacion,Discrepancia entre el monto facturado y el detalle de servicios,Admision,Ambato,Libertad de Riesgo,"Errores en el cálculo del copago de seguros o discrepancias de montos facturados, induciendo a pérdidas financieras o reclamaciones legales."
1263,9/2/2025,HCE,Nota de evolucion tarda 35s en guardarse,Enfermeria,Quito,Eficiencia,"El tiempo de guardado supera los 8 segundos tolerables, violando directamente el requerimiento no funcional RNF-01 de rendimiento del sistema para notas clínicas."
1387,9/2/2025,Portal Citas,El pago del bono de consulta no se refleja tras completarlo,Admision,Guayaquil,Libertad de Riesgo,Inconsistencia financiera en los cobros o transacciones del sistema que infringe las normativas contables y expone al hospital a pérdidas económicas.
1451,9/2/2025,Laboratorio,Codigo de barras de la muestra no es reconocido por el lector,Enfermeria,Quito,Efectividad,Falla de funcionalidad en el módulo Laboratorio que impide al usuario completar sus tareas de manera precisa y completa.
1696,9/2/2025,Telemedicina,Calidad de video muy baja pese a tener buena conexion a internet,Paciente,Quito,Satisfacción,Mala experiencia sensorial e interactiva durante la teleconsulta que impacta el RNF-05 y la percepción de calidad del servicio.
1745,9/2/2025,HCE,El sistema no permite adjuntar imagenes de heridas desde la tablet,Medico,Ambato,Cobertura de Contexto,El sistema presenta limitaciones de portabilidad y compatibilidad al operar en el contexto físico específico de tablets para adjuntar imágenes de heridas.
1939,9/2/2025,HCE,Tiempo de carga de la ficha clinica supera los 14s en horas pico,Medico,Cuenca,Eficiencia,La latencia en horas pico para abrir la ficha clínica perjudica la productividad del médico durante la consulta.
2336,9/2/2025,HCE,Nota de evolucion tarda 35s en guardarse,Enfermeria,Ambato,Eficiencia,"El tiempo de guardado supera los 8 segundos tolerables, violando directamente el requerimiento no funcional RNF-01 de rendimiento del sistema para notas clínicas."
3065,9/2/2025,Portal Citas,Usuario no logra agendar tras 2 intentos,Paciente,Quito,Satisfacción,"Incapacidad del usuario de lograr su meta tras múltiples intentos, violando el RNF-02 y provocando un alto nivel de frustración."
3163,9/2/2025,HCE,El sistema se congela al adjuntar resultados de laboratorio a la HCE,Enfermeria,Guayaquil,Efectividad,Falla de funcionalidad en el módulo HCE que impide al usuario completar sus tareas de manera precisa y completa.
1192,9/3/2025,HCE,Receta electronica se genera con la dosis incorrecta tras guardar,Enfermeria,Quito,Libertad de Riesgo,"Riesgo extremo de salud para el paciente al guardar dosis farmacológicas erróneas en la receta electrónica, pudiendo causar sobredosis o inefectividad clínica."
1703,9/3/2025,Telemedicina,Notificacion de inicio de teleconsulta llega con retraso de 11s,Paciente,Guayaquil,Eficiencia,"El sistema presenta tiempos de respuesta elevados que consumen recursos de tiempo innecesarios, degradando la eficiencia del usuario en sus tareas."
1795,9/3/2025,Telemedicina,Grabacion de la consulta no se almacena correctamente,Medico,Ambato,Efectividad,Falla de funcionalidad en el módulo Telemedicina que impide al usuario completar sus tareas de manera precisa y completa.
2011,9/3/2025,Portal Citas,Sesion expira antes de finalizar el proceso de agendamiento,Paciente,Guayaquil,Satisfacción,"Mala experiencia de usuario que interrumpe de forma prematura el proceso de compra/agendamiento, forzando a repetir pasos."
2359,9/3/2025,Portal Citas,Notificacion de recordatorio de cita llega con la fecha incorrecta,Paciente,Guayaquil,Efectividad,Falla de funcionalidad en el módulo Portal Citas que impide al usuario completar sus tareas de manera precisa y completa.
2630,9/3/2025,Laboratorio,Orden de laboratorio duplicada tras reintentar el envio,Medico,Quito,Efectividad,Falla de funcionalidad en el módulo Laboratorio que impide al usuario completar sus tareas de manera precisa y completa.
3443,9/3/2025,HCE,Orden medica no se sincroniza con el modulo de farmacia,Enfermeria,Quito,Efectividad,Error de integración funcional que impide la sincronización y actualización del registro médico entre módulos del HIS.
3620,9/3/2025,HCE,Tiempo de carga de la ficha clinica supera los 27s en horas pico,Enfermeria,Quito,Eficiencia,La latencia en horas pico para abrir la ficha clínica perjudica la productividad del médico durante la consulta.
3675,9/3/2025,Farmacia,Tiempo de respuesta del modulo de farmacia supera los 13s,Enfermeria,Cuenca,Eficiencia,"El sistema presenta tiempos de respuesta elevados que consumen recursos de tiempo innecesarios, degradando la eficiencia del usuario en sus tareas."
3780,9/3/2025,Facturacion,El sistema no reconoce el convenio con la aseguradora,Paciente,Guayaquil,Libertad de Riesgo,El no reconocimiento de convenios de aseguradoras genera fricción de cobro y riesgo de pérdidas económicas por servicios no cubiertos correctamente.
1576,9/4/2025,Imagenologia,Las imagenes de rayos X no cargan en el visor DICOM,Enfermeria,Cuenca,Efectividad,Falla de funcionalidad en el módulo Imagenologia que impide al usuario completar sus tareas de manera precisa y completa.
2510,9/4/2025,HCE,Duplicado de historia clinica al registrar un paciente ya existente,Enfermeria,Guayaquil,Libertad de Riesgo,"Riesgo de seguridad clínica debido a la fragmentación de la información de salud del paciente, lo que puede inducir a diagnósticos y tratamientos erróneos."
2735,9/4/2025,Portal Citas,Sesion expira antes de finalizar el proceso de agendamiento,Admision,Guayaquil,Satisfacción,"Mala experiencia de usuario que interrumpe de forma prematura el proceso de compra/agendamiento, forzando a repetir pasos."
2902,9/4/2025,HCE,Alerta de interaccion medicamentosa no se despliega correctamente,Enfermeria,Guayaquil,Libertad de Riesgo,El fallo en el despliegue de alertas de interacción farmacológica pone en riesgo inminente la salud del paciente ante combinaciones letales.
3181,9/4/2025,App Movil,El boton de teleconsulta no redirige correctamente a la videollamada,Paciente,Guayaquil,Efectividad,Falla de funcionalidad en el módulo App Movil que impide al usuario completar sus tareas de manera precisa y completa.
3419,9/4/2025,Portal Citas,Usuario no logra agendar tras 3 intentos,Paciente,Manta,Satisfacción,"Incapacidad del usuario de lograr su meta tras múltiples intentos, violando el RNF-02 y provocando un alto nivel de frustración."
1681,9/5/2025,Telemedicina,El chat de la consulta no permite enviar imagenes,Medico,Cuenca,Efectividad,Restricción de funcionalidad que impide al usuario realizar una acción requerida para completar su tarea.
2738,9/5/2025,Portal Citas,Cita agendada no aparece reflejada en el calendario del especialista,Admision,Quito,Efectividad,Falla de funcionalidad en el módulo Portal Citas que impide al usuario completar sus tareas de manera precisa y completa.
2963,9/5/2025,Portal Citas,El pago del bono de consulta no se refleja tras completarlo,Admision,Guayaquil,Libertad de Riesgo,Inconsistencia financiera en los cobros o transacciones del sistema que infringe las normativas contables y expone al hospital a pérdidas económicas.
3308,9/5/2025,HCE,Alerta de interaccion medicamentosa no se despliega correctamente,Medico,Quito,Libertad de Riesgo,El fallo en el despliegue de alertas de interacción farmacológica pone en riesgo inminente la salud del paciente ante combinaciones letales.
3395,9/5/2025,HCE,Perdida de la nota de evolucion tras un cierre inesperado de sesion,Enfermeria,Ambato,Efectividad,Falla de funcionalidad en el módulo HCE que impide al usuario completar sus tareas de manera precisa y completa.
3435,9/5/2025,Portal Citas,El sistema no envia la confirmacion por correo electronico,Admision,Quito,Efectividad,Falla funcional que impide completar la tarea de confirmación de cita al paciente por canal de correo electrónico.
3967,9/5/2025,Telemedicina,El medico no puede compartir pantalla con resultados de examenes,Paciente,Guayaquil,Efectividad,Falla de funcionalidad en el módulo Telemedicina que impide al usuario completar sus tareas de manera precisa y completa.
1450,9/6/2025,Imagenologia,El informe radiologico no se adjunta automaticamente a la HCE,Medico,Quito,Efectividad,Falla de funcionalidad en el módulo Imagenologia que impide al usuario completar sus tareas de manera precisa y completa.
1598,9/6/2025,Farmacia,Tiempo de respuesta del modulo de farmacia supera los 19s,Farmacia,Cuenca,Eficiencia,"El sistema presenta tiempos de respuesta elevados que consumen recursos de tiempo innecesarios, degradando la eficiencia del usuario en sus tareas."
1746,9/6/2025,Facturacion,Error de calculo en el copago del seguro medico,Admision,Quito,Libertad de Riesgo,"Errores en el cálculo del copago de seguros o discrepancias de montos facturados, induciendo a pérdidas financieras o reclamaciones legales."
2094,9/6/2025,HCE,Nota de evolucion tarda 24s en guardarse,Medico,Guayaquil,Eficiencia,"El tiempo de guardado supera los 8 segundos tolerables, violando directamente el requerimiento no funcional RNF-01 de rendimiento del sistema para notas clínicas."
2756,9/6/2025,Imagenologia,Las imagenes de rayos X no cargan en el visor DICOM,Medico,Quito,Efectividad,Falla de funcionalidad en el módulo Imagenologia que impide al usuario completar sus tareas de manera precisa y completa.
2833,9/6/2025,HCE,Perdida de la nota de evolucion tras un cierre inesperado de sesion,Medico,Ambato,Efectividad,Falla de funcionalidad en el módulo HCE que impide al usuario completar sus tareas de manera precisa y completa.
2878,9/6/2025,Facturacion,Reintento de transaccion genera doble cobro en la tarjeta,Paciente,Quito,Libertad de Riesgo,"Violación del requerimiento no funcional RNF-03 de facturación; genera cobros indebidos en las tarjetas del cliente, comprometiendo la confianza y el riesgo financiero."
2990,9/6/2025,Laboratorio,Codigo de barras de la muestra no es reconocido por el lector,Enfermeria,Guayaquil,Efectividad,Falla de funcionalidad en el módulo Laboratorio que impide al usuario completar sus tareas de manera precisa y completa.
2240,9/7/2025,Laboratorio,Codigo de barras de la muestra no es reconocido por el lector,Medico,Quito,Efectividad,Falla de funcionalidad en el módulo Laboratorio que impide al usuario completar sus tareas de manera precisa y completa.
2398,9/7/2025,Telemedicina,El chat de la consulta no permite enviar imagenes,Medico,Cuenca,Efectividad,Restricción de funcionalidad que impide al usuario realizar una acción requerida para completar su tarea.
2489,9/7/2025,HCE,Datos de otro paciente visibles brevemente al abrir un expediente,Enfermeria,Manta,Libertad de Riesgo,"Fuga de información y violación de la confidencialidad médica (HIPAA/Ley de Protección de Datos), exponiendo datos de otros pacientes."
2949,9/7/2025,Facturacion,Nota de credito no se aplica al saldo pendiente del paciente,Paciente,Guayaquil,Libertad de Riesgo,"Fallas en la aplicación de notas de crédito o reembolsos que distorsionan los estados de cuenta, arriesgando multas tributarias e inconformidad legal."
3193,9/7/2025,Portal Citas,Usuario no logra agendar tras 4 intentos,Paciente,Ambato,Satisfacción,"Incapacidad del usuario de lograr su meta tras múltiples intentos, violando el RNF-02 y provocando un alto nivel de frustración."
3200,9/7/2025,Telemedicina,Paciente no puede unirse a la sala virtual a la hora agendada,Medico,Cuenca,Efectividad,Falla de funcionalidad en el módulo Telemedicina que impide al usuario completar sus tareas de manera precisa y completa.
3587,9/7/2025,HCE,Firma electronica del medico no se valida al cerrar la consulta,Medico,Cuenca,Efectividad,Falla de funcionalidad en el módulo HCE que impide al usuario completar sus tareas de manera precisa y completa.
1026,9/8/2025,Portal Citas,Filtro de especialidad medica no devuelve resultados,Admision,Cuenca,Efectividad,Falla de funcionalidad en el módulo Portal Citas que impide al usuario completar sus tareas de manera precisa y completa.
1959,9/8/2025,Telemedicina,Audio desincronizado durante la teleconsulta,Medico,Manta,Satisfacción,Mala experiencia sensorial e interactiva durante la teleconsulta que impacta el RNF-05 y la percepción de calidad del servicio.
2541,9/8/2025,HCE,Consulta anterior no se muestra en el resumen de antecedentes,Enfermeria,Guayaquil,Efectividad,Falla de funcionalidad en el módulo HCE que impide al usuario completar sus tareas de manera precisa y completa.
2927,9/8/2025,Portal Citas,Filtro de especialidad medica no devuelve resultados,Admision,Ambato,Efectividad,Falla de funcionalidad en el módulo Portal Citas que impide al usuario completar sus tareas de manera precisa y completa.
3022,9/8/2025,Telemedicina,Audio desincronizado durante la teleconsulta,Medico,Manta,Satisfacción,Mala experiencia sensorial e interactiva durante la teleconsulta que impacta el RNF-05 y la percepción de calidad del servicio.
3273,9/8/2025,HCE,Alerta de interaccion medicamentosa no se despliega correctamente,Enfermeria,Cuenca,Libertad de Riesgo,El fallo en el despliegue de alertas de interacción farmacológica pone en riesgo inminente la salud del paciente ante combinaciones letales.
3964,9/8/2025,Farmacia,El sistema no descuenta automaticamente el medicamento dispensado,Enfermeria,Ambato,Efectividad,Falla de funcionalidad en el módulo Farmacia que impide al usuario completar sus tareas de manera precisa y completa.
1011,9/9/2025,Reportes Gerenciales,Discrepancia entre el reporte financiero y el modulo de facturacion,Gerencia,Guayaquil,Libertad de Riesgo,"Discrepancia contable entre reportes directivos y facturación real, afectando las decisiones del negocio y la integridad de las auditorías."
1111,9/9/2025,HCE,Alerta de interaccion medicamentosa no se despliega correctamente,Enfermeria,Cuenca,Libertad de Riesgo,El fallo en el despliegue de alertas de interacción farmacológica pone en riesgo inminente la salud del paciente ante combinaciones letales.
1183,9/9/2025,Telemedicina,Calidad de video muy baja pese a tener buena conexion a internet,Medico,Guayaquil,Satisfacción,Mala experiencia sensorial e interactiva durante la teleconsulta que impacta el RNF-05 y la percepción de calidad del servicio.
1231,9/9/2025,Telemedicina,Calidad de video muy baja pese a tener buena conexion a internet,Paciente,Manta,Satisfacción,Mala experiencia sensorial e interactiva durante la teleconsulta que impacta el RNF-05 y la percepción de calidad del servicio.
1554,9/9/2025,App Movil,Resultados de examenes no se visualizan en formato PDF,Paciente,Cuenca,Efectividad,Falla de funcionalidad en el módulo App Movil que impide al usuario completar sus tareas de manera precisa y completa.
2515,9/9/2025,Farmacia,Tiempo de respuesta del modulo de farmacia supera los 34s,Farmacia,Cuenca,Eficiencia,"El sistema presenta tiempos de respuesta elevados que consumen recursos de tiempo innecesarios, degradando la eficiencia del usuario en sus tareas."
2540,9/9/2025,Portal Citas,Cancelacion de cita no libera el cupo en el calendario,Admision,Cuenca,Efectividad,Falla de funcionalidad en el módulo Portal Citas que impide al usuario completar sus tareas de manera precisa y completa.
2554,9/9/2025,Laboratorio,Retraso de 25s en la disponibilidad de resultados criticos,Medico,Ambato,Eficiencia,"El sistema presenta tiempos de respuesta elevados que consumen recursos de tiempo innecesarios, degradando la eficiencia del usuario en sus tareas."
3831,9/9/2025,Facturacion,Reembolso aprobado no se refleja en el estado de cuenta,Admision,Guayaquil,Libertad de Riesgo,"Fallas en la aplicación de notas de crédito o reembolsos que distorsionan los estados de cuenta, arriesgando multas tributarias e inconformidad legal."
3901,9/9/2025,HCE,Tiempo de carga de la ficha clinica supera los 27s en horas pico,Medico,Guayaquil,Eficiencia,La latencia en horas pico para abrir la ficha clínica perjudica la productividad del médico durante la consulta.
1211,9/10/2025,Facturacion,Factura duplicada al reintentar pago,Paciente,Ambato,Libertad de Riesgo,"Violación del requerimiento no funcional RNF-03 de facturación; genera cobros indebidos en las tarjetas del cliente, comprometiendo la confianza y el riesgo financiero."
1372,9/10/2025,Facturacion,Error de calculo en el copago del seguro medico,Admision,Quito,Libertad de Riesgo,"Errores en el cálculo del copago de seguros o discrepancias de montos facturados, induciendo a pérdidas financieras o reclamaciones legales."
2715,9/10/2025,HCE,Nota de evolucion tarda 15s en guardarse,Enfermeria,Guayaquil,Eficiencia,"El tiempo de guardado supera los 8 segundos tolerables, violando directamente el requerimiento no funcional RNF-01 de rendimiento del sistema para notas clínicas."
2859,9/10/2025,HCE,Consulta anterior no se muestra en el resumen de antecedentes,Enfermeria,Ambato,Efectividad,Falla de funcionalidad en el módulo HCE que impide al usuario completar sus tareas de manera precisa y completa.
3174,9/10/2025,Laboratorio,Orden de laboratorio duplicada tras reintentar el envio,Medico,Quito,Efectividad,Falla de funcionalidad en el módulo Laboratorio que impide al usuario completar sus tareas de manera precisa y completa.
3755,9/10/2025,HCE,El sistema se congela al adjuntar resultados de laboratorio a la HCE,Medico,Ambato,Efectividad,Falla de funcionalidad en el módulo HCE que impide al usuario completar sus tareas de manera precisa y completa.
1260,9/11/2025,Facturacion,Nota de credito no se aplica al saldo pendiente del paciente,Paciente,Ambato,Libertad de Riesgo,"Fallas en la aplicación de notas de crédito o reembolsos que distorsionan los estados de cuenta, arriesgando multas tributarias e inconformidad legal."
2517,9/11/2025,Portal Citas,Notificacion de recordatorio de cita llega con la fecha incorrecta,Admision,Quito,Efectividad,Falla de funcionalidad en el módulo Portal Citas que impide al usuario completar sus tareas de manera precisa y completa.
3003,9/11/2025,Reportes Gerenciales,El dashboard de indicadores no refleja los datos del ultimo cierre,Gerencia,Quito,Efectividad,Inconsistencia en la actualización de datos que impide la visualización correcta de información operativa reciente.
3129,9/11/2025,HCE,Orden medica no se sincroniza con el modulo de farmacia,Enfermeria,Quito,Efectividad,Error de integración funcional que impide la sincronización y actualización del registro médico entre módulos del HIS.
3841,9/11/2025,Portal Citas,"Formulario confuso, abandono de registro antes de completar la cita",Paciente,Ambato,Satisfacción,"Diseño de interfaz de usuario confuso que provoca el abandono del registro, afectando la métrica de satisfacción y facilidad de uso percibida."
3845,9/11/2025,Reportes Gerenciales,Exportacion a Excel del reporte gerencial falla de forma intermitente,Gerencia,Cuenca,Efectividad,Falla intermitente en las exportaciones o ejecuciones de procesos del sistema que reduce la fiabilidad de las operaciones.
3879,9/11/2025,Imagenologia,El informe radiologico no se adjunta automaticamente a la HCE,Enfermeria,Ambato,Efectividad,Falla de funcionalidad en el módulo Imagenologia que impide al usuario completar sus tareas de manera precisa y completa.
1249,9/12/2025,App Movil,Notificaciones push no llegan pese a estar activadas,Paciente,Cuenca,Efectividad,Falla de funcionalidad en el módulo App Movil que impide al usuario completar sus tareas de manera precisa y completa.
1803,9/12/2025,App Movil,Consumo elevado de datos moviles al abrir el modulo de citas,Paciente,Quito,Cobertura de Contexto,"Consumo excesivo de ancho de banda móvil, lo que restringe el uso eficiente del sistema en redes celulares de datos (fuera de la intranet del hospital)."
2186,9/12/2025,HCE,El sistema no permite adjuntar imagenes de heridas desde la tablet,Medico,Quito,Cobertura de Contexto,El sistema presenta limitaciones de portabilidad y compatibilidad al operar en el contexto físico específico de tablets para adjuntar imágenes de heridas.
2363,9/12/2025,HCE,Duplicado de historia clinica al registrar un paciente ya existente,Enfermeria,Cuenca,Libertad de Riesgo,"Riesgo de seguridad clínica debido a la fragmentación de la información de salud del paciente, lo que puede inducir a diagnósticos y tratamientos erróneos."
2376,9/12/2025,Telemedicina,El medico no puede compartir pantalla con resultados de examenes,Medico,Cuenca,Efectividad,Falla de funcionalidad en el módulo Telemedicina que impide al usuario completar sus tareas de manera precisa y completa.
2835,9/12/2025,Imagenologia,El informe radiologico no se adjunta automaticamente a la HCE,Enfermeria,Ambato,Efectividad,Falla de funcionalidad en el módulo Imagenologia que impide al usuario completar sus tareas de manera precisa y completa.
3349,9/12/2025,Portal Citas,Filtro de especialidad medica no devuelve resultados,Admision,Guayaquil,Efectividad,Falla de funcionalidad en el módulo Portal Citas que impide al usuario completar sus tareas de manera precisa y completa.
3610,9/12/2025,Facturacion,Reembolso aprobado no se refleja en el estado de cuenta,Paciente,Quito,Libertad de Riesgo,"Fallas en la aplicación de notas de crédito o reembolsos que distorsionan los estados de cuenta, arriesgando multas tributarias e inconformidad legal."
3762,9/12/2025,Farmacia,Duplicidad de codigos entre dos presentaciones distintas de un mismo farmaco,Farmacia,Cuenca,Libertad de Riesgo,"La duplicación de códigos de fármacos introduce un riesgo de dispensación errónea en farmacia, comprometiendo la seguridad terapéutica del paciente."
1136,9/13/2025,Imagenologia,Perdida de calidad en las imagenes al ser visualizadas desde la app,Enfermeria,Ambato,Satisfacción,Degradación visual que afecta la comodidad y confianza de los médicos al visualizar estudios clínicos desde la app móvil.
2039,9/13/2025,Telemedicina,Videollamada se corta a los 4 minutos,Paciente,Guayaquil,Cobertura de Contexto,"Falta de resiliencia del canal de comunicación ante variaciones en la conectividad del usuario, interrumpiendo la sesión de teleconsulta en producción."
2244,9/13/2025,Laboratorio,Orden de laboratorio duplicada tras reintentar el envio,Enfermeria,Quito,Efectividad,Falla de funcionalidad en el módulo Laboratorio que impide al usuario completar sus tareas de manera precisa y completa.
3114,9/13/2025,Facturacion,Factura duplicada al reintentar pago,Admision,Quito,Libertad de Riesgo,"Violación del requerimiento no funcional RNF-03 de facturación; genera cobros indebidos en las tarjetas del cliente, comprometiendo la confianza y el riesgo financiero."
3198,9/13/2025,Laboratorio,Codigo de barras de la muestra no es reconocido por el lector,Medico,Manta,Efectividad,Falla de funcionalidad en el módulo Laboratorio que impide al usuario completar sus tareas de manera precisa y completa.
3309,9/13/2025,HCE,Perdida de la nota de evolucion tras un cierre inesperado de sesion,Medico,Guayaquil,Efectividad,Falla de funcionalidad en el módulo HCE que impide al usuario completar sus tareas de manera precisa y completa.
3416,9/13/2025,Imagenologia,El informe radiologico no se adjunta automaticamente a la HCE,Medico,Quito,Efectividad,Falla de funcionalidad en el módulo Imagenologia que impide al usuario completar sus tareas de manera precisa y completa.
3448,9/13/2025,Facturacion,Reembolso aprobado no se refleja en el estado de cuenta,Admision,Guayaquil,Libertad de Riesgo,"Fallas en la aplicación de notas de crédito o reembolsos que distorsionan los estados de cuenta, arriesgando multas tributarias e inconformidad legal."
3458,9/13/2025,Telemedicina,Receta electronica no se genera al finalizar la teleconsulta,Medico,Guayaquil,Efectividad,Falla de funcionalidad en el módulo Telemedicina que impide al usuario completar sus tareas de manera precisa y completa.
3461,9/13/2025,App Movil,Consumo elevado de datos moviles al abrir el modulo de citas,Paciente,Ambato,Cobertura de Contexto,"Consumo excesivo de ancho de banda móvil, lo que restringe el uso eficiente del sistema en redes celulares de datos (fuera de la intranet del hospital)."
3526,9/13/2025,Reportes Gerenciales,Tiempo de generacion del reporte mensual supera los 22 minutos,Gerencia,Quito,Eficiencia,"Demoras severas en la generación de reportes mensuales de inteligencia de negocio, penalizando la eficiencia en el tiempo de procesamiento y toma de decisiones."
1423,9/14/2025,HCE,Orden medica no se sincroniza con el modulo de farmacia,Enfermeria,Manta,Efectividad,Error de integración funcional que impide la sincronización y actualización del registro médico entre módulos del HIS.
2269,9/14/2025,Portal Citas,El portal muestra disponibilidad para un horario ya ocupado,Paciente,Guayaquil,Efectividad,Falla de funcionalidad en el módulo Portal Citas que impide al usuario completar sus tareas de manera precisa y completa.
2458,9/14/2025,Farmacia,El sistema bloquea la dispensacion sin mostrar el motivo,Farmacia,Ambato,Satisfacción,La falta de mensajes informativos claros y feedback del sistema incrementa la incertidumbre y frustración del operario farmacéutico.
2542,9/14/2025,Telemedicina,El medico no puede compartir pantalla con resultados de examenes,Paciente,Cuenca,Efectividad,Falla de funcionalidad en el módulo Telemedicina que impide al usuario completar sus tareas de manera precisa y completa.
3406,9/14/2025,App Movil,Resultados de examenes no se visualizan en formato PDF,Paciente,Quito,Efectividad,Falla de funcionalidad en el módulo App Movil que impide al usuario completar sus tareas de manera precisa y completa.
3569,9/14/2025,Imagenologia,Las imagenes de rayos X no cargan en el visor DICOM,Medico,Ambato,Efectividad,Falla de funcionalidad en el módulo Imagenologia que impide al usuario completar sus tareas de manera precisa y completa.
3695,9/14/2025,Portal Citas,Sesion expira antes de finalizar el proceso de agendamiento,Paciente,Ambato,Satisfacción,"Mala experiencia de usuario que interrumpe de forma prematura el proceso de compra/agendamiento, forzando a repetir pasos."
3769,9/14/2025,Farmacia,El sistema bloquea la dispensacion sin mostrar el motivo,Enfermeria,Quito,Satisfacción,La falta de mensajes informativos claros y feedback del sistema incrementa la incertidumbre y frustración del operario farmacéutico.
3833,9/14/2025,Portal Citas,Cancelacion de cita no libera el cupo en el calendario,Paciente,Guayaquil,Efectividad,Falla de funcionalidad en el módulo Portal Citas que impide al usuario completar sus tareas de manera precisa y completa.
3887,9/14/2025,HCE,Signos vitales registrados por enfermeria no aparecen en la HCE del medico,Enfermeria,Quito,Efectividad,Falla de funcionalidad en el módulo HCE que impide al usuario completar sus tareas de manera precisa y completa.
1065,9/15/2025,Imagenologia,El informe radiologico no se adjunta automaticamente a la HCE,Enfermeria,Guayaquil,Efectividad,Falla de funcionalidad en el módulo Imagenologia que impide al usuario completar sus tareas de manera precisa y completa.
1104,9/15/2025,Telemedicina,El chat de la consulta no permite enviar imagenes,Paciente,Quito,Efectividad,Restricción de funcionalidad que impide al usuario realizar una acción requerida para completar su tarea.
1330,9/15/2025,Farmacia,Tiempo de respuesta del modulo de farmacia supera los 27s,Farmacia,Quito,Eficiencia,"El sistema presenta tiempos de respuesta elevados que consumen recursos de tiempo innecesarios, degradando la eficiencia del usuario en sus tareas."
1506,9/15/2025,Laboratorio,Resultado de examen de laboratorio no se sincroniza con la HCE,Enfermeria,Manta,Efectividad,Error de integración funcional que impide la sincronización y actualización del registro médico entre módulos del HIS.
1733,9/15/2025,HCE,Tiempo de carga de la ficha clinica supera los 19s en horas pico,Enfermeria,Quito,Eficiencia,La latencia en horas pico para abrir la ficha clínica perjudica la productividad del médico durante la consulta.
2112,9/15/2025,HCE,Signos vitales registrados por enfermeria no aparecen en la HCE del medico,Enfermeria,Guayaquil,Efectividad,Falla de funcionalidad en el módulo HCE que impide al usuario completar sus tareas de manera precisa y completa.
2339,9/15/2025,Imagenologia,Las imagenes de rayos X no cargan en el visor DICOM,Enfermeria,Guayaquil,Efectividad,Falla de funcionalidad en el módulo Imagenologia que impide al usuario completar sus tareas de manera precisa y completa.
2935,9/15/2025,HCE,Historial de alergias no carga al abrir la ficha del paciente,Enfermeria,Ambato,Libertad de Riesgo,"Falla crítica que expone la seguridad del paciente al omitir información vital de alergias, con un alto riesgo de shock anafiláctico o mala praxis."
3878,9/15/2025,HCE,El campo de diagnostico CIE-10 no permite busqueda por texto,Enfermeria,Manta,Efectividad,Restricción de funcionalidad que impide al usuario realizar una acción requerida para completar su tarea.
3914,9/15/2025,HCE,Alerta de interaccion medicamentosa no se despliega correctamente,Medico,Quito,Libertad de Riesgo,El fallo en el despliegue de alertas de interacción farmacológica pone en riesgo inminente la salud del paciente ante combinaciones letales.
1438,9/16/2025,Farmacia,El sistema no descuenta automaticamente el medicamento dispensado,Farmacia,Ambato,Efectividad,Falla de funcionalidad en el módulo Farmacia que impide al usuario completar sus tareas de manera precisa y completa.
1621,9/16/2025,HCE,Datos de otro paciente visibles brevemente al abrir un expediente,Enfermeria,Cuenca,Libertad de Riesgo,"Fuga de información y violación de la confidencialidad médica (HIPAA/Ley de Protección de Datos), exponiendo datos de otros pacientes."
2393,9/16/2025,Reportes Gerenciales,El dashboard de indicadores no refleja los datos del ultimo cierre,Gerencia,Quito,Efectividad,Inconsistencia en la actualización de datos que impide la visualización correcta de información operativa reciente.
2407,9/16/2025,Portal Citas,Boton de confirmar cita no responde en dispositivos moviles,Admision,Guayaquil,Cobertura de Contexto,"Falla de adaptabilidad de la interfaz en el contexto de dispositivos móviles, impidiendo confirmar citas desde pantallas de formatos pequeños."
3038,9/16/2025,HCE,Tiempo de carga de la ficha clinica supera los 16s en horas pico,Medico,Quito,Eficiencia,La latencia en horas pico para abrir la ficha clínica perjudica la productividad del médico durante la consulta.
3681,9/16/2025,Facturacion,Reintento de transaccion genera doble cobro en la tarjeta,Paciente,Quito,Libertad de Riesgo,"Violación del requerimiento no funcional RNF-03 de facturación; genera cobros indebidos en las tarjetas del cliente, comprometiendo la confianza y el riesgo financiero."
1079,9/17/2025,Telemedicina,El medico no puede compartir pantalla con resultados de examenes,Paciente,Ambato,Efectividad,Falla de funcionalidad en el módulo Telemedicina que impide al usuario completar sus tareas de manera precisa y completa.
1159,9/17/2025,Facturacion,El sistema no permite anular una factura emitida por error,Paciente,Quito,Efectividad,Restricción de funcionalidad que impide al usuario realizar una acción requerida para completar su tarea.
1171,9/17/2025,HCE,Firma electronica del medico no se valida al cerrar la consulta,Enfermeria,Ambato,Efectividad,Falla de funcionalidad en el módulo HCE que impide al usuario completar sus tareas de manera precisa y completa.
1625,9/17/2025,Facturacion,El sistema no reconoce el convenio con la aseguradora,Admision,Quito,Libertad de Riesgo,El no reconocimiento de convenios de aseguradoras genera fricción de cobro y riesgo de pérdidas económicas por servicios no cubiertos correctamente.
2331,9/17/2025,Facturacion,El modulo de facturacion se cae durante el cierre de caja,Paciente,Manta,Efectividad,Falla de funcionalidad en el módulo Facturacion que impide al usuario completar sus tareas de manera precisa y completa.
2625,9/17/2025,App Movil,Resultados de examenes no se visualizan en formato PDF,Paciente,Quito,Efectividad,Falla de funcionalidad en el módulo App Movil que impide al usuario completar sus tareas de manera precisa y completa.
2638,9/17/2025,Telemedicina,La sesion se cierra automaticamente antes de terminar la consulta,Paciente,Quito,Efectividad,Falla de funcionalidad en el módulo Telemedicina que impide al usuario completar sus tareas de manera precisa y completa.
3113,9/17/2025,Laboratorio,Retraso de 27s en la disponibilidad de resultados criticos,Enfermeria,Guayaquil,Eficiencia,"El sistema presenta tiempos de respuesta elevados que consumen recursos de tiempo innecesarios, degradando la eficiencia del usuario en sus tareas."
1288,9/18/2025,Telemedicina,El medico no puede compartir pantalla con resultados de examenes,Medico,Ambato,Efectividad,Falla de funcionalidad en el módulo Telemedicina que impide al usuario completar sus tareas de manera precisa y completa.
1829,9/18/2025,Reportes Gerenciales,Exportacion a Excel del reporte gerencial falla de forma intermitente,Gerencia,Guayaquil,Efectividad,Falla intermitente en las exportaciones o ejecuciones de procesos del sistema que reduce la fiabilidad de las operaciones.
2262,9/18/2025,Laboratorio,Orden de laboratorio duplicada tras reintentar el envio,Enfermeria,Quito,Efectividad,Falla de funcionalidad en el módulo Laboratorio que impide al usuario completar sus tareas de manera precisa y completa.
2267,9/18/2025,Telemedicina,Videollamada se corta a los 3 minutos,Medico,Guayaquil,Cobertura de Contexto,"Falta de resiliencia del canal de comunicación ante variaciones en la conectividad del usuario, interrumpiendo la sesión de teleconsulta en producción."
2344,9/18/2025,Portal Citas,Usuario no logra agendar tras 4 intentos,Admision,Ambato,Satisfacción,"Incapacidad del usuario de lograr su meta tras múltiples intentos, violando el RNF-02 y provocando un alto nivel de frustración."
2440,9/18/2025,Portal Citas,"Formulario confuso, abandono de registro antes de completar la cita",Admision,Quito,Satisfacción,"Diseño de interfaz de usuario confuso que provoca el abandono del registro, afectando la métrica de satisfacción y facilidad de uso percibida."
2667,9/18/2025,Facturacion,Factura electronica no llega al correo registrado del paciente,Admision,Quito,Efectividad,Falla de funcionalidad en el módulo Facturacion que impide al usuario completar sus tareas de manera precisa y completa.
3208,9/18/2025,App Movil,Consumo elevado de datos moviles al abrir el modulo de citas,Paciente,Quito,Cobertura de Contexto,"Consumo excesivo de ancho de banda móvil, lo que restringe el uso eficiente del sistema en redes celulares de datos (fuera de la intranet del hospital)."
1365,9/19/2025,Facturacion,Reintento de transaccion genera doble cobro en la tarjeta,Admision,Cuenca,Libertad de Riesgo,"Violación del requerimiento no funcional RNF-03 de facturación; genera cobros indebidos en las tarjetas del cliente, comprometiendo la confianza y el riesgo financiero."
2292,9/19/2025,Portal Citas,Doble reserva de un mismo cupo por dos pacientes distintos,Paciente,Cuenca,Libertad de Riesgo,"Doble agendamiento de un mismo cupo que genera sobreventa de citas, colapso de agenda de especialistas y multas o insatisfacción comercial."
2322,9/19/2025,Reportes Gerenciales,Discrepancia entre el reporte financiero y el modulo de facturacion,Gerencia,Quito,Libertad de Riesgo,"Discrepancia contable entre reportes directivos y facturación real, afectando las decisiones del negocio y la integridad de las auditorías."
2901,9/19/2025,Portal Citas,Usuario no logra agendar tras 4 intentos,Admision,Ambato,Satisfacción,"Incapacidad del usuario de lograr su meta tras múltiples intentos, violando el RNF-02 y provocando un alto nivel de frustración."
3135,9/19/2025,HCE,Historial de alergias no carga al abrir la ficha del paciente,Medico,Quito,Libertad de Riesgo,"Falla crítica que expone la seguridad del paciente al omitir información vital de alergias, con un alto riesgo de shock anafiláctico o mala praxis."
3643,9/19/2025,HCE,Receta electronica se genera con la dosis incorrecta tras guardar,Medico,Ambato,Libertad de Riesgo,"Riesgo extremo de salud para el paciente al guardar dosis farmacológicas erróneas en la receta electrónica, pudiendo causar sobredosis o inefectividad clínica."
3760,9/19/2025,HCE,Nota de evolucion tarda 18s en guardarse,Enfermeria,Guayaquil,Eficiencia,"El tiempo de guardado supera los 8 segundos tolerables, violando directamente el requerimiento no funcional RNF-01 de rendimiento del sistema para notas clínicas."
1044,9/20/2025,App Movil,El inicio de sesion con biometria falla de forma intermitente,Paciente,Ambato,Satisfacción,La inestabilidad en el inicio biométrico genera frustración y reduce la confianza y comodidad del usuario al acceder al aplicativo móvil.
1366,9/20/2025,Laboratorio,Codigo de barras de la muestra no es reconocido por el lector,Medico,Cuenca,Efectividad,Falla de funcionalidad en el módulo Laboratorio que impide al usuario completar sus tareas de manera precisa y completa.
1675,9/20/2025,HCE,El sistema se congela al adjuntar resultados de laboratorio a la HCE,Medico,Quito,Efectividad,Falla de funcionalidad en el módulo HCE que impide al usuario completar sus tareas de manera precisa y completa.
1929,9/20/2025,Portal Citas,Filtro de especialidad medica no devuelve resultados,Paciente,Quito,Efectividad,Falla de funcionalidad en el módulo Portal Citas que impide al usuario completar sus tareas de manera precisa y completa.
2045,9/20/2025,Portal Citas,Usuario no logra agendar tras 5 intentos,Admision,Cuenca,Satisfacción,"Incapacidad del usuario de lograr su meta tras múltiples intentos, violando el RNF-02 y provocando un alto nivel de frustración."
2844,9/20/2025,Laboratorio,Orden de laboratorio duplicada tras reintentar el envio,Medico,Guayaquil,Efectividad,Falla de funcionalidad en el módulo Laboratorio que impide al usuario completar sus tareas de manera precisa y completa.
3052,9/20/2025,Portal Citas,"Formulario confuso, abandono de registro antes de completar la cita",Admision,Cuenca,Satisfacción,"Diseño de interfaz de usuario confuso que provoca el abandono del registro, afectando la métrica de satisfacción y facilidad de uso percibida."
3334,9/20/2025,Laboratorio,Codigo de barras de la muestra no es reconocido por el lector,Medico,Ambato,Efectividad,Falla de funcionalidad en el módulo Laboratorio que impide al usuario completar sus tareas de manera precisa y completa.
3409,9/20/2025,Farmacia,Receta electronica llega incompleta desde el modulo de HCE,Farmacia,Quito,Efectividad,Falla de funcionalidad en el módulo Farmacia que impide al usuario completar sus tareas de manera precisa y completa.
3533,9/20/2025,Farmacia,Error al registrar la dispensacion de un medicamento controlado,Farmacia,Quito,Libertad de Riesgo,"Error en el registro de medicamentos regulados, lo que genera riesgos legales, regulatorios y de seguridad en el control de sustancias psicotrópicas."
3566,9/20/2025,App Movil,El inicio de sesion con biometria falla de forma intermitente,Paciente,Manta,Satisfacción,La inestabilidad en el inicio biométrico genera frustración y reduce la confianza y comodidad del usuario al acceder al aplicativo móvil.
3637,9/20/2025,HCE,Nota de evolucion tarda 11s en guardarse,Medico,Cuenca,Eficiencia,"El tiempo de guardado supera los 8 segundos tolerables, violando directamente el requerimiento no funcional RNF-01 de rendimiento del sistema para notas clínicas."
1300,9/21/2025,Imagenologia,Las imagenes de rayos X no cargan en el visor DICOM,Medico,Manta,Efectividad,Falla de funcionalidad en el módulo Imagenologia que impide al usuario completar sus tareas de manera precisa y completa.
1311,9/21/2025,Portal Citas,Filtro de especialidad medica no devuelve resultados,Paciente,Quito,Efectividad,Falla de funcionalidad en el módulo Portal Citas que impide al usuario completar sus tareas de manera precisa y completa.
1444,9/21/2025,App Movil,Notificaciones push no llegan pese a estar activadas,Paciente,Ambato,Efectividad,Falla de funcionalidad en el módulo App Movil que impide al usuario completar sus tareas de manera precisa y completa.
1782,9/21/2025,Telemedicina,Paciente no puede unirse a la sala virtual a la hora agendada,Medico,Cuenca,Efectividad,Falla de funcionalidad en el módulo Telemedicina que impide al usuario completar sus tareas de manera precisa y completa.
1861,9/21/2025,Portal Citas,Doble reserva de un mismo cupo por dos pacientes distintos,Paciente,Quito,Libertad de Riesgo,"Doble agendamiento de un mismo cupo que genera sobreventa de citas, colapso de agenda de especialistas y multas o insatisfacción comercial."
2090,9/21/2025,Portal Citas,Filtro de especialidad medica no devuelve resultados,Paciente,Guayaquil,Efectividad,Falla de funcionalidad en el módulo Portal Citas que impide al usuario completar sus tareas de manera precisa y completa.
2577,9/21/2025,Telemedicina,Videollamada se corta a los 5 minutos,Medico,Guayaquil,Cobertura de Contexto,"Falta de resiliencia del canal de comunicación ante variaciones en la conectividad del usuario, interrumpiendo la sesión de teleconsulta en producción."
2987,9/21/2025,Imagenologia,Tiempo de carga de estudios de imagen supera los 15s,Medico,Guayaquil,Eficiencia,La lentitud en la carga y transferencia de archivos DICOM pesados degrada la eficiencia del flujo de trabajo clínico en imagenología.
1021,9/22/2025,HCE,Perdida de la nota de evolucion tras un cierre inesperado de sesion,Enfermeria,Cuenca,Efectividad,Falla de funcionalidad en el módulo HCE que impide al usuario completar sus tareas de manera precisa y completa.
1212,9/22/2025,HCE,Signos vitales registrados por enfermeria no aparecen en la HCE del medico,Medico,Manta,Efectividad,Falla de funcionalidad en el módulo HCE que impide al usuario completar sus tareas de manera precisa y completa.
1593,9/22/2025,Facturacion,Retraso de 26s al procesar el pago con tarjeta de credito,Paciente,Cuenca,Eficiencia,El procesamiento lento del cobro con tarjeta retrasa el flujo de caja y la atención administrativa de admisión.
1594,9/22/2025,Telemedicina,Receta electronica no se genera al finalizar la teleconsulta,Paciente,Manta,Efectividad,Falla de funcionalidad en el módulo Telemedicina que impide al usuario completar sus tareas de manera precisa y completa.
2130,9/22/2025,Laboratorio,Resultado de examen de laboratorio no se sincroniza con la HCE,Enfermeria,Guayaquil,Efectividad,Error de integración funcional que impide la sincronización y actualización del registro médico entre módulos del HIS.
3910,9/22/2025,Reportes Gerenciales,Discrepancia entre el reporte financiero y el modulo de facturacion,Gerencia,Guayaquil,Libertad de Riesgo,"Discrepancia contable entre reportes directivos y facturación real, afectando las decisiones del negocio y la integridad de las auditorías."
1088,9/23/2025,Facturacion,Retraso de 18s al procesar el pago con tarjeta de credito,Admision,Cuenca,Eficiencia,El procesamiento lento del cobro con tarjeta retrasa el flujo de caja y la atención administrativa de admisión.
1972,9/23/2025,Telemedicina,El medico no puede compartir pantalla con resultados de examenes,Medico,Guayaquil,Efectividad,Falla de funcionalidad en el módulo Telemedicina que impide al usuario completar sus tareas de manera precisa y completa.
2402,9/23/2025,Facturacion,Factura electronica no llega al correo registrado del paciente,Admision,Guayaquil,Efectividad,Falla de funcionalidad en el módulo Facturacion que impide al usuario completar sus tareas de manera precisa y completa.
3029,9/23/2025,Telemedicina,Paciente no puede unirse a la sala virtual a la hora agendada,Paciente,Cuenca,Efectividad,Falla de funcionalidad en el módulo Telemedicina que impide al usuario completar sus tareas de manera precisa y completa.
1031,9/24/2025,Telemedicina,La sesion se cierra automaticamente antes de terminar la consulta,Paciente,Ambato,Efectividad,Falla de funcionalidad en el módulo Telemedicina que impide al usuario completar sus tareas de manera precisa y completa.
1188,9/24/2025,Imagenologia,Tiempo de carga de estudios de imagen supera los 28s,Medico,Cuenca,Eficiencia,La lentitud en la carga y transferencia de archivos DICOM pesados degrada la eficiencia del flujo de trabajo clínico en imagenología.
1292,9/24/2025,App Movil,La aplicacion se cierra inesperadamente al abrir resultados de laboratorio,Paciente,Quito,Efectividad,"Interrupción abrupta del sistema que impide que el usuario termine el registro de datos, reduciendo la efectividad operativa."
1351,9/24/2025,Portal Citas,El portal muestra disponibilidad para un horario ya ocupado,Admision,Quito,Efectividad,Falla de funcionalidad en el módulo Portal Citas que impide al usuario completar sus tareas de manera precisa y completa.
1669,9/24/2025,HCE,Firma electronica del medico no se valida al cerrar la consulta,Medico,Cuenca,Efectividad,Falla de funcionalidad en el módulo HCE que impide al usuario completar sus tareas de manera precisa y completa.
1877,9/24/2025,Portal Citas,Notificacion de recordatorio de cita llega con la fecha incorrecta,Admision,Manta,Efectividad,Falla de funcionalidad en el módulo Portal Citas que impide al usuario completar sus tareas de manera precisa y completa.
2377,9/24/2025,App Movil,Notificaciones push no llegan pese a estar activadas,Paciente,Cuenca,Efectividad,Falla de funcionalidad en el módulo App Movil que impide al usuario completar sus tareas de manera precisa y completa.
2718,9/24/2025,HCE,El campo de diagnostico CIE-10 no permite busqueda por texto,Enfermeria,Guayaquil,Efectividad,Restricción de funcionalidad que impide al usuario realizar una acción requerida para completar su tarea.
3453,9/24/2025,Telemedicina,Videollamada se corta a los 2 minutos,Medico,Quito,Cobertura de Contexto,"Falta de resiliencia del canal de comunicación ante variaciones en la conectividad del usuario, interrumpiendo la sesión de teleconsulta en producción."
3805,9/24/2025,Farmacia,Alerta de vencimiento de lote no se muestra en el modulo,Farmacia,Quito,Libertad de Riesgo,Omitir la alerta de vencimiento de lotes farmacéuticos puede llevar a la administración de medicamentos caducados a los pacientes.
1614,9/25/2025,Facturacion,El sistema no reconoce el convenio con la aseguradora,Paciente,Guayaquil,Libertad de Riesgo,El no reconocimiento de convenios de aseguradoras genera fricción de cobro y riesgo de pérdidas económicas por servicios no cubiertos correctamente.
1656,9/25/2025,Farmacia,El sistema no descuenta automaticamente el medicamento dispensado,Farmacia,Cuenca,Efectividad,Falla de funcionalidad en el módulo Farmacia que impide al usuario completar sus tareas de manera precisa y completa.
1750,9/25/2025,Farmacia,El sistema no descuenta automaticamente el medicamento dispensado,Farmacia,Quito,Efectividad,Falla de funcionalidad en el módulo Farmacia que impide al usuario completar sus tareas de manera precisa y completa.
1920,9/25/2025,HCE,Tiempo de carga de la ficha clinica supera los 14s en horas pico,Medico,Quito,Eficiencia,La latencia en horas pico para abrir la ficha clínica perjudica la productividad del médico durante la consulta.
2580,9/25/2025,HCE,Historial de alergias no carga al abrir la ficha del paciente,Enfermeria,Quito,Libertad de Riesgo,"Falla crítica que expone la seguridad del paciente al omitir información vital de alergias, con un alto riesgo de shock anafiláctico o mala praxis."
3233,9/25/2025,Farmacia,Error al registrar la dispensacion de un medicamento controlado,Enfermeria,Quito,Libertad de Riesgo,"Error en el registro de medicamentos regulados, lo que genera riesgos legales, regulatorios y de seguridad en el control de sustancias psicotrópicas."
1195,9/26/2025,HCE,Historial de alergias no carga al abrir la ficha del paciente,Enfermeria,Cuenca,Libertad de Riesgo,"Falla crítica que expone la seguridad del paciente al omitir información vital de alergias, con un alto riesgo de shock anafiláctico o mala praxis."
1221,9/26/2025,HCE,El sistema no permite adjuntar imagenes de heridas desde la tablet,Medico,Manta,Cobertura de Contexto,El sistema presenta limitaciones de portabilidad y compatibilidad al operar en el contexto físico específico de tablets para adjuntar imágenes de heridas.
1517,9/26/2025,HCE,Perdida de la nota de evolucion tras un cierre inesperado de sesion,Enfermeria,Guayaquil,Efectividad,Falla de funcionalidad en el módulo HCE que impide al usuario completar sus tareas de manera precisa y completa.
1693,9/26/2025,Facturacion,El modulo de facturacion se cae durante el cierre de caja,Paciente,Quito,Efectividad,Falla de funcionalidad en el módulo Facturacion que impide al usuario completar sus tareas de manera precisa y completa.
3702,9/26/2025,Portal Citas,Filtro de especialidad medica no devuelve resultados,Admision,Guayaquil,Efectividad,Falla de funcionalidad en el módulo Portal Citas que impide al usuario completar sus tareas de manera precisa y completa.
3734,9/26/2025,Portal Citas,Sesion expira antes de finalizar el proceso de agendamiento,Admision,Quito,Satisfacción,"Mala experiencia de usuario que interrumpe de forma prematura el proceso de compra/agendamiento, forzando a repetir pasos."
1091,9/27/2025,HCE,El sistema se congela al adjuntar resultados de laboratorio a la HCE,Medico,Quito,Efectividad,Falla de funcionalidad en el módulo HCE que impide al usuario completar sus tareas de manera precisa y completa.
1931,9/27/2025,HCE,Receta electronica se genera con la dosis incorrecta tras guardar,Enfermeria,Cuenca,Libertad de Riesgo,"Riesgo extremo de salud para el paciente al guardar dosis farmacológicas erróneas en la receta electrónica, pudiendo causar sobredosis o inefectividad clínica."
2072,9/27/2025,HCE,Nota de evolucion tarda 31s en guardarse,Medico,Ambato,Eficiencia,"El tiempo de guardado supera los 8 segundos tolerables, violando directamente el requerimiento no funcional RNF-01 de rendimiento del sistema para notas clínicas."
2518,9/27/2025,Telemedicina,Videollamada se corta a los 4 minutos,Paciente,Quito,Cobertura de Contexto,"Falta de resiliencia del canal de comunicación ante variaciones en la conectividad del usuario, interrumpiendo la sesión de teleconsulta en producción."
2993,9/27/2025,Laboratorio,Codigo de barras de la muestra no es reconocido por el lector,Medico,Cuenca,Efectividad,Falla de funcionalidad en el módulo Laboratorio que impide al usuario completar sus tareas de manera precisa y completa.
3249,9/27/2025,Facturacion,Factura generada con el nombre del paciente incorrecto,Admision,Quito,Efectividad,Falla de funcionalidad en el módulo Facturacion que impide al usuario completar sus tareas de manera precisa y completa.
3336,9/27/2025,Facturacion,El modulo de facturacion se cae durante el cierre de caja,Admision,Guayaquil,Efectividad,Falla de funcionalidad en el módulo Facturacion que impide al usuario completar sus tareas de manera precisa y completa.
3357,9/27/2025,HCE,El sistema no permite adjuntar imagenes de heridas desde la tablet,Medico,Guayaquil,Cobertura de Contexto,El sistema presenta limitaciones de portabilidad y compatibilidad al operar en el contexto físico específico de tablets para adjuntar imágenes de heridas.
3552,9/27/2025,HCE,Tiempo de carga de la ficha clinica supera los 18s en horas pico,Enfermeria,Guayaquil,Eficiencia,La latencia en horas pico para abrir la ficha clínica perjudica la productividad del médico durante la consulta.
3834,9/27/2025,Portal Citas,Error al reagendar una cita previamente confirmada,Paciente,Quito,Efectividad,Falla de funcionalidad en el módulo Portal Citas que impide al usuario completar sus tareas de manera precisa y completa.
3954,9/27/2025,App Movil,Resultados de examenes no se visualizan en formato PDF,Paciente,Quito,Efectividad,Falla de funcionalidad en el módulo App Movil que impide al usuario completar sus tareas de manera precisa y completa.
1063,9/28/2025,Portal Citas,Error al reagendar una cita previamente confirmada,Admision,Manta,Efectividad,Falla de funcionalidad en el módulo Portal Citas que impide al usuario completar sus tareas de manera precisa y completa.
1117,9/28/2025,Portal Citas,El sistema no envia la confirmacion por correo electronico,Admision,Quito,Efectividad,Falla funcional que impide completar la tarea de confirmación de cita al paciente por canal de correo electrónico.
1315,9/28/2025,HCE,Duplicado de historia clinica al registrar un paciente ya existente,Enfermeria,Guayaquil,Libertad de Riesgo,"Riesgo de seguridad clínica debido a la fragmentación de la información de salud del paciente, lo que puede inducir a diagnósticos y tratamientos erróneos."
1403,9/28/2025,Portal Citas,El pago del bono de consulta no se refleja tras completarlo,Admision,Manta,Libertad de Riesgo,Inconsistencia financiera en los cobros o transacciones del sistema que infringe las normativas contables y expone al hospital a pérdidas económicas.
2308,9/28/2025,HCE,Tiempo de carga de la ficha clinica supera los 29s en horas pico,Enfermeria,Guayaquil,Eficiencia,La latencia en horas pico para abrir la ficha clínica perjudica la productividad del médico durante la consulta.
2375,9/28/2025,App Movil,Consumo elevado de datos moviles al abrir el modulo de citas,Paciente,Guayaquil,Cobertura de Contexto,"Consumo excesivo de ancho de banda móvil, lo que restringe el uso eficiente del sistema en redes celulares de datos (fuera de la intranet del hospital)."
3015,9/28/2025,Telemedicina,Paciente no puede unirse a la sala virtual a la hora agendada,Medico,Cuenca,Efectividad,Falla de funcionalidad en el módulo Telemedicina que impide al usuario completar sus tareas de manera precisa y completa.
3398,9/28/2025,HCE,Signos vitales registrados por enfermeria no aparecen en la HCE del medico,Medico,Guayaquil,Efectividad,Falla de funcionalidad en el módulo HCE que impide al usuario completar sus tareas de manera precisa y completa.
3728,9/28/2025,Portal Citas,Boton de confirmar cita no responde en dispositivos moviles,Admision,Guayaquil,Cobertura de Contexto,"Falla de adaptabilidad de la interfaz en el contexto de dispositivos móviles, impidiendo confirmar citas desde pantallas de formatos pequeños."
1028,9/29/2025,Farmacia,Alerta de vencimiento de lote no se muestra en el modulo,Enfermeria,Guayaquil,Libertad de Riesgo,Omitir la alerta de vencimiento de lotes farmacéuticos puede llevar a la administración de medicamentos caducados a los pacientes.
1452,9/29/2025,Imagenologia,Las imagenes de rayos X no cargan en el visor DICOM,Enfermeria,Guayaquil,Efectividad,Falla de funcionalidad en el módulo Imagenologia que impide al usuario completar sus tareas de manera precisa y completa.
2016,9/29/2025,App Movil,La app no permite actualizar el numero de contacto del paciente,Paciente,Ambato,Efectividad,Restricción de funcionalidad que impide al usuario realizar una acción requerida para completar su tarea.
2075,9/29/2025,HCE,Duplicado de historia clinica al registrar un paciente ya existente,Enfermeria,Guayaquil,Libertad de Riesgo,"Riesgo de seguridad clínica debido a la fragmentación de la información de salud del paciente, lo que puede inducir a diagnósticos y tratamientos erróneos."
2401,9/29/2025,Facturacion,El modulo de facturacion se cae durante el cierre de caja,Admision,Guayaquil,Efectividad,Falla de funcionalidad en el módulo Facturacion que impide al usuario completar sus tareas de manera precisa y completa.
2451,9/29/2025,Imagenologia,El informe radiologico no se adjunta automaticamente a la HCE,Enfermeria,Guayaquil,Efectividad,Falla de funcionalidad en el módulo Imagenologia que impide al usuario completar sus tareas de manera precisa y completa.
2477,9/29/2025,Facturacion,Reintento de transaccion genera doble cobro en la tarjeta,Admision,Guayaquil,Libertad de Riesgo,"Violación del requerimiento no funcional RNF-03 de facturación; genera cobros indebidos en las tarjetas del cliente, comprometiendo la confianza y el riesgo financiero."
3063,9/29/2025,Laboratorio,Retraso de 30s en la disponibilidad de resultados criticos,Enfermeria,Ambato,Eficiencia,"El sistema presenta tiempos de respuesta elevados que consumen recursos de tiempo innecesarios, degradando la eficiencia del usuario en sus tareas."
3559,9/29/2025,Farmacia,Error al registrar la dispensacion de un medicamento controlado,Farmacia,Quito,Libertad de Riesgo,"Error en el registro de medicamentos regulados, lo que genera riesgos legales, regulatorios y de seguridad en el control de sustancias psicotrópicas."
3743,9/29/2025,HCE,Datos de otro paciente visibles brevemente al abrir un expediente,Enfermeria,Quito,Libertad de Riesgo,"Fuga de información y violación de la confidencialidad médica (HIPAA/Ley de Protección de Datos), exponiendo datos de otros pacientes."
3882,9/29/2025,Laboratorio,El sistema no permite adjuntar el reporte en PDF del laboratorio externo,Medico,Guayaquil,Efectividad,Restricción de funcionalidad que impide al usuario realizar una acción requerida para completar su tarea.
1177,9/30/2025,Laboratorio,El sistema no permite adjuntar el reporte en PDF del laboratorio externo,Enfermeria,Ambato,Efectividad,Restricción de funcionalidad que impide al usuario realizar una acción requerida para completar su tarea.
1363,9/30/2025,Facturacion,El sistema no permite anular una factura emitida por error,Paciente,Ambato,Efectividad,Restricción de funcionalidad que impide al usuario realizar una acción requerida para completar su tarea.
1436,9/30/2025,Farmacia,Error al registrar la dispensacion de un medicamento controlado,Farmacia,Ambato,Libertad de Riesgo,"Error en el registro de medicamentos regulados, lo que genera riesgos legales, regulatorios y de seguridad en el control de sustancias psicotrópicas."
1623,9/30/2025,App Movil,La app no permite actualizar el numero de contacto del paciente,Paciente,Guayaquil,Efectividad,Restricción de funcionalidad que impide al usuario realizar una acción requerida para completar su tarea.
1836,9/30/2025,Farmacia,Tiempo de respuesta del modulo de farmacia supera los 35s,Enfermeria,Quito,Eficiencia,"El sistema presenta tiempos de respuesta elevados que consumen recursos de tiempo innecesarios, degradando la eficiencia del usuario en sus tareas."
2380,9/30/2025,App Movil,La app no permite actualizar el numero de contacto del paciente,Paciente,Ambato,Efectividad,Restricción de funcionalidad que impide al usuario realizar una acción requerida para completar su tarea.
2662,9/30/2025,Facturacion,El modulo de facturacion se cae durante el cierre de caja,Paciente,Ambato,Efectividad,Falla de funcionalidad en el módulo Facturacion que impide al usuario completar sus tareas de manera precisa y completa.
3920,9/30/2025,Laboratorio,Orden de laboratorio duplicada tras reintentar el envio,Medico,Guayaquil,Efectividad,Falla de funcionalidad en el módulo Laboratorio que impide al usuario completar sus tareas de manera precisa y completa.
1189,10/1/2025,Farmacia,Inventario del sistema no coincide con el stock fisico del insumo,Farmacia,Quito,Efectividad,Falla de funcionalidad en el módulo Farmacia que impide al usuario completar sus tareas de manera precisa y completa.
1370,10/1/2025,HCE,Signos vitales registrados por enfermeria no aparecen en la HCE del medico,Enfermeria,Ambato,Efectividad,Falla de funcionalidad en el módulo HCE que impide al usuario completar sus tareas de manera precisa y completa.
1602,10/1/2025,Farmacia,Tiempo de respuesta del modulo de farmacia supera los 34s,Enfermeria,Guayaquil,Eficiencia,"El sistema presenta tiempos de respuesta elevados que consumen recursos de tiempo innecesarios, degradando la eficiencia del usuario en sus tareas."
1752,10/1/2025,Laboratorio,Resultado de examen de laboratorio no se sincroniza con la HCE,Enfermeria,Guayaquil,Efectividad,Error de integración funcional que impide la sincronización y actualización del registro médico entre módulos del HIS.
2148,10/1/2025,HCE,Alerta de interaccion medicamentosa no se despliega correctamente,Medico,Cuenca,Libertad de Riesgo,El fallo en el despliegue de alertas de interacción farmacológica pone en riesgo inminente la salud del paciente ante combinaciones letales.
2171,10/1/2025,HCE,Alerta de interaccion medicamentosa no se despliega correctamente,Enfermeria,Quito,Libertad de Riesgo,El fallo en el despliegue de alertas de interacción farmacológica pone en riesgo inminente la salud del paciente ante combinaciones letales.
2231,10/1/2025,Facturacion,Retraso de 14s al procesar el pago con tarjeta de credito,Paciente,Guayaquil,Eficiencia,El procesamiento lento del cobro con tarjeta retrasa el flujo de caja y la atención administrativa de admisión.
2307,10/1/2025,Telemedicina,La sesion se cierra automaticamente antes de terminar la consulta,Paciente,Guayaquil,Efectividad,Falla de funcionalidad en el módulo Telemedicina que impide al usuario completar sus tareas de manera precisa y completa.
2673,10/1/2025,Facturacion,Nota de credito no se aplica al saldo pendiente del paciente,Admision,Manta,Libertad de Riesgo,"Fallas en la aplicación de notas de crédito o reembolsos que distorsionan los estados de cuenta, arriesgando multas tributarias e inconformidad legal."
2722,10/1/2025,HCE,Historial de alergias no carga al abrir la ficha del paciente,Enfermeria,Quito,Libertad de Riesgo,"Falla crítica que expone la seguridad del paciente al omitir información vital de alergias, con un alto riesgo de shock anafiláctico o mala praxis."
2744,10/1/2025,Laboratorio,Resultado de examen de laboratorio no se sincroniza con la HCE,Medico,Quito,Efectividad,Error de integración funcional que impide la sincronización y actualización del registro médico entre módulos del HIS.
2856,10/1/2025,Portal Citas,El pago del bono de consulta no se refleja tras completarlo,Paciente,Cuenca,Libertad de Riesgo,Inconsistencia financiera en los cobros o transacciones del sistema que infringe las normativas contables y expone al hospital a pérdidas económicas.
2966,10/1/2025,HCE,Datos de otro paciente visibles brevemente al abrir un expediente,Medico,Quito,Libertad de Riesgo,"Fuga de información y violación de la confidencialidad médica (HIPAA/Ley de Protección de Datos), exponiendo datos de otros pacientes."
3230,10/1/2025,Telemedicina,La sesion se cierra automaticamente antes de terminar la consulta,Paciente,Cuenca,Efectividad,Falla de funcionalidad en el módulo Telemedicina que impide al usuario completar sus tareas de manera precisa y completa.
3352,10/1/2025,HCE,Duplicado de historia clinica al registrar un paciente ya existente,Medico,Quito,Libertad de Riesgo,"Riesgo de seguridad clínica debido a la fragmentación de la información de salud del paciente, lo que puede inducir a diagnósticos y tratamientos erróneos."
3462,10/1/2025,HCE,El sistema no permite adjuntar imagenes de heridas desde la tablet,Enfermeria,Guayaquil,Cobertura de Contexto,El sistema presenta limitaciones de portabilidad y compatibilidad al operar en el contexto físico específico de tablets para adjuntar imágenes de heridas.
3536,10/1/2025,App Movil,Version desactualizada del app impide iniciar sesion,Paciente,Quito,Cobertura de Contexto,Incompatibilidad y falta de robustez del sistema cuando se ejecuta en el contexto de sistemas cliente que no cuentan con la última versión de software.
1915,10/2/2025,Facturacion,Nota de credito no se aplica al saldo pendiente del paciente,Admision,Cuenca,Libertad de Riesgo,"Fallas en la aplicación de notas de crédito o reembolsos que distorsionan los estados de cuenta, arriesgando multas tributarias e inconformidad legal."
2092,10/2/2025,HCE,Perdida de la nota de evolucion tras un cierre inesperado de sesion,Enfermeria,Manta,Efectividad,Falla de funcionalidad en el módulo HCE que impide al usuario completar sus tareas de manera precisa y completa.
3049,10/2/2025,HCE,Receta electronica se genera con la dosis incorrecta tras guardar,Enfermeria,Quito,Libertad de Riesgo,"Riesgo extremo de salud para el paciente al guardar dosis farmacológicas erróneas en la receta electrónica, pudiendo causar sobredosis o inefectividad clínica."
3508,10/2/2025,Facturacion,El modulo de facturacion se cae durante el cierre de caja,Paciente,Guayaquil,Efectividad,Falla de funcionalidad en el módulo Facturacion que impide al usuario completar sus tareas de manera precisa y completa.
3664,10/2/2025,Portal Citas,Notificacion de recordatorio de cita llega con la fecha incorrecta,Paciente,Quito,Efectividad,Falla de funcionalidad en el módulo Portal Citas que impide al usuario completar sus tareas de manera precisa y completa.
1001,10/3/2025,Portal Citas,Usuario no logra agendar tras 2 intentos,Paciente,Guayaquil,Satisfacción,"Incapacidad del usuario de lograr su meta tras múltiples intentos, violando el RNF-02 y provocando un alto nivel de frustración."
1178,10/3/2025,HCE,Duplicado de historia clinica al registrar un paciente ya existente,Enfermeria,Manta,Libertad de Riesgo,"Riesgo de seguridad clínica debido a la fragmentación de la información de salud del paciente, lo que puede inducir a diagnósticos y tratamientos erróneos."
1539,10/3/2025,App Movil,El inicio de sesion con biometria falla de forma intermitente,Paciente,Quito,Satisfacción,La inestabilidad en el inicio biométrico genera frustración y reduce la confianza y comodidad del usuario al acceder al aplicativo móvil.
2137,10/3/2025,App Movil,El boton de teleconsulta no redirige correctamente a la videollamada,Paciente,Guayaquil,Efectividad,Falla de funcionalidad en el módulo App Movil que impide al usuario completar sus tareas de manera precisa y completa.
2392,10/3/2025,Facturacion,El sistema no reconoce el convenio con la aseguradora,Admision,Manta,Libertad de Riesgo,El no reconocimiento de convenios de aseguradoras genera fricción de cobro y riesgo de pérdidas económicas por servicios no cubiertos correctamente.
3078,10/3/2025,Farmacia,Error al registrar la dispensacion de un medicamento controlado,Enfermeria,Quito,Libertad de Riesgo,"Error en el registro de medicamentos regulados, lo que genera riesgos legales, regulatorios y de seguridad en el control de sustancias psicotrópicas."
3209,10/3/2025,Imagenologia,El informe radiologico no se adjunta automaticamente a la HCE,Enfermeria,Manta,Efectividad,Falla de funcionalidad en el módulo Imagenologia que impide al usuario completar sus tareas de manera precisa y completa.
3633,10/3/2025,Telemedicina,La sesion se cierra automaticamente antes de terminar la consulta,Medico,Guayaquil,Efectividad,Falla de funcionalidad en el módulo Telemedicina que impide al usuario completar sus tareas de manera precisa y completa.
3797,10/3/2025,Farmacia,Inventario del sistema no coincide con el stock fisico del insumo,Farmacia,Cuenca,Efectividad,Falla de funcionalidad en el módulo Farmacia que impide al usuario completar sus tareas de manera precisa y completa.
3862,10/3/2025,HCE,Firma electronica del medico no se valida al cerrar la consulta,Enfermeria,Quito,Efectividad,Falla de funcionalidad en el módulo HCE que impide al usuario completar sus tareas de manera precisa y completa.
1116,10/4/2025,Portal Citas,El portal muestra disponibilidad para un horario ya ocupado,Paciente,Guayaquil,Efectividad,Falla de funcionalidad en el módulo Portal Citas que impide al usuario completar sus tareas de manera precisa y completa.
1142,10/4/2025,HCE,Receta electronica se genera con la dosis incorrecta tras guardar,Enfermeria,Cuenca,Libertad de Riesgo,"Riesgo extremo de salud para el paciente al guardar dosis farmacológicas erróneas en la receta electrónica, pudiendo causar sobredosis o inefectividad clínica."
1476,10/4/2025,Facturacion,Nota de credito no se aplica al saldo pendiente del paciente,Admision,Guayaquil,Libertad de Riesgo,"Fallas en la aplicación de notas de crédito o reembolsos que distorsionan los estados de cuenta, arriesgando multas tributarias e inconformidad legal."
1622,10/4/2025,HCE,Signos vitales registrados por enfermeria no aparecen en la HCE del medico,Enfermeria,Cuenca,Efectividad,Falla de funcionalidad en el módulo HCE que impide al usuario completar sus tareas de manera precisa y completa.
1665,10/4/2025,App Movil,Resultados de examenes no se visualizan en formato PDF,Paciente,Quito,Efectividad,Falla de funcionalidad en el módulo App Movil que impide al usuario completar sus tareas de manera precisa y completa.
2248,10/4/2025,Telemedicina,Videollamada se corta a los 3 minutos,Medico,Quito,Cobertura de Contexto,"Falta de resiliencia del canal de comunicación ante variaciones en la conectividad del usuario, interrumpiendo la sesión de teleconsulta en producción."
2419,10/4/2025,HCE,El sistema no permite adjuntar imagenes de heridas desde la tablet,Medico,Cuenca,Cobertura de Contexto,El sistema presenta limitaciones de portabilidad y compatibilidad al operar en el contexto físico específico de tablets para adjuntar imágenes de heridas.
3257,10/4/2025,Portal Citas,"Formulario confuso, abandono de registro antes de completar la cita",Admision,Quito,Satisfacción,"Diseño de interfaz de usuario confuso que provoca el abandono del registro, afectando la métrica de satisfacción y facilidad de uso percibida."
3305,10/4/2025,Portal Citas,Notificacion de recordatorio de cita llega con la fecha incorrecta,Paciente,Quito,Efectividad,Falla de funcionalidad en el módulo Portal Citas que impide al usuario completar sus tareas de manera precisa y completa.
3326,10/4/2025,Portal Citas,El pago del bono de consulta no se refleja tras completarlo,Admision,Ambato,Libertad de Riesgo,Inconsistencia financiera en los cobros o transacciones del sistema que infringe las normativas contables y expone al hospital a pérdidas económicas.
3530,10/4/2025,App Movil,El inicio de sesion con biometria falla de forma intermitente,Paciente,Manta,Satisfacción,La inestabilidad en el inicio biométrico genera frustración y reduce la confianza y comodidad del usuario al acceder al aplicativo móvil.
3576,10/4/2025,Farmacia,Error al registrar la dispensacion de un medicamento controlado,Farmacia,Guayaquil,Libertad de Riesgo,"Error en el registro de medicamentos regulados, lo que genera riesgos legales, regulatorios y de seguridad en el control de sustancias psicotrópicas."
3840,10/4/2025,Telemedicina,Receta electronica no se genera al finalizar la teleconsulta,Medico,Cuenca,Efectividad,Falla de funcionalidad en el módulo Telemedicina que impide al usuario completar sus tareas de manera precisa y completa.
1252,10/5/2025,Facturacion,Factura generada con el nombre del paciente incorrecto,Admision,Cuenca,Efectividad,Falla de funcionalidad en el módulo Facturacion que impide al usuario completar sus tareas de manera precisa y completa.
1991,10/5/2025,HCE,Tiempo de carga de la ficha clinica supera los 13s en horas pico,Enfermeria,Guayaquil,Eficiencia,La latencia en horas pico para abrir la ficha clínica perjudica la productividad del médico durante la consulta.
2026,10/5/2025,HCE,Receta electronica se genera con la dosis incorrecta tras guardar,Enfermeria,Manta,Libertad de Riesgo,"Riesgo extremo de salud para el paciente al guardar dosis farmacológicas erróneas en la receta electrónica, pudiendo causar sobredosis o inefectividad clínica."
2145,10/5/2025,Telemedicina,El medico no puede compartir pantalla con resultados de examenes,Medico,Quito,Efectividad,Falla de funcionalidad en el módulo Telemedicina que impide al usuario completar sus tareas de manera precisa y completa.
2286,10/5/2025,Farmacia,Duplicidad de codigos entre dos presentaciones distintas de un mismo farmaco,Enfermeria,Guayaquil,Libertad de Riesgo,"La duplicación de códigos de fármacos introduce un riesgo de dispensación errónea en farmacia, comprometiendo la seguridad terapéutica del paciente."
2657,10/5/2025,Portal Citas,"Formulario confuso, abandono de registro antes de completar la cita",Admision,Manta,Satisfacción,"Diseño de interfaz de usuario confuso que provoca el abandono del registro, afectando la métrica de satisfacción y facilidad de uso percibida."
2697,10/5/2025,HCE,Datos de otro paciente visibles brevemente al abrir un expediente,Medico,Guayaquil,Libertad de Riesgo,"Fuga de información y violación de la confidencialidad médica (HIPAA/Ley de Protección de Datos), exponiendo datos de otros pacientes."
3283,10/5/2025,App Movil,La aplicacion se cierra inesperadamente al abrir resultados de laboratorio,Paciente,Quito,Efectividad,"Interrupción abrupta del sistema que impide que el usuario termine el registro de datos, reduciendo la efectividad operativa."
2165,10/6/2025,App Movil,La aplicacion se cierra inesperadamente al abrir resultados de laboratorio,Paciente,Quito,Efectividad,"Interrupción abrupta del sistema que impide que el usuario termine el registro de datos, reduciendo la efectividad operativa."
2908,10/6/2025,HCE,Alerta de interaccion medicamentosa no se despliega correctamente,Medico,Ambato,Libertad de Riesgo,El fallo en el despliegue de alertas de interacción farmacológica pone en riesgo inminente la salud del paciente ante combinaciones letales.
2969,10/6/2025,Facturacion,Factura generada con el nombre del paciente incorrecto,Admision,Ambato,Efectividad,Falla de funcionalidad en el módulo Facturacion que impide al usuario completar sus tareas de manera precisa y completa.
2989,10/6/2025,Facturacion,Factura duplicada al reintentar pago,Paciente,Guayaquil,Libertad de Riesgo,"Violación del requerimiento no funcional RNF-03 de facturación; genera cobros indebidos en las tarjetas del cliente, comprometiendo la confianza y el riesgo financiero."
3507,10/6/2025,Farmacia,El sistema bloquea la dispensacion sin mostrar el motivo,Farmacia,Manta,Satisfacción,La falta de mensajes informativos claros y feedback del sistema incrementa la incertidumbre y frustración del operario farmacéutico.
1600,10/7/2025,Farmacia,Receta electronica llega incompleta desde el modulo de HCE,Enfermeria,Cuenca,Efectividad,Falla de funcionalidad en el módulo Farmacia que impide al usuario completar sus tareas de manera precisa y completa.
2120,10/7/2025,Facturacion,Retraso de 30s al procesar el pago con tarjeta de credito,Admision,Quito,Eficiencia,El procesamiento lento del cobro con tarjeta retrasa el flujo de caja y la atención administrativa de admisión.
2716,10/7/2025,App Movil,El boton de teleconsulta no redirige correctamente a la videollamada,Paciente,Ambato,Efectividad,Falla de funcionalidad en el módulo App Movil que impide al usuario completar sus tareas de manera precisa y completa.
2717,10/7/2025,HCE,Orden medica no se sincroniza con el modulo de farmacia,Medico,Quito,Efectividad,Error de integración funcional que impide la sincronización y actualización del registro médico entre módulos del HIS.
2911,10/7/2025,Portal Citas,Cita agendada no aparece reflejada en el calendario del especialista,Paciente,Quito,Efectividad,Falla de funcionalidad en el módulo Portal Citas que impide al usuario completar sus tareas de manera precisa y completa.
3159,10/7/2025,Farmacia,Inventario del sistema no coincide con el stock fisico del insumo,Enfermeria,Quito,Efectividad,Falla de funcionalidad en el módulo Farmacia que impide al usuario completar sus tareas de manera precisa y completa.
2082,10/8/2025,App Movil,Consumo elevado de datos moviles al abrir el modulo de citas,Paciente,Guayaquil,Cobertura de Contexto,"Consumo excesivo de ancho de banda móvil, lo que restringe el uso eficiente del sistema en redes celulares de datos (fuera de la intranet del hospital)."
2351,10/8/2025,Farmacia,El sistema bloquea la dispensacion sin mostrar el motivo,Farmacia,Quito,Satisfacción,La falta de mensajes informativos claros y feedback del sistema incrementa la incertidumbre y frustración del operario farmacéutico.
2431,10/8/2025,Farmacia,El sistema no descuenta automaticamente el medicamento dispensado,Farmacia,Ambato,Efectividad,Falla de funcionalidad en el módulo Farmacia que impide al usuario completar sus tareas de manera precisa y completa.
2512,10/8/2025,Portal Citas,El pago del bono de consulta no se refleja tras completarlo,Admision,Ambato,Libertad de Riesgo,Inconsistencia financiera en los cobros o transacciones del sistema que infringe las normativas contables y expone al hospital a pérdidas económicas.
2692,10/8/2025,Telemedicina,La sesion se cierra automaticamente antes de terminar la consulta,Paciente,Manta,Efectividad,Falla de funcionalidad en el módulo Telemedicina que impide al usuario completar sus tareas de manera precisa y completa.
3969,10/8/2025,Reportes Gerenciales,Tiempo de generacion del reporte mensual supera los 33 minutos,Gerencia,Quito,Eficiencia,"Demoras severas en la generación de reportes mensuales de inteligencia de negocio, penalizando la eficiencia en el tiempo de procesamiento y toma de decisiones."
1344,10/9/2025,Farmacia,Receta electronica llega incompleta desde el modulo de HCE,Enfermeria,Ambato,Efectividad,Falla de funcionalidad en el módulo Farmacia que impide al usuario completar sus tareas de manera precisa y completa.
1435,10/9/2025,Facturacion,Factura generada con el nombre del paciente incorrecto,Paciente,Quito,Efectividad,Falla de funcionalidad en el módulo Facturacion que impide al usuario completar sus tareas de manera precisa y completa.
1766,10/9/2025,Laboratorio,Codigo de barras de la muestra no es reconocido por el lector,Enfermeria,Ambato,Efectividad,Falla de funcionalidad en el módulo Laboratorio que impide al usuario completar sus tareas de manera precisa y completa.
1975,10/9/2025,Laboratorio,El sistema no permite adjuntar el reporte en PDF del laboratorio externo,Medico,Manta,Efectividad,Restricción de funcionalidad que impide al usuario realizar una acción requerida para completar su tarea.
2325,10/9/2025,Telemedicina,Grabacion de la consulta no se almacena correctamente,Medico,Quito,Efectividad,Falla de funcionalidad en el módulo Telemedicina que impide al usuario completar sus tareas de manera precisa y completa.
2422,10/9/2025,Imagenologia,Perdida de calidad en las imagenes al ser visualizadas desde la app,Enfermeria,Ambato,Satisfacción,Degradación visual que afecta la comodidad y confianza de los médicos al visualizar estudios clínicos desde la app móvil.
2526,10/9/2025,Telemedicina,Grabacion de la consulta no se almacena correctamente,Paciente,Guayaquil,Efectividad,Falla de funcionalidad en el módulo Telemedicina que impide al usuario completar sus tareas de manera precisa y completa.
2723,10/9/2025,Portal Citas,Sesion expira antes de finalizar el proceso de agendamiento,Admision,Guayaquil,Satisfacción,"Mala experiencia de usuario que interrumpe de forma prematura el proceso de compra/agendamiento, forzando a repetir pasos."
3377,10/9/2025,Facturacion,Factura electronica no llega al correo registrado del paciente,Admision,Quito,Efectividad,Falla de funcionalidad en el módulo Facturacion que impide al usuario completar sus tareas de manera precisa y completa.
3735,10/9/2025,Facturacion,El sistema no reconoce el convenio con la aseguradora,Admision,Quito,Libertad de Riesgo,El no reconocimiento de convenios de aseguradoras genera fricción de cobro y riesgo de pérdidas económicas por servicios no cubiertos correctamente.
3810,10/9/2025,Farmacia,Error al registrar la dispensacion de un medicamento controlado,Farmacia,Ambato,Libertad de Riesgo,"Error en el registro de medicamentos regulados, lo que genera riesgos legales, regulatorios y de seguridad en el control de sustancias psicotrópicas."
1478,10/10/2025,Portal Citas,Boton de confirmar cita no responde en dispositivos moviles,Admision,Ambato,Cobertura de Contexto,"Falla de adaptabilidad de la interfaz en el contexto de dispositivos móviles, impidiendo confirmar citas desde pantallas de formatos pequeños."
1800,10/10/2025,App Movil,Consumo elevado de datos moviles al abrir el modulo de citas,Paciente,Guayaquil,Cobertura de Contexto,"Consumo excesivo de ancho de banda móvil, lo que restringe el uso eficiente del sistema en redes celulares de datos (fuera de la intranet del hospital)."
1918,10/10/2025,Farmacia,El sistema bloquea la dispensacion sin mostrar el motivo,Enfermeria,Guayaquil,Satisfacción,La falta de mensajes informativos claros y feedback del sistema incrementa la incertidumbre y frustración del operario farmacéutico.
2152,10/10/2025,App Movil,La aplicacion se cierra inesperadamente al abrir resultados de laboratorio,Paciente,Manta,Efectividad,"Interrupción abrupta del sistema que impide que el usuario termine el registro de datos, reduciendo la efectividad operativa."
2310,10/10/2025,HCE,El sistema no permite adjuntar imagenes de heridas desde la tablet,Medico,Ambato,Cobertura de Contexto,El sistema presenta limitaciones de portabilidad y compatibilidad al operar en el contexto físico específico de tablets para adjuntar imágenes de heridas.
2355,10/10/2025,HCE,El sistema se congela al adjuntar resultados de laboratorio a la HCE,Medico,Cuenca,Efectividad,Falla de funcionalidad en el módulo HCE que impide al usuario completar sus tareas de manera precisa y completa.
2801,10/10/2025,HCE,Tiempo de carga de la ficha clinica supera los 23s en horas pico,Medico,Ambato,Eficiencia,La latencia en horas pico para abrir la ficha clínica perjudica la productividad del médico durante la consulta.
3054,10/10/2025,App Movil,La aplicacion se cierra inesperadamente al abrir resultados de laboratorio,Paciente,Guayaquil,Efectividad,"Interrupción abrupta del sistema que impide que el usuario termine el registro de datos, reduciendo la efectividad operativa."
3104,10/10/2025,Farmacia,Alerta de vencimiento de lote no se muestra en el modulo,Enfermeria,Manta,Libertad de Riesgo,Omitir la alerta de vencimiento de lotes farmacéuticos puede llevar a la administración de medicamentos caducados a los pacientes.
3330,10/10/2025,App Movil,Version desactualizada del app impide iniciar sesion,Paciente,Cuenca,Cobertura de Contexto,Incompatibilidad y falta de robustez del sistema cuando se ejecuta en el contexto de sistemas cliente que no cuentan con la última versión de software.
3572,10/10/2025,App Movil,Resultados de examenes no se visualizan en formato PDF,Paciente,Ambato,Efectividad,Falla de funcionalidad en el módulo App Movil que impide al usuario completar sus tareas de manera precisa y completa.
3768,10/10/2025,Facturacion,El modulo de facturacion se cae durante el cierre de caja,Paciente,Guayaquil,Efectividad,Falla de funcionalidad en el módulo Facturacion que impide al usuario completar sus tareas de manera precisa y completa.
1113,10/11/2025,App Movil,Notificaciones push no llegan pese a estar activadas,Paciente,Quito,Efectividad,Falla de funcionalidad en el módulo App Movil que impide al usuario completar sus tareas de manera precisa y completa.
1139,10/11/2025,Portal Citas,"Formulario confuso, abandono de registro antes de completar la cita",Paciente,Quito,Satisfacción,"Diseño de interfaz de usuario confuso que provoca el abandono del registro, afectando la métrica de satisfacción y facilidad de uso percibida."
2834,10/11/2025,Facturacion,Factura duplicada al reintentar pago,Paciente,Quito,Libertad de Riesgo,"Violación del requerimiento no funcional RNF-03 de facturación; genera cobros indebidos en las tarjetas del cliente, comprometiendo la confianza y el riesgo financiero."
3034,10/11/2025,Facturacion,Error de calculo en el copago del seguro medico,Admision,Ambato,Libertad de Riesgo,"Errores en el cálculo del copago de seguros o discrepancias de montos facturados, induciendo a pérdidas financieras o reclamaciones legales."
3341,10/11/2025,Facturacion,Discrepancia entre el monto facturado y el detalle de servicios,Paciente,Guayaquil,Libertad de Riesgo,"Errores en el cálculo del copago de seguros o discrepancias de montos facturados, induciendo a pérdidas financieras o reclamaciones legales."
3481,10/11/2025,HCE,Alerta de interaccion medicamentosa no se despliega correctamente,Enfermeria,Quito,Libertad de Riesgo,El fallo en el despliegue de alertas de interacción farmacológica pone en riesgo inminente la salud del paciente ante combinaciones letales.
1258,10/12/2025,Portal Citas,El sistema no envia la confirmacion por correo electronico,Paciente,Quito,Efectividad,Falla funcional que impide completar la tarea de confirmación de cita al paciente por canal de correo electrónico.
1368,10/12/2025,Reportes Gerenciales,El dashboard de indicadores no refleja los datos del ultimo cierre,Gerencia,Cuenca,Efectividad,Inconsistencia en la actualización de datos que impide la visualización correcta de información operativa reciente.
1796,10/12/2025,Portal Citas,El pago del bono de consulta no se refleja tras completarlo,Admision,Manta,Libertad de Riesgo,Inconsistencia financiera en los cobros o transacciones del sistema que infringe las normativas contables y expone al hospital a pérdidas económicas.
1838,10/12/2025,Laboratorio,El sistema no permite adjuntar el reporte en PDF del laboratorio externo,Medico,Guayaquil,Efectividad,Restricción de funcionalidad que impide al usuario realizar una acción requerida para completar su tarea.
2274,10/12/2025,Facturacion,Retraso de 24s al procesar el pago con tarjeta de credito,Admision,Quito,Eficiencia,El procesamiento lento del cobro con tarjeta retrasa el flujo de caja y la atención administrativa de admisión.
2553,10/12/2025,Imagenologia,Perdida de calidad en las imagenes al ser visualizadas desde la app,Medico,Quito,Satisfacción,Degradación visual que afecta la comodidad y confianza de los médicos al visualizar estudios clínicos desde la app móvil.
2721,10/12/2025,Portal Citas,El portal muestra disponibilidad para un horario ya ocupado,Admision,Guayaquil,Efectividad,Falla de funcionalidad en el módulo Portal Citas que impide al usuario completar sus tareas de manera precisa y completa.
2862,10/12/2025,HCE,Consulta anterior no se muestra en el resumen de antecedentes,Medico,Guayaquil,Efectividad,Falla de funcionalidad en el módulo HCE que impide al usuario completar sus tareas de manera precisa y completa.
3232,10/12/2025,Imagenologia,Perdida de calidad en las imagenes al ser visualizadas desde la app,Enfermeria,Cuenca,Satisfacción,Degradación visual que afecta la comodidad y confianza de los médicos al visualizar estudios clínicos desde la app móvil.
3446,10/12/2025,Portal Citas,El portal muestra disponibilidad para un horario ya ocupado,Paciente,Cuenca,Efectividad,Falla de funcionalidad en el módulo Portal Citas que impide al usuario completar sus tareas de manera precisa y completa.
3521,10/12/2025,Farmacia,El sistema no descuenta automaticamente el medicamento dispensado,Farmacia,Quito,Efectividad,Falla de funcionalidad en el módulo Farmacia que impide al usuario completar sus tareas de manera precisa y completa.
1502,10/13/2025,Portal Citas,Usuario no logra agendar tras 5 intentos,Paciente,Quito,Satisfacción,"Incapacidad del usuario de lograr su meta tras múltiples intentos, violando el RNF-02 y provocando un alto nivel de frustración."
2095,10/13/2025,Laboratorio,El sistema no permite adjuntar el reporte en PDF del laboratorio externo,Enfermeria,Cuenca,Efectividad,Restricción de funcionalidad que impide al usuario realizar una acción requerida para completar su tarea.
2096,10/13/2025,Farmacia,Alerta de vencimiento de lote no se muestra en el modulo,Enfermeria,Ambato,Libertad de Riesgo,Omitir la alerta de vencimiento de lotes farmacéuticos puede llevar a la administración de medicamentos caducados a los pacientes.
2563,10/13/2025,HCE,Alerta de interaccion medicamentosa no se despliega correctamente,Enfermeria,Quito,Libertad de Riesgo,El fallo en el despliegue de alertas de interacción farmacológica pone en riesgo inminente la salud del paciente ante combinaciones letales.
3142,10/13/2025,Farmacia,Duplicidad de codigos entre dos presentaciones distintas de un mismo farmaco,Farmacia,Manta,Libertad de Riesgo,"La duplicación de códigos de fármacos introduce un riesgo de dispensación errónea en farmacia, comprometiendo la seguridad terapéutica del paciente."
3227,10/13/2025,Farmacia,El sistema bloquea la dispensacion sin mostrar el motivo,Farmacia,Quito,Satisfacción,La falta de mensajes informativos claros y feedback del sistema incrementa la incertidumbre y frustración del operario farmacéutico.
3331,10/13/2025,Portal Citas,Cancelacion de cita no libera el cupo en el calendario,Paciente,Guayaquil,Efectividad,Falla de funcionalidad en el módulo Portal Citas que impide al usuario completar sus tareas de manera precisa y completa.
3420,10/13/2025,Portal Citas,Tiempo de espera en el portal supera los 29s en horas pico,Admision,Quito,Eficiencia,"El sistema presenta tiempos de respuesta elevados que consumen recursos de tiempo innecesarios, degradando la eficiencia del usuario en sus tareas."
3479,10/13/2025,Telemedicina,Receta electronica no se genera al finalizar la teleconsulta,Medico,Quito,Efectividad,Falla de funcionalidad en el módulo Telemedicina que impide al usuario completar sus tareas de manera precisa y completa.
3778,10/13/2025,Farmacia,El sistema no descuenta automaticamente el medicamento dispensado,Farmacia,Guayaquil,Efectividad,Falla de funcionalidad en el módulo Farmacia que impide al usuario completar sus tareas de manera precisa y completa.
3858,10/13/2025,Portal Citas,Usuario no logra agendar tras 5 intentos,Paciente,Quito,Satisfacción,"Incapacidad del usuario de lograr su meta tras múltiples intentos, violando el RNF-02 y provocando un alto nivel de frustración."
3870,10/13/2025,Portal Citas,Notificacion de recordatorio de cita llega con la fecha incorrecta,Admision,Ambato,Efectividad,Falla de funcionalidad en el módulo Portal Citas que impide al usuario completar sus tareas de manera precisa y completa.
1103,10/14/2025,Portal Citas,El portal muestra disponibilidad para un horario ya ocupado,Admision,Guayaquil,Efectividad,Falla de funcionalidad en el módulo Portal Citas que impide al usuario completar sus tareas de manera precisa y completa.
1274,10/14/2025,App Movil,Notificaciones push no llegan pese a estar activadas,Paciente,Cuenca,Efectividad,Falla de funcionalidad en el módulo App Movil que impide al usuario completar sus tareas de manera precisa y completa.
1295,10/14/2025,Portal Citas,Usuario no logra agendar tras 2 intentos,Paciente,Guayaquil,Satisfacción,"Incapacidad del usuario de lograr su meta tras múltiples intentos, violando el RNF-02 y provocando un alto nivel de frustración."
1414,10/14/2025,HCE,Perdida de la nota de evolucion tras un cierre inesperado de sesion,Enfermeria,Guayaquil,Efectividad,Falla de funcionalidad en el módulo HCE que impide al usuario completar sus tareas de manera precisa y completa.
1508,10/14/2025,Telemedicina,Videollamada se corta a los 2 minutos,Paciente,Ambato,Cobertura de Contexto,"Falta de resiliencia del canal de comunicación ante variaciones en la conectividad del usuario, interrumpiendo la sesión de teleconsulta en producción."
1714,10/14/2025,App Movil,El boton de teleconsulta no redirige correctamente a la videollamada,Paciente,Guayaquil,Efectividad,Falla de funcionalidad en el módulo App Movil que impide al usuario completar sus tareas de manera precisa y completa.
1981,10/14/2025,HCE,El sistema no permite adjuntar imagenes de heridas desde la tablet,Medico,Quito,Cobertura de Contexto,El sistema presenta limitaciones de portabilidad y compatibilidad al operar en el contexto físico específico de tablets para adjuntar imágenes de heridas.
2559,10/14/2025,App Movil,Version desactualizada del app impide iniciar sesion,Paciente,Quito,Cobertura de Contexto,Incompatibilidad y falta de robustez del sistema cuando se ejecuta en el contexto de sistemas cliente que no cuentan con la última versión de software.
2658,10/14/2025,HCE,Perdida de la nota de evolucion tras un cierre inesperado de sesion,Enfermeria,Quito,Efectividad,Falla de funcionalidad en el módulo HCE que impide al usuario completar sus tareas de manera precisa y completa.
2955,10/14/2025,HCE,Signos vitales registrados por enfermeria no aparecen en la HCE del medico,Enfermeria,Quito,Efectividad,Falla de funcionalidad en el módulo HCE que impide al usuario completar sus tareas de manera precisa y completa.
3455,10/14/2025,Portal Citas,Cancelacion de cita no libera el cupo en el calendario,Admision,Cuenca,Efectividad,Falla de funcionalidad en el módulo Portal Citas que impide al usuario completar sus tareas de manera precisa y completa.
3963,10/14/2025,HCE,El sistema se congela al adjuntar resultados de laboratorio a la HCE,Enfermeria,Guayaquil,Efectividad,Falla de funcionalidad en el módulo HCE que impide al usuario completar sus tareas de manera precisa y completa.
4000,10/14/2025,Telemedicina,El chat de la consulta no permite enviar imagenes,Medico,Manta,Efectividad,Restricción de funcionalidad que impide al usuario realizar una acción requerida para completar su tarea.
1608,10/15/2025,Telemedicina,Receta electronica no se genera al finalizar la teleconsulta,Medico,Quito,Efectividad,Falla de funcionalidad en el módulo Telemedicina que impide al usuario completar sus tareas de manera precisa y completa.
1820,10/15/2025,App Movil,Consumo elevado de datos moviles al abrir el modulo de citas,Paciente,Manta,Cobertura de Contexto,"Consumo excesivo de ancho de banda móvil, lo que restringe el uso eficiente del sistema en redes celulares de datos (fuera de la intranet del hospital)."
2521,10/15/2025,HCE,Nota de evolucion tarda 11s en guardarse,Medico,Ambato,Eficiencia,"El tiempo de guardado supera los 8 segundos tolerables, violando directamente el requerimiento no funcional RNF-01 de rendimiento del sistema para notas clínicas."
1381,10/16/2025,HCE,Alerta de interaccion medicamentosa no se despliega correctamente,Enfermeria,Quito,Libertad de Riesgo,El fallo en el despliegue de alertas de interacción farmacológica pone en riesgo inminente la salud del paciente ante combinaciones letales.
1653,10/16/2025,Laboratorio,Resultado de examen de laboratorio no se sincroniza con la HCE,Enfermeria,Quito,Efectividad,Error de integración funcional que impide la sincronización y actualización del registro médico entre módulos del HIS.
1727,10/16/2025,Telemedicina,Videollamada se corta a los 5 minutos,Paciente,Quito,Cobertura de Contexto,"Falta de resiliencia del canal de comunicación ante variaciones en la conectividad del usuario, interrumpiendo la sesión de teleconsulta en producción."
1778,10/16/2025,Facturacion,El sistema no reconoce el convenio con la aseguradora,Admision,Cuenca,Libertad de Riesgo,El no reconocimiento de convenios de aseguradoras genera fricción de cobro y riesgo de pérdidas económicas por servicios no cubiertos correctamente.
1815,10/16/2025,Telemedicina,El medico no puede compartir pantalla con resultados de examenes,Medico,Cuenca,Efectividad,Falla de funcionalidad en el módulo Telemedicina que impide al usuario completar sus tareas de manera precisa y completa.
2100,10/16/2025,HCE,El sistema se congela al adjuntar resultados de laboratorio a la HCE,Enfermeria,Cuenca,Efectividad,Falla de funcionalidad en el módulo HCE que impide al usuario completar sus tareas de manera precisa y completa.
2303,10/16/2025,Reportes Gerenciales,Discrepancia entre el reporte financiero y el modulo de facturacion,Gerencia,Quito,Libertad de Riesgo,"Discrepancia contable entre reportes directivos y facturación real, afectando las decisiones del negocio y la integridad de las auditorías."
2509,10/16/2025,Portal Citas,El pago del bono de consulta no se refleja tras completarlo,Paciente,Quito,Libertad de Riesgo,Inconsistencia financiera en los cobros o transacciones del sistema que infringe las normativas contables y expone al hospital a pérdidas económicas.
2789,10/16/2025,Portal Citas,Error al reagendar una cita previamente confirmada,Paciente,Quito,Efectividad,Falla de funcionalidad en el módulo Portal Citas que impide al usuario completar sus tareas de manera precisa y completa.
3053,10/16/2025,HCE,Consulta anterior no se muestra en el resumen de antecedentes,Enfermeria,Quito,Efectividad,Falla de funcionalidad en el módulo HCE que impide al usuario completar sus tareas de manera precisa y completa.
3258,10/16/2025,Telemedicina,La sesion se cierra automaticamente antes de terminar la consulta,Medico,Ambato,Efectividad,Falla de funcionalidad en el módulo Telemedicina que impide al usuario completar sus tareas de manera precisa y completa.
3601,10/16/2025,App Movil,Resultados de examenes no se visualizan en formato PDF,Paciente,Quito,Efectividad,Falla de funcionalidad en el módulo App Movil que impide al usuario completar sus tareas de manera precisa y completa.
3631,10/16/2025,HCE,Historial de alergias no carga al abrir la ficha del paciente,Enfermeria,Guayaquil,Libertad de Riesgo,"Falla crítica que expone la seguridad del paciente al omitir información vital de alergias, con un alto riesgo de shock anafiláctico o mala praxis."
1253,10/17/2025,Telemedicina,Calidad de video muy baja pese a tener buena conexion a internet,Paciente,Quito,Satisfacción,Mala experiencia sensorial e interactiva durante la teleconsulta que impacta el RNF-05 y la percepción de calidad del servicio.
2439,10/17/2025,Portal Citas,Sesion expira antes de finalizar el proceso de agendamiento,Admision,Quito,Satisfacción,"Mala experiencia de usuario que interrumpe de forma prematura el proceso de compra/agendamiento, forzando a repetir pasos."
3529,10/17/2025,Farmacia,Alerta de vencimiento de lote no se muestra en el modulo,Farmacia,Guayaquil,Libertad de Riesgo,Omitir la alerta de vencimiento de lotes farmacéuticos puede llevar a la administración de medicamentos caducados a los pacientes.
1003,10/18/2025,Portal Citas,Doble reserva de un mismo cupo por dos pacientes distintos,Paciente,Quito,Libertad de Riesgo,"Doble agendamiento de un mismo cupo que genera sobreventa de citas, colapso de agenda de especialistas y multas o insatisfacción comercial."
1209,10/18/2025,Facturacion,Reembolso aprobado no se refleja en el estado de cuenta,Admision,Guayaquil,Libertad de Riesgo,"Fallas en la aplicación de notas de crédito o reembolsos que distorsionan los estados de cuenta, arriesgando multas tributarias e inconformidad legal."
1245,10/18/2025,HCE,Nota de evolucion tarda 35s en guardarse,Enfermeria,Ambato,Eficiencia,"El tiempo de guardado supera los 8 segundos tolerables, violando directamente el requerimiento no funcional RNF-01 de rendimiento del sistema para notas clínicas."
1297,10/18/2025,Portal Citas,"Formulario confuso, abandono de registro antes de completar la cita",Paciente,Cuenca,Satisfacción,"Diseño de interfaz de usuario confuso que provoca el abandono del registro, afectando la métrica de satisfacción y facilidad de uso percibida."
1541,10/18/2025,HCE,Nota de evolucion tarda 22s en guardarse,Medico,Cuenca,Eficiencia,"El tiempo de guardado supera los 8 segundos tolerables, violando directamente el requerimiento no funcional RNF-01 de rendimiento del sistema para notas clínicas."
2206,10/18/2025,Farmacia,Alerta de vencimiento de lote no se muestra en el modulo,Farmacia,Quito,Libertad de Riesgo,Omitir la alerta de vencimiento de lotes farmacéuticos puede llevar a la administración de medicamentos caducados a los pacientes.
2719,10/18/2025,HCE,Signos vitales registrados por enfermeria no aparecen en la HCE del medico,Enfermeria,Guayaquil,Efectividad,Falla de funcionalidad en el módulo HCE que impide al usuario completar sus tareas de manera precisa y completa.
1143,10/19/2025,App Movil,La app no permite actualizar el numero de contacto del paciente,Paciente,Ambato,Efectividad,Restricción de funcionalidad que impide al usuario realizar una acción requerida para completar su tarea.
1155,10/19/2025,Portal Citas,Doble reserva de un mismo cupo por dos pacientes distintos,Admision,Cuenca,Libertad de Riesgo,"Doble agendamiento de un mismo cupo que genera sobreventa de citas, colapso de agenda de especialistas y multas o insatisfacción comercial."
1293,10/19/2025,Telemedicina,Grabacion de la consulta no se almacena correctamente,Paciente,Quito,Efectividad,Falla de funcionalidad en el módulo Telemedicina que impide al usuario completar sus tareas de manera precisa y completa.
2010,10/19/2025,Telemedicina,El medico no puede compartir pantalla con resultados de examenes,Paciente,Guayaquil,Efectividad,Falla de funcionalidad en el módulo Telemedicina que impide al usuario completar sus tareas de manera precisa y completa.
2153,10/19/2025,HCE,Tiempo de carga de la ficha clinica supera los 20s en horas pico,Enfermeria,Guayaquil,Eficiencia,La latencia en horas pico para abrir la ficha clínica perjudica la productividad del médico durante la consulta.
2199,10/19/2025,HCE,El sistema no permite adjuntar imagenes de heridas desde la tablet,Enfermeria,Cuenca,Cobertura de Contexto,El sistema presenta limitaciones de portabilidad y compatibilidad al operar en el contexto físico específico de tablets para adjuntar imágenes de heridas.
2483,10/19/2025,HCE,Nota de evolucion tarda 26s en guardarse,Medico,Ambato,Eficiencia,"El tiempo de guardado supera los 8 segundos tolerables, violando directamente el requerimiento no funcional RNF-01 de rendimiento del sistema para notas clínicas."
2664,10/19/2025,Facturacion,Factura generada con el nombre del paciente incorrecto,Paciente,Manta,Efectividad,Falla de funcionalidad en el módulo Facturacion que impide al usuario completar sus tareas de manera precisa y completa.
2763,10/19/2025,Telemedicina,Notificacion de inicio de teleconsulta llega con retraso de 27s,Medico,Cuenca,Eficiencia,"El sistema presenta tiempos de respuesta elevados que consumen recursos de tiempo innecesarios, degradando la eficiencia del usuario en sus tareas."
2780,10/19/2025,Portal Citas,Filtro de especialidad medica no devuelve resultados,Admision,Quito,Efectividad,Falla de funcionalidad en el módulo Portal Citas que impide al usuario completar sus tareas de manera precisa y completa.
3019,10/19/2025,Portal Citas,El pago del bono de consulta no se refleja tras completarlo,Admision,Ambato,Libertad de Riesgo,Inconsistencia financiera en los cobros o transacciones del sistema que infringe las normativas contables y expone al hospital a pérdidas económicas.
1367,10/20/2025,HCE,Nota de evolucion tarda 20s en guardarse,Medico,Guayaquil,Eficiencia,"El tiempo de guardado supera los 8 segundos tolerables, violando directamente el requerimiento no funcional RNF-01 de rendimiento del sistema para notas clínicas."
2934,10/20/2025,HCE,El sistema no permite adjuntar imagenes de heridas desde la tablet,Medico,Guayaquil,Cobertura de Contexto,El sistema presenta limitaciones de portabilidad y compatibilidad al operar en el contexto físico específico de tablets para adjuntar imágenes de heridas.
3068,10/20/2025,HCE,Receta electronica se genera con la dosis incorrecta tras guardar,Enfermeria,Quito,Libertad de Riesgo,"Riesgo extremo de salud para el paciente al guardar dosis farmacológicas erróneas en la receta electrónica, pudiendo causar sobredosis o inefectividad clínica."
3284,10/20/2025,Reportes Gerenciales,Discrepancia entre el reporte financiero y el modulo de facturacion,Gerencia,Cuenca,Libertad de Riesgo,"Discrepancia contable entre reportes directivos y facturación real, afectando las decisiones del negocio y la integridad de las auditorías."
1316,10/21/2025,Portal Citas,Doble reserva de un mismo cupo por dos pacientes distintos,Admision,Guayaquil,Libertad de Riesgo,"Doble agendamiento de un mismo cupo que genera sobreventa de citas, colapso de agenda de especialistas y multas o insatisfacción comercial."
1431,10/21/2025,Telemedicina,Calidad de video muy baja pese a tener buena conexion a internet,Paciente,Cuenca,Satisfacción,Mala experiencia sensorial e interactiva durante la teleconsulta que impacta el RNF-05 y la percepción de calidad del servicio.
1826,10/21/2025,Portal Citas,Sesion expira antes de finalizar el proceso de agendamiento,Admision,Quito,Satisfacción,"Mala experiencia de usuario que interrumpe de forma prematura el proceso de compra/agendamiento, forzando a repetir pasos."
2426,10/21/2025,Laboratorio,El sistema no permite adjuntar el reporte en PDF del laboratorio externo,Medico,Cuenca,Efectividad,Restricción de funcionalidad que impide al usuario realizar una acción requerida para completar su tarea.
2741,10/21/2025,HCE,Consulta anterior no se muestra en el resumen de antecedentes,Medico,Quito,Efectividad,Falla de funcionalidad en el módulo HCE que impide al usuario completar sus tareas de manera precisa y completa.
2757,10/21/2025,Farmacia,Duplicidad de codigos entre dos presentaciones distintas de un mismo farmaco,Farmacia,Guayaquil,Libertad de Riesgo,"La duplicación de códigos de fármacos introduce un riesgo de dispensación errónea en farmacia, comprometiendo la seguridad terapéutica del paciente."
2926,10/21/2025,Farmacia,Receta electronica llega incompleta desde el modulo de HCE,Farmacia,Cuenca,Efectividad,Falla de funcionalidad en el módulo Farmacia que impide al usuario completar sus tareas de manera precisa y completa.
3509,10/21/2025,HCE,Datos de otro paciente visibles brevemente al abrir un expediente,Enfermeria,Guayaquil,Libertad de Riesgo,"Fuga de información y violación de la confidencialidad médica (HIPAA/Ley de Protección de Datos), exponiendo datos de otros pacientes."
1262,10/22/2025,HCE,Firma electronica del medico no se valida al cerrar la consulta,Medico,Guayaquil,Efectividad,Falla de funcionalidad en el módulo HCE que impide al usuario completar sus tareas de manera precisa y completa.
1437,10/22/2025,Telemedicina,Notificacion de inicio de teleconsulta llega con retraso de 26s,Medico,Quito,Eficiencia,"El sistema presenta tiempos de respuesta elevados que consumen recursos de tiempo innecesarios, degradando la eficiencia del usuario en sus tareas."
1992,10/22/2025,Facturacion,Factura generada con el nombre del paciente incorrecto,Paciente,Guayaquil,Efectividad,Falla de funcionalidad en el módulo Facturacion que impide al usuario completar sus tareas de manera precisa y completa.
2217,10/22/2025,Telemedicina,Videollamada se corta a los 3 minutos,Medico,Guayaquil,Cobertura de Contexto,"Falta de resiliencia del canal de comunicación ante variaciones en la conectividad del usuario, interrumpiendo la sesión de teleconsulta en producción."
2219,10/22/2025,HCE,Orden medica no se sincroniza con el modulo de farmacia,Enfermeria,Quito,Efectividad,Error de integración funcional que impide la sincronización y actualización del registro médico entre módulos del HIS.
2528,10/22/2025,Laboratorio,Codigo de barras de la muestra no es reconocido por el lector,Enfermeria,Quito,Efectividad,Falla de funcionalidad en el módulo Laboratorio que impide al usuario completar sus tareas de manera precisa y completa.
3629,10/22/2025,Facturacion,Discrepancia entre el monto facturado y el detalle de servicios,Admision,Guayaquil,Libertad de Riesgo,"Errores en el cálculo del copago de seguros o discrepancias de montos facturados, induciendo a pérdidas financieras o reclamaciones legales."
1009,10/23/2025,Imagenologia,El informe radiologico no se adjunta automaticamente a la HCE,Enfermeria,Quito,Efectividad,Falla de funcionalidad en el módulo Imagenologia que impide al usuario completar sus tareas de manera precisa y completa.
1469,10/23/2025,Farmacia,El sistema no descuenta automaticamente el medicamento dispensado,Farmacia,Cuenca,Efectividad,Falla de funcionalidad en el módulo Farmacia que impide al usuario completar sus tareas de manera precisa y completa.
1582,10/23/2025,Farmacia,Tiempo de respuesta del modulo de farmacia supera los 24s,Farmacia,Quito,Eficiencia,"El sistema presenta tiempos de respuesta elevados que consumen recursos de tiempo innecesarios, degradando la eficiencia del usuario en sus tareas."
1660,10/23/2025,Farmacia,Tiempo de respuesta del modulo de farmacia supera los 28s,Farmacia,Guayaquil,Eficiencia,"El sistema presenta tiempos de respuesta elevados que consumen recursos de tiempo innecesarios, degradando la eficiencia del usuario en sus tareas."
1951,10/23/2025,App Movil,La aplicacion se cierra inesperadamente al abrir resultados de laboratorio,Paciente,Quito,Efectividad,"Interrupción abrupta del sistema que impide que el usuario termine el registro de datos, reduciendo la efectividad operativa."
2596,10/23/2025,Portal Citas,Filtro de especialidad medica no devuelve resultados,Admision,Manta,Efectividad,Falla de funcionalidad en el módulo Portal Citas que impide al usuario completar sus tareas de manera precisa y completa.
3808,10/23/2025,Imagenologia,Tiempo de carga de estudios de imagen supera los 30s,Enfermeria,Cuenca,Eficiencia,La lentitud en la carga y transferencia de archivos DICOM pesados degrada la eficiencia del flujo de trabajo clínico en imagenología.
3909,10/23/2025,HCE,Alerta de interaccion medicamentosa no se despliega correctamente,Medico,Cuenca,Libertad de Riesgo,El fallo en el despliegue de alertas de interacción farmacológica pone en riesgo inminente la salud del paciente ante combinaciones letales.
1624,10/24/2025,Facturacion,Factura generada con el nombre del paciente incorrecto,Admision,Guayaquil,Efectividad,Falla de funcionalidad en el módulo Facturacion que impide al usuario completar sus tareas de manera precisa y completa.
1658,10/24/2025,Portal Citas,Cita agendada no aparece reflejada en el calendario del especialista,Admision,Ambato,Efectividad,Falla de funcionalidad en el módulo Portal Citas que impide al usuario completar sus tareas de manera precisa y completa.
1840,10/24/2025,Reportes Gerenciales,El reporte de ocupacion hospitalaria no se actualiza automaticamente,Gerencia,Guayaquil,Efectividad,Inconsistencia en la actualización de datos que impide la visualización correcta de información operativa reciente.
2129,10/24/2025,Portal Citas,Notificacion de recordatorio de cita llega con la fecha incorrecta,Paciente,Ambato,Efectividad,Falla de funcionalidad en el módulo Portal Citas que impide al usuario completar sus tareas de manera precisa y completa.
2168,10/24/2025,HCE,Receta electronica se genera con la dosis incorrecta tras guardar,Enfermeria,Cuenca,Libertad de Riesgo,"Riesgo extremo de salud para el paciente al guardar dosis farmacológicas erróneas en la receta electrónica, pudiendo causar sobredosis o inefectividad clínica."
2326,10/24/2025,Facturacion,El modulo de facturacion se cae durante el cierre de caja,Admision,Quito,Efectividad,Falla de funcionalidad en el módulo Facturacion que impide al usuario completar sus tareas de manera precisa y completa.
2865,10/24/2025,Telemedicina,El chat de la consulta no permite enviar imagenes,Paciente,Ambato,Efectividad,Restricción de funcionalidad que impide al usuario realizar una acción requerida para completar su tarea.
3035,10/24/2025,HCE,El campo de diagnostico CIE-10 no permite busqueda por texto,Enfermeria,Guayaquil,Efectividad,Restricción de funcionalidad que impide al usuario realizar una acción requerida para completar su tarea.
3736,10/24/2025,Laboratorio,Retraso de 16s en la disponibilidad de resultados criticos,Medico,Manta,Eficiencia,"El sistema presenta tiempos de respuesta elevados que consumen recursos de tiempo innecesarios, degradando la eficiencia del usuario en sus tareas."
3966,10/24/2025,HCE,Datos de otro paciente visibles brevemente al abrir un expediente,Enfermeria,Guayaquil,Libertad de Riesgo,"Fuga de información y violación de la confidencialidad médica (HIPAA/Ley de Protección de Datos), exponiendo datos de otros pacientes."
1373,10/25/2025,App Movil,La aplicacion se cierra inesperadamente al abrir resultados de laboratorio,Paciente,Ambato,Efectividad,"Interrupción abrupta del sistema que impide que el usuario termine el registro de datos, reduciendo la efectividad operativa."
1491,10/25/2025,Facturacion,Retraso de 15s al procesar el pago con tarjeta de credito,Admision,Quito,Eficiencia,El procesamiento lento del cobro con tarjeta retrasa el flujo de caja y la atención administrativa de admisión.
1570,10/25/2025,Telemedicina,Audio desincronizado durante la teleconsulta,Paciente,Quito,Satisfacción,Mala experiencia sensorial e interactiva durante la teleconsulta que impacta el RNF-05 y la percepción de calidad del servicio.
1818,10/25/2025,HCE,El campo de diagnostico CIE-10 no permite busqueda por texto,Enfermeria,Cuenca,Efectividad,Restricción de funcionalidad que impide al usuario realizar una acción requerida para completar su tarea.
2469,10/25/2025,Farmacia,Inventario del sistema no coincide con el stock fisico del insumo,Enfermeria,Quito,Efectividad,Falla de funcionalidad en el módulo Farmacia que impide al usuario completar sus tareas de manera precisa y completa.
2537,10/25/2025,Portal Citas,El portal muestra disponibilidad para un horario ya ocupado,Paciente,Cuenca,Efectividad,Falla de funcionalidad en el módulo Portal Citas que impide al usuario completar sus tareas de manera precisa y completa.
2586,10/25/2025,Facturacion,El modulo de facturacion se cae durante el cierre de caja,Admision,Ambato,Efectividad,Falla de funcionalidad en el módulo Facturacion que impide al usuario completar sus tareas de manera precisa y completa.
3429,10/25/2025,Portal Citas,Usuario no logra agendar tras 3 intentos,Paciente,Quito,Satisfacción,"Incapacidad del usuario de lograr su meta tras múltiples intentos, violando el RNF-02 y provocando un alto nivel de frustración."
3753,10/25/2025,Portal Citas,Tiempo de espera en el portal supera los 13s en horas pico,Paciente,Quito,Eficiencia,"El sistema presenta tiempos de respuesta elevados que consumen recursos de tiempo innecesarios, degradando la eficiencia del usuario en sus tareas."
1006,10/26/2025,HCE,Firma electronica del medico no se valida al cerrar la consulta,Medico,Guayaquil,Efectividad,Falla de funcionalidad en el módulo HCE que impide al usuario completar sus tareas de manera precisa y completa.
1217,10/26/2025,HCE,Signos vitales registrados por enfermeria no aparecen en la HCE del medico,Enfermeria,Quito,Efectividad,Falla de funcionalidad en el módulo HCE que impide al usuario completar sus tareas de manera precisa y completa.
2264,10/26/2025,Portal Citas,El sistema no envia la confirmacion por correo electronico,Admision,Guayaquil,Efectividad,Falla funcional que impide completar la tarea de confirmación de cita al paciente por canal de correo electrónico.
2850,10/26/2025,HCE,Perdida de la nota de evolucion tras un cierre inesperado de sesion,Enfermeria,Ambato,Efectividad,Falla de funcionalidad en el módulo HCE que impide al usuario completar sus tareas de manera precisa y completa.
3074,10/26/2025,Telemedicina,El medico no puede compartir pantalla con resultados de examenes,Paciente,Ambato,Efectividad,Falla de funcionalidad en el módulo Telemedicina que impide al usuario completar sus tareas de manera precisa y completa.
3682,10/26/2025,Telemedicina,El chat de la consulta no permite enviar imagenes,Paciente,Ambato,Efectividad,Restricción de funcionalidad que impide al usuario realizar una acción requerida para completar su tarea.
3732,10/26/2025,HCE,Tiempo de carga de la ficha clinica supera los 20s en horas pico,Medico,Quito,Eficiencia,La latencia en horas pico para abrir la ficha clínica perjudica la productividad del médico durante la consulta.
1043,10/27/2025,App Movil,Consumo elevado de datos moviles al abrir el modulo de citas,Paciente,Manta,Cobertura de Contexto,"Consumo excesivo de ancho de banda móvil, lo que restringe el uso eficiente del sistema en redes celulares de datos (fuera de la intranet del hospital)."
1464,10/27/2025,Farmacia,El sistema bloquea la dispensacion sin mostrar el motivo,Enfermeria,Cuenca,Satisfacción,La falta de mensajes informativos claros y feedback del sistema incrementa la incertidumbre y frustración del operario farmacéutico.
1534,10/27/2025,HCE,Nota de evolucion tarda 35s en guardarse,Enfermeria,Guayaquil,Eficiencia,"El tiempo de guardado supera los 8 segundos tolerables, violando directamente el requerimiento no funcional RNF-01 de rendimiento del sistema para notas clínicas."
1682,10/27/2025,HCE,Receta electronica se genera con la dosis incorrecta tras guardar,Medico,Guayaquil,Libertad de Riesgo,"Riesgo extremo de salud para el paciente al guardar dosis farmacológicas erróneas en la receta electrónica, pudiendo causar sobredosis o inefectividad clínica."
2238,10/27/2025,Telemedicina,Videollamada se corta a los 3 minutos,Paciente,Guayaquil,Cobertura de Contexto,"Falta de resiliencia del canal de comunicación ante variaciones en la conectividad del usuario, interrumpiendo la sesión de teleconsulta en producción."
2974,10/27/2025,Portal Citas,El portal muestra disponibilidad para un horario ya ocupado,Admision,Ambato,Efectividad,Falla de funcionalidad en el módulo Portal Citas que impide al usuario completar sus tareas de manera precisa y completa.
3186,10/27/2025,HCE,Nota de evolucion tarda 11s en guardarse,Medico,Cuenca,Eficiencia,"El tiempo de guardado supera los 8 segundos tolerables, violando directamente el requerimiento no funcional RNF-01 de rendimiento del sistema para notas clínicas."
1004,10/28/2025,HCE,Signos vitales registrados por enfermeria no aparecen en la HCE del medico,Medico,Cuenca,Efectividad,Falla de funcionalidad en el módulo HCE que impide al usuario completar sus tareas de manera precisa y completa.
1008,10/28/2025,Telemedicina,La sesion se cierra automaticamente antes de terminar la consulta,Medico,Cuenca,Efectividad,Falla de funcionalidad en el módulo Telemedicina que impide al usuario completar sus tareas de manera precisa y completa.
1640,10/28/2025,HCE,Nota de evolucion tarda 15s en guardarse,Enfermeria,Quito,Eficiencia,"El tiempo de guardado supera los 8 segundos tolerables, violando directamente el requerimiento no funcional RNF-01 de rendimiento del sistema para notas clínicas."
1644,10/28/2025,Telemedicina,Notificacion de inicio de teleconsulta llega con retraso de 27s,Paciente,Manta,Eficiencia,"El sistema presenta tiempos de respuesta elevados que consumen recursos de tiempo innecesarios, degradando la eficiencia del usuario en sus tareas."
2114,10/28/2025,Facturacion,Factura electronica no llega al correo registrado del paciente,Admision,Manta,Efectividad,Falla de funcionalidad en el módulo Facturacion que impide al usuario completar sus tareas de manera precisa y completa.
2179,10/28/2025,Imagenologia,El informe radiologico no se adjunta automaticamente a la HCE,Medico,Quito,Efectividad,Falla de funcionalidad en el módulo Imagenologia que impide al usuario completar sus tareas de manera precisa y completa.
2768,10/28/2025,Farmacia,Receta electronica llega incompleta desde el modulo de HCE,Enfermeria,Cuenca,Efectividad,Falla de funcionalidad en el módulo Farmacia que impide al usuario completar sus tareas de manera precisa y completa.
2817,10/28/2025,Reportes Gerenciales,El dashboard de indicadores no refleja los datos del ultimo cierre,Gerencia,Quito,Efectividad,Inconsistencia en la actualización de datos que impide la visualización correcta de información operativa reciente.
2972,10/28/2025,Portal Citas,Tiempo de espera en el portal supera los 27s en horas pico,Admision,Quito,Eficiencia,"El sistema presenta tiempos de respuesta elevados que consumen recursos de tiempo innecesarios, degradando la eficiencia del usuario en sus tareas."
3045,10/28/2025,App Movil,La app no permite actualizar el numero de contacto del paciente,Paciente,Quito,Efectividad,Restricción de funcionalidad que impide al usuario realizar una acción requerida para completar su tarea.
3621,10/28/2025,Facturacion,El sistema no reconoce el convenio con la aseguradora,Paciente,Manta,Libertad de Riesgo,El no reconocimiento de convenios de aseguradoras genera fricción de cobro y riesgo de pérdidas económicas por servicios no cubiertos correctamente.
3754,10/28/2025,Portal Citas,Cita agendada no aparece reflejada en el calendario del especialista,Admision,Ambato,Efectividad,Falla de funcionalidad en el módulo Portal Citas que impide al usuario completar sus tareas de manera precisa y completa.
1822,10/29/2025,Facturacion,Error de calculo en el copago del seguro medico,Admision,Quito,Libertad de Riesgo,"Errores en el cálculo del copago de seguros o discrepancias de montos facturados, induciendo a pérdidas financieras o reclamaciones legales."
1899,10/29/2025,Reportes Gerenciales,Exportacion a Excel del reporte gerencial falla de forma intermitente,Gerencia,Cuenca,Efectividad,Falla intermitente en las exportaciones o ejecuciones de procesos del sistema que reduce la fiabilidad de las operaciones.
1968,10/29/2025,Facturacion,El modulo de facturacion se cae durante el cierre de caja,Admision,Quito,Efectividad,Falla de funcionalidad en el módulo Facturacion que impide al usuario completar sus tareas de manera precisa y completa.
2014,10/29/2025,App Movil,Resultados de examenes no se visualizan en formato PDF,Paciente,Cuenca,Efectividad,Falla de funcionalidad en el módulo App Movil que impide al usuario completar sus tareas de manera precisa y completa.
2194,10/29/2025,Portal Citas,Cancelacion de cita no libera el cupo en el calendario,Paciente,Manta,Efectividad,Falla de funcionalidad en el módulo Portal Citas que impide al usuario completar sus tareas de manera precisa y completa.
2585,10/29/2025,HCE,Alerta de interaccion medicamentosa no se despliega correctamente,Enfermeria,Manta,Libertad de Riesgo,El fallo en el despliegue de alertas de interacción farmacológica pone en riesgo inminente la salud del paciente ante combinaciones letales.
3092,10/29/2025,Telemedicina,Receta electronica no se genera al finalizar la teleconsulta,Paciente,Quito,Efectividad,Falla de funcionalidad en el módulo Telemedicina que impide al usuario completar sus tareas de manera precisa y completa.
3342,10/29/2025,App Movil,Version desactualizada del app impide iniciar sesion,Paciente,Quito,Cobertura de Contexto,Incompatibilidad y falta de robustez del sistema cuando se ejecuta en el contexto de sistemas cliente que no cuentan con la última versión de software.
3961,10/29/2025,Imagenologia,Las imagenes de rayos X no cargan en el visor DICOM,Medico,Guayaquil,Efectividad,Falla de funcionalidad en el módulo Imagenologia que impide al usuario completar sus tareas de manera precisa y completa.
1853,10/30/2025,Portal Citas,Cita agendada no aparece reflejada en el calendario del especialista,Paciente,Quito,Efectividad,Falla de funcionalidad en el módulo Portal Citas que impide al usuario completar sus tareas de manera precisa y completa.
2063,10/30/2025,Telemedicina,Receta electronica no se genera al finalizar la teleconsulta,Paciente,Guayaquil,Efectividad,Falla de funcionalidad en el módulo Telemedicina que impide al usuario completar sus tareas de manera precisa y completa.
2108,10/30/2025,HCE,Duplicado de historia clinica al registrar un paciente ya existente,Enfermeria,Cuenca,Libertad de Riesgo,"Riesgo de seguridad clínica debido a la fragmentación de la información de salud del paciente, lo que puede inducir a diagnósticos y tratamientos erróneos."
2369,10/30/2025,Facturacion,Error de calculo en el copago del seguro medico,Paciente,Guayaquil,Libertad de Riesgo,"Errores en el cálculo del copago de seguros o discrepancias de montos facturados, induciendo a pérdidas financieras o reclamaciones legales."
2388,10/30/2025,Telemedicina,Audio desincronizado durante la teleconsulta,Medico,Manta,Satisfacción,Mala experiencia sensorial e interactiva durante la teleconsulta que impacta el RNF-05 y la percepción de calidad del servicio.
2740,10/30/2025,HCE,Receta electronica se genera con la dosis incorrecta tras guardar,Medico,Guayaquil,Libertad de Riesgo,"Riesgo extremo de salud para el paciente al guardar dosis farmacológicas erróneas en la receta electrónica, pudiendo causar sobredosis o inefectividad clínica."
2806,10/30/2025,Telemedicina,Audio desincronizado durante la teleconsulta,Medico,Cuenca,Satisfacción,Mala experiencia sensorial e interactiva durante la teleconsulta que impacta el RNF-05 y la percepción de calidad del servicio.
2871,10/30/2025,Facturacion,Reintento de transaccion genera doble cobro en la tarjeta,Paciente,Ambato,Libertad de Riesgo,"Violación del requerimiento no funcional RNF-03 de facturación; genera cobros indebidos en las tarjetas del cliente, comprometiendo la confianza y el riesgo financiero."
3119,10/30/2025,HCE,Alerta de interaccion medicamentosa no se despliega correctamente,Enfermeria,Guayaquil,Libertad de Riesgo,El fallo en el despliegue de alertas de interacción farmacológica pone en riesgo inminente la salud del paciente ante combinaciones letales.
3355,10/30/2025,Imagenologia,Perdida de calidad en las imagenes al ser visualizadas desde la app,Enfermeria,Guayaquil,Satisfacción,Degradación visual que afecta la comodidad y confianza de los médicos al visualizar estudios clínicos desde la app móvil.
3388,10/30/2025,HCE,Consulta anterior no se muestra en el resumen de antecedentes,Enfermeria,Guayaquil,Efectividad,Falla de funcionalidad en el módulo HCE que impide al usuario completar sus tareas de manera precisa y completa.
3410,10/30/2025,Portal Citas,Doble reserva de un mismo cupo por dos pacientes distintos,Paciente,Ambato,Libertad de Riesgo,"Doble agendamiento de un mismo cupo que genera sobreventa de citas, colapso de agenda de especialistas y multas o insatisfacción comercial."
3477,10/30/2025,Facturacion,Factura generada con el nombre del paciente incorrecto,Admision,Guayaquil,Efectividad,Falla de funcionalidad en el módulo Facturacion que impide al usuario completar sus tareas de manera precisa y completa.
1876,10/31/2025,HCE,Perdida de la nota de evolucion tras un cierre inesperado de sesion,Medico,Quito,Efectividad,Falla de funcionalidad en el módulo HCE que impide al usuario completar sus tareas de manera precisa y completa.
1990,10/31/2025,Portal Citas,Usuario no logra agendar tras 2 intentos,Paciente,Guayaquil,Satisfacción,"Incapacidad del usuario de lograr su meta tras múltiples intentos, violando el RNF-02 y provocando un alto nivel de frustración."
2938,10/31/2025,HCE,Nota de evolucion tarda 22s en guardarse,Medico,Cuenca,Eficiencia,"El tiempo de guardado supera los 8 segundos tolerables, violando directamente el requerimiento no funcional RNF-01 de rendimiento del sistema para notas clínicas."
3491,10/31/2025,Farmacia,Alerta de vencimiento de lote no se muestra en el modulo,Enfermeria,Guayaquil,Libertad de Riesgo,Omitir la alerta de vencimiento de lotes farmacéuticos puede llevar a la administración de medicamentos caducados a los pacientes.
3756,10/31/2025,Facturacion,Factura electronica no llega al correo registrado del paciente,Paciente,Manta,Efectividad,Falla de funcionalidad en el módulo Facturacion que impide al usuario completar sus tareas de manera precisa y completa.
1331,11/1/2025,Farmacia,Duplicidad de codigos entre dos presentaciones distintas de un mismo farmaco,Farmacia,Quito,Libertad de Riesgo,"La duplicación de códigos de fármacos introduce un riesgo de dispensación errónea en farmacia, comprometiendo la seguridad terapéutica del paciente."
2237,11/1/2025,HCE,Firma electronica del medico no se valida al cerrar la consulta,Enfermeria,Guayaquil,Efectividad,Falla de funcionalidad en el módulo HCE que impide al usuario completar sus tareas de manera precisa y completa.
2706,11/1/2025,Laboratorio,El sistema no permite adjuntar el reporte en PDF del laboratorio externo,Medico,Cuenca,Efectividad,Restricción de funcionalidad que impide al usuario realizar una acción requerida para completar su tarea.
3562,11/1/2025,App Movil,Version desactualizada del app impide iniciar sesion,Paciente,Guayaquil,Cobertura de Contexto,Incompatibilidad y falta de robustez del sistema cuando se ejecuta en el contexto de sistemas cliente que no cuentan con la última versión de software.
3613,11/1/2025,App Movil,Resultados de examenes no se visualizan en formato PDF,Paciente,Cuenca,Efectividad,Falla de funcionalidad en el módulo App Movil que impide al usuario completar sus tareas de manera precisa y completa.
3723,11/1/2025,HCE,Orden medica no se sincroniza con el modulo de farmacia,Medico,Quito,Efectividad,Error de integración funcional que impide la sincronización y actualización del registro médico entre módulos del HIS.
3866,11/1/2025,Telemedicina,La sesion se cierra automaticamente antes de terminar la consulta,Paciente,Quito,Efectividad,Falla de funcionalidad en el módulo Telemedicina que impide al usuario completar sus tareas de manera precisa y completa.
1323,11/2/2025,Facturacion,Reembolso aprobado no se refleja en el estado de cuenta,Paciente,Quito,Libertad de Riesgo,"Fallas en la aplicación de notas de crédito o reembolsos que distorsionan los estados de cuenta, arriesgando multas tributarias e inconformidad legal."
1584,11/2/2025,Portal Citas,Notificacion de recordatorio de cita llega con la fecha incorrecta,Paciente,Quito,Efectividad,Falla de funcionalidad en el módulo Portal Citas que impide al usuario completar sus tareas de manera precisa y completa.
2213,11/2/2025,Portal Citas,Sesion expira antes de finalizar el proceso de agendamiento,Admision,Quito,Satisfacción,"Mala experiencia de usuario que interrumpe de forma prematura el proceso de compra/agendamiento, forzando a repetir pasos."
2395,11/2/2025,Facturacion,Reembolso aprobado no se refleja en el estado de cuenta,Admision,Quito,Libertad de Riesgo,"Fallas en la aplicación de notas de crédito o reembolsos que distorsionan los estados de cuenta, arriesgando multas tributarias e inconformidad legal."
3026,11/2/2025,HCE,Datos de otro paciente visibles brevemente al abrir un expediente,Enfermeria,Ambato,Libertad de Riesgo,"Fuga de información y violación de la confidencialidad médica (HIPAA/Ley de Protección de Datos), exponiendo datos de otros pacientes."
3235,11/2/2025,Imagenologia,Perdida de calidad en las imagenes al ser visualizadas desde la app,Medico,Quito,Satisfacción,Degradación visual que afecta la comodidad y confianza de los médicos al visualizar estudios clínicos desde la app móvil.
3241,11/2/2025,Portal Citas,Tiempo de espera en el portal supera los 11s en horas pico,Paciente,Guayaquil,Eficiencia,"El sistema presenta tiempos de respuesta elevados que consumen recursos de tiempo innecesarios, degradando la eficiencia del usuario en sus tareas."
3836,11/2/2025,Facturacion,Discrepancia entre el monto facturado y el detalle de servicios,Paciente,Quito,Libertad de Riesgo,"Errores en el cálculo del copago de seguros o discrepancias de montos facturados, induciendo a pérdidas financieras o reclamaciones legales."
3874,11/2/2025,Portal Citas,El portal muestra disponibilidad para un horario ya ocupado,Paciente,Quito,Efectividad,Falla de funcionalidad en el módulo Portal Citas que impide al usuario completar sus tareas de manera precisa y completa.
3997,11/2/2025,App Movil,Version desactualizada del app impide iniciar sesion,Paciente,Cuenca,Cobertura de Contexto,Incompatibilidad y falta de robustez del sistema cuando se ejecuta en el contexto de sistemas cliente que no cuentan con la última versión de software.
1077,11/3/2025,Portal Citas,Sesion expira antes de finalizar el proceso de agendamiento,Paciente,Quito,Satisfacción,"Mala experiencia de usuario que interrumpe de forma prematura el proceso de compra/agendamiento, forzando a repetir pasos."
1124,11/3/2025,Imagenologia,Las imagenes de rayos X no cargan en el visor DICOM,Medico,Manta,Efectividad,Falla de funcionalidad en el módulo Imagenologia que impide al usuario completar sus tareas de manera precisa y completa.
1544,11/3/2025,HCE,Tiempo de carga de la ficha clinica supera los 35s en horas pico,Medico,Quito,Eficiencia,La latencia en horas pico para abrir la ficha clínica perjudica la productividad del médico durante la consulta.
1955,11/3/2025,Telemedicina,Notificacion de inicio de teleconsulta llega con retraso de 25s,Medico,Quito,Eficiencia,"El sistema presenta tiempos de respuesta elevados que consumen recursos de tiempo innecesarios, degradando la eficiencia del usuario en sus tareas."
1969,11/3/2025,Portal Citas,"Formulario confuso, abandono de registro antes de completar la cita",Paciente,Guayaquil,Satisfacción,"Diseño de interfaz de usuario confuso que provoca el abandono del registro, afectando la métrica de satisfacción y facilidad de uso percibida."
2354,11/3/2025,HCE,Duplicado de historia clinica al registrar un paciente ya existente,Enfermeria,Quito,Libertad de Riesgo,"Riesgo de seguridad clínica debido a la fragmentación de la información de salud del paciente, lo que puede inducir a diagnósticos y tratamientos erróneos."
2544,11/3/2025,Facturacion,Factura electronica no llega al correo registrado del paciente,Paciente,Manta,Efectividad,Falla de funcionalidad en el módulo Facturacion que impide al usuario completar sus tareas de manera precisa y completa.
2976,11/3/2025,Facturacion,Retraso de 25s al procesar el pago con tarjeta de credito,Paciente,Manta,Eficiencia,El procesamiento lento del cobro con tarjeta retrasa el flujo de caja y la atención administrativa de admisión.
3018,11/3/2025,Laboratorio,Resultado de examen de laboratorio no se sincroniza con la HCE,Enfermeria,Guayaquil,Efectividad,Error de integración funcional que impide la sincronización y actualización del registro médico entre módulos del HIS.
3095,11/3/2025,Telemedicina,Audio desincronizado durante la teleconsulta,Paciente,Cuenca,Satisfacción,Mala experiencia sensorial e interactiva durante la teleconsulta que impacta el RNF-05 y la percepción de calidad del servicio.
3188,11/3/2025,Imagenologia,Tiempo de carga de estudios de imagen supera los 19s,Enfermeria,Quito,Eficiencia,La lentitud en la carga y transferencia de archivos DICOM pesados degrada la eficiencia del flujo de trabajo clínico en imagenología.
3951,11/3/2025,Imagenologia,Perdida de calidad en las imagenes al ser visualizadas desde la app,Enfermeria,Cuenca,Satisfacción,Degradación visual que afecta la comodidad y confianza de los médicos al visualizar estudios clínicos desde la app móvil.
1165,11/4/2025,HCE,Perdida de la nota de evolucion tras un cierre inesperado de sesion,Medico,Cuenca,Efectividad,Falla de funcionalidad en el módulo HCE que impide al usuario completar sus tareas de manera precisa y completa.
1700,11/4/2025,App Movil,El inicio de sesion con biometria falla de forma intermitente,Paciente,Cuenca,Satisfacción,La inestabilidad en el inicio biométrico genera frustración y reduce la confianza y comodidad del usuario al acceder al aplicativo móvil.
1879,11/4/2025,Telemedicina,La sesion se cierra automaticamente antes de terminar la consulta,Paciente,Guayaquil,Efectividad,Falla de funcionalidad en el módulo Telemedicina que impide al usuario completar sus tareas de manera precisa y completa.
1974,11/4/2025,Portal Citas,Sesion expira antes de finalizar el proceso de agendamiento,Admision,Manta,Satisfacción,"Mala experiencia de usuario que interrumpe de forma prematura el proceso de compra/agendamiento, forzando a repetir pasos."
2007,11/4/2025,Portal Citas,Doble reserva de un mismo cupo por dos pacientes distintos,Paciente,Guayaquil,Libertad de Riesgo,"Doble agendamiento de un mismo cupo que genera sobreventa de citas, colapso de agenda de especialistas y multas o insatisfacción comercial."
2151,11/4/2025,Portal Citas,Filtro de especialidad medica no devuelve resultados,Paciente,Cuenca,Efectividad,Falla de funcionalidad en el módulo Portal Citas que impide al usuario completar sus tareas de manera precisa y completa.
2462,11/4/2025,Facturacion,Reintento de transaccion genera doble cobro en la tarjeta,Admision,Quito,Libertad de Riesgo,"Violación del requerimiento no funcional RNF-03 de facturación; genera cobros indebidos en las tarjetas del cliente, comprometiendo la confianza y el riesgo financiero."
2921,11/4/2025,App Movil,El inicio de sesion con biometria falla de forma intermitente,Paciente,Quito,Satisfacción,La inestabilidad en el inicio biométrico genera frustración y reduce la confianza y comodidad del usuario al acceder al aplicativo móvil.
3110,11/4/2025,HCE,Datos de otro paciente visibles brevemente al abrir un expediente,Medico,Guayaquil,Libertad de Riesgo,"Fuga de información y violación de la confidencialidad médica (HIPAA/Ley de Protección de Datos), exponiendo datos de otros pacientes."
3368,11/4/2025,HCE,Perdida de la nota de evolucion tras un cierre inesperado de sesion,Enfermeria,Guayaquil,Efectividad,Falla de funcionalidad en el módulo HCE que impide al usuario completar sus tareas de manera precisa y completa.
3553,11/4/2025,HCE,El campo de diagnostico CIE-10 no permite busqueda por texto,Enfermeria,Manta,Efectividad,Restricción de funcionalidad que impide al usuario realizar una acción requerida para completar su tarea.
1317,11/5/2025,HCE,Orden medica no se sincroniza con el modulo de farmacia,Medico,Guayaquil,Efectividad,Error de integración funcional que impide la sincronización y actualización del registro médico entre módulos del HIS.
1926,11/5/2025,HCE,Receta electronica se genera con la dosis incorrecta tras guardar,Medico,Manta,Libertad de Riesgo,"Riesgo extremo de salud para el paciente al guardar dosis farmacológicas erróneas en la receta electrónica, pudiendo causar sobredosis o inefectividad clínica."
2406,11/5/2025,Facturacion,Nota de credito no se aplica al saldo pendiente del paciente,Admision,Ambato,Libertad de Riesgo,"Fallas en la aplicación de notas de crédito o reembolsos que distorsionan los estados de cuenta, arriesgando multas tributarias e inconformidad legal."
2598,11/5/2025,Portal Citas,El portal muestra disponibilidad para un horario ya ocupado,Paciente,Ambato,Efectividad,Falla de funcionalidad en el módulo Portal Citas que impide al usuario completar sus tareas de manera precisa y completa.
2639,11/5/2025,Facturacion,Factura duplicada al reintentar pago,Paciente,Guayaquil,Libertad de Riesgo,"Violación del requerimiento no funcional RNF-03 de facturación; genera cobros indebidos en las tarjetas del cliente, comprometiendo la confianza y el riesgo financiero."
3131,11/5/2025,Portal Citas,Tiempo de espera en el portal supera los 30s en horas pico,Paciente,Manta,Eficiencia,"El sistema presenta tiempos de respuesta elevados que consumen recursos de tiempo innecesarios, degradando la eficiencia del usuario en sus tareas."
3279,11/5/2025,HCE,Orden medica no se sincroniza con el modulo de farmacia,Enfermeria,Guayaquil,Efectividad,Error de integración funcional que impide la sincronización y actualización del registro médico entre módulos del HIS.
3370,11/5/2025,Farmacia,El sistema no descuenta automaticamente el medicamento dispensado,Farmacia,Quito,Efectividad,Falla de funcionalidad en el módulo Farmacia que impide al usuario completar sus tareas de manera precisa y completa.
3579,11/5/2025,Telemedicina,El medico no puede compartir pantalla con resultados de examenes,Medico,Quito,Efectividad,Falla de funcionalidad en el módulo Telemedicina que impide al usuario completar sus tareas de manera precisa y completa.
1207,11/6/2025,Imagenologia,Tiempo de carga de estudios de imagen supera los 33s,Medico,Cuenca,Eficiencia,La lentitud en la carga y transferencia de archivos DICOM pesados degrada la eficiencia del flujo de trabajo clínico en imagenología.
1333,11/6/2025,HCE,El campo de diagnostico CIE-10 no permite busqueda por texto,Medico,Manta,Efectividad,Restricción de funcionalidad que impide al usuario realizar una acción requerida para completar su tarea.
1784,11/6/2025,Farmacia,Receta electronica llega incompleta desde el modulo de HCE,Farmacia,Guayaquil,Efectividad,Falla de funcionalidad en el módulo Farmacia que impide al usuario completar sus tareas de manera precisa y completa.
1828,11/6/2025,Imagenologia,El informe radiologico no se adjunta automaticamente a la HCE,Medico,Cuenca,Efectividad,Falla de funcionalidad en el módulo Imagenologia que impide al usuario completar sus tareas de manera precisa y completa.
1907,11/6/2025,Portal Citas,Doble reserva de un mismo cupo por dos pacientes distintos,Paciente,Quito,Libertad de Riesgo,"Doble agendamiento de un mismo cupo que genera sobreventa de citas, colapso de agenda de especialistas y multas o insatisfacción comercial."
1924,11/6/2025,Farmacia,El sistema no descuenta automaticamente el medicamento dispensado,Enfermeria,Quito,Efectividad,Falla de funcionalidad en el módulo Farmacia que impide al usuario completar sus tareas de manera precisa y completa.
2216,11/6/2025,HCE,Receta electronica se genera con la dosis incorrecta tras guardar,Medico,Cuenca,Libertad de Riesgo,"Riesgo extremo de salud para el paciente al guardar dosis farmacológicas erróneas en la receta electrónica, pudiendo causar sobredosis o inefectividad clínica."
3912,11/6/2025,Telemedicina,La sesion se cierra automaticamente antes de terminar la consulta,Medico,Guayaquil,Efectividad,Falla de funcionalidad en el módulo Telemedicina que impide al usuario completar sus tareas de manera precisa y completa.
1585,11/7/2025,Laboratorio,Resultado de examen de laboratorio no se sincroniza con la HCE,Medico,Ambato,Efectividad,Error de integración funcional que impide la sincronización y actualización del registro médico entre módulos del HIS.
1586,11/7/2025,HCE,Duplicado de historia clinica al registrar un paciente ya existente,Medico,Ambato,Libertad de Riesgo,"Riesgo de seguridad clínica debido a la fragmentación de la información de salud del paciente, lo que puede inducir a diagnósticos y tratamientos erróneos."
1698,11/7/2025,Farmacia,Receta electronica llega incompleta desde el modulo de HCE,Farmacia,Guayaquil,Efectividad,Falla de funcionalidad en el módulo Farmacia que impide al usuario completar sus tareas de manera precisa y completa.
1858,11/7/2025,Reportes Gerenciales,Tiempo de generacion del reporte mensual supera los 10 minutos,Gerencia,Guayaquil,Eficiencia,"Demoras severas en la generación de reportes mensuales de inteligencia de negocio, penalizando la eficiencia en el tiempo de procesamiento y toma de decisiones."
2342,11/7/2025,App Movil,La aplicacion se cierra inesperadamente al abrir resultados de laboratorio,Paciente,Quito,Efectividad,"Interrupción abrupta del sistema que impide que el usuario termine el registro de datos, reduciendo la efectividad operativa."
2635,11/7/2025,App Movil,La aplicacion se cierra inesperadamente al abrir resultados de laboratorio,Paciente,Cuenca,Efectividad,"Interrupción abrupta del sistema que impide que el usuario termine el registro de datos, reduciendo la efectividad operativa."
3784,11/7/2025,Telemedicina,El medico no puede compartir pantalla con resultados de examenes,Medico,Quito,Efectividad,Falla de funcionalidad en el módulo Telemedicina que impide al usuario completar sus tareas de manera precisa y completa.
3868,11/7/2025,Telemedicina,Notificacion de inicio de teleconsulta llega con retraso de 27s,Paciente,Quito,Eficiencia,"El sistema presenta tiempos de respuesta elevados que consumen recursos de tiempo innecesarios, degradando la eficiencia del usuario en sus tareas."
1285,11/8/2025,Facturacion,Factura generada con el nombre del paciente incorrecto,Paciente,Ambato,Efectividad,Falla de funcionalidad en el módulo Facturacion que impide al usuario completar sus tareas de manera precisa y completa.
2111,11/8/2025,App Movil,Consumo elevado de datos moviles al abrir el modulo de citas,Paciente,Cuenca,Cobertura de Contexto,"Consumo excesivo de ancho de banda móvil, lo que restringe el uso eficiente del sistema en redes celulares de datos (fuera de la intranet del hospital)."
2772,11/8/2025,Facturacion,Reintento de transaccion genera doble cobro en la tarjeta,Paciente,Cuenca,Libertad de Riesgo,"Violación del requerimiento no funcional RNF-03 de facturación; genera cobros indebidos en las tarjetas del cliente, comprometiendo la confianza y el riesgo financiero."
2808,11/8/2025,HCE,Datos de otro paciente visibles brevemente al abrir un expediente,Medico,Quito,Libertad de Riesgo,"Fuga de información y violación de la confidencialidad médica (HIPAA/Ley de Protección de Datos), exponiendo datos de otros pacientes."
3149,11/8/2025,Portal Citas,Tiempo de espera en el portal supera los 30s en horas pico,Admision,Guayaquil,Eficiencia,"El sistema presenta tiempos de respuesta elevados que consumen recursos de tiempo innecesarios, degradando la eficiencia del usuario en sus tareas."
1010,11/9/2025,Portal Citas,Cancelacion de cita no libera el cupo en el calendario,Admision,Ambato,Efectividad,Falla de funcionalidad en el módulo Portal Citas que impide al usuario completar sus tareas de manera precisa y completa.
1389,11/9/2025,Telemedicina,Calidad de video muy baja pese a tener buena conexion a internet,Medico,Guayaquil,Satisfacción,Mala experiencia sensorial e interactiva durante la teleconsulta que impacta el RNF-05 y la percepción de calidad del servicio.
1430,11/9/2025,Facturacion,Retraso de 21s al procesar el pago con tarjeta de credito,Paciente,Manta,Eficiencia,El procesamiento lento del cobro con tarjeta retrasa el flujo de caja y la atención administrativa de admisión.
1455,11/9/2025,Portal Citas,Usuario no logra agendar tras 3 intentos,Admision,Guayaquil,Satisfacción,"Incapacidad del usuario de lograr su meta tras múltiples intentos, violando el RNF-02 y provocando un alto nivel de frustración."
2101,11/9/2025,Facturacion,Reintento de transaccion genera doble cobro en la tarjeta,Paciente,Quito,Libertad de Riesgo,"Violación del requerimiento no funcional RNF-03 de facturación; genera cobros indebidos en las tarjetas del cliente, comprometiendo la confianza y el riesgo financiero."
2319,11/9/2025,Farmacia,El sistema no descuenta automaticamente el medicamento dispensado,Enfermeria,Quito,Efectividad,Falla de funcionalidad en el módulo Farmacia que impide al usuario completar sus tareas de manera precisa y completa.
2669,11/9/2025,Farmacia,Alerta de vencimiento de lote no se muestra en el modulo,Enfermeria,Cuenca,Libertad de Riesgo,Omitir la alerta de vencimiento de lotes farmacéuticos puede llevar a la administración de medicamentos caducados a los pacientes.
2679,11/9/2025,HCE,Nota de evolucion tarda 26s en guardarse,Enfermeria,Quito,Eficiencia,"El tiempo de guardado supera los 8 segundos tolerables, violando directamente el requerimiento no funcional RNF-01 de rendimiento del sistema para notas clínicas."
3102,11/9/2025,HCE,Orden medica no se sincroniza con el modulo de farmacia,Enfermeria,Quito,Efectividad,Error de integración funcional que impide la sincronización y actualización del registro médico entre módulos del HIS.
3554,11/9/2025,Farmacia,Tiempo de respuesta del modulo de farmacia supera los 28s,Enfermeria,Manta,Eficiencia,"El sistema presenta tiempos de respuesta elevados que consumen recursos de tiempo innecesarios, degradando la eficiencia del usuario en sus tareas."
3657,11/9/2025,Portal Citas,Notificacion de recordatorio de cita llega con la fecha incorrecta,Admision,Guayaquil,Efectividad,Falla de funcionalidad en el módulo Portal Citas que impide al usuario completar sus tareas de manera precisa y completa.
1015,11/10/2025,Laboratorio,Retraso de 14s en la disponibilidad de resultados criticos,Medico,Quito,Eficiencia,"El sistema presenta tiempos de respuesta elevados que consumen recursos de tiempo innecesarios, degradando la eficiencia del usuario en sus tareas."
1034,11/10/2025,HCE,Orden medica no se sincroniza con el modulo de farmacia,Enfermeria,Quito,Efectividad,Error de integración funcional que impide la sincronización y actualización del registro médico entre módulos del HIS.
1426,11/10/2025,Facturacion,Factura duplicada al reintentar pago,Admision,Cuenca,Libertad de Riesgo,"Violación del requerimiento no funcional RNF-03 de facturación; genera cobros indebidos en las tarjetas del cliente, comprometiendo la confianza y el riesgo financiero."
1471,11/10/2025,Imagenologia,Las imagenes de rayos X no cargan en el visor DICOM,Medico,Guayaquil,Efectividad,Falla de funcionalidad en el módulo Imagenologia que impide al usuario completar sus tareas de manera precisa y completa.
2545,11/10/2025,HCE,Duplicado de historia clinica al registrar un paciente ya existente,Enfermeria,Cuenca,Libertad de Riesgo,"Riesgo de seguridad clínica debido a la fragmentación de la información de salud del paciente, lo que puede inducir a diagnósticos y tratamientos erróneos."
3036,11/10/2025,Farmacia,El sistema bloquea la dispensacion sin mostrar el motivo,Farmacia,Quito,Satisfacción,La falta de mensajes informativos claros y feedback del sistema incrementa la incertidumbre y frustración del operario farmacéutico.
3622,11/10/2025,Imagenologia,Tiempo de carga de estudios de imagen supera los 33s,Medico,Quito,Eficiencia,La lentitud en la carga y transferencia de archivos DICOM pesados degrada la eficiencia del flujo de trabajo clínico en imagenología.
3703,11/10/2025,Portal Citas,"Formulario confuso, abandono de registro antes de completar la cita",Admision,Quito,Satisfacción,"Diseño de interfaz de usuario confuso que provoca el abandono del registro, afectando la métrica de satisfacción y facilidad de uso percibida."
3859,11/10/2025,HCE,El sistema se congela al adjuntar resultados de laboratorio a la HCE,Medico,Quito,Efectividad,Falla de funcionalidad en el módulo HCE que impide al usuario completar sus tareas de manera precisa y completa.
1190,11/11/2025,HCE,Nota de evolucion tarda 9s en guardarse,Medico,Quito,Eficiencia,"El tiempo de guardado supera los 8 segundos tolerables, violando directamente el requerimiento no funcional RNF-01 de rendimiento del sistema para notas clínicas."
1191,11/11/2025,Facturacion,Factura generada con el nombre del paciente incorrecto,Admision,Quito,Efectividad,Falla de funcionalidad en el módulo Facturacion que impide al usuario completar sus tareas de manera precisa y completa.
2110,11/11/2025,Facturacion,Nota de credito no se aplica al saldo pendiente del paciente,Admision,Guayaquil,Libertad de Riesgo,"Fallas en la aplicación de notas de crédito o reembolsos que distorsionan los estados de cuenta, arriesgando multas tributarias e inconformidad legal."
2790,11/11/2025,HCE,Firma electronica del medico no se valida al cerrar la consulta,Medico,Manta,Efectividad,Falla de funcionalidad en el módulo HCE que impide al usuario completar sus tareas de manera precisa y completa.
3293,11/11/2025,HCE,El sistema no permite adjuntar imagenes de heridas desde la tablet,Medico,Manta,Cobertura de Contexto,El sistema presenta limitaciones de portabilidad y compatibilidad al operar en el contexto físico específico de tablets para adjuntar imágenes de heridas.
3328,11/11/2025,HCE,Firma electronica del medico no se valida al cerrar la consulta,Enfermeria,Manta,Efectividad,Falla de funcionalidad en el módulo HCE que impide al usuario completar sus tareas de manera precisa y completa.
3381,11/11/2025,Facturacion,Reintento de transaccion genera doble cobro en la tarjeta,Paciente,Ambato,Libertad de Riesgo,"Violación del requerimiento no funcional RNF-03 de facturación; genera cobros indebidos en las tarjetas del cliente, comprometiendo la confianza y el riesgo financiero."
1417,11/12/2025,App Movil,Notificaciones push no llegan pese a estar activadas,Paciente,Quito,Efectividad,Falla de funcionalidad en el módulo App Movil que impide al usuario completar sus tareas de manera precisa y completa.
1474,11/12/2025,HCE,Perdida de la nota de evolucion tras un cierre inesperado de sesion,Enfermeria,Guayaquil,Efectividad,Falla de funcionalidad en el módulo HCE que impide al usuario completar sus tareas de manera precisa y completa.
2443,11/12/2025,Imagenologia,Las imagenes de rayos X no cargan en el visor DICOM,Medico,Quito,Efectividad,Falla de funcionalidad en el módulo Imagenologia que impide al usuario completar sus tareas de manera precisa y completa.
2696,11/12/2025,Facturacion,Factura generada con el nombre del paciente incorrecto,Paciente,Ambato,Efectividad,Falla de funcionalidad en el módulo Facturacion que impide al usuario completar sus tareas de manera precisa y completa.
3080,11/12/2025,Facturacion,Reintento de transaccion genera doble cobro en la tarjeta,Paciente,Guayaquil,Libertad de Riesgo,"Violación del requerimiento no funcional RNF-03 de facturación; genera cobros indebidos en las tarjetas del cliente, comprometiendo la confianza y el riesgo financiero."
3093,11/12/2025,Facturacion,Error de calculo en el copago del seguro medico,Admision,Cuenca,Libertad de Riesgo,"Errores en el cálculo del copago de seguros o discrepancias de montos facturados, induciendo a pérdidas financieras o reclamaciones legales."
3182,11/12/2025,Farmacia,Receta electronica llega incompleta desde el modulo de HCE,Farmacia,Quito,Efectividad,Falla de funcionalidad en el módulo Farmacia que impide al usuario completar sus tareas de manera precisa y completa.
3550,11/12/2025,HCE,Alerta de interaccion medicamentosa no se despliega correctamente,Medico,Quito,Libertad de Riesgo,El fallo en el despliegue de alertas de interacción farmacológica pone en riesgo inminente la salud del paciente ante combinaciones letales.
1420,11/13/2025,Facturacion,Reembolso aprobado no se refleja en el estado de cuenta,Admision,Quito,Libertad de Riesgo,"Fallas en la aplicación de notas de crédito o reembolsos que distorsionan los estados de cuenta, arriesgando multas tributarias e inconformidad legal."
1976,11/13/2025,Telemedicina,El chat de la consulta no permite enviar imagenes,Paciente,Quito,Efectividad,Restricción de funcionalidad que impide al usuario realizar una acción requerida para completar su tarea.
3115,11/13/2025,HCE,Alerta de interaccion medicamentosa no se despliega correctamente,Enfermeria,Guayaquil,Libertad de Riesgo,El fallo en el despliegue de alertas de interacción farmacológica pone en riesgo inminente la salud del paciente ante combinaciones letales.
3899,11/13/2025,Farmacia,El sistema no descuenta automaticamente el medicamento dispensado,Enfermeria,Guayaquil,Efectividad,Falla de funcionalidad en el módulo Farmacia que impide al usuario completar sus tareas de manera precisa y completa.
3984,11/13/2025,Telemedicina,Audio desincronizado durante la teleconsulta,Paciente,Quito,Satisfacción,Mala experiencia sensorial e interactiva durante la teleconsulta que impacta el RNF-05 y la percepción de calidad del servicio.
1078,11/14/2025,Portal Citas,Filtro de especialidad medica no devuelve resultados,Admision,Cuenca,Efectividad,Falla de funcionalidad en el módulo Portal Citas que impide al usuario completar sus tareas de manera precisa y completa.
1167,11/14/2025,Telemedicina,El chat de la consulta no permite enviar imagenes,Medico,Guayaquil,Efectividad,Restricción de funcionalidad que impide al usuario realizar una acción requerida para completar su tarea.
1220,11/14/2025,Laboratorio,El sistema no permite adjuntar el reporte en PDF del laboratorio externo,Enfermeria,Guayaquil,Efectividad,Restricción de funcionalidad que impide al usuario realizar una acción requerida para completar su tarea.
1477,11/14/2025,Farmacia,El sistema bloquea la dispensacion sin mostrar el motivo,Farmacia,Cuenca,Satisfacción,La falta de mensajes informativos claros y feedback del sistema incrementa la incertidumbre y frustración del operario farmacéutico.
1629,11/14/2025,HCE,El campo de diagnostico CIE-10 no permite busqueda por texto,Enfermeria,Guayaquil,Efectividad,Restricción de funcionalidad que impide al usuario realizar una acción requerida para completar su tarea.
2233,11/14/2025,Facturacion,Reintento de transaccion genera doble cobro en la tarjeta,Paciente,Guayaquil,Libertad de Riesgo,"Violación del requerimiento no funcional RNF-03 de facturación; genera cobros indebidos en las tarjetas del cliente, comprometiendo la confianza y el riesgo financiero."
2468,11/14/2025,Portal Citas,Filtro de especialidad medica no devuelve resultados,Paciente,Quito,Efectividad,Falla de funcionalidad en el módulo Portal Citas que impide al usuario completar sus tareas de manera precisa y completa.
2473,11/14/2025,HCE,Historial de alergias no carga al abrir la ficha del paciente,Medico,Quito,Libertad de Riesgo,"Falla crítica que expone la seguridad del paciente al omitir información vital de alergias, con un alto riesgo de shock anafiláctico o mala praxis."
2576,11/14/2025,Facturacion,El sistema no reconoce el convenio con la aseguradora,Paciente,Cuenca,Libertad de Riesgo,El no reconocimiento de convenios de aseguradoras genera fricción de cobro y riesgo de pérdidas económicas por servicios no cubiertos correctamente.
3886,11/14/2025,HCE,Tiempo de carga de la ficha clinica supera los 26s en horas pico,Enfermeria,Manta,Eficiencia,La latencia en horas pico para abrir la ficha clínica perjudica la productividad del médico durante la consulta.
3921,11/14/2025,Portal Citas,Cita agendada no aparece reflejada en el calendario del especialista,Paciente,Quito,Efectividad,Falla de funcionalidad en el módulo Portal Citas que impide al usuario completar sus tareas de manera precisa y completa.
1359,11/15/2025,HCE,Firma electronica del medico no se valida al cerrar la consulta,Enfermeria,Quito,Efectividad,Falla de funcionalidad en el módulo HCE que impide al usuario completar sus tareas de manera precisa y completa.
1376,11/15/2025,HCE,Nota de evolucion tarda 10s en guardarse,Enfermeria,Guayaquil,Eficiencia,"El tiempo de guardado supera los 8 segundos tolerables, violando directamente el requerimiento no funcional RNF-01 de rendimiento del sistema para notas clínicas."
2005,11/15/2025,Telemedicina,La sesion se cierra automaticamente antes de terminar la consulta,Medico,Quito,Efectividad,Falla de funcionalidad en el módulo Telemedicina que impide al usuario completar sus tareas de manera precisa y completa.
2190,11/15/2025,HCE,Orden medica no se sincroniza con el modulo de farmacia,Enfermeria,Guayaquil,Efectividad,Error de integración funcional que impide la sincronización y actualización del registro médico entre módulos del HIS.
2289,11/15/2025,HCE,Consulta anterior no se muestra en el resumen de antecedentes,Medico,Ambato,Efectividad,Falla de funcionalidad en el módulo HCE que impide al usuario completar sus tareas de manera precisa y completa.
2502,11/15/2025,App Movil,La app no permite actualizar el numero de contacto del paciente,Paciente,Quito,Efectividad,Restricción de funcionalidad que impide al usuario realizar una acción requerida para completar su tarea.
3658,11/15/2025,Telemedicina,Audio desincronizado durante la teleconsulta,Medico,Cuenca,Satisfacción,Mala experiencia sensorial e interactiva durante la teleconsulta que impacta el RNF-05 y la percepción de calidad del servicio.
1813,11/16/2025,Laboratorio,Resultado de examen de laboratorio no se sincroniza con la HCE,Medico,Cuenca,Efectividad,Error de integración funcional que impide la sincronización y actualización del registro médico entre módulos del HIS.
3379,11/16/2025,Facturacion,Factura electronica no llega al correo registrado del paciente,Admision,Quito,Efectividad,Falla de funcionalidad en el módulo Facturacion que impide al usuario completar sus tareas de manera precisa y completa.
3434,11/16/2025,HCE,Perdida de la nota de evolucion tras un cierre inesperado de sesion,Medico,Manta,Efectividad,Falla de funcionalidad en el módulo HCE que impide al usuario completar sus tareas de manera precisa y completa.
3721,11/16/2025,Facturacion,Error de calculo en el copago del seguro medico,Paciente,Guayaquil,Libertad de Riesgo,"Errores en el cálculo del copago de seguros o discrepancias de montos facturados, induciendo a pérdidas financieras o reclamaciones legales."
1122,11/17/2025,HCE,Alerta de interaccion medicamentosa no se despliega correctamente,Medico,Quito,Libertad de Riesgo,El fallo en el despliegue de alertas de interacción farmacológica pone en riesgo inminente la salud del paciente ante combinaciones letales.
1140,11/17/2025,Facturacion,Error de calculo en el copago del seguro medico,Admision,Manta,Libertad de Riesgo,"Errores en el cálculo del copago de seguros o discrepancias de montos facturados, induciendo a pérdidas financieras o reclamaciones legales."
1339,11/17/2025,Telemedicina,Grabacion de la consulta no se almacena correctamente,Paciente,Quito,Efectividad,Falla de funcionalidad en el módulo Telemedicina que impide al usuario completar sus tareas de manera precisa y completa.
1664,11/17/2025,Portal Citas,Notificacion de recordatorio de cita llega con la fecha incorrecta,Paciente,Guayaquil,Efectividad,Falla de funcionalidad en el módulo Portal Citas que impide al usuario completar sus tareas de manera precisa y completa.
1679,11/17/2025,HCE,Receta electronica se genera con la dosis incorrecta tras guardar,Medico,Ambato,Libertad de Riesgo,"Riesgo extremo de salud para el paciente al guardar dosis farmacológicas erróneas en la receta electrónica, pudiendo causar sobredosis o inefectividad clínica."
1732,11/17/2025,HCE,Historial de alergias no carga al abrir la ficha del paciente,Medico,Quito,Libertad de Riesgo,"Falla crítica que expone la seguridad del paciente al omitir información vital de alergias, con un alto riesgo de shock anafiláctico o mala praxis."
1919,11/17/2025,Imagenologia,Las imagenes de rayos X no cargan en el visor DICOM,Medico,Cuenca,Efectividad,Falla de funcionalidad en el módulo Imagenologia que impide al usuario completar sus tareas de manera precisa y completa.
2799,11/17/2025,Portal Citas,El pago del bono de consulta no se refleja tras completarlo,Admision,Guayaquil,Libertad de Riesgo,Inconsistencia financiera en los cobros o transacciones del sistema que infringe las normativas contables y expone al hospital a pérdidas económicas.
3359,11/17/2025,Portal Citas,Doble reserva de un mismo cupo por dos pacientes distintos,Admision,Cuenca,Libertad de Riesgo,"Doble agendamiento de un mismo cupo que genera sobreventa de citas, colapso de agenda de especialistas y multas o insatisfacción comercial."
1131,11/18/2025,Farmacia,Duplicidad de codigos entre dos presentaciones distintas de un mismo farmaco,Enfermeria,Quito,Libertad de Riesgo,"La duplicación de códigos de fármacos introduce un riesgo de dispensación errónea en farmacia, comprometiendo la seguridad terapéutica del paciente."
1472,11/18/2025,Telemedicina,La sesion se cierra automaticamente antes de terminar la consulta,Medico,Quito,Efectividad,Falla de funcionalidad en el módulo Telemedicina que impide al usuario completar sus tareas de manera precisa y completa.
1577,11/18/2025,HCE,Consulta anterior no se muestra en el resumen de antecedentes,Enfermeria,Manta,Efectividad,Falla de funcionalidad en el módulo HCE que impide al usuario completar sus tareas de manera precisa y completa.
3090,11/18/2025,Portal Citas,Error al reagendar una cita previamente confirmada,Admision,Guayaquil,Efectividad,Falla de funcionalidad en el módulo Portal Citas que impide al usuario completar sus tareas de manera precisa y completa.
3094,11/18/2025,App Movil,El boton de teleconsulta no redirige correctamente a la videollamada,Paciente,Guayaquil,Efectividad,Falla de funcionalidad en el módulo App Movil que impide al usuario completar sus tareas de manera precisa y completa.
3872,11/18/2025,HCE,Nota de evolucion tarda 25s en guardarse,Enfermeria,Guayaquil,Eficiencia,"El tiempo de guardado supera los 8 segundos tolerables, violando directamente el requerimiento no funcional RNF-01 de rendimiento del sistema para notas clínicas."
3972,11/18/2025,Facturacion,El modulo de facturacion se cae durante el cierre de caja,Paciente,Quito,Efectividad,Falla de funcionalidad en el módulo Facturacion que impide al usuario completar sus tareas de manera precisa y completa.
1374,11/19/2025,Portal Citas,Cita agendada no aparece reflejada en el calendario del especialista,Paciente,Guayaquil,Efectividad,Falla de funcionalidad en el módulo Portal Citas que impide al usuario completar sus tareas de manera precisa y completa.
1480,11/19/2025,HCE,Consulta anterior no se muestra en el resumen de antecedentes,Enfermeria,Quito,Efectividad,Falla de funcionalidad en el módulo HCE que impide al usuario completar sus tareas de manera precisa y completa.
1496,11/19/2025,Telemedicina,Videollamada se corta a los 3 minutos,Medico,Ambato,Cobertura de Contexto,"Falta de resiliencia del canal de comunicación ante variaciones en la conectividad del usuario, interrumpiendo la sesión de teleconsulta en producción."
1868,11/19/2025,HCE,Firma electronica del medico no se valida al cerrar la consulta,Medico,Quito,Efectividad,Falla de funcionalidad en el módulo HCE que impide al usuario completar sus tareas de manera precisa y completa.
2575,11/19/2025,HCE,Firma electronica del medico no se valida al cerrar la consulta,Medico,Quito,Efectividad,Falla de funcionalidad en el módulo HCE que impide al usuario completar sus tareas de manera precisa y completa.
3098,11/19/2025,Portal Citas,Error al reagendar una cita previamente confirmada,Admision,Quito,Efectividad,Falla de funcionalidad en el módulo Portal Citas que impide al usuario completar sus tareas de manera precisa y completa.
3265,11/19/2025,Facturacion,Factura duplicada al reintentar pago,Paciente,Manta,Libertad de Riesgo,"Violación del requerimiento no funcional RNF-03 de facturación; genera cobros indebidos en las tarjetas del cliente, comprometiendo la confianza y el riesgo financiero."
3400,11/19/2025,Telemedicina,Grabacion de la consulta no se almacena correctamente,Paciente,Quito,Efectividad,Falla de funcionalidad en el módulo Telemedicina que impide al usuario completar sus tareas de manera precisa y completa.
3567,11/19/2025,Facturacion,Factura generada con el nombre del paciente incorrecto,Paciente,Guayaquil,Efectividad,Falla de funcionalidad en el módulo Facturacion que impide al usuario completar sus tareas de manera precisa y completa.
3786,11/19/2025,HCE,El sistema se congela al adjuntar resultados de laboratorio a la HCE,Medico,Manta,Efectividad,Falla de funcionalidad en el módulo HCE que impide al usuario completar sus tareas de manera precisa y completa.
1216,11/20/2025,HCE,El campo de diagnostico CIE-10 no permite busqueda por texto,Medico,Quito,Efectividad,Restricción de funcionalidad que impide al usuario realizar una acción requerida para completar su tarea.
1229,11/20/2025,Portal Citas,El portal muestra disponibilidad para un horario ya ocupado,Paciente,Manta,Efectividad,Falla de funcionalidad en el módulo Portal Citas que impide al usuario completar sus tareas de manera precisa y completa.
1510,11/20/2025,Facturacion,El sistema no permite anular una factura emitida por error,Paciente,Guayaquil,Efectividad,Restricción de funcionalidad que impide al usuario realizar una acción requerida para completar su tarea.
1807,11/20/2025,HCE,El campo de diagnostico CIE-10 no permite busqueda por texto,Enfermeria,Ambato,Efectividad,Restricción de funcionalidad que impide al usuario realizar una acción requerida para completar su tarea.
2777,11/20/2025,Telemedicina,Grabacion de la consulta no se almacena correctamente,Medico,Quito,Efectividad,Falla de funcionalidad en el módulo Telemedicina que impide al usuario completar sus tareas de manera precisa y completa.
2994,11/20/2025,Portal Citas,Doble reserva de un mismo cupo por dos pacientes distintos,Admision,Guayaquil,Libertad de Riesgo,"Doble agendamiento de un mismo cupo que genera sobreventa de citas, colapso de agenda de especialistas y multas o insatisfacción comercial."
3009,11/20/2025,Facturacion,Nota de credito no se aplica al saldo pendiente del paciente,Admision,Ambato,Libertad de Riesgo,"Fallas en la aplicación de notas de crédito o reembolsos que distorsionan los estados de cuenta, arriesgando multas tributarias e inconformidad legal."
3924,11/20/2025,HCE,El sistema se congela al adjuntar resultados de laboratorio a la HCE,Enfermeria,Cuenca,Efectividad,Falla de funcionalidad en el módulo HCE que impide al usuario completar sus tareas de manera precisa y completa.
3971,11/20/2025,Imagenologia,Tiempo de carga de estudios de imagen supera los 16s,Medico,Guayaquil,Eficiencia,La lentitud en la carga y transferencia de archivos DICOM pesados degrada la eficiencia del flujo de trabajo clínico en imagenología.
1770,11/21/2025,Telemedicina,La sesion se cierra automaticamente antes de terminar la consulta,Medico,Ambato,Efectividad,Falla de funcionalidad en el módulo Telemedicina que impide al usuario completar sus tareas de manera precisa y completa.
2055,11/21/2025,Telemedicina,Notificacion de inicio de teleconsulta llega con retraso de 34s,Medico,Quito,Eficiencia,"El sistema presenta tiempos de respuesta elevados que consumen recursos de tiempo innecesarios, degradando la eficiencia del usuario en sus tareas."
2189,11/21/2025,HCE,Orden medica no se sincroniza con el modulo de farmacia,Medico,Guayaquil,Efectividad,Error de integración funcional que impide la sincronización y actualización del registro médico entre módulos del HIS.
2645,11/21/2025,HCE,Nota de evolucion tarda 27s en guardarse,Medico,Quito,Eficiencia,"El tiempo de guardado supera los 8 segundos tolerables, violando directamente el requerimiento no funcional RNF-01 de rendimiento del sistema para notas clínicas."
2998,11/21/2025,HCE,Alerta de interaccion medicamentosa no se despliega correctamente,Enfermeria,Quito,Libertad de Riesgo,El fallo en el despliegue de alertas de interacción farmacológica pone en riesgo inminente la salud del paciente ante combinaciones letales.
3582,11/21/2025,Imagenologia,Las imagenes de rayos X no cargan en el visor DICOM,Medico,Ambato,Efectividad,Falla de funcionalidad en el módulo Imagenologia que impide al usuario completar sus tareas de manera precisa y completa.
3590,11/21/2025,App Movil,Version desactualizada del app impide iniciar sesion,Paciente,Quito,Cobertura de Contexto,Incompatibilidad y falta de robustez del sistema cuando se ejecuta en el contexto de sistemas cliente que no cuentan con la última versión de software.
3614,11/21/2025,HCE,Tiempo de carga de la ficha clinica supera los 33s en horas pico,Enfermeria,Cuenca,Eficiencia,La latencia en horas pico para abrir la ficha clínica perjudica la productividad del médico durante la consulta.
3719,11/21/2025,Imagenologia,Las imagenes de rayos X no cargan en el visor DICOM,Enfermeria,Quito,Efectividad,Falla de funcionalidad en el módulo Imagenologia que impide al usuario completar sus tareas de manera precisa y completa.
1025,11/22/2025,Imagenologia,El informe radiologico no se adjunta automaticamente a la HCE,Medico,Quito,Efectividad,Falla de funcionalidad en el módulo Imagenologia que impide al usuario completar sus tareas de manera precisa y completa.
1204,11/22/2025,HCE,Nota de evolucion tarda 34s en guardarse,Medico,Quito,Eficiencia,"El tiempo de guardado supera los 8 segundos tolerables, violando directamente el requerimiento no funcional RNF-01 de rendimiento del sistema para notas clínicas."
2056,11/22/2025,Farmacia,Receta electronica llega incompleta desde el modulo de HCE,Enfermeria,Guayaquil,Efectividad,Falla de funcionalidad en el módulo Farmacia que impide al usuario completar sus tareas de manera precisa y completa.
2796,11/22/2025,App Movil,La aplicacion se cierra inesperadamente al abrir resultados de laboratorio,Paciente,Quito,Efectividad,"Interrupción abrupta del sistema que impide que el usuario termine el registro de datos, reduciendo la efectividad operativa."
2830,11/22/2025,Laboratorio,Orden de laboratorio duplicada tras reintentar el envio,Medico,Guayaquil,Efectividad,Falla de funcionalidad en el módulo Laboratorio que impide al usuario completar sus tareas de manera precisa y completa.
2852,11/22/2025,Imagenologia,Las imagenes de rayos X no cargan en el visor DICOM,Enfermeria,Guayaquil,Efectividad,Falla de funcionalidad en el módulo Imagenologia que impide al usuario completar sus tareas de manera precisa y completa.
3281,11/22/2025,Reportes Gerenciales,Discrepancia entre el reporte financiero y el modulo de facturacion,Gerencia,Guayaquil,Libertad de Riesgo,"Discrepancia contable entre reportes directivos y facturación real, afectando las decisiones del negocio y la integridad de las auditorías."
3353,11/22/2025,Telemedicina,Calidad de video muy baja pese a tener buena conexion a internet,Paciente,Guayaquil,Satisfacción,Mala experiencia sensorial e interactiva durante la teleconsulta que impacta el RNF-05 y la percepción de calidad del servicio.
3425,11/22/2025,App Movil,Consumo elevado de datos moviles al abrir el modulo de citas,Paciente,Guayaquil,Cobertura de Contexto,"Consumo excesivo de ancho de banda móvil, lo que restringe el uso eficiente del sistema en redes celulares de datos (fuera de la intranet del hospital)."
3634,11/22/2025,Farmacia,Receta electronica llega incompleta desde el modulo de HCE,Farmacia,Cuenca,Efectividad,Falla de funcionalidad en el módulo Farmacia que impide al usuario completar sus tareas de manera precisa y completa.
3918,11/22/2025,Farmacia,Tiempo de respuesta del modulo de farmacia supera los 24s,Farmacia,Quito,Eficiencia,"El sistema presenta tiempos de respuesta elevados que consumen recursos de tiempo innecesarios, degradando la eficiencia del usuario en sus tareas."
1170,11/23/2025,HCE,Receta electronica se genera con la dosis incorrecta tras guardar,Enfermeria,Guayaquil,Libertad de Riesgo,"Riesgo extremo de salud para el paciente al guardar dosis farmacológicas erróneas en la receta electrónica, pudiendo causar sobredosis o inefectividad clínica."
1261,11/23/2025,App Movil,La app no permite actualizar el numero de contacto del paciente,Paciente,Quito,Efectividad,Restricción de funcionalidad que impide al usuario realizar una acción requerida para completar su tarea.
2315,11/23/2025,Facturacion,Retraso de 22s al procesar el pago con tarjeta de credito,Admision,Quito,Eficiencia,El procesamiento lento del cobro con tarjeta retrasa el flujo de caja y la atención administrativa de admisión.
2450,11/23/2025,HCE,Tiempo de carga de la ficha clinica supera los 21s en horas pico,Enfermeria,Quito,Eficiencia,La latencia en horas pico para abrir la ficha clínica perjudica la productividad del médico durante la consulta.
2487,11/23/2025,Facturacion,Factura duplicada al reintentar pago,Admision,Guayaquil,Libertad de Riesgo,"Violación del requerimiento no funcional RNF-03 de facturación; genera cobros indebidos en las tarjetas del cliente, comprometiendo la confianza y el riesgo financiero."
2860,11/23/2025,Imagenologia,El informe radiologico no se adjunta automaticamente a la HCE,Medico,Quito,Efectividad,Falla de funcionalidad en el módulo Imagenologia que impide al usuario completar sus tareas de manera precisa y completa.
3088,11/23/2025,Farmacia,Error al registrar la dispensacion de un medicamento controlado,Farmacia,Cuenca,Libertad de Riesgo,"Error en el registro de medicamentos regulados, lo que genera riesgos legales, regulatorios y de seguridad en el control de sustancias psicotrópicas."
3141,11/23/2025,Portal Citas,Error al reagendar una cita previamente confirmada,Admision,Manta,Efectividad,Falla de funcionalidad en el módulo Portal Citas que impide al usuario completar sus tareas de manera precisa y completa.
3539,11/23/2025,HCE,Historial de alergias no carga al abrir la ficha del paciente,Medico,Manta,Libertad de Riesgo,"Falla crítica que expone la seguridad del paciente al omitir información vital de alergias, con un alto riesgo de shock anafiláctico o mala praxis."
3759,11/23/2025,Telemedicina,Calidad de video muy baja pese a tener buena conexion a internet,Medico,Guayaquil,Satisfacción,Mala experiencia sensorial e interactiva durante la teleconsulta que impacta el RNF-05 y la percepción de calidad del servicio.
3890,11/23/2025,App Movil,Resultados de examenes no se visualizan en formato PDF,Paciente,Ambato,Efectividad,Falla de funcionalidad en el módulo App Movil que impide al usuario completar sus tareas de manera precisa y completa.
1149,11/24/2025,Facturacion,Reintento de transaccion genera doble cobro en la tarjeta,Admision,Guayaquil,Libertad de Riesgo,"Violación del requerimiento no funcional RNF-03 de facturación; genera cobros indebidos en las tarjetas del cliente, comprometiendo la confianza y el riesgo financiero."
1419,11/24/2025,HCE,Historial de alergias no carga al abrir la ficha del paciente,Enfermeria,Ambato,Libertad de Riesgo,"Falla crítica que expone la seguridad del paciente al omitir información vital de alergias, con un alto riesgo de shock anafiláctico o mala praxis."
1776,11/24/2025,App Movil,Version desactualizada del app impide iniciar sesion,Paciente,Quito,Cobertura de Contexto,Incompatibilidad y falta de robustez del sistema cuando se ejecuta en el contexto de sistemas cliente que no cuentan con la última versión de software.
1874,11/24/2025,HCE,El sistema no permite adjuntar imagenes de heridas desde la tablet,Medico,Quito,Cobertura de Contexto,El sistema presenta limitaciones de portabilidad y compatibilidad al operar en el contexto físico específico de tablets para adjuntar imágenes de heridas.
2534,11/24/2025,Portal Citas,Tiempo de espera en el portal supera los 10s en horas pico,Paciente,Manta,Eficiencia,"El sistema presenta tiempos de respuesta elevados que consumen recursos de tiempo innecesarios, degradando la eficiencia del usuario en sus tareas."
2702,11/24/2025,HCE,El sistema no permite adjuntar imagenes de heridas desde la tablet,Enfermeria,Cuenca,Cobertura de Contexto,El sistema presenta limitaciones de portabilidad y compatibilidad al operar en el contexto físico específico de tablets para adjuntar imágenes de heridas.
3014,11/24/2025,HCE,Duplicado de historia clinica al registrar un paciente ya existente,Enfermeria,Quito,Libertad de Riesgo,"Riesgo de seguridad clínica debido a la fragmentación de la información de salud del paciente, lo que puede inducir a diagnósticos y tratamientos erróneos."
3849,11/24/2025,Facturacion,Discrepancia entre el monto facturado y el detalle de servicios,Admision,Cuenca,Libertad de Riesgo,"Errores en el cálculo del copago de seguros o discrepancias de montos facturados, induciendo a pérdidas financieras o reclamaciones legales."
1181,11/25/2025,Telemedicina,El medico no puede compartir pantalla con resultados de examenes,Paciente,Quito,Efectividad,Falla de funcionalidad en el módulo Telemedicina que impide al usuario completar sus tareas de manera precisa y completa.
1240,11/25/2025,Facturacion,El sistema no reconoce el convenio con la aseguradora,Admision,Ambato,Libertad de Riesgo,El no reconocimiento de convenios de aseguradoras genera fricción de cobro y riesgo de pérdidas económicas por servicios no cubiertos correctamente.
1296,11/25/2025,Portal Citas,Tiempo de espera en el portal supera los 28s en horas pico,Admision,Guayaquil,Eficiencia,"El sistema presenta tiempos de respuesta elevados que consumen recursos de tiempo innecesarios, degradando la eficiencia del usuario en sus tareas."
1314,11/25/2025,Portal Citas,Usuario no logra agendar tras 4 intentos,Admision,Manta,Satisfacción,"Incapacidad del usuario de lograr su meta tras múltiples intentos, violando el RNF-02 y provocando un alto nivel de frustración."
1642,11/25/2025,HCE,Perdida de la nota de evolucion tras un cierre inesperado de sesion,Medico,Ambato,Efectividad,Falla de funcionalidad en el módulo HCE que impide al usuario completar sus tareas de manera precisa y completa.
2607,11/25/2025,Farmacia,Tiempo de respuesta del modulo de farmacia supera los 35s,Enfermeria,Guayaquil,Eficiencia,"El sistema presenta tiempos de respuesta elevados que consumen recursos de tiempo innecesarios, degradando la eficiencia del usuario en sus tareas."
3358,11/25/2025,App Movil,Notificaciones push no llegan pese a estar activadas,Paciente,Quito,Efectividad,Falla de funcionalidad en el módulo App Movil que impide al usuario completar sus tareas de manera precisa y completa.
1239,11/26/2025,HCE,Receta electronica se genera con la dosis incorrecta tras guardar,Medico,Ambato,Libertad de Riesgo,"Riesgo extremo de salud para el paciente al guardar dosis farmacológicas erróneas en la receta electrónica, pudiendo causar sobredosis o inefectividad clínica."
1633,11/26/2025,Laboratorio,Orden de laboratorio duplicada tras reintentar el envio,Enfermeria,Quito,Efectividad,Falla de funcionalidad en el módulo Laboratorio que impide al usuario completar sus tareas de manera precisa y completa.
1889,11/26/2025,Laboratorio,Orden de laboratorio duplicada tras reintentar el envio,Medico,Quito,Efectividad,Falla de funcionalidad en el módulo Laboratorio que impide al usuario completar sus tareas de manera precisa y completa.
1957,11/26/2025,App Movil,El inicio de sesion con biometria falla de forma intermitente,Paciente,Ambato,Satisfacción,La inestabilidad en el inicio biométrico genera frustración y reduce la confianza y comodidad del usuario al acceder al aplicativo móvil.
2064,11/26/2025,HCE,Consulta anterior no se muestra en el resumen de antecedentes,Medico,Quito,Efectividad,Falla de funcionalidad en el módulo HCE que impide al usuario completar sus tareas de manera precisa y completa.
2588,11/26/2025,App Movil,Consumo elevado de datos moviles al abrir el modulo de citas,Paciente,Cuenca,Cobertura de Contexto,"Consumo excesivo de ancho de banda móvil, lo que restringe el uso eficiente del sistema en redes celulares de datos (fuera de la intranet del hospital)."
2591,11/26/2025,Portal Citas,Tiempo de espera en el portal supera los 21s en horas pico,Paciente,Ambato,Eficiencia,"El sistema presenta tiempos de respuesta elevados que consumen recursos de tiempo innecesarios, degradando la eficiencia del usuario en sus tareas."
3220,11/26/2025,Imagenologia,El informe radiologico no se adjunta automaticamente a la HCE,Enfermeria,Quito,Efectividad,Falla de funcionalidad en el módulo Imagenologia que impide al usuario completar sus tareas de manera precisa y completa.
3905,11/26/2025,Telemedicina,El chat de la consulta no permite enviar imagenes,Medico,Guayaquil,Efectividad,Restricción de funcionalidad que impide al usuario realizar una acción requerida para completar su tarea.
1052,11/27/2025,HCE,Alerta de interaccion medicamentosa no se despliega correctamente,Enfermeria,Ambato,Libertad de Riesgo,El fallo en el despliegue de alertas de interacción farmacológica pone en riesgo inminente la salud del paciente ante combinaciones letales.
1219,11/27/2025,Facturacion,El sistema no reconoce el convenio con la aseguradora,Paciente,Guayaquil,Libertad de Riesgo,El no reconocimiento de convenios de aseguradoras genera fricción de cobro y riesgo de pérdidas económicas por servicios no cubiertos correctamente.
1270,11/27/2025,Telemedicina,La sesion se cierra automaticamente antes de terminar la consulta,Paciente,Guayaquil,Efectividad,Falla de funcionalidad en el módulo Telemedicina que impide al usuario completar sus tareas de manera precisa y completa.
1896,11/27/2025,Telemedicina,Grabacion de la consulta no se almacena correctamente,Medico,Quito,Efectividad,Falla de funcionalidad en el módulo Telemedicina que impide al usuario completar sus tareas de manera precisa y completa.
2822,11/27/2025,Facturacion,Factura electronica no llega al correo registrado del paciente,Paciente,Ambato,Efectividad,Falla de funcionalidad en el módulo Facturacion que impide al usuario completar sus tareas de manera precisa y completa.
3312,11/27/2025,Telemedicina,Notificacion de inicio de teleconsulta llega con retraso de 14s,Medico,Quito,Eficiencia,"El sistema presenta tiempos de respuesta elevados que consumen recursos de tiempo innecesarios, degradando la eficiencia del usuario en sus tareas."
3475,11/27/2025,Facturacion,Error de calculo en el copago del seguro medico,Paciente,Cuenca,Libertad de Riesgo,"Errores en el cálculo del copago de seguros o discrepancias de montos facturados, induciendo a pérdidas financieras o reclamaciones legales."
3829,11/27/2025,Reportes Gerenciales,Exportacion a Excel del reporte gerencial falla de forma intermitente,Gerencia,Cuenca,Efectividad,Falla intermitente en las exportaciones o ejecuciones de procesos del sistema que reduce la fiabilidad de las operaciones.
1205,11/28/2025,HCE,Datos de otro paciente visibles brevemente al abrir un expediente,Enfermeria,Guayaquil,Libertad de Riesgo,"Fuga de información y violación de la confidencialidad médica (HIPAA/Ley de Protección de Datos), exponiendo datos de otros pacientes."
1215,11/28/2025,Portal Citas,Cancelacion de cita no libera el cupo en el calendario,Admision,Manta,Efectividad,Falla de funcionalidad en el módulo Portal Citas que impide al usuario completar sus tareas de manera precisa y completa.
1485,11/28/2025,Portal Citas,Cancelacion de cita no libera el cupo en el calendario,Paciente,Quito,Efectividad,Falla de funcionalidad en el módulo Portal Citas que impide al usuario completar sus tareas de manera precisa y completa.
1563,11/28/2025,Farmacia,El sistema no descuenta automaticamente el medicamento dispensado,Enfermeria,Quito,Efectividad,Falla de funcionalidad en el módulo Farmacia que impide al usuario completar sus tareas de manera precisa y completa.
1816,11/28/2025,Facturacion,El modulo de facturacion se cae durante el cierre de caja,Paciente,Quito,Efectividad,Falla de funcionalidad en el módulo Facturacion que impide al usuario completar sus tareas de manera precisa y completa.
1831,11/28/2025,Telemedicina,Calidad de video muy baja pese a tener buena conexion a internet,Paciente,Cuenca,Satisfacción,Mala experiencia sensorial e interactiva durante la teleconsulta que impacta el RNF-05 y la percepción de calidad del servicio.
1914,11/28/2025,App Movil,El inicio de sesion con biometria falla de forma intermitente,Paciente,Quito,Satisfacción,La inestabilidad en el inicio biométrico genera frustración y reduce la confianza y comodidad del usuario al acceder al aplicativo móvil.
1994,11/28/2025,Portal Citas,Usuario no logra agendar tras 4 intentos,Admision,Guayaquil,Satisfacción,"Incapacidad del usuario de lograr su meta tras múltiples intentos, violando el RNF-02 y provocando un alto nivel de frustración."
2300,11/28/2025,App Movil,Resultados de examenes no se visualizan en formato PDF,Paciente,Cuenca,Efectividad,Falla de funcionalidad en el módulo App Movil que impide al usuario completar sus tareas de manera precisa y completa.
2538,11/28/2025,Telemedicina,Notificacion de inicio de teleconsulta llega con retraso de 16s,Paciente,Quito,Eficiencia,"El sistema presenta tiempos de respuesta elevados que consumen recursos de tiempo innecesarios, degradando la eficiencia del usuario en sus tareas."
2632,11/28/2025,Facturacion,Factura electronica no llega al correo registrado del paciente,Paciente,Quito,Efectividad,Falla de funcionalidad en el módulo Facturacion que impide al usuario completar sus tareas de manera precisa y completa.
2737,11/28/2025,Facturacion,Reintento de transaccion genera doble cobro en la tarjeta,Admision,Guayaquil,Libertad de Riesgo,"Violación del requerimiento no funcional RNF-03 de facturación; genera cobros indebidos en las tarjetas del cliente, comprometiendo la confianza y el riesgo financiero."
2838,11/28/2025,HCE,Alerta de interaccion medicamentosa no se despliega correctamente,Medico,Cuenca,Libertad de Riesgo,El fallo en el despliegue de alertas de interacción farmacológica pone en riesgo inminente la salud del paciente ante combinaciones letales.
3557,11/28/2025,Telemedicina,Grabacion de la consulta no se almacena correctamente,Medico,Cuenca,Efectividad,Falla de funcionalidad en el módulo Telemedicina que impide al usuario completar sus tareas de manera precisa y completa.
3684,11/28/2025,Reportes Gerenciales,El dashboard de indicadores no refleja los datos del ultimo cierre,Gerencia,Quito,Efectividad,Inconsistencia en la actualización de datos que impide la visualización correcta de información operativa reciente.
3751,11/28/2025,HCE,Orden medica no se sincroniza con el modulo de farmacia,Medico,Quito,Efectividad,Error de integración funcional que impide la sincronización y actualización del registro médico entre módulos del HIS.
1525,11/29/2025,Portal Citas,Error al reagendar una cita previamente confirmada,Paciente,Cuenca,Efectividad,Falla de funcionalidad en el módulo Portal Citas que impide al usuario completar sus tareas de manera precisa y completa.
1561,11/29/2025,Facturacion,El sistema no permite anular una factura emitida por error,Admision,Quito,Efectividad,Restricción de funcionalidad que impide al usuario realizar una acción requerida para completar su tarea.
1862,11/29/2025,Portal Citas,Filtro de especialidad medica no devuelve resultados,Paciente,Guayaquil,Efectividad,Falla de funcionalidad en el módulo Portal Citas que impide al usuario completar sus tareas de manera precisa y completa.
2098,11/29/2025,HCE,Consulta anterior no se muestra en el resumen de antecedentes,Enfermeria,Cuenca,Efectividad,Falla de funcionalidad en el módulo HCE que impide al usuario completar sus tareas de manera precisa y completa.
2618,11/29/2025,App Movil,Notificaciones push no llegan pese a estar activadas,Paciente,Cuenca,Efectividad,Falla de funcionalidad en el módulo App Movil que impide al usuario completar sus tareas de manera precisa y completa.
3213,11/29/2025,Portal Citas,Cancelacion de cita no libera el cupo en el calendario,Admision,Guayaquil,Efectividad,Falla de funcionalidad en el módulo Portal Citas que impide al usuario completar sus tareas de manera precisa y completa.
1084,11/30/2025,App Movil,Resultados de examenes no se visualizan en formato PDF,Paciente,Cuenca,Efectividad,Falla de funcionalidad en el módulo App Movil que impide al usuario completar sus tareas de manera precisa y completa.
2600,11/30/2025,Facturacion,Reembolso aprobado no se refleja en el estado de cuenta,Admision,Guayaquil,Libertad de Riesgo,"Fallas en la aplicación de notas de crédito o reembolsos que distorsionan los estados de cuenta, arriesgando multas tributarias e inconformidad legal."
2999,11/30/2025,Imagenologia,Las imagenes de rayos X no cargan en el visor DICOM,Enfermeria,Guayaquil,Efectividad,Falla de funcionalidad en el módulo Imagenologia que impide al usuario completar sus tareas de manera precisa y completa.
3415,11/30/2025,HCE,Orden medica no se sincroniza con el modulo de farmacia,Medico,Manta,Efectividad,Error de integración funcional que impide la sincronización y actualización del registro médico entre módulos del HIS.
1086,12/1/2025,Farmacia,Alerta de vencimiento de lote no se muestra en el modulo,Farmacia,Quito,Libertad de Riesgo,Omitir la alerta de vencimiento de lotes farmacéuticos puede llevar a la administración de medicamentos caducados a los pacientes.
1382,12/1/2025,Portal Citas,Doble reserva de un mismo cupo por dos pacientes distintos,Admision,Guayaquil,Libertad de Riesgo,"Doble agendamiento de un mismo cupo que genera sobreventa de citas, colapso de agenda de especialistas y multas o insatisfacción comercial."
2564,12/1/2025,Laboratorio,El sistema no permite adjuntar el reporte en PDF del laboratorio externo,Medico,Quito,Efectividad,Restricción de funcionalidad que impide al usuario realizar una acción requerida para completar su tarea.
2572,12/1/2025,Laboratorio,Codigo de barras de la muestra no es reconocido por el lector,Medico,Guayaquil,Efectividad,Falla de funcionalidad en el módulo Laboratorio que impide al usuario completar sus tareas de manera precisa y completa.
3000,12/1/2025,HCE,Consulta anterior no se muestra en el resumen de antecedentes,Medico,Manta,Efectividad,Falla de funcionalidad en el módulo HCE que impide al usuario completar sus tareas de manera precisa y completa.
3848,12/1/2025,Laboratorio,Codigo de barras de la muestra no es reconocido por el lector,Enfermeria,Quito,Efectividad,Falla de funcionalidad en el módulo Laboratorio que impide al usuario completar sus tareas de manera precisa y completa.
1126,12/2/2025,Farmacia,El sistema bloquea la dispensacion sin mostrar el motivo,Farmacia,Manta,Satisfacción,La falta de mensajes informativos claros y feedback del sistema incrementa la incertidumbre y frustración del operario farmacéutico.
2141,12/2/2025,Portal Citas,Tiempo de espera en el portal supera los 23s en horas pico,Admision,Cuenca,Eficiencia,"El sistema presenta tiempos de respuesta elevados que consumen recursos de tiempo innecesarios, degradando la eficiencia del usuario en sus tareas."
2254,12/2/2025,HCE,Nota de evolucion tarda 11s en guardarse,Medico,Quito,Eficiencia,"El tiempo de guardado supera los 8 segundos tolerables, violando directamente el requerimiento no funcional RNF-01 de rendimiento del sistema para notas clínicas."
2409,12/2/2025,Portal Citas,Filtro de especialidad medica no devuelve resultados,Paciente,Cuenca,Efectividad,Falla de funcionalidad en el módulo Portal Citas que impide al usuario completar sus tareas de manera precisa y completa.
3150,12/2/2025,Facturacion,Nota de credito no se aplica al saldo pendiente del paciente,Paciente,Cuenca,Libertad de Riesgo,"Fallas en la aplicación de notas de crédito o reembolsos que distorsionan los estados de cuenta, arriesgando multas tributarias e inconformidad legal."
3255,12/2/2025,Portal Citas,El portal muestra disponibilidad para un horario ya ocupado,Paciente,Manta,Efectividad,Falla de funcionalidad en el módulo Portal Citas que impide al usuario completar sus tareas de manera precisa y completa.
3654,12/2/2025,Imagenologia,Perdida de calidad en las imagenes al ser visualizadas desde la app,Enfermeria,Manta,Satisfacción,Degradación visual que afecta la comodidad y confianza de los médicos al visualizar estudios clínicos desde la app móvil.
3745,12/2/2025,Facturacion,Nota de credito no se aplica al saldo pendiente del paciente,Paciente,Quito,Libertad de Riesgo,"Fallas en la aplicación de notas de crédito o reembolsos que distorsionan los estados de cuenta, arriesgando multas tributarias e inconformidad legal."
1193,12/3/2025,Farmacia,Duplicidad de codigos entre dos presentaciones distintas de un mismo farmaco,Farmacia,Guayaquil,Libertad de Riesgo,"La duplicación de códigos de fármacos introduce un riesgo de dispensación errónea en farmacia, comprometiendo la seguridad terapéutica del paciente."
1825,12/3/2025,Telemedicina,Receta electronica no se genera al finalizar la teleconsulta,Paciente,Quito,Efectividad,Falla de funcionalidad en el módulo Telemedicina que impide al usuario completar sus tareas de manera precisa y completa.
2861,12/3/2025,HCE,Duplicado de historia clinica al registrar un paciente ya existente,Medico,Guayaquil,Libertad de Riesgo,"Riesgo de seguridad clínica debido a la fragmentación de la información de salud del paciente, lo que puede inducir a diagnósticos y tratamientos erróneos."
3270,12/3/2025,Portal Citas,Doble reserva de un mismo cupo por dos pacientes distintos,Paciente,Guayaquil,Libertad de Riesgo,"Doble agendamiento de un mismo cupo que genera sobreventa de citas, colapso de agenda de especialistas y multas o insatisfacción comercial."
3405,12/3/2025,Portal Citas,Usuario no logra agendar tras 3 intentos,Paciente,Guayaquil,Satisfacción,"Incapacidad del usuario de lograr su meta tras múltiples intentos, violando el RNF-02 y provocando un alto nivel de frustración."
3896,12/3/2025,Farmacia,Tiempo de respuesta del modulo de farmacia supera los 25s,Enfermeria,Ambato,Eficiencia,"El sistema presenta tiempos de respuesta elevados que consumen recursos de tiempo innecesarios, degradando la eficiencia del usuario en sus tareas."
1638,12/4/2025,App Movil,Resultados de examenes no se visualizan en formato PDF,Paciente,Guayaquil,Efectividad,Falla de funcionalidad en el módulo App Movil que impide al usuario completar sus tareas de manera precisa y completa.
2214,12/4/2025,Facturacion,Error de calculo en el copago del seguro medico,Admision,Cuenca,Libertad de Riesgo,"Errores en el cálculo del copago de seguros o discrepancias de montos facturados, induciendo a pérdidas financieras o reclamaciones legales."
2546,12/4/2025,Portal Citas,Tiempo de espera en el portal supera los 35s en horas pico,Paciente,Guayaquil,Eficiencia,"El sistema presenta tiempos de respuesta elevados que consumen recursos de tiempo innecesarios, degradando la eficiencia del usuario en sus tareas."
2665,12/4/2025,Telemedicina,Paciente no puede unirse a la sala virtual a la hora agendada,Paciente,Cuenca,Efectividad,Falla de funcionalidad en el módulo Telemedicina que impide al usuario completar sus tareas de manera precisa y completa.
2836,12/4/2025,App Movil,Consumo elevado de datos moviles al abrir el modulo de citas,Paciente,Quito,Cobertura de Contexto,"Consumo excesivo de ancho de banda móvil, lo que restringe el uso eficiente del sistema en redes celulares de datos (fuera de la intranet del hospital)."
3877,12/4/2025,Portal Citas,Usuario no logra agendar tras 4 intentos,Admision,Quito,Satisfacción,"Incapacidad del usuario de lograr su meta tras múltiples intentos, violando el RNF-02 y provocando un alto nivel de frustración."
1019,12/5/2025,Laboratorio,Orden de laboratorio duplicada tras reintentar el envio,Enfermeria,Quito,Efectividad,Falla de funcionalidad en el módulo Laboratorio que impide al usuario completar sus tareas de manera precisa y completa.
1067,12/5/2025,HCE,Orden medica no se sincroniza con el modulo de farmacia,Medico,Guayaquil,Efectividad,Error de integración funcional que impide la sincronización y actualización del registro médico entre módulos del HIS.
1680,12/5/2025,HCE,El sistema se congela al adjuntar resultados de laboratorio a la HCE,Medico,Quito,Efectividad,Falla de funcionalidad en el módulo HCE que impide al usuario completar sus tareas de manera precisa y completa.
1979,12/5/2025,Portal Citas,Sesion expira antes de finalizar el proceso de agendamiento,Admision,Cuenca,Satisfacción,"Mala experiencia de usuario que interrumpe de forma prematura el proceso de compra/agendamiento, forzando a repetir pasos."
2036,12/5/2025,App Movil,Notificaciones push no llegan pese a estar activadas,Paciente,Guayaquil,Efectividad,Falla de funcionalidad en el módulo App Movil que impide al usuario completar sus tareas de manera precisa y completa.
2065,12/5/2025,Laboratorio,Codigo de barras de la muestra no es reconocido por el lector,Medico,Ambato,Efectividad,Falla de funcionalidad en el módulo Laboratorio que impide al usuario completar sus tareas de manera precisa y completa.
2134,12/5/2025,Facturacion,El modulo de facturacion se cae durante el cierre de caja,Admision,Ambato,Efectividad,Falla de funcionalidad en el módulo Facturacion que impide al usuario completar sus tareas de manera precisa y completa.
2948,12/5/2025,App Movil,Notificaciones push no llegan pese a estar activadas,Paciente,Ambato,Efectividad,Falla de funcionalidad en el módulo App Movil que impide al usuario completar sus tareas de manera precisa y completa.
3387,12/5/2025,HCE,El sistema no permite adjuntar imagenes de heridas desde la tablet,Medico,Guayaquil,Cobertura de Contexto,El sistema presenta limitaciones de portabilidad y compatibilidad al operar en el contexto físico específico de tablets para adjuntar imágenes de heridas.
3414,12/5/2025,Facturacion,Reembolso aprobado no se refleja en el estado de cuenta,Admision,Cuenca,Libertad de Riesgo,"Fallas en la aplicación de notas de crédito o reembolsos que distorsionan los estados de cuenta, arriesgando multas tributarias e inconformidad legal."
3799,12/5/2025,HCE,Alerta de interaccion medicamentosa no se despliega correctamente,Medico,Ambato,Libertad de Riesgo,El fallo en el despliegue de alertas de interacción farmacológica pone en riesgo inminente la salud del paciente ante combinaciones letales.
1035,12/6/2025,App Movil,Consumo elevado de datos moviles al abrir el modulo de citas,Paciente,Manta,Cobertura de Contexto,"Consumo excesivo de ancho de banda móvil, lo que restringe el uso eficiente del sistema en redes celulares de datos (fuera de la intranet del hospital)."
1515,12/6/2025,Facturacion,El sistema no reconoce el convenio con la aseguradora,Paciente,Quito,Libertad de Riesgo,El no reconocimiento de convenios de aseguradoras genera fricción de cobro y riesgo de pérdidas económicas por servicios no cubiertos correctamente.
1595,12/6/2025,Telemedicina,Receta electronica no se genera al finalizar la teleconsulta,Medico,Quito,Efectividad,Falla de funcionalidad en el módulo Telemedicina que impide al usuario completar sus tareas de manera precisa y completa.
2085,12/6/2025,Telemedicina,Notificacion de inicio de teleconsulta llega con retraso de 28s,Paciente,Guayaquil,Eficiencia,"El sistema presenta tiempos de respuesta elevados que consumen recursos de tiempo innecesarios, degradando la eficiencia del usuario en sus tareas."
2221,12/6/2025,App Movil,La app no permite actualizar el numero de contacto del paciente,Paciente,Quito,Efectividad,Restricción de funcionalidad que impide al usuario realizar una acción requerida para completar su tarea.
2223,12/6/2025,HCE,El sistema no permite adjuntar imagenes de heridas desde la tablet,Medico,Guayaquil,Cobertura de Contexto,El sistema presenta limitaciones de portabilidad y compatibilidad al operar en el contexto físico específico de tablets para adjuntar imágenes de heridas.
2795,12/6/2025,HCE,Historial de alergias no carga al abrir la ficha del paciente,Enfermeria,Quito,Libertad de Riesgo,"Falla crítica que expone la seguridad del paciente al omitir información vital de alergias, con un alto riesgo de shock anafiláctico o mala praxis."
3047,12/6/2025,Facturacion,Error de calculo en el copago del seguro medico,Admision,Quito,Libertad de Riesgo,"Errores en el cálculo del copago de seguros o discrepancias de montos facturados, induciendo a pérdidas financieras o reclamaciones legales."
3452,12/6/2025,Portal Citas,Sesion expira antes de finalizar el proceso de agendamiento,Admision,Guayaquil,Satisfacción,"Mala experiencia de usuario que interrumpe de forma prematura el proceso de compra/agendamiento, forzando a repetir pasos."
3670,12/6/2025,HCE,Datos de otro paciente visibles brevemente al abrir un expediente,Enfermeria,Guayaquil,Libertad de Riesgo,"Fuga de información y violación de la confidencialidad médica (HIPAA/Ley de Protección de Datos), exponiendo datos de otros pacientes."
3837,12/6/2025,HCE,Consulta anterior no se muestra en el resumen de antecedentes,Medico,Manta,Efectividad,Falla de funcionalidad en el módulo HCE que impide al usuario completar sus tareas de manera precisa y completa.
3863,12/6/2025,HCE,Duplicado de historia clinica al registrar un paciente ya existente,Medico,Ambato,Libertad de Riesgo,"Riesgo de seguridad clínica debido a la fragmentación de la información de salud del paciente, lo que puede inducir a diagnósticos y tratamientos erróneos."
1265,12/7/2025,Telemedicina,Notificacion de inicio de teleconsulta llega con retraso de 12s,Paciente,Quito,Eficiencia,"El sistema presenta tiempos de respuesta elevados que consumen recursos de tiempo innecesarios, degradando la eficiencia del usuario en sus tareas."
1392,12/7/2025,Farmacia,Receta electronica llega incompleta desde el modulo de HCE,Farmacia,Ambato,Efectividad,Falla de funcionalidad en el módulo Farmacia que impide al usuario completar sus tareas de manera precisa y completa.
1562,12/7/2025,Farmacia,El sistema bloquea la dispensacion sin mostrar el motivo,Enfermeria,Guayaquil,Satisfacción,La falta de mensajes informativos claros y feedback del sistema incrementa la incertidumbre y frustración del operario farmacéutico.
2350,12/7/2025,Portal Citas,Doble reserva de un mismo cupo por dos pacientes distintos,Paciente,Ambato,Libertad de Riesgo,"Doble agendamiento de un mismo cupo que genera sobreventa de citas, colapso de agenda de especialistas y multas o insatisfacción comercial."
2778,12/7/2025,HCE,Perdida de la nota de evolucion tras un cierre inesperado de sesion,Enfermeria,Manta,Efectividad,Falla de funcionalidad en el módulo HCE que impide al usuario completar sus tareas de manera precisa y completa.
3117,12/7/2025,Laboratorio,Retraso de 23s en la disponibilidad de resultados criticos,Enfermeria,Cuenca,Eficiencia,"El sistema presenta tiempos de respuesta elevados que consumen recursos de tiempo innecesarios, degradando la eficiencia del usuario en sus tareas."
3626,12/7/2025,Reportes Gerenciales,El reporte de ocupacion hospitalaria no se actualiza automaticamente,Gerencia,Quito,Efectividad,Inconsistencia en la actualización de datos que impide la visualización correcta de información operativa reciente.
3642,12/7/2025,Telemedicina,Grabacion de la consulta no se almacena correctamente,Medico,Manta,Efectividad,Falla de funcionalidad en el módulo Telemedicina que impide al usuario completar sus tareas de manera precisa y completa.
1013,12/8/2025,Telemedicina,Audio desincronizado durante la teleconsulta,Medico,Quito,Satisfacción,Mala experiencia sensorial e interactiva durante la teleconsulta que impacta el RNF-05 y la percepción de calidad del servicio.
1198,12/8/2025,HCE,Orden medica no se sincroniza con el modulo de farmacia,Enfermeria,Guayaquil,Efectividad,Error de integración funcional que impide la sincronización y actualización del registro médico entre módulos del HIS.
2201,12/8/2025,Reportes Gerenciales,El dashboard de indicadores no refleja los datos del ultimo cierre,Gerencia,Manta,Efectividad,Inconsistencia en la actualización de datos que impide la visualización correcta de información operativa reciente.
2647,12/8/2025,Telemedicina,Videollamada se corta a los 5 minutos,Paciente,Quito,Cobertura de Contexto,"Falta de resiliencia del canal de comunicación ante variaciones en la conectividad del usuario, interrumpiendo la sesión de teleconsulta en producción."
2881,12/8/2025,Facturacion,Factura electronica no llega al correo registrado del paciente,Paciente,Guayaquil,Efectividad,Falla de funcionalidad en el módulo Facturacion que impide al usuario completar sus tareas de manera precisa y completa.
3127,12/8/2025,Portal Citas,Notificacion de recordatorio de cita llega con la fecha incorrecta,Paciente,Cuenca,Efectividad,Falla de funcionalidad en el módulo Portal Citas que impide al usuario completar sus tareas de manera precisa y completa.
3599,12/8/2025,Telemedicina,El medico no puede compartir pantalla con resultados de examenes,Medico,Ambato,Efectividad,Falla de funcionalidad en el módulo Telemedicina que impide al usuario completar sus tareas de manera precisa y completa.
3775,12/8/2025,Portal Citas,Notificacion de recordatorio de cita llega con la fecha incorrecta,Paciente,Quito,Efectividad,Falla de funcionalidad en el módulo Portal Citas que impide al usuario completar sus tareas de manera precisa y completa.
1227,12/9/2025,HCE,El campo de diagnostico CIE-10 no permite busqueda por texto,Medico,Manta,Efectividad,Restricción de funcionalidad que impide al usuario realizar una acción requerida para completar su tarea.
1627,12/9/2025,Telemedicina,Grabacion de la consulta no se almacena correctamente,Medico,Guayaquil,Efectividad,Falla de funcionalidad en el módulo Telemedicina que impide al usuario completar sus tareas de manera precisa y completa.
2428,12/9/2025,Telemedicina,Audio desincronizado durante la teleconsulta,Paciente,Quito,Satisfacción,Mala experiencia sensorial e interactiva durante la teleconsulta que impacta el RNF-05 y la percepción de calidad del servicio.
2565,12/9/2025,App Movil,La app no permite actualizar el numero de contacto del paciente,Paciente,Cuenca,Efectividad,Restricción de funcionalidad que impide al usuario realizar una acción requerida para completar su tarea.
2689,12/9/2025,App Movil,La app no permite actualizar el numero de contacto del paciente,Paciente,Guayaquil,Efectividad,Restricción de funcionalidad que impide al usuario realizar una acción requerida para completar su tarea.
3592,12/9/2025,Facturacion,Factura generada con el nombre del paciente incorrecto,Paciente,Quito,Efectividad,Falla de funcionalidad en el módulo Facturacion que impide al usuario completar sus tareas de manera precisa y completa.
3596,12/9/2025,Portal Citas,Tiempo de espera en el portal supera los 26s en horas pico,Paciente,Guayaquil,Eficiencia,"El sistema presenta tiempos de respuesta elevados que consumen recursos de tiempo innecesarios, degradando la eficiencia del usuario en sus tareas."
1817,12/10/2025,HCE,Perdida de la nota de evolucion tras un cierre inesperado de sesion,Medico,Ambato,Efectividad,Falla de funcionalidad en el módulo HCE que impide al usuario completar sus tareas de manera precisa y completa.
1983,12/10/2025,Portal Citas,Tiempo de espera en el portal supera los 26s en horas pico,Admision,Manta,Eficiencia,"El sistema presenta tiempos de respuesta elevados que consumen recursos de tiempo innecesarios, degradando la eficiencia del usuario en sus tareas."
2104,12/10/2025,Imagenologia,Tiempo de carga de estudios de imagen supera los 16s,Enfermeria,Ambato,Eficiencia,La lentitud en la carga y transferencia de archivos DICOM pesados degrada la eficiencia del flujo de trabajo clínico en imagenología.
2532,12/10/2025,Portal Citas,Cita agendada no aparece reflejada en el calendario del especialista,Admision,Cuenca,Efectividad,Falla de funcionalidad en el módulo Portal Citas que impide al usuario completar sus tareas de manera precisa y completa.
2951,12/10/2025,Facturacion,Nota de credito no se aplica al saldo pendiente del paciente,Admision,Quito,Libertad de Riesgo,"Fallas en la aplicación de notas de crédito o reembolsos que distorsionan los estados de cuenta, arriesgando multas tributarias e inconformidad legal."
1857,12/11/2025,App Movil,El boton de teleconsulta no redirige correctamente a la videollamada,Paciente,Guayaquil,Efectividad,Falla de funcionalidad en el módulo App Movil que impide al usuario completar sus tareas de manera precisa y completa.
1875,12/11/2025,Laboratorio,Resultado de examen de laboratorio no se sincroniza con la HCE,Medico,Cuenca,Efectividad,Error de integración funcional que impide la sincronización y actualización del registro médico entre módulos del HIS.
2606,12/11/2025,Facturacion,El sistema no reconoce el convenio con la aseguradora,Admision,Manta,Libertad de Riesgo,El no reconocimiento de convenios de aseguradoras genera fricción de cobro y riesgo de pérdidas económicas por servicios no cubiertos correctamente.
2932,12/11/2025,Farmacia,Receta electronica llega incompleta desde el modulo de HCE,Enfermeria,Guayaquil,Efectividad,Falla de funcionalidad en el módulo Farmacia que impide al usuario completar sus tareas de manera precisa y completa.
3061,12/11/2025,Reportes Gerenciales,Discrepancia entre el reporte financiero y el modulo de facturacion,Gerencia,Manta,Libertad de Riesgo,"Discrepancia contable entre reportes directivos y facturación real, afectando las decisiones del negocio y la integridad de las auditorías."
3264,12/11/2025,Portal Citas,Error al reagendar una cita previamente confirmada,Admision,Quito,Efectividad,Falla de funcionalidad en el módulo Portal Citas que impide al usuario completar sus tareas de manera precisa y completa.
3717,12/11/2025,HCE,Receta electronica se genera con la dosis incorrecta tras guardar,Enfermeria,Guayaquil,Libertad de Riesgo,"Riesgo extremo de salud para el paciente al guardar dosis farmacológicas erróneas en la receta electrónica, pudiendo causar sobredosis o inefectividad clínica."
3911,12/11/2025,HCE,Orden medica no se sincroniza con el modulo de farmacia,Enfermeria,Guayaquil,Efectividad,Error de integración funcional que impide la sincronización y actualización del registro médico entre módulos del HIS.
3957,12/11/2025,HCE,Nota de evolucion tarda 15s en guardarse,Medico,Ambato,Eficiencia,"El tiempo de guardado supera los 8 segundos tolerables, violando directamente el requerimiento no funcional RNF-01 de rendimiento del sistema para notas clínicas."
3995,12/11/2025,App Movil,Notificaciones push no llegan pese a estar activadas,Paciente,Quito,Efectividad,Falla de funcionalidad en el módulo App Movil que impide al usuario completar sus tareas de manera precisa y completa.
2159,12/12/2025,HCE,Nota de evolucion tarda 18s en guardarse,Enfermeria,Quito,Eficiencia,"El tiempo de guardado supera los 8 segundos tolerables, violando directamente el requerimiento no funcional RNF-01 de rendimiento del sistema para notas clínicas."
2508,12/12/2025,Facturacion,Nota de credito no se aplica al saldo pendiente del paciente,Paciente,Quito,Libertad de Riesgo,"Fallas en la aplicación de notas de crédito o reembolsos que distorsionan los estados de cuenta, arriesgando multas tributarias e inconformidad legal."
3085,12/12/2025,HCE,Firma electronica del medico no se valida al cerrar la consulta,Enfermeria,Quito,Efectividad,Falla de funcionalidad en el módulo HCE que impide al usuario completar sus tareas de manera precisa y completa.
3109,12/12/2025,Facturacion,El sistema no permite anular una factura emitida por error,Paciente,Ambato,Efectividad,Restricción de funcionalidad que impide al usuario realizar una acción requerida para completar su tarea.
3688,12/12/2025,Facturacion,Factura electronica no llega al correo registrado del paciente,Paciente,Guayaquil,Efectividad,Falla de funcionalidad en el módulo Facturacion que impide al usuario completar sus tareas de manera precisa y completa.
3876,12/12/2025,Portal Citas,Doble reserva de un mismo cupo por dos pacientes distintos,Admision,Quito,Libertad de Riesgo,"Doble agendamiento de un mismo cupo que genera sobreventa de citas, colapso de agenda de especialistas y multas o insatisfacción comercial."
1230,12/13/2025,HCE,Nota de evolucion tarda 25s en guardarse,Enfermeria,Guayaquil,Eficiencia,"El tiempo de guardado supera los 8 segundos tolerables, violando directamente el requerimiento no funcional RNF-01 de rendimiento del sistema para notas clínicas."
2224,12/13/2025,HCE,Alerta de interaccion medicamentosa no se despliega correctamente,Medico,Quito,Libertad de Riesgo,El fallo en el despliegue de alertas de interacción farmacológica pone en riesgo inminente la salud del paciente ante combinaciones letales.
2496,12/13/2025,Portal Citas,Filtro de especialidad medica no devuelve resultados,Admision,Quito,Efectividad,Falla de funcionalidad en el módulo Portal Citas que impide al usuario completar sus tareas de manera precisa y completa.
2595,12/13/2025,Imagenologia,Las imagenes de rayos X no cargan en el visor DICOM,Enfermeria,Quito,Efectividad,Falla de funcionalidad en el módulo Imagenologia que impide al usuario completar sus tareas de manera precisa y completa.
2629,12/13/2025,Reportes Gerenciales,El reporte de ocupacion hospitalaria no se actualiza automaticamente,Gerencia,Cuenca,Efectividad,Inconsistencia en la actualización de datos que impide la visualización correcta de información operativa reciente.
2914,12/13/2025,HCE,Duplicado de historia clinica al registrar un paciente ya existente,Medico,Guayaquil,Libertad de Riesgo,"Riesgo de seguridad clínica debido a la fragmentación de la información de salud del paciente, lo que puede inducir a diagnósticos y tratamientos erróneos."
3212,12/13/2025,HCE,El sistema no permite adjuntar imagenes de heridas desde la tablet,Medico,Quito,Cobertura de Contexto,El sistema presenta limitaciones de portabilidad y compatibilidad al operar en el contexto físico específico de tablets para adjuntar imágenes de heridas.
3490,12/13/2025,App Movil,Resultados de examenes no se visualizan en formato PDF,Paciente,Guayaquil,Efectividad,Falla de funcionalidad en el módulo App Movil que impide al usuario completar sus tareas de manera precisa y completa.
3538,12/13/2025,HCE,Tiempo de carga de la ficha clinica supera los 11s en horas pico,Enfermeria,Guayaquil,Eficiencia,La latencia en horas pico para abrir la ficha clínica perjudica la productividad del médico durante la consulta.
3542,12/13/2025,App Movil,Resultados de examenes no se visualizan en formato PDF,Paciente,Guayaquil,Efectividad,Falla de funcionalidad en el módulo App Movil que impide al usuario completar sus tareas de manera precisa y completa.
3724,12/13/2025,Portal Citas,Cancelacion de cita no libera el cupo en el calendario,Paciente,Guayaquil,Efectividad,Falla de funcionalidad en el módulo Portal Citas que impide al usuario completar sus tareas de manera precisa y completa.
1254,12/14/2025,Facturacion,Nota de credito no se aplica al saldo pendiente del paciente,Paciente,Ambato,Libertad de Riesgo,"Fallas en la aplicación de notas de crédito o reembolsos que distorsionan los estados de cuenta, arriesgando multas tributarias e inconformidad legal."
1360,12/14/2025,Reportes Gerenciales,El reporte de ocupacion hospitalaria no se actualiza automaticamente,Gerencia,Guayaquil,Efectividad,Inconsistencia en la actualización de datos que impide la visualización correcta de información operativa reciente.
2083,12/14/2025,App Movil,Notificaciones push no llegan pese a estar activadas,Paciente,Guayaquil,Efectividad,Falla de funcionalidad en el módulo App Movil que impide al usuario completar sus tareas de manera precisa y completa.
2313,12/14/2025,App Movil,Consumo elevado de datos moviles al abrir el modulo de citas,Paciente,Quito,Cobertura de Contexto,"Consumo excesivo de ancho de banda móvil, lo que restringe el uso eficiente del sistema en redes celulares de datos (fuera de la intranet del hospital)."
2435,12/14/2025,Telemedicina,Videollamada se corta a los 2 minutos,Medico,Guayaquil,Cobertura de Contexto,"Falta de resiliencia del canal de comunicación ante variaciones en la conectividad del usuario, interrumpiendo la sesión de teleconsulta en producción."
3044,12/14/2025,Facturacion,Reintento de transaccion genera doble cobro en la tarjeta,Admision,Guayaquil,Libertad de Riesgo,"Violación del requerimiento no funcional RNF-03 de facturación; genera cobros indebidos en las tarjetas del cliente, comprometiendo la confianza y el riesgo financiero."
3661,12/14/2025,Facturacion,Reembolso aprobado no se refleja en el estado de cuenta,Admision,Quito,Libertad de Riesgo,"Fallas en la aplicación de notas de crédito o reembolsos que distorsionan los estados de cuenta, arriesgando multas tributarias e inconformidad legal."
3667,12/14/2025,Portal Citas,Doble reserva de un mismo cupo por dos pacientes distintos,Paciente,Manta,Libertad de Riesgo,"Doble agendamiento de un mismo cupo que genera sobreventa de citas, colapso de agenda de especialistas y multas o insatisfacción comercial."
1242,12/15/2025,Portal Citas,Doble reserva de un mismo cupo por dos pacientes distintos,Paciente,Quito,Libertad de Riesgo,"Doble agendamiento de un mismo cupo que genera sobreventa de citas, colapso de agenda de especialistas y multas o insatisfacción comercial."
2271,12/15/2025,Portal Citas,El pago del bono de consulta no se refleja tras completarlo,Paciente,Guayaquil,Libertad de Riesgo,Inconsistencia financiera en los cobros o transacciones del sistema que infringe las normativas contables y expone al hospital a pérdidas económicas.
2279,12/15/2025,Facturacion,Factura duplicada al reintentar pago,Admision,Cuenca,Libertad de Riesgo,"Violación del requerimiento no funcional RNF-03 de facturación; genera cobros indebidos en las tarjetas del cliente, comprometiendo la confianza y el riesgo financiero."
3004,12/15/2025,HCE,Receta electronica se genera con la dosis incorrecta tras guardar,Enfermeria,Quito,Libertad de Riesgo,"Riesgo extremo de salud para el paciente al guardar dosis farmacológicas erróneas en la receta electrónica, pudiendo causar sobredosis o inefectividad clínica."
3221,12/15/2025,HCE,El sistema se congela al adjuntar resultados de laboratorio a la HCE,Enfermeria,Guayaquil,Efectividad,Falla de funcionalidad en el módulo HCE que impide al usuario completar sus tareas de manera precisa y completa.
3811,12/15/2025,HCE,Receta electronica se genera con la dosis incorrecta tras guardar,Medico,Ambato,Libertad de Riesgo,"Riesgo extremo de salud para el paciente al guardar dosis farmacológicas erróneas en la receta electrónica, pudiendo causar sobredosis o inefectividad clínica."
3931,12/15/2025,HCE,El campo de diagnostico CIE-10 no permite busqueda por texto,Enfermeria,Quito,Efectividad,Restricción de funcionalidad que impide al usuario realizar una acción requerida para completar su tarea.
1093,12/16/2025,HCE,Datos de otro paciente visibles brevemente al abrir un expediente,Enfermeria,Guayaquil,Libertad de Riesgo,"Fuga de información y violación de la confidencialidad médica (HIPAA/Ley de Protección de Datos), exponiendo datos de otros pacientes."
1519,12/16/2025,Farmacia,Alerta de vencimiento de lote no se muestra en el modulo,Enfermeria,Cuenca,Libertad de Riesgo,Omitir la alerta de vencimiento de lotes farmacéuticos puede llevar a la administración de medicamentos caducados a los pacientes.
1533,12/16/2025,HCE,Orden medica no se sincroniza con el modulo de farmacia,Medico,Ambato,Efectividad,Error de integración funcional que impide la sincronización y actualización del registro médico entre módulos del HIS.
1661,12/16/2025,Telemedicina,Videollamada se corta a los 2 minutos,Paciente,Manta,Cobertura de Contexto,"Falta de resiliencia del canal de comunicación ante variaciones en la conectividad del usuario, interrumpiendo la sesión de teleconsulta en producción."
2691,12/16/2025,Telemedicina,Grabacion de la consulta no se almacena correctamente,Paciente,Manta,Efectividad,Falla de funcionalidad en el módulo Telemedicina que impide al usuario completar sus tareas de manera precisa y completa.
3501,12/16/2025,Portal Citas,Filtro de especialidad medica no devuelve resultados,Admision,Quito,Efectividad,Falla de funcionalidad en el módulo Portal Citas que impide al usuario completar sus tareas de manera precisa y completa.
3685,12/16/2025,Laboratorio,El sistema no permite adjuntar el reporte en PDF del laboratorio externo,Medico,Cuenca,Efectividad,Restricción de funcionalidad que impide al usuario realizar una acción requerida para completar su tarea.
3729,12/16/2025,Facturacion,Factura electronica no llega al correo registrado del paciente,Paciente,Guayaquil,Efectividad,Falla de funcionalidad en el módulo Facturacion que impide al usuario completar sus tareas de manera precisa y completa.
1018,12/17/2025,Laboratorio,El sistema no permite adjuntar el reporte en PDF del laboratorio externo,Medico,Ambato,Efectividad,Restricción de funcionalidad que impide al usuario realizar una acción requerida para completar su tarea.
1046,12/17/2025,HCE,El sistema se congela al adjuntar resultados de laboratorio a la HCE,Enfermeria,Cuenca,Efectividad,Falla de funcionalidad en el módulo HCE que impide al usuario completar sus tareas de manera precisa y completa.
1659,12/17/2025,Reportes Gerenciales,El dashboard de indicadores no refleja los datos del ultimo cierre,Gerencia,Quito,Efectividad,Inconsistencia en la actualización de datos que impide la visualización correcta de información operativa reciente.
1882,12/17/2025,Portal Citas,Filtro de especialidad medica no devuelve resultados,Paciente,Ambato,Efectividad,Falla de funcionalidad en el módulo Portal Citas que impide al usuario completar sus tareas de manera precisa y completa.
1993,12/17/2025,App Movil,Resultados de examenes no se visualizan en formato PDF,Paciente,Cuenca,Efectividad,Falla de funcionalidad en el módulo App Movil que impide al usuario completar sus tareas de manera precisa y completa.
2022,12/17/2025,Telemedicina,El chat de la consulta no permite enviar imagenes,Medico,Manta,Efectividad,Restricción de funcionalidad que impide al usuario realizar una acción requerida para completar su tarea.
2498,12/17/2025,Facturacion,Nota de credito no se aplica al saldo pendiente del paciente,Admision,Guayaquil,Libertad de Riesgo,"Fallas en la aplicación de notas de crédito o reembolsos que distorsionan los estados de cuenta, arriesgando multas tributarias e inconformidad legal."
2761,12/17/2025,Farmacia,Duplicidad de codigos entre dos presentaciones distintas de un mismo farmaco,Enfermeria,Guayaquil,Libertad de Riesgo,"La duplicación de códigos de fármacos introduce un riesgo de dispensación errónea en farmacia, comprometiendo la seguridad terapéutica del paciente."
3168,12/17/2025,Facturacion,Error de calculo en el copago del seguro medico,Admision,Quito,Libertad de Riesgo,"Errores en el cálculo del copago de seguros o discrepancias de montos facturados, induciendo a pérdidas financieras o reclamaciones legales."
3636,12/17/2025,App Movil,El boton de teleconsulta no redirige correctamente a la videollamada,Paciente,Manta,Efectividad,Falla de funcionalidad en el módulo App Movil que impide al usuario completar sus tareas de manera precisa y completa.
3653,12/17/2025,Portal Citas,Usuario no logra agendar tras 4 intentos,Admision,Guayaquil,Satisfacción,"Incapacidad del usuario de lograr su meta tras múltiples intentos, violando el RNF-02 y provocando un alto nivel de frustración."
1234,12/18/2025,Facturacion,El modulo de facturacion se cae durante el cierre de caja,Paciente,Guayaquil,Efectividad,Falla de funcionalidad en el módulo Facturacion que impide al usuario completar sus tareas de manera precisa y completa.
1271,12/18/2025,Facturacion,El modulo de facturacion se cae durante el cierre de caja,Admision,Cuenca,Efectividad,Falla de funcionalidad en el módulo Facturacion que impide al usuario completar sus tareas de manera precisa y completa.
1281,12/18/2025,App Movil,Resultados de examenes no se visualizan en formato PDF,Paciente,Guayaquil,Efectividad,Falla de funcionalidad en el módulo App Movil que impide al usuario completar sus tareas de manera precisa y completa.
1499,12/18/2025,Imagenologia,Las imagenes de rayos X no cargan en el visor DICOM,Medico,Guayaquil,Efectividad,Falla de funcionalidad en el módulo Imagenologia que impide al usuario completar sus tareas de manera precisa y completa.
1978,12/18/2025,HCE,Orden medica no se sincroniza con el modulo de farmacia,Enfermeria,Quito,Efectividad,Error de integración funcional que impide la sincronización y actualización del registro médico entre módulos del HIS.
2080,12/18/2025,Portal Citas,Boton de confirmar cita no responde en dispositivos moviles,Paciente,Quito,Cobertura de Contexto,"Falla de adaptabilidad de la interfaz en el contexto de dispositivos móviles, impidiendo confirmar citas desde pantallas de formatos pequeños."
2975,12/18/2025,Laboratorio,Retraso de 20s en la disponibilidad de resultados criticos,Medico,Ambato,Eficiencia,"El sistema presenta tiempos de respuesta elevados que consumen recursos de tiempo innecesarios, degradando la eficiencia del usuario en sus tareas."
3827,12/18/2025,Laboratorio,Retraso de 20s en la disponibilidad de resultados criticos,Medico,Ambato,Eficiencia,"El sistema presenta tiempos de respuesta elevados que consumen recursos de tiempo innecesarios, degradando la eficiencia del usuario en sus tareas."
1439,12/19/2025,Facturacion,Reembolso aprobado no se refleja en el estado de cuenta,Admision,Cuenca,Libertad de Riesgo,"Fallas en la aplicación de notas de crédito o reembolsos que distorsionan los estados de cuenta, arriesgando multas tributarias e inconformidad legal."
1671,12/19/2025,Farmacia,Alerta de vencimiento de lote no se muestra en el modulo,Enfermeria,Cuenca,Libertad de Riesgo,Omitir la alerta de vencimiento de lotes farmacéuticos puede llevar a la administración de medicamentos caducados a los pacientes.
2558,12/19/2025,Portal Citas,Notificacion de recordatorio de cita llega con la fecha incorrecta,Admision,Cuenca,Efectividad,Falla de funcionalidad en el módulo Portal Citas que impide al usuario completar sus tareas de manera precisa y completa.
2764,12/19/2025,Laboratorio,Codigo de barras de la muestra no es reconocido por el lector,Enfermeria,Quito,Efectividad,Falla de funcionalidad en el módulo Laboratorio que impide al usuario completar sus tareas de manera precisa y completa.
2785,12/19/2025,Laboratorio,El sistema no permite adjuntar el reporte en PDF del laboratorio externo,Medico,Guayaquil,Efectividad,Restricción de funcionalidad que impide al usuario realizar una acción requerida para completar su tarea.
3277,12/19/2025,Reportes Gerenciales,El reporte de ocupacion hospitalaria no se actualiza automaticamente,Gerencia,Quito,Efectividad,Inconsistencia en la actualización de datos que impide la visualización correcta de información operativa reciente.
3531,12/19/2025,HCE,Datos de otro paciente visibles brevemente al abrir un expediente,Medico,Guayaquil,Libertad de Riesgo,"Fuga de información y violación de la confidencialidad médica (HIPAA/Ley de Protección de Datos), exponiendo datos de otros pacientes."
3757,12/19/2025,Portal Citas,"Formulario confuso, abandono de registro antes de completar la cita",Paciente,Guayaquil,Satisfacción,"Diseño de interfaz de usuario confuso que provoca el abandono del registro, afectando la métrica de satisfacción y facilidad de uso percibida."
3889,12/19/2025,Portal Citas,"Formulario confuso, abandono de registro antes de completar la cita",Paciente,Guayaquil,Satisfacción,"Diseño de interfaz de usuario confuso que provoca el abandono del registro, afectando la métrica de satisfacción y facilidad de uso percibida."
